image_name,scene_type=natural_landscape,scene_type=urban,scene_type=indoor,scene_type=portrait,scene_type=other,lighting_type=daylight,lighting_type=artificial,lighting_type=mixed,luminance_level=high,luminance_level=medium,luminance_level=low,camera_to_object_distance=close,camera_to_object_distance=medium,camera_to_object_distance=far,memory_color=sky_blue,memory_color=grass_foliage_green,memory_color=human_skin_tone,memory_color=water_blue,memory_color=snow_cloud_white,memory_color=none
KonIQ-10k IQA Database/512x384/10009096245.jpg,0,0,0,1,0,0,1,0,0,1,0,1,0,0,0,0,1,0,0,0
KonIQ-10k IQA Database/512x384/100117038.jpg,0,1,0,0,0,1,0,0,1,0,0,1,0,0,1,0,0,0,0,0
KonIQ-10k IQA Database/512x384/10007357496.jpg,0,1,0,0,0,1,0,0,0,1,0,1,0,0,0,0,0,0,0,1
KonIQ-10k IQA Database/512x384/10014002683.jpg,0,0,0,1,0,0,1,0,1,0,0,1,0,0,0,0,1,0,0,0
KonIQ-10k IQA Database/512x384/10007903636.jpg,0,1,0,0,0,1,0,0,1,0,0,0,1,0,1,0,0,0,1,0
KonIQ-10k IQA Database/512x384/10004473376.jpg,0,0,0,0,1,1,0,0,1,0,0,0,1,0,1,1,0,0,1,0
KonIQ-10k IQA Database/512x384/10012398043.jpg,0,0,0,0,1,0,1,0,1,0,0,1,0,0,0,0,0,0,0,1
KonIQ-10k IQA Database/512x384/10013822223.jpg,0,0,0,0,1,1,0,0,0,1,0,0,0,1,1,0,0,0,1,0
KonIQ-10k IQA Database/512x384/10022757465.jpg,0,0,1,0,0,0,1,0,1,0,0,1,0,0,0,0,0,0,0,1
KonIQ-10k IQA Database/512x384/10020766793.jpg,0,0,0,0,1,1,0,0,1,0,0,0,1,0,0,1,1,0,0,0
KonIQ-10k IQA Database/512x384/10022844623.jpg,0,1,0,0,0,1,0,0,1,0,0,0,1,0,1,1,0,0,0,0
KonIQ-10k IQA Database/512x384/10029841663.jpg,0,0,1,0,0,0,1,0,0,1,0,1,0,0,0,0,0,0,0,1
KonIQ-10k IQA Database/512x384/10017119924.jpg,0,0,0,0,1,1,0,0,0,1,0,1,0,0,0,1,0,0,0,0
KonIQ-10k IQA Database/512x384/10027582235.jpg,0,0,1,0,0,1,0,0,1,0,0,1,0,0,0,0,1,0,0,0
KonIQ-10k IQA Database/512x384/10027545463.jpg,0,0,0,0,1,1,0,0,1,0,0,0,1,0,0,1,1,0,0,0
KonIQ-10k IQA Database/512x384/10020891105.jpg,0,0,1,0,0,0,1,0,0,1,0,1,0,0,0,0,1,1,0,0
KonIQ-10k IQA Database/512x384/10031298826.jpg,0,0,1,0,0,1,0,0,0,0,1,0,1,0,0,0,0,0,0,1
KonIQ-10k IQA Database/512x384/10031913154.jpg,0,0,0,0,1,1,0,0,1,0,0,1,0,0,0,1,0,0,0,0
KonIQ-10k IQA Database/512x384/10041870415.jpg,0,0,0,0,1,1,0,0,1,0,0,0,1,0,0,1,1,0,0,0
KonIQ-10k IQA Database/512x384/10039534103.jpg,0,0,0,0,1,1,0,0,1,0,0,0,0,1,1,0,0,0,0,0
KonIQ-10k IQA Database/512x384/10043785683.jpg,0,0,0,0,1,1,0,0,1,0,0,0,1,0,0,1,1,0,0,0
KonIQ-10k IQA Database/512x384/10058760545.jpg,0,0,0,0,1,0,1,0,0,0,1,1,0,0,0,0,0,0,0,1
KonIQ-10k IQA Database/512x384/10050349236.jpg,0,0,1,0,0,1,0,0,0,1,0,1,0,0,0,0,0,0,0,1
KonIQ-10k IQA Database/512x384/10048365153.jpg,0,0,0,0,1,1,0,0,1,0,0,0,1,0,0,0,1,1,0,0
KonIQ-10k IQA Database/512x384/10047832035.jpg,1,0,0,0,0,1,0,0,0,1,0,1,0,0,0,1,0,0,0,0
KonIQ-10k IQA Database/512x384/10061596254.jpg,0,0,1,0,0,0,1,0,0,1,0,1,0,0,0,0,0,0,0,1
KonIQ-10k IQA Database/512x384/10059344614.jpg,0,0,0,0,1,1,0,0,1,0,0,1,0,0,0,0,0,0,1,0
KonIQ-10k IQA Database/512x384/10067457634.jpg,0,0,1,0,0,0,0,1,0,1,0,0,1,0,0,0,0,0,0,1
KonIQ-10k IQA Database/512x384/10068507976.jpg,0,0,1,0,0,0,1,0,0,0,1,1,0,0,0,0,0,0,0,1
KonIQ-10k IQA Database/512x384/10069534975.jpg,0,0,0,0,1,1,0,0,1,0,0,0,1,0,1,1,0,0,0,0
KonIQ-10k IQA Database/512x384/10068778516.jpg,0,0,0,0,1,1,0,0,1,0,0,0,1,0,1,1,0,0,0,0
KonIQ-10k IQA Database/512x384/10071864114.jpg,1,0,0,0,0,1,0,0,0,1,0,0,0,1,1,0,1,1,1,0
KonIQ-10k IQA Database/512x384/10075168775.jpg,0,0,0,0,1,0,1,0,1,0,0,1,0,0,0,1,0,0,0,0
KonIQ-10k IQA Database/512x384/10077880165.jpg,1,0,0,0,0,1,0,0,0,1,0,1,0,0,0,0,0,0,0,1
KonIQ-10k IQA Database/512x384/10079711433.jpg,0,0,1,0,0,0,1,0,0,0,1,1,0,0,0,0,0,0,0,1
KonIQ-10k IQA Database/512x384/10077468576.jpg,0,0,0,1,0,1,0,0,1,0,0,1,0,0,0,1,1,0,0,0
KonIQ-10k IQA Database/512x384/100882570.jpg,0,1,0,0,0,1,0,0,1,0,0,1,0,0,0,0,0,0,0,1
KonIQ-10k IQA Database/512x384/10082923485.jpg,0,0,0,1,0,0,1,0,0,0,1,1,0,0,0,0,1,0,0,0
KonIQ-10k IQA Database/512x384/10089027076.jpg,1,0,0,0,0,0,0,0,0,0,1,0,0,1,0,0,0,0,0,1
KonIQ-10k IQA Database/512x384/10086300493.jpg,1,0,0,0,0,1,0,0,0,1,0,0,1,0,1,1,0,0,0,0
KonIQ-10k IQA Database/512x384/10089177336.jpg,0,0,0,0,1,1,0,0,0,1,0,1,0,0,1,1,0,0,0,0
KonIQ-10k IQA Database/512x384/10093057603.jpg,0,1,0,0,0,1,0,0,0,1,0,1,0,0,0,0,1,0,0,0
KonIQ-10k IQA Database/512x384/10091520555.jpg,0,0,1,0,0,0,1,0,0,0,1,0,1,0,0,0,1,0,0,0
KonIQ-10k IQA Database/512x384/10110458216.jpg,0,0,0,1,0,0,0,0,1,0,0,1,0,0,0,0,1,0,0,0
KonIQ-10k IQA Database/512x384/10094235786.jpg,0,0,0,0,1,1,0,0,1,0,0,0,1,0,0,1,1,0,0,0
KonIQ-10k IQA Database/512x384/10111411235.jpg,1,0,0,0,0,1,0,0,0,1,0,1,0,0,0,1,0,0,0,0
KonIQ-10k IQA Database/512x384/10115071674.jpg,1,0,0,0,0,1,0,0,0,1,0,0,1,0,0,0,0,0,0,1
KonIQ-10k IQA Database/512x384/10113730664.jpg,0,0,0,0,1,1,0,0,1,0,0,1,0,0,0,1,1,0,0,0
KonIQ-10k IQA Database/512x384/10125013364.jpg,0,0,0,0,1,0,1,0,0,0,1,1,0,0,0,0,0,1,0,0
KonIQ-10k IQA Database/512x384/10121813934.jpg,0,0,0,0,1,1,0,0,0,1,0,1,0,0,0,1,0,0,0,0
KonIQ-10k IQA Database/512x384/10126857344.jpg,1,0,0,0,0,1,0,0,0,1,0,1,0,0,0,1,0,0,0,0
KonIQ-10k IQA Database/512x384/10118773964.jpg,1,0,0,0,0,1,0,0,0,1,0,0,0,1,1,0,1,0,0,0
KonIQ-10k IQA Database/512x384/10130566006.jpg,0,0,0,0,1,1,0,0,0,1,0,0,1,0,0,1,1,0,0,0
KonIQ-10k IQA Database/512x384/10126177964.jpg,0,0,1,0,0,0,1,0,0,0,1,0,1,0,0,0,0,0,0,1
KonIQ-10k IQA Database/512x384/10131980434.jpg,0,0,0,0,1,1,0,0,1,0,0,0,0,1,1,0,0,0,0,0
KonIQ-10k IQA Database/512x384/10140071304.jpg,0,0,0,0,1,1,0,0,1,0,0,0,1,0,0,1,0,0,0,0
KonIQ-10k IQA Database/512x384/10134737015.jpg,0,0,0,0,1,1,0,0,1,0,0,0,1,0,0,0,1,0,0,0
KonIQ-10k IQA Database/512x384/10133867305.jpg,0,0,1,0,0,0,0,1,0,1,0,0,1,0,0,0,0,0,0,1
KonIQ-10k IQA Database/512x384/10147970884.jpg,0,0,0,0,1,1,0,0,1,0,0,1,0,0,1,1,0,0,0,0
KonIQ-10k IQA Database/512x384/1014369849.jpg,0,0,0,0,1,1,0,0,0,1,0,1,0,0,0,0,0,0,0,1
KonIQ-10k IQA Database/512x384/10153847086.jpg,0,0,0,0,1,1,0,0,0,1,0,0,1,0,1,1,1,0,0,0
KonIQ-10k IQA Database/512x384/10154367094.jpg,0,0,1,0,0,1,0,0,1,0,0,0,1,0,0,0,1,0,0,0
KonIQ-10k IQA Database/512x384/101484668.jpg,0,0,1,0,0,0,1,0,0,0,1,1,0,0,0,0,1,0,0,0
KonIQ-10k IQA Database/512x384/10155925686.jpg,0,0,0,1,0,0,1,0,0,1,0,1,0,0,0,0,1,1,0,0
KonIQ-10k IQA Database/512x384/10154991453.jpg,0,0,0,1,0,0,1,0,1,0,0,1,0,0,0,0,1,0,0,0
KonIQ-10k IQA Database/512x384/101601008.jpg,0,1,0,0,0,1,0,0,0,1,0,0,1,0,0,1,0,0,0,0
KonIQ-10k IQA Database/512x384/10164654253.jpg,0,0,1,0,0,0,1,0,0,1,0,1,0,0,0,0,0,0,0,1
KonIQ-10k IQA Database/512x384/10164842933.jpg,1,0,0,0,0,1,0,0,1,0,0,0,0,1,0,1,0,1,0,0
KonIQ-10k IQA Database/512x384/10173544123.jpg,0,0,1,0,0,0,1,0,1,0,0,1,0,0,0,0,0,0,1,0
KonIQ-10k IQA Database/512x384/10177270623.jpg,0,0,1,0,0,0,1,0,0,1,0,1,0,0,0,0,1,0,0,0
KonIQ-10k IQA Database/512x384/10169304416.jpg,0,0,0,0,1,1,0,0,1,0,0,0,1,0,1,0,0,0,0,0
KonIQ-10k IQA Database/512x384/10177793964.jpg,1,0,0,0,0,1,0,0,0,1,0,1,0,0,0,1,0,0,0,0
KonIQ-10k IQA Database/512x384/10178112894.jpg,0,0,1,0,0,0,1,0,0,0,1,1,0,0,0,0,1,0,0,0
KonIQ-10k IQA Database/512x384/10178183416.jpg,0,1,0,0,0,1,0,0,1,0,0,0,0,1,1,1,0,0,0,0
KonIQ-10k IQA Database/512x384/1017647143.jpg,0,0,0,0,1,1,0,0,1,0,0,0,1,0,1,1,1,0,1,0
KonIQ-10k IQA Database/512x384/10178914656.jpg,0,0,0,0,1,1,0,0,1,0,0,1,0,0,0,1,0,0,0,0
KonIQ-10k IQA Database/512x384/10186643874.jpg,1,0,0,0,0,1,0,0,1,0,0,0,0,1,1,1,0,0,0,0
KonIQ-10k IQA Database/512x384/10183769356.jpg,0,0,0,0,1,1,0,0,1,0,0,0,1,0,0,1,1,0,0,0
KonIQ-10k IQA Database/512x384/10186680555.jpg,1,0,0,0,0,1,0,0,1,0,0,0,1,0,0,1,0,0,0,0
KonIQ-10k IQA Database/512x384/10186832194.jpg,0,0,0,0,1,1,0,0,1,0,0,0,1,0,0,1,1,0,0,0
KonIQ-10k IQA Database/512x384/10187102065.jpg,0,0,1,0,0,0,1,0,0,1,0,1,0,0,0,0,0,0,0,1
KonIQ-10k IQA Database/512x384/10187522803.jpg,0,0,0,0,1,1,0,0,1,0,0,0,0,1,1,0,0,0,0,0
KonIQ-10k IQA Database/512x384/10191607755.jpg,0,0,0,0,1,1,0,0,1,0,0,1,0,0,0,1,0,0,0,0
KonIQ-10k IQA Database/512x384/10196228605.jpg,0,1,0,0,0,1,0,0,1,0,0,1,0,0,0,0,0,0,1,0
KonIQ-10k IQA Database/512x384/10203647273.jpg,0,0,0,0,1,1,0,0,0,1,0,0,1,0,0,0,0,0,0,1
KonIQ-10k IQA Database/512x384/10205220286.jpg,0,1,0,0,0,1,0,0,0,0,1,0,1,0,0,0,0,0,1,0
KonIQ-10k IQA Database/512x384/10206674394.jpg,1,0,0,0,0,1,0,0,1,0,0,0,1,0,1,1,0,0,0,0
KonIQ-10k IQA Database/512x384/10207172624.jpg,1,0,0,0,0,1,0,0,0,1,0,1,0,0,0,1,0,1,0,0
KonIQ-10k IQA Database/512x384/10209917915.jpg,0,0,0,0,1,0,0,0,0,0,1,0,0,1,0,0,0,0,0,1
KonIQ-10k IQA Database/512x384/10218118033.jpg,0,0,0,0,1,1,0,0,1,0,0,0,1,0,0,0,1,0,0,0
KonIQ-10k IQA Database/512x384/10209014225.jpg,0,1,0,0,0,1,0,0,0,1,0,1,0,0,0,0,0,0,1,0
KonIQ-10k IQA Database/512x384/10211880874.jpg,0,0,0,0,1,0,1,0,0,0,1,1,0,0,0,0,0,0,0,1
KonIQ-10k IQA Database/512x384/10213881683.jpg,0,0,1,0,0,0,1,0,0,0,1,1,0,0,0,0,1,0,0,0
KonIQ-10k IQA Database/512x384/10221144393.jpg,0,0,1,0,0,0,1,0,0,0,1,0,1,0,0,0,1,0,0,0
KonIQ-10k IQA Database/512x384/10224586444.jpg,0,0,1,0,0,0,1,0,0,0,1,1,0,0,0,0,0,0,0,1
KonIQ-10k IQA Database/512x384/10226524916.jpg,0,0,0,0,1,0,1,0,0,0,1,1,0,0,0,0,0,0,0,1
KonIQ-10k IQA Database/512x384/10241630856.jpg,1,0,0,0,0,1,0,0,0,1,0,0,1,0,0,1,0,0,0,0
KonIQ-10k IQA Database/512x384/10226277514.jpg,1,0,0,0,0,0,1,0,0,0,1,0,0,1,0,0,0,1,0,0
KonIQ-10k IQA Database/512x384/10241895785.jpg,0,0,1,0,0,0,1,0,0,1,0,0,0,1,0,0,0,0,0,1
KonIQ-10k IQA Database/512x384/10244314384.jpg,0,0,0,0,1,0,0,0,0,0,1,1,0,0,0,0,0,0,0,1
KonIQ-10k IQA Database/512x384/10227210045.jpg,0,0,1,0,0,0,1,0,1,0,0,0,1,0,0,0,1,0,0,0
KonIQ-10k IQA Database/512x384/10244715656.jpg,1,0,0,0,0,0,0,0,0,0,1,1,0,0,0,0,0,0,0,1
KonIQ-10k IQA Database/512x384/10246311914.jpg,1,0,0,0,0,1,0,0,1,0,0,0,1,0,1,1,0,1,1,0
KonIQ-10k IQA Database/512x384/10258169584.jpg,0,0,1,0,0,0,1,0,0,1,0,0,1,0,0,0,0,0,0,1
KonIQ-10k IQA Database/512x384/10246318724.jpg,1,0,0,0,0,1,0,0,1,0,0,0,1,0,1,1,0,1,0,0
KonIQ-10k IQA Database/512x384/10262588616.jpg,0,0,0,0,1,1,0,0,0,1,0,1,0,0,1,0,1,0,0,0
KonIQ-10k IQA Database/512x384/1026198859.jpg,0,1,0,0,0,1,0,0,1,0,0,1,0,0,0,0,0,0,0,1
KonIQ-10k IQA Database/512x384/10260190424.jpg,1,0,0,0,0,1,0,0,0,1,0,0,1,0,0,1,0,0,0,0
KonIQ-10k IQA Database/512x384/10264984793.jpg,0,0,0,0,1,1,0,0,0,1,0,1,0,0,0,1,0,0,0,0
KonIQ-10k IQA Database/512x384/10265315316.jpg,0,0,1,0,0,0,1,0,0,1,0,1,0,0,0,0,1,0,0,0
KonIQ-10k IQA Database/512x384/10264804094.jpg,0,0,1,0,0,0,1,0,1,0,0,1,0,0,0,0,0,0,0,1
KonIQ-10k IQA Database/512x384/10265809113.jpg,0,0,1,0,0,0,1,0,1,0,0,0,1,0,0,0,1,0,0,0
KonIQ-10k IQA Database/512x384/10273804555.jpg,1,0,0,0,0,1,0,0,0,1,0,1,0,0,1,1,0,0,0,0
KonIQ-10k IQA Database/512x384/10278246465.jpg,0,0,1,0,0,0,1,0,0,1,0,1,0,0,0,0,0,0,0,1
KonIQ-10k IQA Database/512x384/10279904885.jpg,1,0,0,0,0,0,0,0,0,0,1,0,0,1,0,0,0,0,0,1
KonIQ-10k IQA Database/512x384/1027833701.jpg,1,0,0,0,0,1,0,0,0,0,1,0,1,0,1,1,0,0,0,0
KonIQ-10k IQA Database/512x384/10280835505.jpg,0,0,0,0,1,1,0,0,0,1,0,0,1,0,0,0,0,0,1,0
KonIQ-10k IQA Database/512x384/10280683815.jpg,1,0,0,0,0,1,0,0,0,1,0,0,1,0,0,0,0,1,0,0
KonIQ-10k IQA Database/512x384/10287677265.jpg,0,0,1,0,0,0,1,0,0,0,1,1,0,0,0,0,0,0,0,1
KonIQ-10k IQA Database/512x384/10289468185.jpg,0,0,1,0,0,0,1,0,0,1,0,1,0,0,0,0,0,0,0,1
KonIQ-10k IQA Database/512x384/10283619534.jpg,0,1,0,0,0,1,0,0,1,0,0,1,0,0,0,0,0,0,0,1
KonIQ-10k IQA Database/512x384/102825508.jpg,0,0,0,0,1,0,0,0,0,0,1,1,0,0,0,0,0,0,0,1
KonIQ-10k IQA Database/512x384/10295875445.jpg,1,0,0,0,0,1,0,0,0,1,0,1,0,0,0,1,0,0,0,0
KonIQ-10k IQA Database/512x384/10290759976.jpg,1,0,0,0,0,1,0,0,0,1,0,0,1,0,0,1,0,0,0,0
KonIQ-10k IQA Database/512x384/1029470257.jpg,0,0,0,0,1,1,0,0,1,0,0,0,1,0,0,1,1,0,0,0
KonIQ-10k IQA Database/512x384/102995966.jpg,0,1,0,0,0,0,1,0,0,0,1,0,1,0,0,0,0,0,0,1
KonIQ-10k IQA Database/512x384/10299438733.jpg,0,0,1,0,0,0,1,0,0,1,0,1,0,0,0,0,1,0,0,0
KonIQ-10k IQA Database/512x384/10296038236.jpg,0,0,1,0,0,0,1,0,0,0,1,1,0,0,0,0,1,0,0,0
KonIQ-10k IQA Database/512x384/10316734944.jpg,0,1,0,0,0,1,0,0,0,1,0,0,0,1,1,1,0,0,0,0
KonIQ-10k IQA Database/512x384/10319713194.jpg,0,0,0,0,1,0,1,0,0,1,0,1,0,0,0,0,0,0,0,1
KonIQ-10k IQA Database/512x384/10319186405.jpg,0,0,1,0,0,0,1,0,0,0,1,1,0,0,0,1,0,0,0,0
KonIQ-10k IQA Database/512x384/10325321.jpg,0,0,1,0,0,0,1,0,1,0,0,1,0,0,0,0,0,0,0,1
KonIQ-10k IQA Database/512x384/10329235193.jpg,0,0,0,0,1,0,1,0,0,1,0,1,0,0,0,0,0,0,0,1
KonIQ-10k IQA Database/512x384/10329149264.jpg,0,0,1,0,0,0,1,0,0,1,0,1,0,0,0,0,1,0,0,0
KonIQ-10k IQA Database/512x384/10330831494.jpg,0,0,1,0,0,0,1,0,0,1,0,1,0,0,0,0,1,0,0,0
KonIQ-10k IQA Database/512x384/10327985614.jpg,0,0,0,0,1,1,0,0,1,0,0,1,0,0,0,1,0,0,0,0
KonIQ-10k IQA Database/512x384/10336689775.jpg,0,0,0,0,1,1,0,0,0,1,0,0,1,0,0,1,0,0,0,0
KonIQ-10k IQA Database/512x384/103400056.jpg,0,0,0,1,0,0,0,0,0,0,1,1,0,0,0,0,0,0,0,1
KonIQ-10k IQA Database/512x384/10344523015.jpg,0,0,1,0,0,1,0,0,1,0,0,1,0,0,0,0,0,0,1,0
KonIQ-10k IQA Database/512x384/10335072144.jpg,1,0,0,0,0,1,0,0,1,0,0,0,1,0,1,1,0,0,1,0
KonIQ-10k IQA Database/512x384/10344921126.jpg,0,0,0,1,0,0,0,0,1,0,0,0,1,0,0,0,1,0,0,0
KonIQ-10k IQA Database/512x384/10342569703.jpg,0,0,1,0,0,0,1,0,0,0,1,1,0,0,0,0,1,0,0,0
KonIQ-10k IQA Database/512x384/1034624333.jpg,1,0,0,0,0,1,0,0,0,1,0,0,0,1,0,1,0,0,1,0
KonIQ-10k IQA Database/512x384/10346758803.jpg,1,0,0,0,0,1,0,0,1,0,0,0,1,0,1,1,0,0,0,0
KonIQ-10k IQA Database/512x384/10346796664.jpg,1,0,0,0,0,1,0,0,1,0,0,0,1,0,1,0,0,1,1,0
KonIQ-10k IQA Database/512x384/10350497833.jpg,0,0,1,0,0,0,1,0,0,0,1,1,0,0,0,0,0,0,0,1
KonIQ-10k IQA Database/512x384/10349956885.jpg,0,0,0,0,1,1,0,0,1,0,0,0,1,0,1,1,0,0,0,0
KonIQ-10k IQA Database/512x384/10351189716.jpg,0,0,1,0,0,0,0,1,0,1,0,0,1,0,0,0,1,0,0,0
KonIQ-10k IQA Database/512x384/10353620913.jpg,0,0,1,0,0,0,1,0,0,0,1,1,0,0,0,0,0,0,0,1
KonIQ-10k IQA Database/512x384/10362672006.jpg,0,0,0,0,1,1,0,0,1,0,0,0,1,0,1,1,0,0,0,0
KonIQ-10k IQA Database/512x384/10358252894.jpg,0,0,0,0,1,1,0,0,1,0,0,0,1,0,0,0,1,0,0,0
KonIQ-10k IQA Database/512x384/10366373284.jpg,0,0,0,0,1,1,0,0,0,1,0,1,0,0,0,0,0,0,0,1
KonIQ-10k IQA Database/512x384/1036840624.jpg,0,1,0,0,0,0,0,1,1,0,0,1,0,0,0,0,0,0,1,0
KonIQ-10k IQA Database/512x384/10371125786.jpg,0,0,1,0,0,0,1,0,0,0,1,0,1,0,0,0,1,0,0,0
KonIQ-10k IQA Database/512x384/10375167904.jpg,0,0,1,0,0,0,1,0,0,1,0,1,0,0,0,0,0,0,0,1
KonIQ-10k IQA Database/512x384/10382843045.jpg,0,0,1,0,0,0,1,0,0,1,0,1,0,0,0,0,0,0,0,1
KonIQ-10k IQA Database/512x384/10372323314.jpg,0,0,0,0,1,1,0,0,1,0,0,0,1,0,1,1,0,0,0,0
KonIQ-10k IQA Database/512x384/10373546175.jpg,0,0,1,0,0,0,1,0,0,1,0,1,0,0,0,0,1,0,0,0
KonIQ-10k IQA Database/512x384/10387844376.jpg,0,0,0,0,1,0,1,0,0,1,0,1,0,0,0,0,0,0,0,1
KonIQ-10k IQA Database/512x384/10387390396.jpg,0,0,0,0,1,1,0,0,0,1,0,0,1,0,0,0,0,0,1,0
KonIQ-10k IQA Database/512x384/10388184626.jpg,0,0,0,0,1,1,0,0,1,0,0,1,0,0,0,0,0,0,0,1
KonIQ-10k IQA Database/512x384/10371211803.jpg,0,1,0,0,0,1,0,0,0,1,0,0,0,1,0,1,0,0,1,0
KonIQ-10k IQA Database/512x384/10397631976.jpg,0,0,1,0,0,0,1,0,0,1,0,1,0,0,0,0,0,0,0,1
KonIQ-10k IQA Database/512x384/10397166423.jpg,1,0,0,0,0,1,0,0,1,0,0,1,0,0,0,1,0,0,0,0
KonIQ-10k IQA Database/512x384/10395523125.jpg,0,0,1,0,0,0,1,0,0,1,0,1,0,0,0,1,0,1,0,0
KonIQ-10k IQA Database/512x384/10403509543.jpg,0,0,1,0,0,0,1,0,1,0,0,0,1,0,0,0,1,0,0,0
KonIQ-10k IQA Database/512x384/10407720764.jpg,0,0,0,1,0,0,1,0,1,0,0,0,1,0,0,0,1,0,0,0
KonIQ-10k IQA Database/512x384/10408374535.jpg,0,0,1,0,0,0,1,0,0,1,0,1,0,0,0,0,1,0,0,0
KonIQ-10k IQA Database/512x384/10399580503.jpg,0,0,0,0,1,1,0,0,1,0,0,0,1,0,1,1,0,0,0,0
KonIQ-10k IQA Database/512x384/10410038143.jpg,0,0,0,1,0,1,0,0,0,1,0,1,0,0,0,0,0,0,0,1
KonIQ-10k IQA Database/512x384/10408474376.jpg,0,0,0,0,1,1,0,0,1,0,0,1,0,0,0,1,0,0,0,0
KonIQ-10k IQA Database/512x384/10409059825.jpg,0,0,1,0,0,0,1,0,0,1,0,0,1,0,0,0,1,0,0,0
KonIQ-10k IQA Database/512x384/10412894895.jpg,0,0,1,0,0,0,1,0,1,0,0,0,1,0,0,0,1,0,0,0
KonIQ-10k IQA Database/512x384/10415628976.jpg,0,0,0,0,1,0,1,0,0,0,1,0,0,0,0,0,0,0,0,1
KonIQ-10k IQA Database/512x384/10414716033.jpg,0,0,0,0,1,1,0,0,1,0,0,0,1,0,0,1,1,0,0,0
KonIQ-10k IQA Database/512x384/10422425365.jpg,0,0,0,0,1,1,0,0,0,1,0,1,0,0,0,1,0,0,0,0
KonIQ-10k IQA Database/512x384/10423472445.jpg,0,0,1,0,0,0,1,0,0,1,0,0,1,0,0,0,1,0,0,0
KonIQ-10k IQA Database/512x384/104219737.jpg,0,0,1,0,0,0,1,0,0,0,1,1,0,0,0,0,0,1,0,0
KonIQ-10k IQA Database/512x384/10415631353.jpg,1,0,0,0,0,0,0,0,0,0,1,0,0,1,1,0,0,0,0,0
KonIQ-10k IQA Database/512x384/10422776735.jpg,1,0,0,0,0,1,0,0,0,1,0,0,1,0,1,1,0,0,0,0
KonIQ-10k IQA Database/512x384/10430002553.jpg,0,1,0,0,0,1,0,0,1,0,0,0,1,0,1,0,1,0,0,0
KonIQ-10k IQA Database/512x384/10429780626.jpg,0,0,0,0,1,1,0,0,1,0,0,0,1,0,0,1,1,0,0,0
KonIQ-10k IQA Database/512x384/10451177016.jpg,0,0,1,0,0,0,1,0,0,1,0,1,0,0,0,0,0,0,0,1
KonIQ-10k IQA Database/512x384/10442628686.jpg,0,0,0,0,1,1,0,0,1,0,0,1,0,0,1,0,0,0,0,0
KonIQ-10k IQA Database/512x384/10446810546.jpg,0,0,0,0,1,1,0,0,1,0,0,1,0,0,0,0,1,0,0,0
KonIQ-10k IQA Database/512x384/10430335945.jpg,0,0,0,0,1,1,0,0,1,0,0,1,0,0,0,0,0,0,1,0
KonIQ-10k IQA Database/512x384/10446770756.jpg,0,0,0,1,0,0,1,0,0,1,0,1,0,0,0,0,0,0,0,1
KonIQ-10k IQA Database/512x384/10440370734.jpg,0,0,1,0,0,0,1,0,0,0,1,1,0,0,0,0,0,0,0,1
KonIQ-10k IQA Database/512x384/10453950204.jpg,1,0,0,0,0,1,0,0,0,1,0,0,1,0,0,1,0,0,0,0
KonIQ-10k IQA Database/512x384/10458591.jpg,0,0,1,0,0,0,1,0,0,1,0,1,0,0,0,0,0,0,0,1
KonIQ-10k IQA Database/512x384/10459022813.jpg,0,1,0,0,0,1,0,0,0,1,0,0,1,0,0,1,1,0,0,0
KonIQ-10k IQA Database/512x384/10463583515.jpg,0,1,0,0,0,1,0,0,1,0,0,1,0,0,0,1,0,0,0,0
KonIQ-10k IQA Database/512x384/10463545414.jpg,0,0,0,0,1,1,0,0,1,0,0,0,0,1,1,0,0,0,0,0
KonIQ-10k IQA Database/512x384/10458703674.jpg,1,0,0,0,0,1,0,0,0,1,0,1,0,0,0,0,0,1,0,0
KonIQ-10k IQA Database/512x384/10464940425.jpg,0,0,1,0,0,0,1,0,0,1,0,1,0,0,0,0,0,0,0,1
KonIQ-10k IQA Database/512x384/10465121613.jpg,0,0,1,0,0,0,1,0,0,1,0,0,0,1,0,0,1,0,0,0
KonIQ-10k IQA Database/512x384/10466453556.jpg,0,0,1,0,0,0,1,0,0,0,1,1,0,0,0,0,0,0,0,1
KonIQ-10k IQA Database/512x384/10466350116.jpg,1,0,0,0,0,1,0,0,1,0,0,0,1,0,0,1,0,0,0,0
KonIQ-10k IQA Database/512x384/10465293055.jpg,0,0,0,0,1,1,0,0,1,0,0,1,0,0,1,1,0,1,0,0
KonIQ-10k IQA Database/512x384/10468540574.jpg,0,1,0,0,0,1,0,0,0,1,0,0,1,0,1,1,0,0,0,0
KonIQ-10k IQA Database/512x384/10468110795.jpg,1,0,0,0,0,1,0,0,0,1,0,1,0,0,0,1,0,0,1,0
KonIQ-10k IQA Database/512x384/10469774844.jpg,0,0,1,0,0,0,1,0,0,1,0,0,0,1,0,0,1,0,0,0
KonIQ-10k IQA Database/512x384/10471406506.jpg,1,0,0,0,0,1,0,0,0,1,0,0,1,0,0,1,1,0,0,0
KonIQ-10k IQA Database/512x384/10475435053.jpg,0,1,0,0,0,1,0,0,0,1,0,1,0,0,1,0,0,0,0,0
KonIQ-10k IQA Database/512x384/10481974434.jpg,0,0,0,0,1,0,1,0,0,0,1,1,0,0,0,0,0,0,0,1
KonIQ-10k IQA Database/512x384/10474002734.jpg,0,0,0,0,1,1,0,0,0,1,0,0,1,0,1,1,0,0,0,0
KonIQ-10k IQA Database/512x384/10475658035.jpg,0,0,0,1,0,0,1,0,1,0,0,1,0,0,0,0,1,0,0,0
KonIQ-10k IQA Database/512x384/10486107003.jpg,0,0,0,0,1,1,0,0,1,0,0,0,1,0,0,0,1,1,0,0
KonIQ-10k IQA Database/512x384/10490369963.jpg,0,0,0,1,0,0,1,0,0,0,1,1,0,0,0,0,1,0,0,0
KonIQ-10k IQA Database/512x384/10491358066.jpg,1,0,0,0,0,1,0,0,0,1,0,1,0,0,0,1,0,0,0,0
KonIQ-10k IQA Database/512x384/10491423125.jpg,0,0,1,0,0,0,1,0,0,1,0,1,0,0,0,0,1,0,0,0
KonIQ-10k IQA Database/512x384/10492897986.jpg,0,0,1,0,0,0,1,0,0,0,1,1,0,0,0,0,1,0,0,0
KonIQ-10k IQA Database/512x384/10513907744.jpg,0,1,0,0,0,1,0,0,1,0,0,0,0,1,1,0,0,0,1,0
KonIQ-10k IQA Database/512x384/10512432565.jpg,0,1,0,0,0,1,0,0,1,0,0,1,0,0,0,0,0,0,0,1
KonIQ-10k IQA Database/512x384/10506082433.jpg,0,0,1,0,0,0,1,0,0,0,1,1,0,0,0,0,1,0,0,0
KonIQ-10k IQA Database/512x384/10517436165.jpg,0,0,1,0,0,0,0,1,0,0,1,0,1,0,0,0,1,0,0,0
KonIQ-10k IQA Database/512x384/10505275743.jpg,0,0,0,0,1,1,0,0,1,0,0,1,0,0,0,0,0,0,0,1
KonIQ-10k IQA Database/512x384/10516786036.jpg,0,1,0,0,0,1,0,0,0,1,0,1,0,0,0,1,0,0,0,0
KonIQ-10k IQA Database/512x384/10520192995.jpg,0,0,1,0,0,0,1,0,0,0,1,1,0,0,0,0,0,0,1,0
KonIQ-10k IQA Database/512x384/10525460645.jpg,0,0,0,0,1,1,0,0,0,1,0,0,0,1,1,1,0,0,1,0
KonIQ-10k IQA Database/512x384/10532663625.jpg,1,0,0,0,0,1,0,0,1,0,0,0,1,0,0,1,0,0,0,0
KonIQ-10k IQA Database/512x384/10530470795.jpg,0,0,0,0,1,0,1,0,0,1,0,1,0,0,0,1,1,0,0,0
KonIQ-10k IQA Database/512x384/10526881085.jpg,0,0,1,0,0,0,1,0,0,1,0,0,1,0,0,0,1,0,0,0
KonIQ-10k IQA Database/512x384/10536668436.jpg,0,0,0,0,1,0,1,0,0,0,1,0,1,0,1,0,0,0,0,0
KonIQ-10k IQA Database/512x384/10538085833.jpg,0,0,1,0,0,0,1,0,0,0,1,0,0,1,0,0,1,0,0,0
KonIQ-10k IQA Database/512x384/10535849673.jpg,0,0,1,0,0,0,1,0,0,1,0,0,1,0,0,0,1,0,0,0
KonIQ-10k IQA Database/512x384/10534454676.jpg,0,0,1,0,0,0,1,0,0,1,0,1,0,0,0,0,0,0,0,1
KonIQ-10k IQA Database/512x384/10539142034.jpg,1,0,0,0,0,1,0,0,1,0,0,0,1,0,1,1,1,0,0,0
KonIQ-10k IQA Database/512x384/10539341593.jpg,0,0,0,0,1,1,0,0,1,0,0,0,1,0,1,1,1,0,0,0
KonIQ-10k IQA Database/512x384/10539008983.jpg,0,0,1,0,0,0,1,0,0,1,0,1,0,0,0,0,0,0,0,1
KonIQ-10k IQA Database/512x384/10544775715.jpg,0,0,1,0,0,0,1,0,0,0,1,1,0,0,0,0,1,0,0,0
KonIQ-10k IQA Database/512x384/10544833625.jpg,0,0,1,0,0,0,1,0,0,0,1,1,0,0,0,0,1,0,0,0
KonIQ-10k IQA Database/512x384/10554234623.jpg,0,0,1,0,0,0,1,0,0,1,0,1,0,0,0,0,1,0,0,0
KonIQ-10k IQA Database/512x384/10544945153.jpg,1,0,0,0,0,1,0,0,0,1,0,0,0,1,0,1,0,0,1,0
KonIQ-10k IQA Database/512x384/10556629035.jpg,0,1,0,0,0,0,1,0,0,1,0,0,0,1,0,0,0,0,0,1
KonIQ-10k IQA Database/512x384/10567114974.jpg,1,0,0,0,0,1,0,0,0,1,0,0,0,1,0,0,0,1,0,0
KonIQ-10k IQA Database/512x384/105620456.jpg,0,0,1,0,0,0,1,0,0,1,0,1,0,0,0,0,0,0,0,1
KonIQ-10k IQA Database/512x384/10558118243.jpg,0,0,0,1,0,0,1,0,1,0,0,1,0,0,0,0,1,0,0,0
KonIQ-10k IQA Database/512x384/10567188645.jpg,0,0,1,0,0,0,1,0,0,1,0,0,1,0,0,0,1,0,0,0
KonIQ-10k IQA Database/512x384/10568567754.jpg,0,1,0,0,0,1,0,0,0,1,0,0,0,1,1,1,0,0,0,0
KonIQ-10k IQA Database/512x384/10569725133.jpg,0,0,1,0,0,0,1,0,1,0,0,0,1,0,0,0,1,0,0,0
KonIQ-10k IQA Database/512x384/1057328504.jpg,0,0,1,0,0,0,1,0,0,0,1,1,0,0,0,0,0,1,0,0
KonIQ-10k IQA Database/512x384/10574233584.jpg,0,0,1,0,0,0,1,0,0,0,1,1,0,0,0,0,0,0,0,1
KonIQ-10k IQA Database/512x384/10576676414.jpg,0,0,1,0,0,0,1,0,0,1,0,1,0,0,0,0,0,0,0,1
KonIQ-10k IQA Database/512x384/10575593285.jpg,0,0,1,0,0,0,1,0,0,1,0,0,1,0,0,0,0,0,0,1
KonIQ-10k IQA Database/512x384/1057997640.jpg,0,0,1,0,0,0,1,0,0,1,0,1,0,0,0,0,1,0,0,0
KonIQ-10k IQA Database/512x384/10579282866.jpg,0,0,1,0,0,0,1,0,0,0,1,1,0,0,0,0,1,0,0,0
KonIQ-10k IQA Database/512x384/10581525775.jpg,0,0,1,0,0,0,1,0,0,1,0,1,0,0,0,0,0,0,0,1
KonIQ-10k IQA Database/512x384/10583786994.jpg,1,0,0,0,0,0,1,0,0,0,1,0,0,1,1,0,0,0,0,0
KonIQ-10k IQA Database/512x384/10582113466.jpg,1,0,0,0,0,1,0,0,0,1,0,1,0,0,0,1,0,0,0,0
KonIQ-10k IQA Database/512x384/10589450596.jpg,1,0,0,0,0,0,0,0,0,0,1,1,0,0,0,0,0,0,0,1
KonIQ-10k IQA Database/512x384/10586872235.jpg,0,0,1,0,0,0,1,0,0,0,1,1,0,0,0,0,1,0,0,0
KonIQ-10k IQA Database/512x384/1059399148.jpg,0,0,0,0,1,1,0,0,0,0,1,0,0,1,1,0,0,1,0,0
KonIQ-10k IQA Database/512x384/10604417276.jpg,0,0,0,0,1,1,0,0,0,1,0,1,0,0,0,0,1,0,0,0
KonIQ-10k IQA Database/512x384/10605846204.jpg,0,0,0,0,1,1,0,0,0,1,0,0,0,1,0,0,1,0,0,0
KonIQ-10k IQA Database/512x384/10602786066.jpg,0,0,1,0,0,0,0,0,0,0,1,1,0,0,0,0,0,0,0,1
KonIQ-10k IQA Database/512x384/10597114264.jpg,0,0,0,0,1,1,0,0,1,0,0,1,0,0,0,1,0,0,0,0
KonIQ-10k IQA Database/512x384/10603218265.jpg,0,1,0,0,0,1,0,0,1,0,0,1,0,0,1,0,0,0,0,0
KonIQ-10k IQA Database/512x384/10609356094.jpg,0,0,0,0,1,1,0,0,0,1,0,0,1,0,1,1,0,0,0,0
KonIQ-10k IQA Database/512x384/10615424764.jpg,0,0,0,0,1,0,1,0,1,0,0,1,0,0,0,0,0,0,0,1
KonIQ-10k IQA Database/512x384/10614052044.jpg,1,0,0,0,0,1,0,0,0,1,0,0,1,0,0,1,0,0,0,0
KonIQ-10k IQA Database/512x384/10619909515.jpg,1,0,0,0,0,1,0,0,0,1,0,1,0,0,0,1,0,0,0,0
KonIQ-10k IQA Database/512x384/10620203775.jpg,0,0,0,0,1,1,0,0,1,0,0,0,0,1,1,0,0,0,0,0
KonIQ-10k IQA Database/512x384/10620356404.jpg,1,0,0,0,0,1,0,0,0,1,0,1,0,0,0,1,0,0,0,0
KonIQ-10k IQA Database/512x384/10617981003.jpg,0,0,0,0,1,0,1,0,0,0,1,1,0,0,0,0,0,0,0,1
KonIQ-10k IQA Database/512x384/1062133952.jpg,0,0,1,0,0,0,1,0,0,1,0,1,0,0,0,0,0,0,0,1
KonIQ-10k IQA Database/512x384/10625988224.jpg,0,0,1,0,0,0,1,0,1,0,0,1,0,0,0,0,0,0,0,1
KonIQ-10k IQA Database/512x384/10628337356.jpg,0,0,1,0,0,0,1,0,0,1,0,1,0,0,0,0,1,0,0,0
KonIQ-10k IQA Database/512x384/10628497685.jpg,0,0,1,0,0,0,1,0,0,0,1,1,0,0,0,0,0,0,0,1
KonIQ-10k IQA Database/512x384/10631219374.jpg,0,1,0,0,0,1,0,0,1,0,0,0,1,0,1,1,1,0,0,0
KonIQ-10k IQA Database/512x384/10633933603.jpg,0,0,1,0,0,0,1,0,0,0,1,1,0,0,0,0,0,0,0,1
KonIQ-10k IQA Database/512x384/10628645805.jpg,0,1,0,0,0,1,0,0,1,0,0,0,1,0,1,1,0,0,0,0
KonIQ-10k IQA Database/512x384/10631630073.jpg,0,0,0,0,1,0,1,0,0,0,1,0,1,0,0,0,0,0,0,1
KonIQ-10k IQA Database/512x384/1063351510.jpg,0,0,0,0,1,0,1,0,0,1,0,1,0,0,0,0,0,1,0,0
KonIQ-10k IQA Database/512x384/10642085843.jpg,0,0,1,0,0,0,1,0,0,1,0,0,1,0,0,0,1,0,0,0
KonIQ-10k IQA Database/512x384/1063722220.jpg,0,0,1,0,0,1,0,0,1,0,0,1,0,0,0,0,0,0,1,0
KonIQ-10k IQA Database/512x384/10635160054.jpg,1,0,0,0,0,1,0,0,0,1,0,0,1,0,0,1,0,1,0,0
KonIQ-10k IQA Database/512x384/106456452.jpg,0,0,1,0,0,0,1,0,0,0,1,1,0,0,0,0,0,0,0,1
KonIQ-10k IQA Database/512x384/10660571735.jpg,0,0,0,0,1,0,1,0,1,0,0,1,0,0,0,0,0,0,0,1
KonIQ-10k IQA Database/512x384/10644234544.jpg,1,0,0,0,0,1,0,0,0,1,0,1,0,0,0,1,0,0,0,0
KonIQ-10k IQA Database/512x384/10660362264.jpg,1,0,0,0,0,1,0,0,0,1,0,1,0,0,0,1,0,0,0,0
KonIQ-10k IQA Database/512x384/10660620125.jpg,1,0,0,0,0,1,0,0,0,1,0,1,0,0,0,1,0,0,0,0
KonIQ-10k IQA Database/512x384/106652866.jpg,0,0,1,0,0,1,0,0,1,0,0,0,1,0,0,0,0,0,0,1
KonIQ-10k IQA Database/512x384/10676427864.jpg,0,0,0,1,0,0,1,0,1,0,0,1,0,0,0,0,1,0,0,0
KonIQ-10k IQA Database/512x384/1067765170.jpg,0,0,0,1,0,0,1,0,0,0,1,1,0,0,0,0,1,0,0,0
KonIQ-10k IQA Database/512x384/10665464526.jpg,0,1,0,0,0,1,0,0,1,0,0,0,1,0,0,1,1,0,0,0
KonIQ-10k IQA Database/512x384/10678350303.jpg,0,0,0,0,1,0,1,0,0,0,1,0,0,1,0,0,0,0,0,1
KonIQ-10k IQA Database/512x384/10678199353.jpg,1,0,0,0,0,1,0,0,0,1,0,0,1,0,0,1,0,0,0,0
KonIQ-10k IQA Database/512x384/10680153225.jpg,0,0,0,0,1,0,1,0,0,1,0,1,0,0,0,0,0,0,0,1
KonIQ-10k IQA Database/512x384/10679134563.jpg,0,0,0,0,1,0,1,0,0,0,1,1,0,0,0,0,0,0,0,1
KonIQ-10k IQA Database/512x384/10680502673.jpg,0,0,1,0,0,1,0,0,1,0,0,1,0,0,0,0,0,0,1,0
KonIQ-10k IQA Database/512x384/10680715605.jpg,0,0,0,0,1,0,1,0,0,0,1,1,0,0,0,0,0,0,0,1
KonIQ-10k IQA Database/512x384/10683218616.jpg,0,1,0,0,0,1,0,0,0,1,0,1,0,0,0,0,0,0,0,1
KonIQ-10k IQA Database/512x384/10680932454.jpg,0,0,1,0,0,0,1,0,0,1,0,0,1,0,0,0,1,0,0,0
KonIQ-10k IQA Database/512x384/10686332213.jpg,0,0,1,0,0,0,1,0,0,0,1,0,1,0,0,0,0,0,0,1
KonIQ-10k IQA Database/512x384/10690294454.jpg,1,0,0,0,0,1,0,0,0,1,0,0,1,0,0,1,0,0,0,0
KonIQ-10k IQA Database/512x384/10689376076.jpg,1,0,0,0,0,1,0,0,1,0,0,0,1,0,1,0,1,1,0,0
KonIQ-10k IQA Database/512x384/10692654005.jpg,0,0,1,0,0,0,1,0,0,1,0,0,1,0,0,0,1,0,0,0
KonIQ-10k IQA Database/512x384/10689538413.jpg,1,0,0,0,0,1,0,0,1,0,0,0,1,0,1,0,1,1,0,0
KonIQ-10k IQA Database/512x384/10689722684.jpg,0,1,0,0,0,1,0,0,0,1,0,0,1,0,0,1,1,0,0,0
KonIQ-10k IQA Database/512x384/10692857705.jpg,0,1,0,0,0,0,1,0,1,0,0,0,1,0,0,0,0,0,0,1
KonIQ-10k IQA Database/512x384/10692667386.jpg,1,0,0,0,0,1,0,0,0,1,0,1,0,0,0,1,0,0,0,0
KonIQ-10k IQA Database/512x384/10694350076.jpg,0,1,0,0,0,1,0,0,1,0,0,0,1,0,1,1,1,0,0,0
KonIQ-10k IQA Database/512x384/10705911926.jpg,0,0,0,0,1,1,0,0,1,0,0,1,0,0,1,0,0,0,0,0
KonIQ-10k IQA Database/512x384/10698962263.jpg,0,0,1,0,0,0,1,0,1,0,0,1,0,0,0,0,0,0,0,1
KonIQ-10k IQA Database/512x384/10713772814.jpg,0,0,1,0,0,0,1,0,1,0,0,0,1,0,0,0,1,0,0,0
KonIQ-10k IQA Database/512x384/10706770686.jpg,0,0,0,0,1,1,0,0,1,0,0,0,1,0,1,0,0,1,0,0
KonIQ-10k IQA Database/512x384/10693826785.jpg,0,0,0,0,1,1,0,0,0,1,0,0,1,0,0,1,0,0,1,0
KonIQ-10k IQA Database/512x384/10714662986.jpg,0,0,0,0,1,1,0,0,0,1,0,0,1,0,0,1,0,0,0,0
KonIQ-10k IQA Database/512x384/10715577856.jpg,1,0,0,0,0,0,0,0,0,0,1,0,0,1,0,0,0,0,0,1
KonIQ-10k IQA Database/512x384/10724889206.jpg,0,0,1,0,0,0,1,0,0,1,0,1,0,0,0,0,1,0,1,0
KonIQ-10k IQA Database/512x384/10721124556.jpg,0,0,1,0,0,1,0,0,1,0,0,1,0,0,0,0,0,0,0,1
KonIQ-10k IQA Database/512x384/10724461514.jpg,0,0,0,0,1,1,0,0,1,0,0,0,0,1,1,0,0,0,1,0
KonIQ-10k IQA Database/512x384/10728525673.jpg,0,1,0,0,0,1,0,0,0,1,0,0,1,0,0,0,0,0,1,0
KonIQ-10k IQA Database/512x384/10723077086.jpg,0,0,0,0,1,1,0,0,0,1,0,1,0,0,0,0,1,0,0,0
KonIQ-10k IQA Database/512x384/10730634575.jpg,0,0,1,0,0,0,1,0,1,0,0,0,1,0,0,0,1,0,0,0
KonIQ-10k IQA Database/512x384/10732971054.jpg,0,0,0,0,1,1,0,0,0,1,0,1,0,0,0,0,0,0,0,1
KonIQ-10k IQA Database/512x384/10733259996.jpg,0,0,1,0,0,0,1,0,0,1,0,1,0,0,0,0,1,0,0,0
KonIQ-10k IQA Database/512x384/10737029565.jpg,0,0,1,0,0,0,1,0,0,0,1,1,0,0,0,0,1,0,0,0
KonIQ-10k IQA Database/512x384/10745415703.jpg,0,1,0,0,0,1,0,0,0,1,0,0,1,0,0,0,1,0,0,0
KonIQ-10k IQA Database/512x384/10740727595.jpg,0,1,0,0,0,1,0,0,1,0,0,0,1,0,1,1,0,0,0,0
KonIQ-10k IQA Database/512x384/10740725955.jpg,0,1,0,0,0,1,0,0,1,0,0,0,1,0,0,1,0,0,1,0
KonIQ-10k IQA Database/512x384/10745932825.jpg,0,0,1,0,0,1,0,0,0,1,0,1,0,0,0,1,0,0,0,0
KonIQ-10k IQA Database/512x384/10740242265.jpg,0,1,0,0,0,1,0,0,0,1,0,1,0,0,0,0,1,0,0,0
KonIQ-10k IQA Database/512x384/107505789.jpg,0,0,1,0,0,0,1,0,0,1,0,1,0,0,0,0,0,0,0,1
KonIQ-10k IQA Database/512x384/10747724694.jpg,0,0,0,0,1,1,0,0,0,1,0,1,0,0,0,1,0,0,0,0
KonIQ-10k IQA Database/512x384/10762659033.jpg,0,1,0,0,0,1,0,0,1,0,0,1,0,0,1,1,0,0,0,0
KonIQ-10k IQA Database/512x384/10767441335.jpg,0,0,0,0,1,0,1,0,0,1,0,1,0,0,0,1,1,0,0,0
KonIQ-10k IQA Database/512x384/10770700455.jpg,0,0,0,0,1,0,1,0,0,1,0,1,0,0,0,0,0,0,0,1
KonIQ-10k IQA Database/512x384/10770026303.jpg,1,0,0,0,0,1,0,0,0,1,0,1,0,0,0,1,0,0,0,0
KonIQ-10k IQA Database/512x384/10765812585.jpg,1,0,0,0,0,1,0,0,0,0,1,0,1,0,0,0,0,1,0,0
KonIQ-10k IQA Database/512x384/10773126784.jpg,1,0,0,0,0,1,0,0,1,0,0,0,0,1,1,1,0,0,0,0
KonIQ-10k IQA Database/512x384/10776111906.jpg,1,0,0,0,0,1,0,0,1,0,0,0,0,1,1,0,0,0,0,0
KonIQ-10k IQA Database/512x384/10751799554.jpg,1,0,0,0,0,1,0,0,0,1,0,1,0,0,0,1,0,0,0,0
KonIQ-10k IQA Database/512x384/1075190309.jpg,0,0,1,0,0,0,1,0,0,1,0,1,0,0,0,0,0,0,0,1
KonIQ-10k IQA Database/512x384/10775358296.jpg,0,0,1,0,0,0,1,0,0,0,1,0,1,0,0,0,1,0,0,0
KonIQ-10k IQA Database/512x384/107799222.jpg,1,0,0,0,0,1,0,0,1,0,0,0,1,0,0,0,0,0,1,0
KonIQ-10k IQA Database/512x384/10783395635.jpg,1,0,0,0,0,1,0,0,0,1,0,0,1,0,0,1,0,0,0,0
KonIQ-10k IQA Database/512x384/10784159775.jpg,0,0,1,0,0,0,1,0,1,0,0,0,1,0,0,0,0,0,1,0
KonIQ-10k IQA Database/512x384/10790803694.jpg,1,0,0,0,0,1,0,0,0,1,0,0,1,0,0,1,0,0,0,0
KonIQ-10k IQA Database/512x384/10786271105.jpg,0,0,0,0,1,1,0,0,1,0,0,0,1,0,0,1,1,0,0,0
KonIQ-10k IQA Database/512x384/10787038944.jpg,1,0,0,0,0,1,0,0,0,1,0,1,0,0,0,0,0,1,0,0
KonIQ-10k IQA Database/512x384/10787258285.jpg,1,0,0,0,0,1,0,0,0,1,0,1,0,0,0,1,0,0,0,0
KonIQ-10k IQA Database/512x384/10791502435.jpg,0,0,0,0,1,1,0,0,1,0,0,0,1,0,1,0,0,0,0,0
KonIQ-10k IQA Database/512x384/10798439785.jpg,0,0,0,0,1,0,1,0,0,0,1,0,0,1,0,0,0,0,0,1
KonIQ-10k IQA Database/512x384/10799367156.jpg,1,0,0,0,0,1,0,0,1,0,0,1,0,0,1,0,0,0,0,0
KonIQ-10k IQA Database/512x384/10792125886.jpg,1,0,0,0,0,1,0,0,1,0,0,0,1,0,1,0,0,1,0,0
KonIQ-10k IQA Database/512x384/10799853136.jpg,0,0,0,0,1,1,0,0,1,0,0,0,1,0,0,0,1,0,0,0
KonIQ-10k IQA Database/512x384/10805317444.jpg,0,0,1,0,0,0,1,0,0,0,1,1,0,0,0,0,0,0,0,1
KonIQ-10k IQA Database/512x384/10806677866.jpg,0,0,0,0,1,0,1,0,0,1,0,1,0,0,0,0,0,0,0,1
KonIQ-10k IQA Database/512x384/10814874265.jpg,0,0,1,0,0,0,1,0,0,1,0,0,1,0,0,0,0,0,1,0
KonIQ-10k IQA Database/512x384/10819001424.jpg,0,0,1,0,0,0,1,0,0,0,1,0,1,0,0,0,0,0,0,1
KonIQ-10k IQA Database/512x384/10819132874.jpg,0,1,0,0,0,1,0,0,1,0,0,0,1,0,1,1,0,0,0,0
KonIQ-10k IQA Database/512x384/10819329365.jpg,1,0,0,0,0,1,0,0,0,1,0,1,0,0,0,1,1,0,0,0
KonIQ-10k IQA Database/512x384/10813730303.jpg,0,0,1,0,0,0,1,0,0,1,0,1,0,0,0,0,1,0,0,0
KonIQ-10k IQA Database/512x384/10827568885.jpg,0,0,1,0,0,0,1,0,1,0,0,1,0,0,0,0,0,0,0,1
KonIQ-10k IQA Database/512x384/10828147985.jpg,0,1,0,0,0,1,0,0,1,0,0,1,0,0,0,1,0,0,0,0
KonIQ-10k IQA Database/512x384/10829329963.jpg,0,0,0,0,1,1,0,0,1,0,0,0,1,0,1,0,0,0,0,0
KonIQ-10k IQA Database/512x384/10828395135.jpg,1,0,0,0,0,1,0,0,0,1,0,0,1,0,0,1,0,0,0,0
KonIQ-10k IQA Database/512x384/10836905604.jpg,0,0,1,0,0,1,0,0,1,0,0,0,0,1,0,0,1,0,0,0
KonIQ-10k IQA Database/512x384/10843403305.jpg,1,0,0,0,0,1,0,0,0,1,0,0,1,0,1,1,0,0,0,0
KonIQ-10k IQA Database/512x384/10847909336.jpg,0,0,0,0,1,1,0,0,0,1,0,1,0,0,0,0,1,0,0,0
KonIQ-10k IQA Database/512x384/10849117054.jpg,0,0,1,0,0,0,1,0,0,0,1,1,0,0,0,0,1,0,0,0
KonIQ-10k IQA Database/512x384/1084984228.jpg,0,0,0,0,1,0,0,0,0,0,1,0,1,0,0,0,0,1,0,0
KonIQ-10k IQA Database/512x384/10849700404.jpg,0,0,1,0,0,0,1,0,0,1,0,1,0,0,0,0,1,0,0,0
KonIQ-10k IQA Database/512x384/10856434794.jpg,0,1,0,0,0,1,0,0,1,0,0,0,0,1,1,0,0,0,0,0
KonIQ-10k IQA Database/512x384/10856757.jpg,0,0,0,0,1,0,0,0,0,1,0,1,0,0,0,0,0,0,0,1
KonIQ-10k IQA Database/512x384/1085590803.jpg,0,0,0,0,1,0,1,0,0,0,1,1,0,0,0,0,0,0,0,1
KonIQ-10k IQA Database/512x384/10858952303.jpg,0,0,1,0,0,0,1,0,0,1,0,1,0,0,0,0,0,1,0,0
KonIQ-10k IQA Database/512x384/10862487886.jpg,1,0,0,0,0,1,0,0,0,1,0,1,0,0,0,1,0,0,0,0
KonIQ-10k IQA Database/512x384/10861031374.jpg,0,0,0,0,1,1,0,0,1,0,0,0,1,0,0,1,1,1,0,0
KonIQ-10k IQA Database/512x384/10865798996.jpg,0,0,0,0,1,0,1,0,1,0,0,1,0,0,0,0,0,0,0,1
KonIQ-10k IQA Database/512x384/10866561184.jpg,0,0,1,0,0,0,1,0,1,0,0,1,0,0,0,1,0,0,0,0
KonIQ-10k IQA Database/512x384/10864812016.jpg,1,0,0,0,0,1,0,0,0,1,0,1,0,0,0,1,0,0,0,0
KonIQ-10k IQA Database/512x384/10868390853.jpg,1,0,0,0,0,1,0,0,0,1,0,1,0,0,0,1,0,0,0,0
KonIQ-10k IQA Database/512x384/10880314705.jpg,0,0,1,0,0,0,1,0,0,1,0,1,0,0,0,0,0,0,0,1
KonIQ-10k IQA Database/512x384/10866463396.jpg,0,0,1,0,0,0,1,0,1,0,0,1,0,0,0,1,0,0,0,0
KonIQ-10k IQA Database/512x384/10872249945.jpg,1,0,0,0,0,1,0,0,0,1,0,1,0,0,0,1,0,0,0,0
KonIQ-10k IQA Database/512x384/10875461386.jpg,0,0,1,0,0,0,1,0,0,0,1,1,0,0,0,0,1,0,0,0
KonIQ-10k IQA Database/512x384/10882856833.jpg,1,0,0,0,0,1,0,0,0,0,1,1,0,0,0,1,0,0,0,0
KonIQ-10k IQA Database/512x384/1089100444.jpg,0,0,0,0,1,1,0,0,1,0,0,0,0,1,1,0,0,0,0,0
KonIQ-10k IQA Database/512x384/10883456586.jpg,0,0,1,0,0,0,1,0,0,0,1,0,1,0,0,0,1,0,0,0
KonIQ-10k IQA Database/512x384/10895044423.jpg,0,0,1,0,0,0,1,0,0,0,1,1,0,0,0,0,0,0,0,1
KonIQ-10k IQA Database/512x384/10893404795.jpg,0,0,0,1,0,0,1,0,0,0,1,1,0,0,0,0,1,0,0,0
KonIQ-10k IQA Database/512x384/10898287705.jpg,0,0,1,0,0,0,1,0,0,0,1,0,1,0,0,0,1,0,0,0
KonIQ-10k IQA Database/512x384/10897840884.jpg,0,0,1,0,0,0,1,0,0,1,0,0,1,0,0,0,0,0,0,1
KonIQ-10k IQA Database/512x384/10898689245.jpg,0,1,0,0,0,1,0,0,0,1,0,0,1,0,1,1,0,0,0,0
KonIQ-10k IQA Database/512x384/10900020096.jpg,1,0,0,0,0,1,0,0,0,1,0,0,1,0,0,1,0,0,1,0
KonIQ-10k IQA Database/512x384/10905088155.jpg,0,0,1,0,0,1,0,0,1,0,0,1,0,0,0,0,0,0,1,0
KonIQ-10k IQA Database/512x384/10906887886.jpg,0,0,1,0,0,0,1,0,0,0,1,1,0,0,0,0,1,0,0,0
KonIQ-10k IQA Database/512x384/1090979049.jpg,0,0,0,0,1,1,0,0,0,1,0,0,0,1,1,0,0,0,0,0
KonIQ-10k IQA Database/512x384/10910262455.jpg,0,0,1,0,0,0,1,0,0,0,1,1,0,0,0,0,0,0,0,1
KonIQ-10k IQA Database/512x384/10905114716.jpg,0,0,0,0,1,1,0,0,1,0,0,0,0,1,1,0,0,0,1,0
KonIQ-10k IQA Database/512x384/10911046243.jpg,1,0,0,0,0,1,0,0,1,0,0,0,1,0,0,1,1,1,1,0
KonIQ-10k IQA Database/512x384/10915557435.jpg,0,0,1,0,0,0,1,0,0,0,1,0,0,1,0,0,1,0,0,0
KonIQ-10k IQA Database/512x384/10899733355.jpg,1,0,0,0,0,1,0,0,0,1,0,1,0,0,0,1,0,0,0,0
KonIQ-10k IQA Database/512x384/10917741563.jpg,1,0,0,0,0,1,0,0,0,1,0,1,0,0,0,1,0,0,0,0
KonIQ-10k IQA Database/512x384/10921880365.jpg,0,0,1,0,0,0,1,0,0,1,0,0,1,0,0,0,1,0,0,0
KonIQ-10k IQA Database/512x384/10911095273.jpg,1,0,0,0,0,1,0,0,0,1,0,1,0,0,0,1,0,0,0,0
KonIQ-10k IQA Database/512x384/10921653346.jpg,1,0,0,0,0,1,0,0,0,1,0,1,0,0,0,1,0,0,0,0
KonIQ-10k IQA Database/512x384/10912602716.jpg,1,0,0,0,0,1,0,0,1,0,0,0,1,0,1,1,0,0,0,0
KonIQ-10k IQA Database/512x384/10923819485.jpg,0,0,0,0,1,0,1,0,0,0,1,0,1,0,0,0,0,0,0,1
KonIQ-10k IQA Database/512x384/10925112255.jpg,0,0,1,0,0,0,1,0,1,0,0,0,0,1,0,0,0,0,0,1
KonIQ-10k IQA Database/512x384/10932590295.jpg,0,1,0,0,0,0,0,0,0,0,1,1,0,0,0,0,0,0,0,1
KonIQ-10k IQA Database/512x384/10927420963.jpg,0,0,0,0,1,1,0,0,1,0,0,0,1,0,1,1,0,0,0,0
KonIQ-10k IQA Database/512x384/109293948.jpg,0,0,0,0,1,0,1,0,0,0,1,1,0,0,0,0,0,0,0,1
KonIQ-10k IQA Database/512x384/10931213005.jpg,0,0,0,0,1,0,1,0,0,0,1,1,0,0,0,1,0,0,0,0
KonIQ-10k IQA Database/512x384/10936496124.jpg,1,0,0,0,0,1,0,0,0,1,0,0,1,0,0,1,0,0,1,0
KonIQ-10k IQA Database/512x384/10933722123.jpg,1,0,0,0,0,1,0,0,0,1,0,0,1,0,0,1,0,0,0,0
KonIQ-10k IQA Database/512x384/10937404313.jpg,0,0,1,0,0,0,1,0,0,0,1,1,0,0,0,0,1,0,0,0
KonIQ-10k IQA Database/512x384/109436362569.jpg,0,0,0,1,0,0,1,0,0,1,0,1,0,0,0,0,1,0,0,0
KonIQ-10k IQA Database/512x384/10948257133.jpg,0,0,1,0,0,0,1,0,0,0,1,0,1,0,0,0,1,0,0,0
KonIQ-10k IQA Database/512x384/10943636256.jpg,0,0,0,1,0,0,1,0,0,1,0,1,0,0,0,0,1,0,0,0
KonIQ-10k IQA Database/512x384/10947519133.jpg,0,0,1,0,0,0,1,0,0,1,0,0,1,0,0,0,1,0,0,0
KonIQ-10k IQA Database/512x384/10953973716.jpg,0,0,1,0,0,0,1,0,0,1,0,0,0,1,0,1,1,0,0,0
KonIQ-10k IQA Database/512x384/10967023396.jpg,0,0,1,0,0,0,1,0,0,1,0,1,0,0,0,0,0,0,0,1
KonIQ-10k IQA Database/512x384/10961758274.jpg,0,0,0,1,0,0,1,0,1,0,0,0,1,0,0,0,1,0,0,0
KonIQ-10k IQA Database/512x384/10980930876.jpg,0,0,0,0,1,1,0,0,0,1,0,1,0,0,0,0,0,0,1,0
KonIQ-10k IQA Database/512x384/109825878.jpg,0,0,1,0,0,0,1,0,0,0,1,1,0,0,0,0,0,0,0,1
KonIQ-10k IQA Database/512x384/10990397626.jpg,0,1,0,0,0,0,1,0,0,0,1,0,0,1,0,0,0,0,0,1
KonIQ-10k IQA Database/512x384/10983119996.jpg,0,0,0,0,1,1,0,0,0,1,0,0,1,0,0,1,0,0,0,0
KonIQ-10k IQA Database/512x384/10981006796.jpg,0,0,0,0,1,0,1,0,0,1,0,0,0,1,0,0,1,0,0,0
KonIQ-10k IQA Database/512x384/10968711744.jpg,0,0,0,0,1,1,0,0,0,1,0,1,0,0,1,1,0,0,0,0
KonIQ-10k IQA Database/512x384/11004139923.jpg,0,0,0,0,1,0,1,0,0,1,0,1,0,0,0,0,0,0,0,1
KonIQ-10k IQA Database/512x384/10990887046.jpg,0,0,1,0,0,0,1,0,0,0,1,0,1,0,0,0,0,0,0,1
KonIQ-10k IQA Database/512x384/11005410885.jpg,0,0,1,0,0,0,1,0,0,1,0,1,0,0,0,0,0,0,0,1
KonIQ-10k IQA Database/512x384/11006895124.jpg,1,0,0,0,0,1,0,0,0,0,1,1,0,0,0,1,0,0,0,0
KonIQ-10k IQA Database/512x384/1100873520.jpg,0,0,1,0,0,0,1,0,0,0,1,1,0,0,0,0,0,0,0,1
KonIQ-10k IQA Database/512x384/11013892854.jpg,0,0,1,0,0,0,1,0,0,1,0,0,1,0,0,0,0,0,0,1
KonIQ-10k IQA Database/512x384/11010062705.jpg,0,0,1,0,0,0,1,0,1,0,0,1,0,0,0,0,0,0,1,0
KonIQ-10k IQA Database/512x384/11016309165.jpg,0,0,1,0,0,0,1,0,0,1,0,0,1,0,0,0,1,0,0,0
KonIQ-10k IQA Database/512x384/11016485883.jpg,0,0,0,0,1,0,1,0,1,0,0,1,0,0,0,0,0,0,1,0
KonIQ-10k IQA Database/512x384/11009340314.jpg,1,0,0,0,0,1,0,0,1,0,0,1,0,0,0,0,0,0,1,0
KonIQ-10k IQA Database/512x384/11018079835.jpg,0,1,0,0,0,1,0,0,1,0,0,0,1,0,0,0,1,0,0,0
KonIQ-10k IQA Database/512x384/11021514993.jpg,0,0,0,0,1,1,0,0,1,0,0,0,0,1,1,1,0,0,0,0
KonIQ-10k IQA Database/512x384/1101948952.jpg,1,0,0,0,0,1,0,0,1,0,0,1,0,0,1,1,0,0,0,0
KonIQ-10k IQA Database/512x384/11021929275.jpg,0,0,0,1,0,0,1,0,0,1,0,1,0,0,0,0,1,0,0,0
KonIQ-10k IQA Database/512x384/11023346856.jpg,1,0,0,0,0,1,0,0,1,0,0,0,1,0,1,1,0,0,1,0
KonIQ-10k IQA Database/512x384/11033459414.jpg,0,1,0,0,0,1,0,0,1,0,0,1,0,0,0,0,0,0,0,1
KonIQ-10k IQA Database/512x384/110356262.jpg,0,0,1,0,0,0,1,0,0,0,1,1,0,0,0,0,0,0,0,1
KonIQ-10k IQA Database/512x384/11035760784.jpg,0,1,0,0,0,1,0,0,0,1,0,1,0,0,1,0,0,0,0,0
KonIQ-10k IQA Database/512x384/11031973684.jpg,0,0,0,0,1,1,0,0,0,1,0,0,1,0,1,1,1,0,0,0
KonIQ-10k IQA Database/512x384/1103755154.jpg,0,0,1,0,0,0,1,0,0,1,0,0,0,1,0,0,0,0,0,1
KonIQ-10k IQA Database/512x384/11051374673.jpg,0,0,1,0,0,0,1,0,0,1,0,0,1,0,0,0,1,0,0,0
KonIQ-10k IQA Database/512x384/11054039594.jpg,0,0,1,0,0,0,1,0,0,1,0,0,0,1,0,0,0,0,1,0
KonIQ-10k IQA Database/512x384/11051749575.jpg,0,0,1,0,0,0,1,0,0,1,0,0,1,0,0,0,1,0,0,0
KonIQ-10k IQA Database/512x384/11054638863.jpg,0,1,0,0,0,1,0,0,0,1,0,0,1,0,0,0,0,0,1,0
KonIQ-10k IQA Database/512x384/11051034136.jpg,0,0,1,0,0,0,1,0,0,1,0,0,1,0,0,0,1,0,0,0
KonIQ-10k IQA Database/512x384/11054899145.jpg,0,0,1,0,0,0,1,0,1,0,0,1,0,0,0,0,1,0,0,0
KonIQ-10k IQA Database/512x384/11058112996.jpg,0,0,0,0,1,0,1,0,0,1,0,1,0,0,0,0,0,0,0,1
KonIQ-10k IQA Database/512x384/11060185873.jpg,0,1,0,0,0,0,1,0,0,0,1,0,1,0,0,0,1,0,0,0
KonIQ-10k IQA Database/512x384/11062902804.jpg,0,0,1,0,0,0,1,0,1,0,0,1,0,0,0,1,0,0,0,0
KonIQ-10k IQA Database/512x384/11061633946.jpg,1,0,0,0,0,0,0,0,0,0,1,1,0,0,0,1,0,0,0,0
KonIQ-10k IQA Database/512x384/11068654734.jpg,0,0,0,0,1,0,1,0,0,0,1,0,0,1,0,0,0,0,0,1
KonIQ-10k IQA Database/512x384/11054955216.jpg,0,0,1,0,0,0,1,0,0,0,1,1,0,0,0,0,0,0,0,1
KonIQ-10k IQA Database/512x384/11063650646.jpg,1,0,0,0,0,1,0,0,0,1,0,1,0,0,1,0,0,1,1,0
KonIQ-10k IQA Database/512x384/11078122366.jpg,0,0,0,1,0,0,1,0,0,1,0,0,1,0,0,0,1,0,0,0
KonIQ-10k IQA Database/512x384/11081975613.jpg,0,0,0,0,1,0,1,0,0,0,1,0,1,0,1,0,0,0,1,0
KonIQ-10k IQA Database/512x384/11095381506.jpg,0,0,0,0,1,0,1,0,0,0,1,0,1,0,0,0,0,1,0,0
KonIQ-10k IQA Database/512x384/11071132393.jpg,1,0,0,0,0,1,0,0,1,0,0,1,0,0,0,1,0,0,0,0
KonIQ-10k IQA Database/512x384/11089447095.jpg,0,0,0,0,1,1,0,0,0,1,0,1,0,0,0,0,0,0,0,1
KonIQ-10k IQA Database/512x384/11087687983.jpg,0,0,0,0,1,1,0,0,1,0,0,1,0,0,0,0,0,0,1,0
KonIQ-10k IQA Database/512x384/11097661494.jpg,0,0,1,0,0,0,1,0,0,1,0,1,0,0,0,0,0,0,0,1
KonIQ-10k IQA Database/512x384/11079282234.jpg,1,0,0,0,0,1,0,0,1,0,0,0,0,1,1,0,0,1,0,0
KonIQ-10k IQA Database/512x384/11098121724.jpg,0,1,0,0,0,1,0,0,0,1,0,0,1,0,0,1,1,0,0,0
KonIQ-10k IQA Database/512x384/11124139926.jpg,0,1,0,0,0,1,0,0,1,0,0,1,0,0,0,1,0,0,0,0
KonIQ-10k IQA Database/512x384/11109548195.jpg,0,0,1,0,0,0,1,0,1,0,0,1,0,0,0,0,0,0,0,1
KonIQ-10k IQA Database/512x384/11118140253.jpg,0,0,0,0,1,1,0,0,1,0,0,0,1,0,1,0,0,0,0,0
KonIQ-10k IQA Database/512x384/11126232436.jpg,0,0,1,0,0,0,1,0,0,1,0,0,1,0,0,0,1,0,1,0
KonIQ-10k IQA Database/512x384/11126091314.jpg,0,0,1,0,0,0,1,0,0,1,0,0,1,0,0,0,1,0,0,0
KonIQ-10k IQA Database/512x384/11139368236.jpg,0,1,0,0,0,1,0,0,1,0,0,0,1,0,1,1,0,0,0,0
KonIQ-10k IQA Database/512x384/11111585533.jpg,0,0,1,0,0,0,1,0,1,0,0,0,1,0,0,0,1,0,0,0
KonIQ-10k IQA Database/512x384/11126652126.jpg,1,0,0,0,0,0,0,1,0,0,1,0,1,0,1,0,0,1,0,0
KonIQ-10k IQA Database/512x384/11143825565.jpg,0,0,1,0,0,0,1,0,1,0,0,1,0,0,0,0,0,0,0,1
KonIQ-10k IQA Database/512x384/11139580153.jpg,0,0,1,0,0,0,1,0,0,0,1,1,0,0,0,0,1,0,0,0
KonIQ-10k IQA Database/512x384/11149566996.jpg,0,0,1,0,0,0,1,0,0,1,0,1,0,0,0,0,0,0,1,0
KonIQ-10k IQA Database/512x384/11141708043.jpg,0,0,0,1,0,0,1,0,1,0,0,1,0,0,0,0,1,0,0,0
KonIQ-10k IQA Database/512x384/11148529964.jpg,0,0,1,0,0,0,1,0,0,1,0,1,0,0,0,0,1,0,0,0
KonIQ-10k IQA Database/512x384/11150131936.jpg,0,0,0,0,1,1,0,0,1,0,0,0,1,0,0,1,0,0,0,0
KonIQ-10k IQA Database/512x384/11155257336.jpg,0,0,0,0,1,1,0,0,0,1,0,0,1,0,0,0,1,1,0,0
KonIQ-10k IQA Database/512x384/11153943035.jpg,1,0,0,0,0,1,0,0,0,1,0,1,0,0,0,1,0,0,0,0
KonIQ-10k IQA Database/512x384/11163249414.jpg,0,0,1,0,0,0,1,0,1,0,0,1,0,0,0,0,1,0,0,0
KonIQ-10k IQA Database/512x384/11159983896.jpg,0,0,1,0,0,1,0,0,0,1,0,1,0,0,0,0,0,0,0,1
KonIQ-10k IQA Database/512x384/11156365526.jpg,0,0,1,0,0,0,1,0,0,0,1,0,1,0,0,0,1,0,0,0
KonIQ-10k IQA Database/512x384/11158314215.jpg,0,0,1,0,0,0,1,0,0,0,1,1,0,0,0,0,0,0,0,1
KonIQ-10k IQA Database/512x384/11165746213.jpg,0,1,0,0,0,1,0,0,1,0,0,1,0,0,0,0,0,0,0,1
KonIQ-10k IQA Database/512x384/11170786154.jpg,0,0,0,0,1,1,0,0,1,0,0,0,1,0,1,0,0,0,0,0
KonIQ-10k IQA Database/512x384/11169904264.jpg,0,0,0,0,1,1,0,0,1,0,0,1,0,0,0,0,0,0,0,1
KonIQ-10k IQA Database/512x384/11170758174.jpg,0,0,1,0,0,0,1,0,0,1,0,1,0,0,0,0,1,0,0,0
KonIQ-10k IQA Database/512x384/11175382195.jpg,0,0,1,0,0,0,1,0,0,1,0,1,0,0,0,0,0,0,1,0
KonIQ-10k IQA Database/512x384/11172371243.jpg,0,0,1,0,0,0,1,0,1,0,0,1,0,0,0,0,0,0,0,1
KonIQ-10k IQA Database/512x384/11175538013.jpg,0,0,0,0,1,0,1,0,1,0,0,1,0,0,0,1,0,0,0,0
KonIQ-10k IQA Database/512x384/1117582514.jpg,0,0,0,0,1,1,0,0,0,1,0,1,0,0,0,1,0,0,0,0
KonIQ-10k IQA Database/512x384/11183022383.jpg,0,0,1,0,0,0,1,0,0,0,1,1,0,0,0,0,0,0,0,1
KonIQ-10k IQA Database/512x384/11209059333.jpg,1,0,0,0,0,1,0,0,0,1,0,1,0,0,0,1,0,0,1,0
KonIQ-10k IQA Database/512x384/11209221046.jpg,1,0,0,0,0,1,0,0,0,0,1,1,0,0,0,1,0,0,0,0
KonIQ-10k IQA Database/512x384/11201160185.jpg,1,0,0,0,0,1,0,0,0,1,0,0,0,1,1,1,0,0,0,0
KonIQ-10k IQA Database/512x384/11209188974.jpg,1,0,0,0,0,1,0,0,0,1,0,0,1,0,0,1,1,0,0,0
KonIQ-10k IQA Database/512x384/11215941184.jpg,0,0,1,0,0,0,1,0,0,1,0,1,0,0,0,0,0,0,0,1
KonIQ-10k IQA Database/512x384/11208321473.jpg,0,0,1,0,0,0,1,0,1,0,0,0,1,0,0,0,1,1,0,0
KonIQ-10k IQA Database/512x384/11209649786.jpg,0,0,0,0,1,1,0,0,0,1,0,0,1,0,0,0,0,0,1,0
KonIQ-10k IQA Database/512x384/11216436636.jpg,0,0,1,0,0,1,0,0,1,0,0,0,1,0,0,0,0,0,0,1
KonIQ-10k IQA Database/512x384/11218793016.jpg,0,0,1,0,0,0,1,0,1,0,0,1,0,0,0,0,1,0,0,0
KonIQ-10k IQA Database/512x384/11226958966.jpg,0,0,1,0,0,0,1,0,1,0,0,1,0,0,0,0,0,0,0,1
KonIQ-10k IQA Database/512x384/11221904805.jpg,0,0,1,0,0,0,1,0,0,1,0,1,0,0,0,0,0,0,0,1
KonIQ-10k IQA Database/512x384/11229777185.jpg,0,0,1,0,0,0,1,0,0,0,1,1,0,0,0,0,0,0,0,1
KonIQ-10k IQA Database/512x384/11219420725.jpg,0,0,1,0,0,0,1,0,1,0,0,1,0,0,0,1,0,0,0,0
KonIQ-10k IQA Database/512x384/11239106136.jpg,0,0,1,0,0,0,1,0,0,0,1,1,0,0,0,0,1,0,0,0
KonIQ-10k IQA Database/512x384/11232665444.jpg,0,0,1,0,0,0,1,0,0,0,1,0,1,0,0,0,1,0,0,0
KonIQ-10k IQA Database/512x384/11241096796.jpg,0,0,0,0,1,0,1,0,0,1,0,1,0,0,0,0,0,0,0,1
KonIQ-10k IQA Database/512x384/11242015725.jpg,0,1,0,0,0,0,1,0,0,0,1,0,1,0,0,0,1,0,0,0
KonIQ-10k IQA Database/512x384/11250215644.jpg,0,0,1,0,0,0,1,0,1,0,0,1,0,0,0,0,0,0,0,1
KonIQ-10k IQA Database/512x384/11245781693.jpg,0,0,1,0,0,0,1,0,1,0,0,0,1,0,0,0,1,0,0,0
KonIQ-10k IQA Database/512x384/11245083256.jpg,0,0,1,0,0,0,1,0,0,0,1,1,0,0,0,0,0,0,0,1
KonIQ-10k IQA Database/512x384/11252644224.jpg,1,0,0,0,0,1,0,0,1,0,0,0,1,0,0,0,0,1,0,0
KonIQ-10k IQA Database/512x384/11252383376.jpg,0,0,0,0,1,1,0,0,0,1,0,1,0,0,0,0,0,0,0,1
KonIQ-10k IQA Database/512x384/11251138933.jpg,0,0,1,0,0,0,1,0,0,1,0,0,1,0,0,0,1,0,0,0
KonIQ-10k IQA Database/512x384/11256485296.jpg,1,0,0,0,0,1,0,0,0,1,0,0,1,0,0,0,0,1,0,0
KonIQ-10k IQA Database/512x384/11253432804.jpg,0,0,0,0,1,1,0,0,1,0,0,0,1,0,1,0,0,0,0,0
KonIQ-10k IQA Database/512x384/11256776836.jpg,1,0,0,0,0,1,0,0,0,1,0,0,1,0,0,0,0,1,0,0
KonIQ-10k IQA Database/512x384/11260247205.jpg,1,0,0,0,0,1,0,0,0,1,0,1,0,0,0,0,0,0,1,0
KonIQ-10k IQA Database/512x384/11260270773.jpg,0,1,0,0,0,0,1,0,0,1,0,0,1,0,0,0,1,0,0,0
KonIQ-10k IQA Database/512x384/11262156493.jpg,0,1,0,0,0,1,0,0,1,0,0,1,0,0,0,0,0,0,0,1
KonIQ-10k IQA Database/512x384/11260385706.jpg,0,0,1,0,0,1,0,0,1,0,0,1,0,0,0,0,0,0,1,0
KonIQ-10k IQA Database/512x384/11268202995.jpg,0,0,1,0,0,0,1,0,0,0,1,0,0,1,0,0,1,0,0,0
KonIQ-10k IQA Database/512x384/11264048414.jpg,0,0,1,0,0,0,1,0,1,0,0,1,0,0,0,0,0,0,0,1
KonIQ-10k IQA Database/512x384/11269626135.jpg,0,0,1,0,0,0,1,0,1,0,0,1,0,0,0,0,1,0,0,0
KonIQ-10k IQA Database/512x384/11269474243.jpg,0,0,0,0,1,1,0,0,1,0,0,0,0,1,0,0,1,0,0,0
KonIQ-10k IQA Database/512x384/11270256213.jpg,0,1,0,0,0,1,0,0,0,1,0,1,0,0,0,0,0,0,1,0
KonIQ-10k IQA Database/512x384/11270280904.jpg,1,0,0,0,0,1,0,0,1,0,0,1,0,0,0,1,0,0,0,0
KonIQ-10k IQA Database/512x384/11273127766.jpg,0,0,0,0,1,0,1,0,1,0,0,1,0,0,0,0,0,0,0,1
KonIQ-10k IQA Database/512x384/1127644406.jpg,1,0,0,0,0,1,0,0,1,0,0,1,0,0,0,1,0,0,0,0
KonIQ-10k IQA Database/512x384/11273190884.jpg,0,0,0,0,1,1,0,0,1,0,0,1,0,0,0,0,0,0,0,1
KonIQ-10k IQA Database/512x384/11275584366.jpg,0,0,1,0,0,0,1,0,0,1,0,1,0,0,0,1,0,0,0,0
KonIQ-10k IQA Database/512x384/11288559554.jpg,0,0,0,0,1,0,1,0,0,1,0,1,0,0,0,0,0,0,0,1
KonIQ-10k IQA Database/512x384/11287273183.jpg,0,0,0,1,0,0,1,0,1,0,0,1,0,0,0,0,1,0,0,0
KonIQ-10k IQA Database/512x384/11293176185.jpg,0,0,0,0,1,1,0,0,1,0,0,1,0,0,0,0,0,0,0,1
KonIQ-10k IQA Database/512x384/11291450085.jpg,0,0,1,0,0,0,1,0,0,1,0,0,1,0,0,0,1,0,0,0
KonIQ-10k IQA Database/512x384/11294894953.jpg,0,0,1,0,0,0,1,0,1,0,0,1,0,0,0,1,1,0,0,0
KonIQ-10k IQA Database/512x384/11292980633.jpg,0,0,0,0,1,1,0,0,0,1,0,0,1,0,1,1,0,0,0,0
KonIQ-10k IQA Database/512x384/11297504114.jpg,0,0,0,0,1,0,1,0,0,1,0,0,0,1,0,0,0,0,0,1
KonIQ-10k IQA Database/512x384/11295475784.jpg,0,0,1,0,0,0,1,0,1,0,0,1,0,0,0,0,0,0,0,1
KonIQ-10k IQA Database/512x384/11293946974.jpg,0,0,1,0,0,0,1,0,0,1,0,1,0,0,0,1,0,0,0,0
KonIQ-10k IQA Database/512x384/11297570034.jpg,0,0,0,0,1,0,1,0,0,0,1,0,0,1,0,0,0,0,0,1
KonIQ-10k IQA Database/512x384/11302087114.jpg,0,0,0,0,1,0,1,0,0,1,0,1,0,0,0,0,0,0,0,1
KonIQ-10k IQA Database/512x384/1130601148.jpg,0,0,1,0,0,0,1,0,0,1,0,1,0,0,0,0,0,0,0,1
KonIQ-10k IQA Database/512x384/11301386435.jpg,1,0,0,0,0,1,0,0,1,0,0,1,0,0,0,1,0,0,0,0
KonIQ-10k IQA Database/512x384/11310848503.jpg,0,1,0,0,0,1,0,0,0,1,0,1,0,0,0,0,0,0,0,1
KonIQ-10k IQA Database/512x384/11316105544.jpg,0,1,0,0,0,1,0,0,0,1,0,0,1,0,0,1,1,0,0,0
KonIQ-10k IQA Database/512x384/11321228905.jpg,1,0,0,0,0,1,0,0,1,0,0,0,1,0,1,1,0,0,0,0
KonIQ-10k IQA Database/512x384/11320098306.jpg,0,0,1,0,0,0,1,0,0,1,0,0,1,0,0,0,0,0,0,1
KonIQ-10k IQA Database/512x384/11307198154.jpg,0,0,0,0,1,1,0,0,1,0,0,0,1,0,1,1,0,0,0,0
KonIQ-10k IQA Database/512x384/11324704676.jpg,0,0,0,0,1,0,1,0,0,1,0,1,0,0,0,0,0,0,0,1
KonIQ-10k IQA Database/512x384/11327123904.jpg,0,0,1,0,0,0,1,0,0,1,0,1,0,0,0,0,1,0,0,0
KonIQ-10k IQA Database/512x384/11325081573.jpg,0,0,0,0,1,0,1,0,0,1,0,1,0,0,0,0,0,0,0,1
KonIQ-10k IQA Database/512x384/11333447674.jpg,0,0,0,0,1,1,0,0,1,0,0,0,1,0,0,1,0,0,0,0
KonIQ-10k IQA Database/512x384/11333782783.jpg,0,0,1,0,0,0,1,0,0,1,0,0,1,0,0,0,1,0,0,0
KonIQ-10k IQA Database/512x384/11338371864.jpg,0,0,0,1,0,0,1,0,1,0,0,0,1,0,0,0,1,0,0,0
KonIQ-10k IQA Database/512x384/11335231214.jpg,0,1,0,0,0,1,0,0,0,1,0,0,1,0,0,0,0,0,0,1
KonIQ-10k IQA Database/512x384/11333611705.jpg,1,0,0,0,0,1,0,0,0,1,0,1,0,0,0,1,0,0,0,0
KonIQ-10k IQA Database/512x384/11339056674.jpg,0,0,1,0,0,0,1,0,0,1,0,1,0,0,0,0,0,0,0,1
KonIQ-10k IQA Database/512x384/11346267905.jpg,1,0,0,0,0,1,0,0,1,0,0,0,0,1,1,0,0,0,1,0
KonIQ-10k IQA Database/512x384/11356760053.jpg,0,0,0,0,1,0,1,0,0,1,0,1,0,0,0,0,0,0,0,1
KonIQ-10k IQA Database/512x384/113663782.jpg,0,1,0,0,0,1,0,0,1,0,0,0,1,0,0,0,0,0,1,0
KonIQ-10k IQA Database/512x384/11341117543.jpg,0,0,1,0,0,0,1,0,1,0,0,0,1,0,0,0,1,0,0,0
KonIQ-10k IQA Database/512x384/11369797883.jpg,0,0,1,0,0,0,1,0,1,0,0,0,1,0,0,0,1,0,0,0
KonIQ-10k IQA Database/512x384/11347140483.jpg,0,0,1,0,0,0,1,0,0,1,0,0,0,1,0,0,1,0,0,0
KonIQ-10k IQA Database/512x384/11353895754.jpg,0,0,1,0,0,0,1,0,1,0,0,1,0,0,0,0,0,0,1,0
KonIQ-10k IQA Database/512x384/113701797.jpg,0,0,1,0,0,0,1,0,0,1,0,1,0,0,0,0,0,0,1,0
KonIQ-10k IQA Database/512x384/11381486584.jpg,0,0,0,0,1,0,1,0,0,0,1,0,1,0,0,0,0,1,0,0
KonIQ-10k IQA Database/512x384/11378848184.jpg,1,0,0,0,0,1,0,0,0,1,0,1,0,0,0,0,0,0,0,1
KonIQ-10k IQA Database/512x384/11372421485.jpg,0,0,0,0,1,1,0,0,1,0,0,0,1,0,1,0,0,0,0,0
KonIQ-10k IQA Database/512x384/11370407443.jpg,0,0,1,0,0,0,1,0,0,0,1,1,0,0,0,0,0,1,0,0
KonIQ-10k IQA Database/512x384/11389102005.jpg,1,0,0,0,0,1,0,0,0,1,0,0,1,0,0,1,0,0,0,0
KonIQ-10k IQA Database/512x384/11389330254.jpg,0,0,1,0,0,0,0,1,0,1,0,1,0,0,0,1,0,0,1,0
KonIQ-10k IQA Database/512x384/11382799454.jpg,0,0,0,0,1,1,0,0,1,0,0,0,1,0,1,1,0,0,1,0
KonIQ-10k IQA Database/512x384/11396447303.jpg,0,0,0,0,1,0,0,0,0,1,0,0,1,0,0,0,0,0,0,1
KonIQ-10k IQA Database/512x384/11399456186.jpg,0,0,1,0,0,0,1,0,1,0,0,1,0,0,0,0,0,0,0,1
KonIQ-10k IQA Database/512x384/11393787465.jpg,0,0,0,0,1,0,1,0,0,0,1,1,0,0,0,0,0,0,0,1
KonIQ-10k IQA Database/512x384/11404463006.jpg,0,0,0,0,1,1,0,0,0,1,0,1,0,0,0,0,0,0,0,1
KonIQ-10k IQA Database/512x384/11406584295.jpg,0,0,1,0,0,0,1,0,0,1,0,0,1,0,0,0,1,0,0,0
KonIQ-10k IQA Database/512x384/11407368256.jpg,0,0,1,0,0,0,1,0,0,1,0,0,1,0,0,0,1,0,0,0
KonIQ-10k IQA Database/512x384/11407704456.jpg,1,0,0,0,0,1,0,0,1,0,0,0,1,0,1,0,0,1,0,0
KonIQ-10k IQA Database/512x384/11407835876.jpg,0,0,1,0,0,0,1,0,0,1,0,1,0,0,0,0,0,0,0,1
KonIQ-10k IQA Database/512x384/11408443745.jpg,1,0,0,0,0,1,0,0,0,1,0,0,0,1,1,0,0,1,0,0
KonIQ-10k IQA Database/512x384/11408091114.jpg,1,0,0,0,0,1,0,0,1,0,0,1,0,0,1,0,0,1,1,0
KonIQ-10k IQA Database/512x384/11407862453.jpg,1,0,0,0,0,1,0,0,1,0,0,1,0,0,1,0,0,1,1,0
KonIQ-10k IQA Database/512x384/11410644126.jpg,0,0,0,0,1,1,0,0,0,1,0,0,1,0,0,1,1,1,0,0
KonIQ-10k IQA Database/512x384/11408357925.jpg,1,0,0,0,0,1,0,0,0,1,0,0,0,1,1,0,0,1,0,0
KonIQ-10k IQA Database/512x384/11410690075.jpg,0,0,0,0,1,1,0,0,1,0,0,0,1,0,0,1,1,1,0,0
KonIQ-10k IQA Database/512x384/11414474354.jpg,0,0,1,0,0,0,1,0,0,0,1,1,0,0,0,0,1,0,0,0
KonIQ-10k IQA Database/512x384/11408307524.jpg,1,0,0,0,0,1,0,0,1,0,0,0,0,1,1,0,0,1,0,0
KonIQ-10k IQA Database/512x384/11416241303.jpg,0,0,0,0,1,0,1,0,0,1,0,1,0,0,0,0,0,0,0,1
KonIQ-10k IQA Database/512x384/11414784395.jpg,0,0,0,0,1,1,0,0,0,1,0,0,1,0,0,0,1,1,0,0
KonIQ-10k IQA Database/512x384/11424871693.jpg,0,1,0,0,0,1,0,0,1,0,0,1,0,0,0,0,0,0,1,0
KonIQ-10k IQA Database/512x384/11419816946.jpg,0,1,0,0,0,1,0,0,1,0,0,0,1,0,1,1,0,0,1,0
KonIQ-10k IQA Database/512x384/11433127464.jpg,0,0,0,0,1,0,0,0,0,1,0,1,0,0,0,1,0,0,0,0
KonIQ-10k IQA Database/512x384/11426976205.jpg,0,0,1,0,0,0,1,0,0,0,1,1,0,0,0,0,1,0,0,0
KonIQ-10k IQA Database/512x384/11433593823.jpg,0,0,1,0,0,0,1,0,0,0,1,0,1,0,0,0,1,0,0,0
KonIQ-10k IQA Database/512x384/11432746805.jpg,1,0,0,0,0,1,0,0,1,0,0,0,1,0,1,0,1,1,0,0
KonIQ-10k IQA Database/512x384/11436378704.jpg,0,0,0,1,0,0,1,0,1,0,0,0,1,0,0,0,1,0,0,0
KonIQ-10k IQA Database/512x384/11436390143.jpg,1,0,0,0,0,1,0,0,0,1,0,0,1,0,0,1,0,0,0,0
KonIQ-10k IQA Database/512x384/11436508006.jpg,0,0,1,0,0,0,1,0,0,1,0,1,0,0,0,0,0,0,0,1
KonIQ-10k IQA Database/512x384/11437542656.jpg,0,0,0,0,1,0,0,0,0,0,1,0,0,1,0,0,0,0,0,1
KonIQ-10k IQA Database/512x384/11439591215.jpg,0,0,1,0,0,0,1,0,0,0,1,0,1,0,0,0,1,0,0,0
KonIQ-10k IQA Database/512x384/11446005074.jpg,1,0,0,0,0,0,0,0,0,0,1,0,1,0,1,1,0,0,0,0
KonIQ-10k IQA Database/512x384/11438612393.jpg,0,0,1,0,0,0,1,0,0,0,1,1,0,0,0,0,0,0,0,1
KonIQ-10k IQA Database/512x384/11453100924.jpg,0,0,0,1,0,0,1,0,1,0,0,1,0,0,0,0,1,0,0,0
KonIQ-10k IQA Database/512x384/11452299875.jpg,0,1,0,0,0,1,0,0,1,0,0,1,0,0,1,0,0,0,0,0
KonIQ-10k IQA Database/512x384/11456199025.jpg,0,0,1,0,0,0,1,0,0,0,1,1,0,0,0,0,0,0,0,1
KonIQ-10k IQA Database/512x384/11457744603.jpg,1,0,0,0,0,1,0,0,1,0,0,0,0,1,1,1,0,0,1,0
KonIQ-10k IQA Database/512x384/114577446033.jpg,1,0,0,0,0,1,0,0,1,0,0,0,0,1,1,1,0,0,1,0
KonIQ-10k IQA Database/512x384/11474376103.jpg,0,0,0,0,1,0,0,0,0,0,1,0,0,1,0,0,0,0,0,1
KonIQ-10k IQA Database/512x384/11461273913.jpg,0,1,0,0,0,1,0,0,1,0,0,0,1,0,0,1,0,0,1,0
KonIQ-10k IQA Database/512x384/11460414725.jpg,1,0,0,0,0,1,0,0,0,1,0,1,0,0,0,1,0,0,0,0
KonIQ-10k IQA Database/512x384/11459826225.jpg,0,0,1,0,0,0,1,0,1,0,0,1,0,0,0,1,0,0,0,0
KonIQ-10k IQA Database/512x384/11476172786.jpg,1,0,0,0,0,1,0,0,1,0,0,1,0,0,1,1,0,0,0,0
KonIQ-10k IQA Database/512x384/11477250346.jpg,1,0,0,0,0,1,0,0,1,0,0,1,0,0,0,1,0,0,0,0
KonIQ-10k IQA Database/512x384/11484412296.jpg,0,0,0,0,1,1,0,0,1,0,0,1,0,0,1,0,0,0,0,0
KonIQ-10k IQA Database/512x384/11490304024.jpg,0,0,1,0,0,0,1,0,0,0,1,1,0,0,0,0,0,0,0,1
KonIQ-10k IQA Database/512x384/11495616074.jpg,0,0,1,0,0,0,1,0,0,0,1,1,0,0,0,0,0,0,0,1
KonIQ-10k IQA Database/512x384/11499073263.jpg,0,0,1,0,0,0,1,0,0,0,1,0,1,0,0,0,1,0,0,0
KonIQ-10k IQA Database/512x384/11501016504.jpg,0,0,1,0,0,0,1,0,0,0,1,0,1,0,0,0,1,0,0,0
KonIQ-10k IQA Database/512x384/11498400544.jpg,1,0,0,0,0,1,0,0,0,1,0,1,0,0,0,0,0,0,1,0
KonIQ-10k IQA Database/512x384/11503076944.jpg,1,0,0,0,0,1,0,0,1,0,0,1,0,0,0,1,0,0,0,0
KonIQ-10k IQA Database/512x384/11501322724.jpg,1,0,0,0,0,1,0,0,0,1,0,0,1,0,0,0,0,0,1,0
KonIQ-10k IQA Database/512x384/11504259765.jpg,1,0,0,0,0,0,0,0,0,0,1,0,0,1,1,0,0,0,0,0
KonIQ-10k IQA Database/512x384/11504601393.jpg,0,0,1,0,0,0,1,0,1,0,0,1,0,0,0,0,0,0,0,1
KonIQ-10k IQA Database/512x384/11506037556.jpg,0,0,1,0,0,0,1,0,0,0,1,1,0,0,0,0,0,0,0,1
KonIQ-10k IQA Database/512x384/11511265293.jpg,0,0,0,1,0,0,0,0,0,1,0,1,0,0,0,0,1,0,0,0
KonIQ-10k IQA Database/512x384/11514342335.jpg,1,0,0,0,0,1,0,0,0,1,0,1,0,0,0,1,0,0,0,0
KonIQ-10k IQA Database/512x384/11515148456.jpg,0,0,0,0,1,0,1,0,1,0,0,1,0,0,0,0,0,0,0,1
KonIQ-10k IQA Database/512x384/11509515706.jpg,0,0,0,0,1,0,0,0,0,0,1,0,0,1,0,0,0,0,0,1
KonIQ-10k IQA Database/512x384/11518631385.jpg,1,0,0,0,0,1,0,0,1,0,0,1,0,0,0,0,0,0,0,1
KonIQ-10k IQA Database/512x384/11521791886.jpg,1,0,0,0,0,1,0,0,0,1,0,1,0,0,0,0,0,0,1,0
KonIQ-10k IQA Database/512x384/11519797605.jpg,0,0,0,1,0,0,1,0,1,0,0,0,1,0,0,0,1,0,0,0
KonIQ-10k IQA Database/512x384/11520125355.jpg,0,0,1,0,0,0,1,0,0,1,0,1,0,0,0,0,1,0,0,0
KonIQ-10k IQA Database/512x384/11522920033.jpg,0,0,1,0,0,0,1,0,0,0,1,1,0,0,0,0,0,0,0,1
KonIQ-10k IQA Database/512x384/11522984926.jpg,0,0,0,1,0,0,1,0,0,1,0,1,0,0,0,0,1,0,0,0
KonIQ-10k IQA Database/512x384/11523093675.jpg,0,0,0,0,1,1,0,0,0,1,0,1,0,0,0,0,0,0,0,1
KonIQ-10k IQA Database/512x384/11527524903.jpg,0,0,1,0,0,0,1,0,0,0,1,1,0,0,0,0,1,0,0,0
KonIQ-10k IQA Database/512x384/115290990.jpg,1,0,0,0,0,1,0,0,1,0,0,1,0,0,0,0,0,0,0,1
KonIQ-10k IQA Database/512x384/11529156723.jpg,0,0,1,0,0,0,1,0,0,1,0,1,0,0,0,0,0,0,0,1
KonIQ-10k IQA Database/512x384/1152554814.jpg,0,0,1,0,0,0,1,0,0,1,0,1,0,0,0,0,0,1,0,0
KonIQ-10k IQA Database/512x384/11535275706.jpg,0,0,1,0,0,0,0,1,0,1,0,1,0,0,0,0,0,0,0,1
KonIQ-10k IQA Database/512x384/11541375264.jpg,0,0,1,0,0,0,1,0,0,1,0,1,0,0,0,0,0,0,1,0
KonIQ-10k IQA Database/512x384/1154145143.jpg,1,0,0,0,0,1,0,0,1,0,0,0,1,0,1,1,1,1,0,0
KonIQ-10k IQA Database/512x384/11546100824.jpg,1,0,0,0,0,1,0,0,1,0,0,0,0,1,0,1,0,1,0,0
KonIQ-10k IQA Database/512x384/11548683805.jpg,0,0,1,0,0,0,1,0,0,0,1,1,0,0,0,0,0,0,0,1
KonIQ-10k IQA Database/512x384/11533404563.jpg,0,0,1,0,0,0,1,0,1,0,0,0,1,0,0,0,1,0,0,0
KonIQ-10k IQA Database/512x384/11551017545.jpg,1,0,0,0,0,1,0,0,0,1,0,1,0,0,0,0,0,1,0,0
KonIQ-10k IQA Database/512x384/11554709013.jpg,0,0,0,0,1,1,0,0,1,0,0,1,0,0,0,0,0,0,0,1
KonIQ-10k IQA Database/512x384/1154962046.jpg,0,0,1,0,0,0,1,0,0,0,1,1,0,0,0,0,0,0,0,1
KonIQ-10k IQA Database/512x384/1166073016.jpg,0,0,1,0,0,0,1,0,0,0,1,0,1,0,0,0,1,0,0,0
KonIQ-10k IQA Database/512x384/11706252.jpg,1,0,0,0,0,1,0,0,0,1,0,1,0,0,0,1,0,0,0,0
KonIQ-10k IQA Database/512x384/11555549865.jpg,0,0,1,0,0,1,0,0,1,0,0,1,0,0,0,1,0,0,0,0
KonIQ-10k IQA Database/512x384/11559530473.jpg,0,0,1,0,0,0,1,0,1,0,0,0,1,0,0,0,1,0,0,0
KonIQ-10k IQA Database/512x384/1159028861.jpg,0,0,0,0,1,1,0,0,1,0,0,0,1,0,0,1,1,1,0,0
KonIQ-10k IQA Database/512x384/117172917.jpg,0,0,0,0,1,1,0,0,1,0,0,0,0,1,1,0,0,0,1,0
KonIQ-10k IQA Database/512x384/1172858625.jpg,0,0,0,0,1,0,0,0,0,1,0,1,0,0,0,1,0,0,0,0
KonIQ-10k IQA Database/512x384/1194894463.jpg,0,0,0,0,1,1,0,0,0,1,0,1,0,0,0,0,0,0,0,1
KonIQ-10k IQA Database/512x384/1202598832.jpg,0,1,0,0,0,1,0,0,0,1,0,1,0,0,1,0,0,0,0,0
KonIQ-10k IQA Database/512x384/1195689121.jpg,0,0,1,0,0,0,1,0,0,0,1,1,0,0,0,0,0,0,0,1
KonIQ-10k IQA Database/512x384/120983206.jpg,0,0,0,0,1,1,0,0,0,1,0,1,0,0,0,0,0,0,0,1
KonIQ-10k IQA Database/512x384/120328351.jpg,0,0,0,0,1,0,0,0,0,0,1,0,1,0,0,0,0,1,0,0
KonIQ-10k IQA Database/512x384/122230169039.jpg,0,0,0,0,1,1,0,0,1,0,0,1,0,0,0,0,1,0,0,0
KonIQ-10k IQA Database/512x384/12223016903.jpg,0,0,0,1,0,1,0,0,1,0,0,1,0,0,0,0,1,0,0,0
KonIQ-10k IQA Database/512x384/121123359.jpg,0,0,0,0,1,0,1,0,1,0,0,1,0,0,0,0,0,0,0,1
KonIQ-10k IQA Database/512x384/122346209.jpg,0,0,0,0,1,0,0,0,0,0,1,0,0,1,0,0,0,0,0,1
KonIQ-10k IQA Database/512x384/120459577.jpg,0,1,0,0,0,1,0,0,1,0,0,0,0,1,1,0,0,0,0,0
KonIQ-10k IQA Database/512x384/122553631.jpg,0,0,1,0,0,0,1,0,0,1,0,1,0,0,0,0,0,0,0,1
KonIQ-10k IQA Database/512x384/122760647.jpg,0,0,0,1,0,1,0,0,1,0,0,1,0,0,0,0,0,0,1,0
KonIQ-10k IQA Database/512x384/123242995.jpg,0,0,1,0,0,0,0,1,0,1,0,0,0,1,0,0,1,0,0,0
KonIQ-10k IQA Database/512x384/1249337589.jpg,0,0,0,0,1,0,0,0,0,1,0,1,0,0,0,0,0,0,0,1
KonIQ-10k IQA Database/512x384/1241002913.jpg,0,0,1,0,0,0,1,0,0,1,0,1,0,0,0,0,0,0,0,1
KonIQ-10k IQA Database/512x384/1240561841.jpg,0,0,0,0,1,1,0,0,0,1,0,1,0,0,0,0,0,0,0,1
KonIQ-10k IQA Database/512x384/1252945239.jpg,0,0,1,0,0,0,1,0,0,0,1,0,1,0,0,0,1,0,0,0
KonIQ-10k IQA Database/512x384/125792926.jpg,0,1,0,0,0,1,0,0,0,0,1,1,0,0,0,0,0,0,0,1
KonIQ-10k IQA Database/512x384/1252305847.jpg,0,1,0,0,0,0,1,0,0,0,1,0,0,1,1,0,0,1,0,0
KonIQ-10k IQA Database/512x384/1258043245.jpg,0,0,0,0,1,0,0,0,1,0,0,1,0,0,0,0,0,1,0,0
KonIQ-10k IQA Database/512x384/125829275.jpg,0,0,1,0,0,0,1,0,0,1,0,1,0,0,0,0,0,1,0,0
KonIQ-10k IQA Database/512x384/1262002118.jpg,0,0,1,0,0,0,1,0,0,0,1,1,0,0,0,0,0,0,0,1
KonIQ-10k IQA Database/512x384/1266777709.jpg,0,0,0,0,1,1,0,0,1,0,0,0,1,0,0,1,1,0,0,0
KonIQ-10k IQA Database/512x384/1275089910.jpg,0,0,1,0,0,0,1,0,0,1,0,1,0,0,0,0,0,0,0,1
KonIQ-10k IQA Database/512x384/12624585124.jpg,0,0,0,1,0,0,1,0,0,1,0,1,0,0,0,0,1,0,0,0
KonIQ-10k IQA Database/512x384/127977276.jpg,1,0,0,0,0,1,0,0,1,0,0,0,1,0,1,1,0,0,0,0
KonIQ-10k IQA Database/512x384/126245851242.jpg,0,0,0,1,0,0,1,0,0,0,1,1,0,0,0,0,1,0,0,0
KonIQ-10k IQA Database/512x384/128079586.jpg,0,0,1,0,0,0,1,0,0,0,1,1,0,0,0,0,0,0,0,1
KonIQ-10k IQA Database/512x384/1286765019.jpg,0,0,0,0,1,1,0,0,0,1,0,1,0,0,0,0,0,0,0,1
KonIQ-10k IQA Database/512x384/128293583.jpg,0,0,0,0,1,0,1,0,1,0,0,1,0,0,0,0,0,0,0,1
KonIQ-10k IQA Database/512x384/128715765.jpg,1,0,0,0,0,1,0,0,1,0,0,0,1,0,0,0,0,0,0,1
KonIQ-10k IQA Database/512x384/1289162225.jpg,0,0,0,0,1,1,0,0,0,1,0,0,1,0,1,1,0,0,0,0
KonIQ-10k IQA Database/512x384/129023751.jpg,0,0,0,1,0,1,0,0,1,0,0,0,1,0,0,0,1,0,1,0
KonIQ-10k IQA Database/512x384/128781220.jpg,0,0,0,0,1,0,1,0,0,0,1,1,0,0,0,0,0,0,0,1
KonIQ-10k IQA Database/512x384/12949713.jpg,1,0,0,0,0,1,0,0,1,0,0,0,1,0,0,1,0,0,0,0
KonIQ-10k IQA Database/512x384/1292518332.jpg,0,1,0,0,0,1,0,0,0,1,0,0,1,0,0,1,0,1,1,0
KonIQ-10k IQA Database/512x384/1295925783.jpg,0,0,1,0,0,0,1,0,0,0,1,0,1,0,0,0,1,0,0,0
KonIQ-10k IQA Database/512x384/1296759644.jpg,0,0,1,0,0,0,1,0,0,0,1,1,0,0,0,0,1,0,0,0
KonIQ-10k IQA Database/512x384/1288155068.jpg,0,0,1,0,0,0,1,0,0,0,1,0,1,0,0,0,0,0,0,1
KonIQ-10k IQA Database/512x384/1296775174.jpg,0,0,0,1,0,0,1,0,0,0,1,1,0,0,0,0,1,0,0,0
KonIQ-10k IQA Database/512x384/1302738127.jpg,0,0,0,0,1,1,0,0,1,0,0,1,0,0,1,0,0,0,0,0
KonIQ-10k IQA Database/512x384/1306121832.jpg,0,0,1,0,0,0,1,0,0,0,1,0,1,0,0,0,0,0,0,1
KonIQ-10k IQA Database/512x384/13086788855.jpg,0,0,1,0,0,0,1,0,0,1,0,1,0,0,0,0,1,0,0,0
KonIQ-10k IQA Database/512x384/1306193020.jpg,0,0,0,0,1,0,0,0,0,1,0,1,0,0,1,0,0,1,1,0
KonIQ-10k IQA Database/512x384/1297819816.jpg,1,0,0,0,0,1,0,0,0,1,0,1,0,0,0,1,0,0,0,0
KonIQ-10k IQA Database/512x384/130867888559.jpg,0,0,1,0,0,0,1,0,0,1,0,1,0,0,0,0,1,0,0,0
KonIQ-10k IQA Database/512x384/131182190.jpg,0,0,1,0,0,0,1,0,0,0,1,1,0,0,0,0,1,0,0,0
KonIQ-10k IQA Database/512x384/1314838096.jpg,0,0,0,0,1,0,1,0,0,1,0,1,0,0,0,1,0,0,0,0
KonIQ-10k IQA Database/512x384/1312413141.jpg,0,0,1,0,0,0,1,0,0,0,1,0,1,0,0,0,0,0,0,1
KonIQ-10k IQA Database/512x384/1317678723.jpg,0,0,0,0,1,1,0,0,0,1,0,0,0,1,1,0,0,0,0,0
KonIQ-10k IQA Database/512x384/1316239068.jpg,0,1,0,0,0,1,0,0,1,0,0,1,0,0,0,1,0,0,0,0
KonIQ-10k IQA Database/512x384/1313706108.jpg,0,0,1,0,0,0,1,0,0,0,1,0,1,0,0,0,0,0,1,0
KonIQ-10k IQA Database/512x384/132921013.jpg,0,0,0,0,1,1,0,0,1,0,0,1,0,0,1,0,0,0,0,0
KonIQ-10k IQA Database/512x384/1315889745.jpg,0,0,1,0,0,0,1,0,0,0,1,1,0,0,0,0,1,0,0,0
KonIQ-10k IQA Database/512x384/1329449674.jpg,0,0,1,0,0,0,1,0,0,0,1,1,0,0,0,0,0,0,0,1
KonIQ-10k IQA Database/512x384/1329713028.jpg,0,0,1,0,0,1,0,0,0,1,0,0,1,0,0,0,1,0,0,0
KonIQ-10k IQA Database/512x384/1331642031.jpg,0,0,0,0,1,1,0,0,0,1,0,1,0,0,0,0,0,0,0,1
KonIQ-10k IQA Database/512x384/13325497.jpg,0,0,1,0,0,0,1,0,0,1,0,1,0,0,0,0,0,0,0,1
KonIQ-10k IQA Database/512x384/133829142.jpg,0,1,0,0,0,0,1,0,0,0,1,0,1,0,0,0,0,0,0,1
KonIQ-10k IQA Database/512x384/134343714.jpg,0,0,0,0,1,0,0,0,0,1,0,1,0,0,0,0,0,0,0,1
KonIQ-10k IQA Database/512x384/1341717001.jpg,0,0,1,0,0,0,1,0,0,0,1,0,1,0,0,0,1,0,0,0
KonIQ-10k IQA Database/512x384/1348094685.jpg,0,0,0,0,1,0,1,0,1,0,0,1,0,0,1,0,0,0,0,0
KonIQ-10k IQA Database/512x384/1332211559.jpg,0,0,1,0,0,0,1,0,0,0,1,0,1,0,0,0,1,0,0,0
KonIQ-10k IQA Database/512x384/1351464251.jpg,0,0,0,0,1,1,0,0,1,0,0,0,0,1,1,0,0,0,1,0
KonIQ-10k IQA Database/512x384/1351917139.jpg,0,0,0,0,1,1,0,0,1,0,0,1,0,0,0,0,0,0,1,0
KonIQ-10k IQA Database/512x384/1348788122.jpg,0,1,0,0,0,1,0,0,0,1,0,0,1,0,1,0,1,0,0,0
KonIQ-10k IQA Database/512x384/1352428885.jpg,0,0,0,0,1,0,1,0,0,0,1,1,0,0,0,0,0,0,0,1
KonIQ-10k IQA Database/512x384/135352055.jpg,0,0,1,0,0,0,1,0,0,0,1,0,1,0,0,0,1,0,0,0
KonIQ-10k IQA Database/512x384/135403304.jpg,0,0,1,0,0,0,1,0,0,0,1,1,0,0,0,0,1,0,0,0
KonIQ-10k IQA Database/512x384/1357295757.jpg,0,0,0,0,1,0,1,0,1,0,0,0,0,1,0,0,0,0,0,1
KonIQ-10k IQA Database/512x384/136287514.jpg,0,0,1,0,0,0,1,0,1,0,0,1,0,0,0,0,1,0,0,0
KonIQ-10k IQA Database/512x384/1360063696.jpg,1,0,0,0,0,1,0,0,0,1,0,0,1,0,0,1,0,0,0,0
KonIQ-10k IQA Database/512x384/1362231035.jpg,0,0,0,0,1,0,1,0,0,0,1,1,0,0,0,1,0,0,0,0
KonIQ-10k IQA Database/512x384/1360663704.jpg,0,0,0,0,1,1,0,0,0,1,0,0,1,0,0,1,1,0,0,0
KonIQ-10k IQA Database/512x384/136948336.jpg,0,1,0,0,0,1,0,0,0,1,0,0,1,0,0,0,0,0,0,1
KonIQ-10k IQA Database/512x384/1367218588.jpg,0,0,1,0,0,0,1,0,0,0,1,0,1,0,0,0,1,0,0,0
KonIQ-10k IQA Database/512x384/1368120580.jpg,1,0,0,0,0,1,0,0,1,0,0,0,1,0,0,1,1,0,0,0
KonIQ-10k IQA Database/512x384/13695832255.jpg,0,0,1,0,0,0,1,0,1,0,0,0,1,0,0,0,1,0,0,0
KonIQ-10k IQA Database/512x384/137731604.jpg,0,0,0,0,1,0,1,0,0,0,1,1,0,0,0,0,0,0,0,1
KonIQ-10k IQA Database/512x384/136958322558.jpg,0,0,1,0,0,0,1,0,0,1,0,0,1,0,0,0,1,0,0,0
KonIQ-10k IQA Database/512x384/138750201.jpg,0,0,0,1,0,1,0,0,1,0,0,1,0,0,0,0,0,0,0,1
KonIQ-10k IQA Database/512x384/1375320148.jpg,0,0,1,0,0,0,1,0,1,0,0,1,0,0,0,0,1,0,0,0
KonIQ-10k IQA Database/512x384/138058796.jpg,0,0,1,0,0,0,1,0,0,0,1,1,0,0,0,0,0,0,0,1
KonIQ-10k IQA Database/512x384/137841242.jpg,0,0,0,0,1,1,0,0,1,0,0,1,0,0,0,0,0,0,0,1
KonIQ-10k IQA Database/512x384/1392405539.jpg,0,0,1,0,0,0,1,0,1,0,0,1,0,0,0,0,0,0,0,1
KonIQ-10k IQA Database/512x384/1387568510.jpg,1,0,0,0,0,1,0,0,0,1,0,0,0,1,0,1,0,0,0,0
KonIQ-10k IQA Database/512x384/139253033.jpg,0,0,1,0,0,0,1,0,0,1,0,1,0,0,0,0,0,0,0,1
KonIQ-10k IQA Database/512x384/1396758393.jpg,0,0,0,0,1,0,1,0,1,0,0,1,0,0,0,0,0,0,0,1
KonIQ-10k IQA Database/512x384/1396109073.jpg,1,0,0,0,0,1,0,0,0,1,0,0,1,0,0,1,0,0,0,0
KonIQ-10k IQA Database/512x384/139463188.jpg,1,0,0,0,0,1,0,0,1,0,0,1,0,0,0,1,0,0,0,0
KonIQ-10k IQA Database/512x384/139611767.jpg,0,0,0,0,1,0,1,0,0,0,1,1,0,0,0,0,0,0,0,1
KonIQ-10k IQA Database/512x384/139999071.jpg,0,1,0,0,0,0,1,0,0,0,1,0,1,0,0,0,1,0,0,0
KonIQ-10k IQA Database/512x384/1404458044.jpg,0,0,0,0,1,0,1,0,0,0,1,0,0,1,0,0,0,0,0,1
KonIQ-10k IQA Database/512x384/1402675396.jpg,0,0,1,0,0,0,1,0,0,0,1,1,0,0,0,0,0,0,0,1
KonIQ-10k IQA Database/512x384/1408118135.jpg,0,1,0,0,0,1,0,0,0,1,0,0,1,0,0,0,0,0,0,1
KonIQ-10k IQA Database/512x384/1408827056.jpg,0,1,0,0,0,1,0,0,0,1,0,1,0,0,0,0,0,0,1,0
KonIQ-10k IQA Database/512x384/14092652.jpg,1,0,0,0,0,1,0,0,0,1,0,0,0,1,0,0,0,1,0,0
KonIQ-10k IQA Database/512x384/1410303503.jpg,0,0,0,0,1,0,0,0,1,0,0,1,0,0,0,0,0,0,0,1
KonIQ-10k IQA Database/512x384/141087919.jpg,1,0,0,0,0,1,0,0,1,0,0,1,0,0,1,0,0,0,0,0
KonIQ-10k IQA Database/512x384/141683460.jpg,0,0,0,0,1,0,1,0,0,0,1,1,0,0,0,0,0,0,0,1
KonIQ-10k IQA Database/512x384/142117255.jpg,0,0,0,0,1,1,0,0,0,1,0,1,0,0,0,0,0,0,0,1
KonIQ-10k IQA Database/512x384/1413089132.jpg,0,0,0,0,1,1,0,0,0,1,0,0,1,0,0,0,0,1,0,0
KonIQ-10k IQA Database/512x384/1418015310.jpg,0,1,0,0,0,1,0,0,1,0,0,1,0,0,1,0,0,0,0,0
KonIQ-10k IQA Database/512x384/142607218.jpg,0,0,0,0,1,0,1,0,0,0,1,0,0,1,0,0,0,0,0,1
KonIQ-10k IQA Database/512x384/1418012844.jpg,0,0,0,0,1,0,0,0,0,0,1,0,0,1,0,0,0,0,0,1
KonIQ-10k IQA Database/512x384/1427484100.jpg,0,1,0,0,0,1,0,0,1,0,0,0,0,1,1,1,0,0,0,0
KonIQ-10k IQA Database/512x384/1429848565.jpg,1,0,0,0,0,1,0,0,0,1,0,1,0,0,0,1,0,0,0,0
KonIQ-10k IQA Database/512x384/1429419760.jpg,0,0,0,0,1,1,0,0,1,0,0,0,1,0,0,1,0,0,0,0
KonIQ-10k IQA Database/512x384/1428835063.jpg,0,0,1,0,0,0,1,0,0,0,1,1,0,0,0,0,0,0,0,1
KonIQ-10k IQA Database/512x384/1430765461.jpg,0,0,1,0,0,0,1,0,0,0,1,1,0,0,0,0,0,0,0,1
KonIQ-10k IQA Database/512x384/1431934782.jpg,0,1,0,0,0,0,1,0,1,0,0,0,1,0,0,0,0,0,0,1
KonIQ-10k IQA Database/512x384/1434258458.jpg,0,0,0,0,1,1,0,0,0,1,0,1,0,0,0,0,0,0,0,1
KonIQ-10k IQA Database/512x384/1429120335.jpg,0,0,0,0,1,1,0,0,1,0,0,0,1,0,0,1,1,0,0,0
KonIQ-10k IQA Database/512x384/143394138.jpg,0,0,1,0,0,0,1,0,0,0,1,1,0,0,0,0,0,1,0,0
KonIQ-10k IQA Database/512x384/144272742.jpg,0,0,1,0,0,0,1,0,0,0,1,1,0,0,0,0,0,0,0,1
KonIQ-10k IQA Database/512x384/143899204.jpg,0,0,1,0,0,0,1,0,0,0,1,1,0,0,0,1,0,0,0,0
KonIQ-10k IQA Database/512x384/1446670895.jpg,0,0,1,0,0,0,1,0,0,1,0,1,0,0,0,1,0,0,0,0
KonIQ-10k IQA Database/512x384/143643298.jpg,0,0,1,0,0,0,1,0,0,0,1,1,0,0,0,0,1,0,0,0
KonIQ-10k IQA Database/512x384/143622689.jpg,0,1,0,0,0,1,0,0,0,1,0,1,0,0,1,0,0,0,0,0
KonIQ-10k IQA Database/512x384/145215893.jpg,0,0,1,0,0,0,1,0,0,0,1,0,0,1,0,0,0,0,0,1
KonIQ-10k IQA Database/512x384/1435966034.jpg,1,0,0,0,0,1,0,0,1,0,0,0,0,1,1,1,0,0,0,0
KonIQ-10k IQA Database/512x384/145089144.jpg,0,0,1,0,0,0,1,0,0,0,1,1,0,0,0,0,1,0,0,0
KonIQ-10k IQA Database/512x384/145517507.jpg,0,0,1,0,0,0,1,0,0,1,0,1,0,0,0,0,1,0,0,0
KonIQ-10k IQA Database/512x384/1459611891.jpg,0,0,1,0,0,0,1,0,0,0,1,0,1,0,0,0,0,1,0,0
KonIQ-10k IQA Database/512x384/1465282532.jpg,0,0,1,0,0,0,1,0,0,0,1,1,0,0,0,0,0,0,0,1
KonIQ-10k IQA Database/512x384/1465706268.jpg,0,0,1,0,0,0,1,0,0,0,1,0,1,0,0,0,0,0,0,1
KonIQ-10k IQA Database/512x384/1461013559.jpg,1,0,0,0,0,1,0,0,1,0,0,1,0,0,0,1,1,0,1,0
KonIQ-10k IQA Database/512x384/1466864952.jpg,0,0,0,0,1,1,0,0,1,0,0,0,0,1,1,0,0,0,0,0
KonIQ-10k IQA Database/512x384/146926363.jpg,0,0,1,0,0,1,0,0,0,1,0,0,1,0,0,0,1,0,0,0
KonIQ-10k IQA Database/512x384/1473138944.jpg,0,0,0,0,1,0,0,0,0,1,0,1,0,0,0,0,1,0,0,0
KonIQ-10k IQA Database/512x384/1474406158.jpg,0,0,0,0,1,0,1,0,0,0,1,0,1,0,0,1,0,0,0,0
KonIQ-10k IQA Database/512x384/147639760.jpg,0,0,1,0,0,0,1,0,0,1,0,1,0,0,0,0,0,0,0,1
KonIQ-10k IQA Database/512x384/14898266.jpg,0,0,0,0,1,0,1,0,0,0,1,1,0,0,0,0,0,0,0,1
KonIQ-10k IQA Database/512x384/147783170.jpg,0,0,1,0,0,0,1,0,0,0,1,1,0,0,0,0,0,0,0,1
KonIQ-10k IQA Database/512x384/1490095554.jpg,1,0,0,0,0,0,0,0,0,0,1,0,0,1,0,0,0,1,0,0
KonIQ-10k IQA Database/512x384/1492755190.jpg,0,0,1,0,0,0,1,0,0,1,0,1,0,0,0,1,0,0,0,0
KonIQ-10k IQA Database/512x384/1487386722.jpg,0,1,0,0,0,1,0,0,0,1,0,0,0,1,1,1,1,0,0,0
KonIQ-10k IQA Database/512x384/149795981.jpg,0,0,1,0,0,0,1,0,0,0,1,1,0,0,0,0,0,0,0,1
KonIQ-10k IQA Database/512x384/149836125.jpg,0,0,1,0,0,0,1,0,0,0,1,0,0,1,0,0,0,0,0,1
KonIQ-10k IQA Database/512x384/1494601659.jpg,0,0,1,0,0,0,1,0,0,0,1,1,0,0,0,0,1,0,0,0
KonIQ-10k IQA Database/512x384/149867784.jpg,1,0,0,0,0,1,0,0,1,0,0,0,1,0,0,1,0,0,0,0
KonIQ-10k IQA Database/512x384/1500316824.jpg,0,1,0,0,0,1,0,0,0,1,0,1,0,0,0,1,0,0,0,0
KonIQ-10k IQA Database/512x384/1516506386.jpg,0,0,0,0,1,0,1,0,0,1,0,1,0,0,0,0,0,0,0,1
KonIQ-10k IQA Database/512x384/15012954.jpg,1,0,0,0,0,0,1,0,0,0,1,0,1,0,0,1,1,0,0,0
KonIQ-10k IQA Database/512x384/1511406857.jpg,1,0,0,0,0,1,0,0,1,0,0,0,1,0,1,0,1,1,0,0
KonIQ-10k IQA Database/512x384/151837041.jpg,0,1,0,0,0,1,0,0,1,0,0,1,0,0,0,1,0,0,0,0
KonIQ-10k IQA Database/512x384/1513796016.jpg,1,0,0,0,0,1,0,0,1,0,0,1,0,0,1,0,0,0,0,0
KonIQ-10k IQA Database/512x384/1519650440.jpg,0,0,1,0,0,0,1,0,0,0,1,0,1,0,0,0,0,0,0,1
KonIQ-10k IQA Database/512x384/152346984.jpg,0,0,1,0,0,0,1,0,0,0,1,0,1,0,0,0,0,0,0,1
KonIQ-10k IQA Database/512x384/1527228794.jpg,0,0,1,0,0,0,1,0,0,0,1,1,0,0,0,0,0,0,0,1
KonIQ-10k IQA Database/512x384/1519242706.jpg,0,0,0,0,1,1,0,0,1,0,0,0,0,1,1,0,0,1,1,0
KonIQ-10k IQA Database/512x384/152780037.jpg,0,0,0,1,0,1,0,0,0,1,0,1,0,0,0,0,1,0,0,0
KonIQ-10k IQA Database/512x384/1529757375.jpg,1,0,0,0,0,1,0,0,1,0,0,0,1,0,0,1,0,0,0,0
KonIQ-10k IQA Database/512x384/152927161.jpg,1,0,0,0,0,1,0,0,1,0,0,0,0,1,1,1,0,0,0,0
KonIQ-10k IQA Database/512x384/153876946.jpg,0,0,1,0,0,0,1,0,0,1,0,1,0,0,0,0,0,0,0,1
KonIQ-10k IQA Database/512x384/1539716347.jpg,0,0,0,0,1,0,0,0,0,0,1,1,0,0,0,0,0,0,0,1
KonIQ-10k IQA Database/512x384/1540229828.jpg,0,0,1,0,0,0,1,0,1,0,0,0,1,0,0,0,1,0,0,0
KonIQ-10k IQA Database/512x384/153557108.jpg,1,0,0,0,0,1,0,0,1,0,0,0,1,0,1,1,0,0,0,0
KonIQ-10k IQA Database/512x384/1543929747.jpg,0,0,0,0,1,0,0,0,1,0,0,1,0,0,0,0,0,0,0,1
KonIQ-10k IQA Database/512x384/154270569.jpg,0,0,1,0,0,0,1,0,1,0,0,0,1,0,0,0,1,0,0,0
KonIQ-10k IQA Database/512x384/1543375325.jpg,0,0,1,0,0,0,1,0,1,0,0,1,0,0,0,0,0,0,0,1
KonIQ-10k IQA Database/512x384/154603426.jpg,0,1,0,0,0,0,1,0,0,0,1,0,0,1,0,0,0,1,0,0
KonIQ-10k IQA Database/512x384/155289213.jpg,0,0,0,0,1,1,0,0,0,0,1,0,1,0,1,0,0,1,0,0
KonIQ-10k IQA Database/512x384/154740129.jpg,0,1,0,0,0,0,1,0,0,0,1,0,1,0,0,0,0,0,0,1
KonIQ-10k IQA Database/512x384/155797839.jpg,0,0,0,0,1,1,0,0,1,0,0,1,0,0,0,0,0,0,0,1
KonIQ-10k IQA Database/512x384/1558503807.jpg,0,0,0,0,1,0,1,0,0,1,0,1,0,0,0,0,0,0,0,1
KonIQ-10k IQA Database/512x384/155365010.jpg,0,0,1,0,0,0,1,0,1,0,0,1,0,0,0,0,1,0,0,0
KonIQ-10k IQA Database/512x384/156117321.jpg,0,0,0,0,1,1,0,0,0,1,0,1,0,0,0,1,0,0,0,0
KonIQ-10k IQA Database/512x384/156015117.jpg,1,0,0,0,0,1,0,0,1,0,0,1,0,0,0,0,0,0,1,0
KonIQ-10k IQA Database/512x384/155711788.jpg,0,0,1,0,0,0,1,0,0,0,1,1,0,0,0,0,0,0,0,1
KonIQ-10k IQA Database/512x384/1561250178.jpg,0,0,1,0,0,0,1,0,0,1,0,1,0,0,0,0,0,0,0,1
KonIQ-10k IQA Database/512x384/156266461.jpg,0,0,1,0,0,0,1,0,0,1,0,1,0,0,0,0,0,0,0,1
KonIQ-10k IQA Database/512x384/1565882132.jpg,1,0,0,0,0,1,0,0,1,0,0,1,0,0,0,1,0,0,0,0
KonIQ-10k IQA Database/512x384/1571972975.jpg,0,0,0,0,1,0,1,0,0,0,1,0,1,0,0,0,1,0,0,0
KonIQ-10k IQA Database/512x384/1572804254.jpg,0,0,1,0,0,0,1,0,0,0,1,1,0,0,0,0,0,0,0,1
KonIQ-10k IQA Database/512x384/1573719804.jpg,0,1,0,0,0,0,0,0,0,1,0,1,0,0,0,0,0,0,0,1
KonIQ-10k IQA Database/512x384/156451756.jpg,1,0,0,0,0,1,0,0,1,0,0,1,0,0,0,1,1,0,0,0
KonIQ-10k IQA Database/512x384/1562015932.jpg,0,1,0,0,0,1,0,0,1,0,0,0,1,0,0,1,1,0,0,0
KonIQ-10k IQA Database/512x384/1572596360.jpg,0,0,0,0,1,1,0,0,1,0,0,1,0,0,1,0,1,0,0,0
KonIQ-10k IQA Database/512x384/1580074951.jpg,1,0,0,0,0,1,0,0,0,0,1,1,0,0,0,1,0,0,0,0
KonIQ-10k IQA Database/512x384/16057476.jpg,0,1,0,0,0,1,0,0,0,1,0,1,0,0,0,0,0,0,1,0
KonIQ-10k IQA Database/512x384/159838722.jpg,0,1,0,0,0,1,0,0,1,0,0,0,1,0,1,0,0,0,0,0
KonIQ-10k IQA Database/512x384/159144665.jpg,0,0,1,0,0,0,1,0,0,0,1,1,0,0,0,0,1,0,0,0
KonIQ-10k IQA Database/512x384/160123908.jpg,0,1,0,0,0,0,1,0,0,0,1,1,0,0,0,0,0,0,0,1
KonIQ-10k IQA Database/512x384/1576235224.jpg,0,0,0,0,1,1,0,0,0,1,0,0,0,1,0,0,0,1,0,0
KonIQ-10k IQA Database/512x384/16079437.jpg,0,0,1,0,0,0,1,0,0,0,1,1,0,0,0,0,0,0,0,1
KonIQ-10k IQA Database/512x384/160999577.jpg,0,0,1,0,0,0,1,0,0,0,1,1,0,0,0,1,0,0,0,0
KonIQ-10k IQA Database/512x384/158100229.jpg,0,0,1,0,0,0,1,0,0,1,0,1,0,0,0,1,0,0,0,0
KonIQ-10k IQA Database/512x384/160981911.jpg,0,0,0,0,1,1,0,0,1,0,0,1,0,0,1,0,0,0,1,0
KonIQ-10k IQA Database/512x384/162955701.jpg,0,0,0,0,1,0,1,0,0,1,0,0,0,1,0,0,1,0,0,0
KonIQ-10k IQA Database/512x384/1626230781.jpg,0,0,1,0,0,0,1,0,0,0,1,1,0,0,0,0,1,0,0,0
KonIQ-10k IQA Database/512x384/161483962.jpg,0,0,1,0,0,0,1,0,0,1,0,1,0,0,0,0,0,0,0,1
KonIQ-10k IQA Database/512x384/163208499.jpg,0,0,1,0,0,0,1,0,0,0,1,0,1,0,0,0,1,0,0,0
KonIQ-10k IQA Database/512x384/161551525.jpg,0,0,0,0,1,0,1,0,0,0,1,1,0,0,0,0,0,0,0,1
KonIQ-10k IQA Database/512x384/1634910276.jpg,0,0,0,0,1,0,0,0,1,0,0,1,0,0,0,0,0,0,0,1
KonIQ-10k IQA Database/512x384/163666873.jpg,0,0,1,0,0,0,1,0,0,1,0,1,0,0,0,0,0,0,0,1
KonIQ-10k IQA Database/512x384/163977327.jpg,0,0,1,0,0,0,1,0,0,0,1,1,0,0,0,0,0,0,0,1
KonIQ-10k IQA Database/512x384/1646704912.jpg,0,0,0,0,1,1,0,0,1,0,0,0,0,1,1,0,0,0,0,0
KonIQ-10k IQA Database/512x384/165074300.jpg,0,0,0,0,1,1,0,0,1,0,0,0,0,1,1,0,0,0,0,0
KonIQ-10k IQA Database/512x384/1654836945.jpg,0,0,1,0,0,0,1,0,0,0,1,1,0,0,0,0,0,1,0,0
KonIQ-10k IQA Database/512x384/16523804.jpg,0,0,1,0,0,0,1,0,0,0,1,1,0,0,0,1,0,0,1,0
KonIQ-10k IQA Database/512x384/1663721615.jpg,0,0,1,0,0,0,1,0,0,0,1,1,0,0,0,0,1,0,0,0
KonIQ-10k IQA Database/512x384/1674951001.jpg,0,0,1,0,0,0,1,0,0,0,1,0,0,1,0,0,1,0,0,0
KonIQ-10k IQA Database/512x384/166528976.jpg,0,0,1,0,0,0,1,0,1,0,0,1,0,0,0,1,0,0,0,0
KonIQ-10k IQA Database/512x384/1679551869.jpg,0,0,0,0,1,1,0,0,0,1,0,1,0,0,1,0,0,0,0,0
KonIQ-10k IQA Database/512x384/16799807.jpg,0,0,1,0,0,0,1,0,0,1,0,1,0,0,0,0,0,0,0,1
KonIQ-10k IQA Database/512x384/1669800671.jpg,0,0,0,1,0,0,0,0,0,0,1,1,0,0,0,0,0,0,0,1
KonIQ-10k IQA Database/512x384/168084078.jpg,0,0,0,0,1,0,1,0,0,0,1,0,1,0,0,0,1,0,0,0
KonIQ-10k IQA Database/512x384/1682888994.jpg,1,0,0,0,0,1,0,0,0,1,0,1,0,0,0,1,0,0,0,0
KonIQ-10k IQA Database/512x384/1693839090.jpg,0,0,1,0,0,0,1,0,0,0,1,0,1,0,0,0,0,1,0,0
KonIQ-10k IQA Database/512x384/169625095.jpg,0,0,1,0,0,0,1,0,0,1,0,1,0,0,0,0,0,0,0,1
KonIQ-10k IQA Database/512x384/171857013.jpg,0,0,1,0,0,0,1,0,0,0,1,1,0,0,0,0,0,0,0,1
KonIQ-10k IQA Database/512x384/169779095.jpg,1,0,0,0,0,1,0,0,1,0,0,0,0,1,0,1,0,0,1,0
KonIQ-10k IQA Database/512x384/174715115.jpg,0,0,1,0,0,0,1,0,0,0,1,1,0,0,0,0,0,0,0,1
KonIQ-10k IQA Database/512x384/1708787959.jpg,0,0,0,0,1,1,0,0,0,1,0,0,0,1,0,1,0,0,0,0
KonIQ-10k IQA Database/512x384/1748861184.jpg,0,0,1,0,0,0,1,0,0,1,0,1,0,0,0,0,0,0,0,1
KonIQ-10k IQA Database/512x384/175326787.jpg,0,0,1,0,0,0,1,0,0,1,0,1,0,0,0,0,1,0,0,0
KonIQ-10k IQA Database/512x384/17606027.jpg,0,0,0,0,1,1,0,0,0,1,0,0,0,1,0,0,0,0,1,0
KonIQ-10k IQA Database/512x384/1755366250.jpg,0,0,0,0,1,0,1,0,0,0,1,1,0,0,0,0,0,0,0,1
KonIQ-10k IQA Database/512x384/176663631.jpg,1,0,0,0,0,1,0,0,1,0,0,1,0,0,0,1,0,0,0,0
KonIQ-10k IQA Database/512x384/1777841357.jpg,0,0,0,0,1,0,1,0,0,0,1,1,0,0,0,0,0,0,0,1
KonIQ-10k IQA Database/512x384/178403727.jpg,0,0,1,0,0,0,1,0,0,0,1,1,0,0,0,0,0,0,0,1
KonIQ-10k IQA Database/512x384/178277780.jpg,0,0,1,0,0,1,0,0,0,0,1,0,1,0,0,0,0,0,0,1
KonIQ-10k IQA Database/512x384/1792473649.jpg,0,0,1,0,0,0,1,0,0,1,0,1,0,0,0,0,0,0,0,1
KonIQ-10k IQA Database/512x384/1794888173.jpg,0,0,1,0,0,0,1,0,0,0,1,1,0,0,0,0,0,0,0,1
KonIQ-10k IQA Database/512x384/1797683075.jpg,0,0,1,0,0,0,1,0,0,1,0,1,0,0,0,0,0,1,0,0
KonIQ-10k IQA Database/512x384/1795186582.jpg,0,0,1,0,0,0,1,0,0,0,1,1,0,0,0,0,1,0,0,0
KonIQ-10k IQA Database/512x384/1796317547.jpg,0,0,0,0,1,1,0,0,1,0,0,1,0,0,0,0,0,0,0,1
KonIQ-10k IQA Database/512x384/1799451312.jpg,0,0,1,0,0,0,1,0,0,1,0,1,0,0,0,0,0,0,0,1
KonIQ-10k IQA Database/512x384/1802306299.jpg,1,0,0,0,0,1,0,0,1,0,0,1,0,0,0,1,0,0,0,0
KonIQ-10k IQA Database/512x384/1805206682.jpg,0,0,1,0,0,0,1,0,0,0,1,1,0,0,0,0,1,0,0,0
KonIQ-10k IQA Database/512x384/1798554647.jpg,0,0,1,0,0,0,1,0,0,1,0,1,0,0,0,0,1,0,0,0
KonIQ-10k IQA Database/512x384/1807195948.jpg,0,0,1,0,0,0,1,0,0,0,1,1,0,0,0,0,0,0,0,1
KonIQ-10k IQA Database/512x384/1809848435.jpg,0,0,1,0,0,0,1,0,0,0,1,0,1,0,0,0,1,0,0,0
KonIQ-10k IQA Database/512x384/1812202754.jpg,0,0,1,0,0,1,0,0,0,1,0,0,1,0,0,0,0,0,0,1
KonIQ-10k IQA Database/512x384/1814122396.jpg,0,0,0,1,0,1,0,0,1,0,0,1,0,0,0,0,0,0,0,1
KonIQ-10k IQA Database/512x384/181220864.jpg,0,0,0,0,1,1,0,0,1,0,0,1,0,0,0,0,1,0,0,0
KonIQ-10k IQA Database/512x384/18238731.jpg,0,0,0,0,1,0,1,0,0,0,1,1,0,0,0,0,0,0,0,1
KonIQ-10k IQA Database/512x384/182844194.jpg,0,0,0,0,1,0,1,0,0,0,1,1,0,0,0,0,0,0,0,1
KonIQ-10k IQA Database/512x384/1826599525.jpg,0,0,1,0,0,0,1,0,0,1,0,1,0,0,0,0,1,0,0,0
KonIQ-10k IQA Database/512x384/1820291567.jpg,0,0,1,0,0,0,1,0,0,0,1,1,0,0,0,0,0,0,0,1
KonIQ-10k IQA Database/512x384/1831009252.jpg,0,1,0,0,0,1,0,0,0,1,0,0,0,1,0,1,1,0,0,0
KonIQ-10k IQA Database/512x384/183156510.jpg,0,0,1,0,0,0,1,0,0,0,1,0,0,1,0,0,1,0,0,0
KonIQ-10k IQA Database/512x384/183643381.jpg,0,1,0,0,0,1,0,0,0,1,0,1,0,0,1,0,0,0,0,0
KonIQ-10k IQA Database/512x384/187485230.jpg,0,0,0,0,1,0,0,0,0,0,1,0,1,0,0,0,0,1,0,0
KonIQ-10k IQA Database/512x384/187499391.jpg,0,0,1,0,0,0,1,0,0,0,1,1,0,0,0,0,0,0,0,1
KonIQ-10k IQA Database/512x384/185458280.jpg,0,0,1,0,0,0,1,0,0,0,1,0,1,0,0,0,1,0,0,0
KonIQ-10k IQA Database/512x384/186520031.jpg,0,1,0,0,0,1,0,0,0,1,0,1,0,0,0,0,0,0,1,0
KonIQ-10k IQA Database/512x384/18438855.jpg,0,0,0,0,1,1,0,0,1,0,0,0,1,0,0,0,1,1,0,0
KonIQ-10k IQA Database/512x384/187640892.jpg,0,0,0,0,1,0,1,0,0,0,1,1,0,0,0,0,0,0,0,1
KonIQ-10k IQA Database/512x384/189899579.jpg,0,0,0,0,1,1,0,0,0,1,0,0,0,1,1,0,0,0,0,0
KonIQ-10k IQA Database/512x384/1896792999.jpg,0,0,1,0,0,0,1,0,0,1,0,1,0,0,0,0,0,0,0,1
KonIQ-10k IQA Database/512x384/19300996.jpg,0,0,1,0,0,0,1,0,0,0,1,0,0,1,0,0,1,0,0,0
KonIQ-10k IQA Database/512x384/1929087646.jpg,0,0,0,0,1,1,0,0,0,1,0,0,1,0,0,0,0,1,0,0
KonIQ-10k IQA Database/512x384/194278089.jpg,1,0,0,0,0,1,0,0,1,0,0,1,0,0,0,1,0,0,0,0
KonIQ-10k IQA Database/512x384/1946326263.jpg,0,0,0,0,1,0,1,0,0,0,1,0,0,1,0,0,0,0,0,1
KonIQ-10k IQA Database/512x384/1947195937.jpg,0,0,1,0,0,0,1,0,0,1,0,1,0,0,0,0,0,0,1,0
KonIQ-10k IQA Database/512x384/194369363.jpg,0,0,1,0,0,0,1,0,0,1,0,1,0,0,0,0,1,0,0,0
KonIQ-10k IQA Database/512x384/19502065.jpg,0,0,0,0,1,0,1,0,0,0,1,0,0,1,0,0,0,0,0,1
KonIQ-10k IQA Database/512x384/1966235400.jpg,1,0,0,0,0,1,0,0,0,1,0,1,0,0,0,1,0,0,0,0
KonIQ-10k IQA Database/512x384/1970440733.jpg,0,0,1,0,0,0,1,0,0,1,0,1,0,0,0,0,0,0,0,1
KonIQ-10k IQA Database/512x384/196734006.jpg,0,1,0,0,0,1,0,0,1,0,0,0,1,0,1,0,0,0,0,0
KonIQ-10k IQA Database/512x384/197324620.jpg,0,0,0,0,1,1,0,0,0,1,0,1,0,0,0,0,0,0,1,0
KonIQ-10k IQA Database/512x384/1979184408.jpg,0,0,1,0,0,0,1,0,0,1,0,1,0,0,0,0,0,0,0,1
KonIQ-10k IQA Database/512x384/198187235.jpg,0,0,1,0,0,0,1,0,0,0,1,1,0,0,0,0,0,0,0,1
KonIQ-10k IQA Database/512x384/198310045.jpg,0,0,0,0,1,1,0,0,0,1,0,1,0,0,0,0,0,0,1,0
KonIQ-10k IQA Database/512x384/1988371580.jpg,0,0,0,0,1,0,1,0,0,1,0,1,0,0,0,0,0,0,0,1
KonIQ-10k IQA Database/512x384/1990510796.jpg,1,0,0,0,0,1,0,0,0,1,0,1,0,0,0,0,0,0,0,1
KonIQ-10k IQA Database/512x384/1990074154.jpg,1,0,0,0,0,1,0,0,1,0,0,0,1,0,0,1,0,0,0,0
KonIQ-10k IQA Database/512x384/1987196687.jpg,0,0,1,0,0,0,1,0,0,1,0,1,0,0,0,0,0,0,1,0
KonIQ-10k IQA Database/512x384/19943010.jpg,0,1,0,0,0,1,0,0,1,0,0,0,1,0,0,0,1,0,0,0
KonIQ-10k IQA Database/512x384/1992159390.jpg,1,0,0,0,0,1,0,0,1,0,0,0,0,1,1,0,0,0,1,0
KonIQ-10k IQA Database/512x384/1995190133.jpg,0,0,1,0,0,0,1,0,0,1,0,1,0,0,0,0,1,0,0,0
KonIQ-10k IQA Database/512x384/1993125888.jpg,0,0,0,0,1,0,1,0,0,1,0,1,0,0,0,0,1,0,0,0
KonIQ-10k IQA Database/512x384/2017266.jpg,0,1,0,0,0,0,1,0,0,0,1,1,0,0,0,0,0,0,0,1
KonIQ-10k IQA Database/512x384/200825729.jpg,0,0,0,0,1,1,0,0,0,1,0,0,0,1,1,0,0,0,0,0
KonIQ-10k IQA Database/512x384/2002413875.jpg,0,0,1,0,0,0,1,0,0,0,1,1,0,0,0,0,1,0,0,0
KonIQ-10k IQA Database/512x384/20079130.jpg,1,0,0,0,0,1,0,0,0,1,0,0,0,1,1,1,0,0,0,0
KonIQ-10k IQA Database/512x384/2021364988.jpg,0,0,0,0,1,0,1,0,0,0,1,1,0,0,0,0,0,0,0,1
KonIQ-10k IQA Database/512x384/202351926.jpg,0,0,0,0,1,1,0,0,1,0,0,0,1,0,0,0,1,1,0,0
KonIQ-10k IQA Database/512x384/202551289.jpg,0,0,1,0,0,0,1,0,0,0,1,0,1,0,0,0,0,0,0,1
KonIQ-10k IQA Database/512x384/2020522728.jpg,1,0,0,0,0,1,0,0,1,0,0,0,1,0,1,1,0,0,0,0
KonIQ-10k IQA Database/512x384/203950866.jpg,0,0,0,0,1,1,0,0,1,0,0,0,1,0,1,0,0,0,0,0
KonIQ-10k IQA Database/512x384/203214800.jpg,0,0,0,0,1,1,0,0,0,1,0,1,0,0,0,0,0,0,1,0
KonIQ-10k IQA Database/512x384/2035975268.jpg,1,0,0,0,0,0,0,0,0,0,1,0,0,1,0,0,0,0,0,1
KonIQ-10k IQA Database/512x384/2039947491.jpg,0,0,0,0,1,0,0,0,0,1,0,1,0,0,0,0,0,0,0,1
KonIQ-10k IQA Database/512x384/2041755502.jpg,0,0,0,0,1,1,0,0,1,0,0,0,0,1,1,0,0,0,0,0
KonIQ-10k IQA Database/512x384/2044507520.jpg,0,0,0,0,1,1,0,0,1,0,0,0,0,1,1,0,0,0,0,0
KonIQ-10k IQA Database/512x384/2034844231.jpg,0,0,1,0,0,0,1,0,0,1,0,1,0,0,0,0,0,0,0,1
KonIQ-10k IQA Database/512x384/2047083409.jpg,0,0,1,0,0,0,1,0,0,0,1,1,0,0,0,0,0,0,0,1
KonIQ-10k IQA Database/512x384/20522527.jpg,1,0,0,0,0,1,0,0,1,0,0,0,1,0,1,0,0,1,0,0
KonIQ-10k IQA Database/512x384/205662428.jpg,0,0,1,0,0,0,1,0,0,0,1,0,1,0,0,0,0,0,0,1
KonIQ-10k IQA Database/512x384/2055589084.jpg,0,0,1,0,0,0,1,0,0,0,1,0,1,0,0,0,0,0,0,1
KonIQ-10k IQA Database/512x384/2054743275.jpg,0,0,1,0,0,0,1,0,0,1,0,1,0,0,0,0,0,0,0,1
KonIQ-10k IQA Database/512x384/2053452455.jpg,0,1,0,0,0,1,0,0,1,0,0,0,1,0,0,1,1,0,0,0
KonIQ-10k IQA Database/512x384/2059981058.jpg,0,0,0,0,1,0,1,0,1,0,0,1,0,0,0,0,0,0,0,1
KonIQ-10k IQA Database/512x384/2058985902.jpg,0,0,0,0,1,0,0,0,1,0,0,1,0,0,0,0,0,0,0,1
KonIQ-10k IQA Database/512x384/2060529660.jpg,0,0,0,0,1,0,1,0,0,1,0,0,0,1,0,1,1,0,0,0
KonIQ-10k IQA Database/512x384/206191847.jpg,1,0,0,0,0,1,0,0,0,1,0,1,0,0,0,1,0,0,0,0
KonIQ-10k IQA Database/512x384/2063421762.jpg,0,0,0,0,1,0,1,0,0,0,1,0,0,0,0,0,0,0,0,1
KonIQ-10k IQA Database/512x384/2063914625.jpg,0,0,1,0,0,0,1,0,0,1,0,1,0,0,0,0,1,0,0,0
KonIQ-10k IQA Database/512x384/206294085.jpg,0,0,1,0,0,1,0,0,0,1,0,1,0,0,0,0,0,0,0,1
KonIQ-10k IQA Database/512x384/2064478851.jpg,0,0,1,0,0,0,1,0,0,0,1,1,0,0,0,0,1,0,0,0
KonIQ-10k IQA Database/512x384/2065542928.jpg,0,0,1,0,0,0,1,0,1,0,0,0,1,0,0,0,0,0,0,1
KonIQ-10k IQA Database/512x384/2065722620.jpg,0,0,0,0,1,1,0,0,1,0,0,0,1,0,1,0,0,0,1,0
KonIQ-10k IQA Database/512x384/2068571183.jpg,0,0,1,0,0,0,1,0,0,0,1,1,0,0,0,0,0,0,0,1
KonIQ-10k IQA Database/512x384/2070418201.jpg,0,0,1,0,0,0,1,0,0,0,1,1,0,0,0,0,0,0,0,1
KonIQ-10k IQA Database/512x384/2064690658.jpg,0,0,0,0,1,1,0,0,0,1,0,1,0,0,1,1,0,0,0,0
KonIQ-10k IQA Database/512x384/2068650026.jpg,0,0,1,0,0,0,1,0,0,1,0,1,0,0,0,1,0,0,0,0
KonIQ-10k IQA Database/512x384/2072843602.jpg,0,0,1,0,0,0,1,0,0,1,0,1,0,0,0,1,0,0,0,0
KonIQ-10k IQA Database/512x384/2076195894.jpg,0,0,1,0,0,0,1,0,0,1,0,1,0,0,0,0,0,0,0,1
KonIQ-10k IQA Database/512x384/2082936451.jpg,0,0,0,0,1,0,1,0,1,0,0,1,0,0,0,0,0,0,0,1
KonIQ-10k IQA Database/512x384/2074092022.jpg,1,0,0,0,0,1,0,0,1,0,0,0,1,0,0,1,0,0,0,0
KonIQ-10k IQA Database/512x384/2088433684.jpg,0,0,1,0,0,0,1,0,0,1,0,0,1,0,0,0,0,1,0,0
KonIQ-10k IQA Database/512x384/2084725313.jpg,0,0,1,0,0,0,1,0,0,1,0,1,0,0,0,0,1,0,0,0
KonIQ-10k IQA Database/512x384/2093652366.jpg,0,0,1,0,0,0,0,1,0,1,0,0,1,0,0,0,0,0,0,1
KonIQ-10k IQA Database/512x384/2094668596.jpg,1,0,0,0,0,1,0,0,0,1,0,0,1,0,0,1,0,0,0,0
KonIQ-10k IQA Database/512x384/2095008314.jpg,0,0,1,0,0,1,0,0,0,1,0,1,0,0,0,0,1,0,0,0
KonIQ-10k IQA Database/512x384/2093280771.jpg,0,0,1,0,0,0,1,0,0,0,1,0,1,0,0,0,1,0,0,0
KonIQ-10k IQA Database/512x384/2096424103.jpg,0,0,1,0,0,1,0,0,1,0,0,1,0,0,0,0,0,0,1,0
KonIQ-10k IQA Database/512x384/208949930.jpg,0,0,1,0,0,0,1,0,0,1,0,0,1,0,0,0,0,0,0,1
KonIQ-10k IQA Database/512x384/2097618827.jpg,0,0,0,0,1,0,1,0,0,1,0,1,0,0,0,0,0,0,0,1
KonIQ-10k IQA Database/512x384/2097697193.jpg,0,0,1,0,0,0,1,0,0,1,0,1,0,0,0,0,1,0,0,0
KonIQ-10k IQA Database/512x384/2098594651.jpg,0,0,1,0,0,0,1,0,0,0,1,1,0,0,0,0,0,0,0,1
KonIQ-10k IQA Database/512x384/2099199686.jpg,0,0,0,1,0,0,1,0,0,1,0,1,0,0,0,0,1,0,0,0
KonIQ-10k IQA Database/512x384/2100483102.jpg,0,1,0,0,0,0,0,0,0,1,0,1,0,0,0,0,0,0,0,1
KonIQ-10k IQA Database/512x384/2111309017.jpg,0,0,1,0,0,0,1,0,0,1,0,0,1,0,0,1,0,0,0,0
KonIQ-10k IQA Database/512x384/2102208013.jpg,1,0,0,0,0,1,0,0,1,0,0,0,1,0,1,1,0,0,1,0
KonIQ-10k IQA Database/512x384/2109607363.jpg,0,0,1,0,0,0,1,0,0,0,1,1,0,0,0,0,0,0,0,1
KonIQ-10k IQA Database/512x384/2113239475.jpg,0,0,0,0,1,0,1,0,1,0,0,1,0,0,0,0,1,0,0,0
KonIQ-10k IQA Database/512x384/2113638482.jpg,0,0,1,0,0,0,1,0,0,0,1,1,0,0,0,0,1,0,0,0
KonIQ-10k IQA Database/512x384/2114240861.jpg,0,0,1,0,0,0,1,0,0,0,1,1,0,0,0,0,0,0,0,1
KonIQ-10k IQA Database/512x384/2114797362.jpg,0,0,0,0,1,1,0,0,0,1,0,1,0,0,0,1,0,0,0,0
KonIQ-10k IQA Database/512x384/211562425.jpg,1,0,0,0,0,1,0,0,1,0,0,1,0,0,0,1,0,0,0,0
KonIQ-10k IQA Database/512x384/2115915075.jpg,0,0,0,1,0,0,1,0,0,1,0,1,0,0,0,0,1,0,0,0
KonIQ-10k IQA Database/512x384/2125272449.jpg,0,0,1,0,0,0,1,0,0,0,1,1,0,0,0,0,0,0,0,1
KonIQ-10k IQA Database/512x384/2124048872.jpg,0,0,0,0,1,0,0,0,0,0,1,0,0,1,0,0,0,0,0,1
KonIQ-10k IQA Database/512x384/211603206.jpg,1,0,0,0,0,1,0,0,0,1,0,0,1,0,0,1,0,0,0,0
KonIQ-10k IQA Database/512x384/2126890271.jpg,0,1,0,0,0,0,1,0,0,0,1,1,0,0,0,0,0,0,0,1
KonIQ-10k IQA Database/512x384/2125535764.jpg,0,0,1,0,0,0,1,0,0,0,1,1,0,0,0,0,0,0,0,1
KonIQ-10k IQA Database/512x384/2125600207.jpg,0,0,1,0,0,1,0,0,1,0,0,1,0,0,1,0,0,0,0,0
KonIQ-10k IQA Database/512x384/2127908996.jpg,0,0,0,1,0,0,1,0,0,0,1,1,0,0,0,0,1,0,1,0
KonIQ-10k IQA Database/512x384/2126677316.jpg,0,0,1,0,0,0,1,0,0,0,1,1,0,0,0,0,1,0,0,0
KonIQ-10k IQA Database/512x384/2128879923.jpg,0,0,1,0,0,0,1,0,0,0,1,0,1,0,0,0,1,0,0,0
KonIQ-10k IQA Database/512x384/2129246782.jpg,0,0,1,0,0,0,1,0,1,0,0,1,0,0,0,0,0,0,0,1
KonIQ-10k IQA Database/512x384/2129680216.jpg,1,0,0,0,0,1,0,0,0,1,0,1,0,0,0,1,0,0,0,0
KonIQ-10k IQA Database/512x384/2132732266.jpg,0,0,0,0,1,0,1,0,0,0,1,1,0,0,0,0,0,0,0,1
KonIQ-10k IQA Database/512x384/2133766199.jpg,0,0,1,0,0,0,1,0,0,1,0,0,1,0,0,0,1,0,0,0
KonIQ-10k IQA Database/512x384/2131254561.jpg,0,0,0,0,1,0,0,0,0,1,0,1,0,0,0,0,0,0,0,1
KonIQ-10k IQA Database/512x384/2138715193.jpg,0,0,0,1,0,0,1,0,0,1,0,1,0,0,0,0,0,0,0,1
KonIQ-10k IQA Database/512x384/213439801.jpg,0,0,0,0,1,0,1,0,0,0,1,1,0,0,0,0,0,0,0,1
KonIQ-10k IQA Database/512x384/2138874780.jpg,1,0,0,0,0,1,0,0,1,0,0,1,0,0,0,1,0,0,0,0
KonIQ-10k IQA Database/512x384/213906996.jpg,1,0,0,0,0,1,0,0,1,0,0,1,0,0,0,1,0,0,0,0
KonIQ-10k IQA Database/512x384/2139436069.jpg,0,0,1,0,0,0,1,0,0,1,0,1,0,0,0,0,1,0,0,0
KonIQ-10k IQA Database/512x384/2140864586.jpg,0,0,0,0,1,1,0,0,1,0,0,1,0,0,0,0,0,0,1,0
KonIQ-10k IQA Database/512x384/21433968.jpg,0,0,1,0,0,0,1,0,0,1,0,1,0,0,0,0,1,0,0,0
KonIQ-10k IQA Database/512x384/214408767.jpg,0,0,0,0,1,0,1,0,1,0,0,1,0,0,0,0,0,0,0,1
KonIQ-10k IQA Database/512x384/214064484.jpg,0,0,0,0,1,0,1,0,0,0,1,0,1,0,0,0,1,0,0,0
KonIQ-10k IQA Database/512x384/2140758242.jpg,1,0,0,0,0,1,0,0,1,0,0,1,0,0,1,0,1,1,0,0
KonIQ-10k IQA Database/512x384/2144290999.jpg,0,0,1,0,0,0,1,0,0,0,1,1,0,0,0,0,1,0,0,0
KonIQ-10k IQA Database/512x384/2142428164.jpg,1,0,0,0,0,1,0,0,0,1,0,1,0,0,0,1,0,0,0,0
KonIQ-10k IQA Database/512x384/2144963177.jpg,0,0,1,0,0,0,1,0,0,1,0,1,0,0,0,0,0,0,0,1
KonIQ-10k IQA Database/512x384/2147811000.jpg,0,0,1,0,0,0,1,0,0,1,0,1,0,0,0,0,0,0,0,1
KonIQ-10k IQA Database/512x384/2148143527.jpg,0,0,1,0,0,0,1,0,0,1,0,1,0,0,0,0,0,0,0,1
KonIQ-10k IQA Database/512x384/2149719899.jpg,0,0,1,0,0,0,1,0,0,0,1,1,0,0,0,0,0,0,0,1
KonIQ-10k IQA Database/512x384/2145860500.jpg,1,0,0,0,0,1,0,0,1,0,0,1,0,0,0,1,0,0,0,0
KonIQ-10k IQA Database/512x384/2147067327.jpg,0,0,1,0,0,0,1,0,1,0,0,0,1,0,0,0,0,0,0,1
KonIQ-10k IQA Database/512x384/2152767186.jpg,0,0,0,0,1,0,1,0,0,1,0,1,0,0,0,0,0,0,0,1
KonIQ-10k IQA Database/512x384/2149726014.jpg,0,0,0,0,1,0,0,0,0,0,1,0,1,0,0,0,0,1,0,0
KonIQ-10k IQA Database/512x384/2150291485.jpg,0,0,1,0,0,0,1,0,0,1,0,1,0,0,0,0,0,0,0,1
KonIQ-10k IQA Database/512x384/2157271939.jpg,0,1,0,0,0,1,0,0,0,1,0,1,0,0,0,1,0,0,0,0
KonIQ-10k IQA Database/512x384/2155055418.jpg,1,0,0,0,0,1,0,0,0,1,0,1,0,0,0,0,0,0,0,1
KonIQ-10k IQA Database/512x384/2154184161.jpg,0,1,0,0,0,0,1,0,0,0,1,0,1,0,0,1,0,0,0,0
KonIQ-10k IQA Database/512x384/21572719391.jpg,0,1,0,0,0,1,0,0,0,1,0,1,0,0,1,1,1,0,0,0
KonIQ-10k IQA Database/512x384/2159705303.jpg,0,0,1,0,0,0,1,0,0,1,0,0,1,0,0,0,0,0,0,1
KonIQ-10k IQA Database/512x384/2164495332.jpg,0,0,1,0,0,0,1,0,0,1,0,1,0,0,0,0,0,0,0,1
KonIQ-10k IQA Database/512x384/215794898.jpg,0,0,0,0,1,1,0,0,0,1,0,0,1,0,0,0,0,1,0,0
KonIQ-10k IQA Database/512x384/2161809899.jpg,0,0,0,0,1,1,0,0,1,0,0,1,0,0,0,1,0,0,0,0
KonIQ-10k IQA Database/512x384/2166503846.jpg,0,0,1,0,0,0,1,0,0,0,1,1,0,0,0,0,0,0,0,1
KonIQ-10k IQA Database/512x384/2167658722.jpg,0,0,1,0,0,0,1,0,0,1,0,1,0,0,0,0,0,0,0,1
KonIQ-10k IQA Database/512x384/2167806539.jpg,0,0,0,0,1,0,1,0,0,1,0,1,0,0,0,0,0,0,0,1
KonIQ-10k IQA Database/512x384/2168323029.jpg,0,0,0,1,0,1,0,0,0,1,0,1,0,0,0,0,0,0,0,1
KonIQ-10k IQA Database/512x384/2170460897.jpg,0,0,1,0,0,0,1,0,0,0,1,1,0,0,0,0,0,0,0,1
KonIQ-10k IQA Database/512x384/2169516596.jpg,0,0,1,0,0,0,1,0,0,0,1,0,1,0,0,0,1,0,0,0
KonIQ-10k IQA Database/512x384/2171087848.jpg,0,0,1,0,0,0,1,0,0,0,1,1,0,0,0,0,0,0,0,1
KonIQ-10k IQA Database/512x384/2172409998.jpg,1,0,0,0,0,1,0,0,1,0,0,0,0,1,1,1,0,0,0,0
KonIQ-10k IQA Database/512x384/2174764653.jpg,1,0,0,0,0,1,0,0,0,1,0,1,0,0,0,0,0,1,0,0
KonIQ-10k IQA Database/512x384/2178785463.jpg,0,0,1,0,0,1,0,0,0,1,0,1,0,0,0,0,0,0,0,1
KonIQ-10k IQA Database/512x384/2175099934.jpg,1,0,0,0,0,1,0,0,0,1,0,1,0,0,0,0,0,0,0,1
KonIQ-10k IQA Database/512x384/2182811741.jpg,0,0,1,0,0,0,1,0,1,0,0,1,0,0,0,0,0,0,0,1
KonIQ-10k IQA Database/512x384/2183577836.jpg,0,1,0,0,0,0,1,0,0,0,1,1,0,0,0,0,0,0,0,1
KonIQ-10k IQA Database/512x384/2181528959.jpg,1,0,0,0,0,1,0,0,0,1,0,0,1,0,0,1,0,0,0,0
KonIQ-10k IQA Database/512x384/218453569.jpg,1,0,0,0,0,1,0,0,0,1,0,1,0,0,0,0,0,0,0,1
KonIQ-10k IQA Database/512x384/2183854336.jpg,0,0,1,0,0,0,1,0,0,1,0,1,0,0,0,1,0,0,0,0
KonIQ-10k IQA Database/512x384/218457399.jpg,1,0,0,0,0,1,0,0,1,0,0,1,0,0,0,1,0,0,0,0
KonIQ-10k IQA Database/512x384/21852937.jpg,0,1,0,0,0,1,0,0,1,0,0,0,1,0,1,0,0,0,0,0
KonIQ-10k IQA Database/512x384/2187246344.jpg,1,0,0,0,0,1,0,0,0,1,0,1,0,0,0,1,0,0,0,0
KonIQ-10k IQA Database/512x384/2189906236.jpg,0,0,1,0,0,0,1,0,1,0,0,1,0,0,0,0,1,0,0,0
KonIQ-10k IQA Database/512x384/2191549592.jpg,0,0,1,0,0,0,1,0,0,0,1,1,0,0,0,0,0,0,0,1
KonIQ-10k IQA Database/512x384/2190310.jpg,0,0,0,0,1,0,1,0,0,0,1,1,0,0,0,0,0,0,0,1
KonIQ-10k IQA Database/512x384/2191202126.jpg,0,0,1,0,0,0,1,0,0,1,0,1,0,0,0,1,0,0,0,0
KonIQ-10k IQA Database/512x384/2189933975.jpg,0,0,0,1,0,0,1,0,0,1,0,1,0,0,0,0,1,0,0,0
KonIQ-10k IQA Database/512x384/2191619969.jpg,0,1,0,0,0,1,0,0,1,0,0,0,0,1,1,1,0,0,0,0
KonIQ-10k IQA Database/512x384/2191898704.jpg,0,0,1,0,0,0,1,0,0,1,0,1,0,0,0,0,0,0,0,1
KonIQ-10k IQA Database/512x384/2195703133.jpg,1,0,0,0,0,1,0,0,0,1,0,0,1,0,0,0,0,0,0,1
KonIQ-10k IQA Database/512x384/2197636094.jpg,0,0,0,0,1,1,0,0,1,0,0,1,0,0,0,0,0,0,0,1
KonIQ-10k IQA Database/512x384/2196513263.jpg,0,0,1,0,0,0,1,0,0,0,1,1,0,0,0,0,1,0,0,0
KonIQ-10k IQA Database/512x384/2197565905.jpg,1,0,0,0,0,1,0,0,1,0,0,0,1,0,0,1,0,0,0,0
KonIQ-10k IQA Database/512x384/2198895718.jpg,0,0,1,0,0,0,1,0,0,0,1,1,0,0,0,0,0,0,0,1
KonIQ-10k IQA Database/512x384/2194214783.jpg,0,0,0,0,1,0,0,1,0,1,0,0,1,0,0,1,1,0,0,0
KonIQ-10k IQA Database/512x384/2199234449.jpg,0,0,1,0,0,0,1,0,1,0,0,1,0,0,0,0,0,0,0,1
KonIQ-10k IQA Database/512x384/2199106763.jpg,0,0,1,0,0,0,1,0,0,0,1,1,0,0,0,0,1,0,0,0
KonIQ-10k IQA Database/512x384/2199696686.jpg,0,0,0,0,1,0,1,0,1,0,0,1,0,0,0,0,0,0,0,1
KonIQ-10k IQA Database/512x384/2201178081.jpg,0,0,1,0,0,0,1,0,0,0,1,1,0,0,0,0,0,0,0,1
KonIQ-10k IQA Database/512x384/220183616.jpg,0,0,1,0,0,0,1,0,0,1,0,1,0,0,0,0,0,0,0,1
KonIQ-10k IQA Database/512x384/2203797715.jpg,1,0,0,0,0,1,0,0,0,1,0,1,0,0,0,1,0,0,0,0
KonIQ-10k IQA Database/512x384/2204322035.jpg,0,0,1,0,0,0,1,0,1,0,0,1,0,0,0,0,0,0,1,0
KonIQ-10k IQA Database/512x384/2202105982.jpg,0,0,1,0,0,0,1,0,0,0,1,0,1,0,0,0,1,0,0,0
KonIQ-10k IQA Database/512x384/2204368170.jpg,0,0,1,0,0,0,1,0,0,0,1,1,0,0,0,0,1,0,0,0
KonIQ-10k IQA Database/512x384/220465405.jpg,1,0,0,0,0,1,0,0,1,0,0,1,0,0,1,1,0,0,0,0
KonIQ-10k IQA Database/512x384/2208434983.jpg,0,0,0,0,1,0,0,0,0,0,1,1,0,0,0,0,1,0,0,0
KonIQ-10k IQA Database/512x384/220503608.jpg,0,0,1,0,0,0,1,0,0,0,1,1,0,0,0,0,0,0,0,1
KonIQ-10k IQA Database/512x384/2212296403.jpg,0,1,0,0,0,1,0,0,1,0,0,0,1,0,1,0,0,0,0,0
KonIQ-10k IQA Database/512x384/221390314.jpg,0,0,1,0,0,1,0,0,1,0,0,1,0,0,1,0,0,0,0,0
KonIQ-10k IQA Database/512x384/2214729676.jpg,0,0,1,0,0,0,1,0,0,0,1,1,0,0,0,0,0,0,0,1
KonIQ-10k IQA Database/512x384/2215032826.jpg,0,0,0,0,1,1,0,0,0,1,0,1,0,0,0,1,0,0,0,0
KonIQ-10k IQA Database/512x384/2211658928.jpg,0,0,0,0,1,1,0,0,1,0,0,0,1,0,1,1,1,0,0,0
KonIQ-10k IQA Database/512x384/2215695798.jpg,0,0,0,0,1,1,0,0,1,0,0,1,0,0,0,0,0,0,0,1
KonIQ-10k IQA Database/512x384/2215981576.jpg,1,0,0,0,0,1,0,0,0,1,0,0,0,1,1,0,0,1,0,0
KonIQ-10k IQA Database/512x384/2217543976.jpg,0,1,0,0,0,1,0,0,1,0,0,0,1,0,0,1,1,0,0,0
KonIQ-10k IQA Database/512x384/2220192526.jpg,1,0,0,0,0,1,0,0,1,0,0,1,0,0,1,0,0,0,0,0
KonIQ-10k IQA Database/512x384/2223002938.jpg,0,0,1,0,0,0,1,0,0,1,0,1,0,0,0,0,1,0,0,0
KonIQ-10k IQA Database/512x384/2224984425.jpg,0,0,1,0,0,1,0,0,1,0,0,1,0,0,0,0,0,0,0,1
KonIQ-10k IQA Database/512x384/2223255997.jpg,0,0,0,0,1,0,0,0,1,0,0,1,0,0,0,0,0,0,0,1
KonIQ-10k IQA Database/512x384/2225272851.jpg,1,0,0,0,0,1,0,0,1,0,0,0,1,0,1,0,0,0,0,0
KonIQ-10k IQA Database/512x384/222335349.jpg,0,0,0,0,1,1,0,0,0,1,0,0,1,0,0,0,1,1,0,0
KonIQ-10k IQA Database/512x384/2221745311.jpg,0,0,1,0,0,0,1,0,0,0,1,0,1,0,0,0,0,0,0,1
KonIQ-10k IQA Database/512x384/2225421381.jpg,1,0,0,0,0,1,0,0,0,1,0,0,1,0,0,1,1,1,0,0
KonIQ-10k IQA Database/512x384/2227011292.jpg,0,0,1,0,0,0,1,0,0,1,0,1,0,0,0,0,0,0,0,1
KonIQ-10k IQA Database/512x384/2225683996.jpg,0,1,0,0,0,0,1,0,0,0,1,1,0,0,0,0,0,0,0,1
KonIQ-10k IQA Database/512x384/2231043641.jpg,0,1,0,0,0,1,0,0,1,0,0,1,0,0,0,0,0,0,1,0
KonIQ-10k IQA Database/512x384/223186789.jpg,0,0,0,0,1,1,0,0,0,1,0,0,1,0,0,0,0,1,0,0
KonIQ-10k IQA Database/512x384/223191871.jpg,0,0,0,0,1,0,1,0,0,0,1,0,1,0,0,0,1,0,0,0
KonIQ-10k IQA Database/512x384/2231492475.jpg,0,0,0,0,1,0,1,0,1,0,0,0,0,1,0,0,0,0,0,1
KonIQ-10k IQA Database/512x384/2231397523.jpg,0,0,1,0,0,1,0,0,1,0,0,0,1,0,1,1,0,0,0,0
KonIQ-10k IQA Database/512x384/2233947320.jpg,0,1,0,0,0,1,0,0,0,1,0,1,0,0,0,0,0,0,1,0
KonIQ-10k IQA Database/512x384/2232895391.jpg,0,0,1,0,0,0,1,0,0,1,0,1,0,0,0,0,0,0,0,1
KonIQ-10k IQA Database/512x384/2235352888.jpg,0,0,0,0,1,1,0,0,1,0,0,0,1,0,0,0,0,0,0,1
KonIQ-10k IQA Database/512x384/2234060892.jpg,0,0,1,0,0,0,1,0,0,0,1,1,0,0,0,0,0,0,0,1
KonIQ-10k IQA Database/512x384/2234064642.jpg,1,0,0,0,0,1,0,0,0,1,0,0,1,0,0,1,0,0,1,0
KonIQ-10k IQA Database/512x384/2236324282.jpg,0,0,1,0,0,0,1,0,0,0,1,1,0,0,0,0,0,0,0,1
KonIQ-10k IQA Database/512x384/2236041996.jpg,0,0,1,0,0,0,1,0,0,1,0,0,1,0,0,0,0,1,0,0
KonIQ-10k IQA Database/512x384/2233561615.jpg,0,0,0,0,1,0,0,0,0,0,1,0,0,1,0,0,1,0,0,0
KonIQ-10k IQA Database/512x384/2237630871.jpg,0,1,0,0,0,1,0,0,0,1,0,0,1,0,0,1,0,0,0,0
KonIQ-10k IQA Database/512x384/2237789639.jpg,0,0,1,0,0,0,1,0,0,0,1,1,0,0,0,1,0,0,0,0
KonIQ-10k IQA Database/512x384/2239403255.jpg,0,0,0,0,1,1,0,0,0,1,0,1,0,0,0,0,0,0,0,1
KonIQ-10k IQA Database/512x384/2239987680.jpg,0,0,1,0,0,0,1,0,0,0,1,0,1,0,0,0,0,1,0,0
KonIQ-10k IQA Database/512x384/2239201463.jpg,0,1,0,0,0,1,0,0,1,0,0,0,1,0,1,0,0,0,1,0
KonIQ-10k IQA Database/512x384/2239600333.jpg,0,1,0,0,0,1,0,0,1,0,0,1,0,0,0,0,0,0,0,1
KonIQ-10k IQA Database/512x384/2243689404.jpg,0,0,0,0,1,0,1,0,0,1,0,1,0,0,0,0,0,0,0,1
KonIQ-10k IQA Database/512x384/2249130247.jpg,1,0,0,0,0,1,0,0,1,0,0,1,0,0,0,0,0,0,0,1
KonIQ-10k IQA Database/512x384/2243706700.jpg,0,0,1,0,0,0,1,0,0,0,1,1,0,0,0,0,0,0,0,1
KonIQ-10k IQA Database/512x384/224076897.jpg,1,0,0,0,0,1,0,0,0,1,0,1,0,0,0,1,0,0,0,0
KonIQ-10k IQA Database/512x384/2250728053.jpg,0,0,0,0,1,1,0,0,1,0,0,0,0,1,1,0,0,0,0,0
KonIQ-10k IQA Database/512x384/2255689742.jpg,0,0,0,0,1,1,0,0,1,0,0,0,0,1,1,0,0,0,0,0
KonIQ-10k IQA Database/512x384/2251792086.jpg,0,0,0,0,1,1,0,0,1,0,0,1,0,0,0,0,1,0,1,0
KonIQ-10k IQA Database/512x384/22533278.jpg,1,0,0,0,0,1,0,0,0,1,0,1,0,0,0,1,0,0,0,0
KonIQ-10k IQA Database/512x384/2255948084.jpg,0,0,0,0,1,1,0,0,1,0,0,0,1,0,1,0,0,1,0,0
KonIQ-10k IQA Database/512x384/2256741921.jpg,0,0,1,0,0,0,1,0,0,0,1,1,0,0,0,0,0,0,0,1
KonIQ-10k IQA Database/512x384/2259747766.jpg,0,0,1,0,0,0,1,0,1,0,0,0,1,0,0,0,1,0,0,0
KonIQ-10k IQA Database/512x384/2261421219.jpg,0,0,0,0,1,1,0,0,1,0,0,1,0,0,0,0,0,0,0,1
KonIQ-10k IQA Database/512x384/2260527943.jpg,0,0,0,0,1,0,1,0,1,0,0,1,0,0,0,0,0,0,0,1
KonIQ-10k IQA Database/512x384/2264946914.jpg,0,0,0,0,1,1,0,0,1,0,0,0,1,0,0,0,0,1,0,0
KonIQ-10k IQA Database/512x384/2263434837.jpg,1,0,0,0,0,1,0,0,0,1,0,1,0,0,0,1,1,0,0,0
KonIQ-10k IQA Database/512x384/226477214.jpg,0,0,1,0,0,0,1,0,0,1,0,1,0,0,0,0,0,0,0,1
KonIQ-10k IQA Database/512x384/2266309182.jpg,0,0,0,0,1,1,0,0,1,0,0,0,1,0,1,1,0,0,0,0
KonIQ-10k IQA Database/512x384/2266672191.jpg,0,1,0,0,0,1,0,0,1,0,0,1,0,0,1,0,0,0,0,0
KonIQ-10k IQA Database/512x384/2268779821.jpg,0,0,1,0,0,0,1,0,0,0,1,1,0,0,0,0,0,0,0,1
KonIQ-10k IQA Database/512x384/2275633566.jpg,0,0,0,0,1,1,0,0,0,0,1,0,1,0,0,0,0,1,0,0
KonIQ-10k IQA Database/512x384/2269141846.jpg,1,0,0,0,0,1,0,0,0,1,0,1,0,0,0,0,0,0,1,0
KonIQ-10k IQA Database/512x384/2279663213.jpg,0,0,1,0,0,0,1,0,0,1,0,1,0,0,0,0,0,0,0,1
KonIQ-10k IQA Database/512x384/2276823208.jpg,1,0,0,0,0,1,0,0,1,0,0,0,1,0,1,1,0,0,1,0
KonIQ-10k IQA Database/512x384/2276757352.jpg,1,0,0,0,0,1,0,0,1,0,0,0,0,1,0,1,0,0,1,0
KonIQ-10k IQA Database/512x384/2280116666.jpg,0,0,0,1,0,0,1,0,0,0,1,1,0,0,0,0,0,0,0,1
KonIQ-10k IQA Database/512x384/2280668053.jpg,0,0,0,0,1,0,0,0,0,0,1,0,0,1,0,0,0,0,0,1
KonIQ-10k IQA Database/512x384/22848476.jpg,0,0,1,0,0,0,1,0,0,1,0,1,0,0,0,0,0,0,0,1
KonIQ-10k IQA Database/512x384/2280432289.jpg,0,0,0,0,1,0,0,0,0,0,1,0,0,1,0,0,0,0,0,1
KonIQ-10k IQA Database/512x384/2280531345.jpg,0,0,0,0,1,0,0,0,0,0,1,0,0,1,0,0,0,0,0,1
KonIQ-10k IQA Database/512x384/2285382083.jpg,0,0,1,0,0,0,1,0,0,1,0,1,0,0,0,0,0,0,0,1
KonIQ-10k IQA Database/512x384/2285789022.jpg,0,0,1,0,0,0,1,0,0,0,1,0,1,0,0,0,0,0,0,1
KonIQ-10k IQA Database/512x384/2286627596.jpg,0,0,1,0,0,0,1,0,0,0,1,1,0,0,0,0,1,0,0,0
KonIQ-10k IQA Database/512x384/228617373.jpg,0,0,1,0,0,0,1,0,0,0,1,1,0,0,0,0,0,0,0,1
KonIQ-10k IQA Database/512x384/2287163032.jpg,0,0,0,0,1,0,1,0,0,0,1,1,0,0,0,0,0,0,0,1
KonIQ-10k IQA Database/512x384/2292384520.jpg,0,0,1,0,0,0,1,0,0,1,0,0,1,0,0,0,1,0,0,0
KonIQ-10k IQA Database/512x384/22902487471.jpg,0,1,0,0,0,1,0,0,1,0,0,0,1,0,1,0,0,0,0,0
KonIQ-10k IQA Database/512x384/2290248747.jpg,0,1,0,0,0,1,0,0,1,0,0,0,1,0,1,0,0,0,0,0
KonIQ-10k IQA Database/512x384/2292770854.jpg,0,0,0,1,0,1,0,0,1,0,0,1,0,0,0,0,0,0,0,1
KonIQ-10k IQA Database/512x384/2292499768.jpg,0,0,1,0,0,0,1,0,0,1,0,1,0,0,0,0,0,0,0,1
KonIQ-10k IQA Database/512x384/2293775114.jpg,0,0,1,0,0,0,1,0,0,0,1,1,0,0,0,0,0,0,0,1
KonIQ-10k IQA Database/512x384/2286659351.jpg,0,0,0,0,1,1,0,0,1,0,0,0,1,0,1,1,0,0,0,0
KonIQ-10k IQA Database/512x384/22947511.jpg,0,0,1,0,0,0,1,0,0,0,1,0,0,1,0,0,1,0,0,0
KonIQ-10k IQA Database/512x384/229400288.jpg,0,0,1,0,0,0,1,0,0,0,1,0,1,0,0,0,0,0,0,1
KonIQ-10k IQA Database/512x384/2295909322.jpg,0,0,1,0,0,0,1,0,0,1,0,1,0,0,0,0,1,0,0,0
KonIQ-10k IQA Database/512x384/2297923850.jpg,0,0,1,0,0,0,1,0,0,1,0,1,0,0,0,0,0,0,0,1
KonIQ-10k IQA Database/512x384/2295329994.jpg,0,0,1,0,0,0,1,0,0,0,1,1,0,0,0,0,0,0,0,1
KonIQ-10k IQA Database/512x384/2298165172.jpg,0,0,1,0,0,0,1,0,0,1,0,1,0,0,0,0,0,0,0,1
KonIQ-10k IQA Database/512x384/2298149104.jpg,0,0,0,0,1,0,0,0,0,1,0,1,0,0,0,0,0,0,0,1
KonIQ-10k IQA Database/512x384/2298963655.jpg,0,0,1,0,0,0,1,0,0,1,0,0,1,0,0,0,0,0,0,1
KonIQ-10k IQA Database/512x384/2301823658.jpg,0,0,1,0,0,1,0,0,1,0,0,1,0,0,0,1,0,0,0,0
KonIQ-10k IQA Database/512x384/2303343292.jpg,1,0,0,0,0,1,0,0,1,0,0,0,0,1,0,0,0,1,0,0
KonIQ-10k IQA Database/512x384/2300197705.jpg,1,0,0,0,0,1,0,0,0,1,0,0,0,1,1,0,0,1,1,0
KonIQ-10k IQA Database/512x384/2304159288.jpg,0,0,1,0,0,1,0,0,1,0,0,1,0,0,0,1,0,0,0,0
KonIQ-10k IQA Database/512x384/2301461383.jpg,0,0,1,0,0,0,1,0,0,1,0,0,1,0,0,0,0,0,0,1
KonIQ-10k IQA Database/512x384/2306462251.jpg,0,0,1,0,0,0,1,0,0,1,0,1,0,0,0,0,0,0,0,1
KonIQ-10k IQA Database/512x384/2305236722.jpg,0,0,1,0,0,0,1,0,0,0,1,0,1,0,0,0,0,1,0,0
KonIQ-10k IQA Database/512x384/2308986836.jpg,0,0,0,1,0,1,0,0,1,0,0,1,0,0,0,0,0,0,0,1
KonIQ-10k IQA Database/512x384/2304572915.jpg,0,0,0,0,1,0,0,0,0,0,1,0,1,0,0,1,0,0,0,0
KonIQ-10k IQA Database/512x384/231161527.jpg,0,1,0,0,0,1,0,0,1,0,0,0,1,0,1,0,1,0,0,0
KonIQ-10k IQA Database/512x384/2311702728.jpg,0,0,0,0,1,0,1,0,0,1,0,1,0,0,0,0,0,0,0,1
KonIQ-10k IQA Database/512x384/2311738871.jpg,0,1,0,0,0,1,0,0,0,0,1,1,0,0,1,0,0,0,0,0
KonIQ-10k IQA Database/512x384/2310631117.jpg,0,0,1,0,0,0,1,0,0,0,1,1,0,0,0,0,0,0,0,1
KonIQ-10k IQA Database/512x384/2314346258.jpg,0,0,1,0,0,0,1,0,0,0,1,1,0,0,0,0,0,0,0,1
KonIQ-10k IQA Database/512x384/2313971368.jpg,1,0,0,0,0,1,0,0,1,0,0,0,0,1,1,0,0,1,1,0
KonIQ-10k IQA Database/512x384/2313142.jpg,0,1,0,0,0,1,0,0,1,0,0,0,0,1,1,0,0,1,0,0
KonIQ-10k IQA Database/512x384/2314390786.jpg,0,1,0,0,0,0,1,0,0,0,1,0,1,0,0,0,0,0,0,1
KonIQ-10k IQA Database/512x384/2317296071.jpg,1,0,0,0,0,0,0,0,0,0,1,0,0,1,0,0,0,0,0,1
KonIQ-10k IQA Database/512x384/2318824279.jpg,0,1,0,0,0,1,0,0,0,1,0,0,0,1,0,0,0,0,1,0
KonIQ-10k IQA Database/512x384/2319348171.jpg,0,0,1,0,0,0,1,0,0,1,0,1,0,0,0,1,0,0,0,0
KonIQ-10k IQA Database/512x384/2314745999.jpg,1,0,0,0,0,1,0,0,0,1,0,1,0,0,0,1,0,0,0,0
KonIQ-10k IQA Database/512x384/2317822884.jpg,0,0,0,0,1,1,0,0,1,0,0,1,0,0,0,0,0,0,0,1
KonIQ-10k IQA Database/512x384/2319588792.jpg,0,0,0,1,0,0,1,0,0,1,0,1,0,0,0,0,0,0,0,1
KonIQ-10k IQA Database/512x384/2322154086.jpg,0,0,1,0,0,0,1,0,1,0,0,1,0,0,0,0,0,0,0,1
KonIQ-10k IQA Database/512x384/2322053874.jpg,0,1,0,0,0,1,0,0,1,0,0,1,0,0,0,0,1,0,0,0
KonIQ-10k IQA Database/512x384/2323279407.jpg,0,0,1,0,0,0,1,0,0,0,1,1,0,0,0,0,1,0,0,0
KonIQ-10k IQA Database/512x384/2322493147.jpg,1,0,0,0,0,1,0,0,1,0,0,0,1,0,0,1,0,0,0,0
KonIQ-10k IQA Database/512x384/2324511288.jpg,1,0,0,0,0,1,0,0,0,1,0,1,0,0,0,0,0,1,0,0
KonIQ-10k IQA Database/512x384/232327907.jpg,0,0,1,0,0,1,0,0,0,0,1,0,0,1,0,0,0,0,0,1
KonIQ-10k IQA Database/512x384/2323828778.jpg,0,0,1,0,0,0,1,0,0,0,1,1,0,0,0,0,1,0,0,0
KonIQ-10k IQA Database/512x384/2325353113.jpg,0,0,1,0,0,0,1,0,0,0,1,1,0,0,0,0,1,0,0,0
KonIQ-10k IQA Database/512x384/2329115753.jpg,0,0,1,0,0,0,1,0,0,0,1,1,0,0,0,0,0,0,0,1
KonIQ-10k IQA Database/512x384/2328238008.jpg,1,0,0,0,0,1,0,0,1,0,0,0,1,0,1,0,0,0,0,0
KonIQ-10k IQA Database/512x384/2329975863.jpg,0,0,0,0,1,0,1,0,0,1,0,1,0,0,0,0,0,0,0,1
KonIQ-10k IQA Database/512x384/233025659.jpg,1,0,0,0,0,1,0,0,1,0,0,1,0,0,1,1,0,0,0,0
KonIQ-10k IQA Database/512x384/233045606.jpg,1,0,0,0,0,1,0,0,1,0,0,1,0,0,0,1,0,0,0,0
KonIQ-10k IQA Database/512x384/233045618.jpg,1,0,0,0,0,1,0,0,0,1,0,0,0,1,0,1,0,0,0,0
KonIQ-10k IQA Database/512x384/2331420998.jpg,0,0,1,0,0,0,1,0,0,0,1,1,0,0,0,0,1,0,0,0
KonIQ-10k IQA Database/512x384/2329258631.jpg,0,0,1,0,0,0,1,0,0,1,0,0,1,0,0,0,1,0,0,0
KonIQ-10k IQA Database/512x384/2332998569.jpg,0,0,1,0,0,0,1,0,0,0,1,1,0,0,0,0,0,0,0,1
KonIQ-10k IQA Database/512x384/2333476039.jpg,0,0,1,0,0,0,1,0,0,0,1,1,0,0,0,0,0,0,0,1
KonIQ-10k IQA Database/512x384/23371433.jpg,1,0,0,0,0,1,0,0,1,0,0,1,0,0,1,0,0,0,0,0
KonIQ-10k IQA Database/512x384/2335135539.jpg,0,0,1,0,0,0,1,0,0,1,0,1,0,0,0,0,0,0,0,1
KonIQ-10k IQA Database/512x384/2338832331.jpg,1,0,0,0,0,1,0,0,1,0,0,0,1,0,0,1,0,1,0,0
KonIQ-10k IQA Database/512x384/2337030121.jpg,0,1,0,0,0,1,0,0,0,1,0,1,0,0,1,1,0,0,0,0
KonIQ-10k IQA Database/512x384/2339673410.jpg,0,0,0,0,1,0,1,0,0,0,1,1,0,0,0,0,1,0,0,0
KonIQ-10k IQA Database/512x384/2339723901.jpg,0,0,0,0,1,1,0,0,1,0,0,0,0,1,1,0,0,0,0,0
KonIQ-10k IQA Database/512x384/2339635792.jpg,0,0,1,0,0,0,1,0,0,1,0,1,0,0,0,1,0,0,0,0
KonIQ-10k IQA Database/512x384/2344211137.jpg,0,1,0,0,0,1,0,0,0,1,0,1,0,0,1,1,0,0,0,0
KonIQ-10k IQA Database/512x384/2341720836.jpg,0,0,1,0,0,0,1,0,0,1,0,1,0,0,0,0,0,0,0,1
KonIQ-10k IQA Database/512x384/2345921877.jpg,0,0,1,0,0,0,1,0,0,1,0,1,0,0,0,0,0,0,0,1
KonIQ-10k IQA Database/512x384/2342012928.jpg,1,0,0,0,0,1,0,0,1,0,0,1,0,0,0,1,0,0,0,0
KonIQ-10k IQA Database/512x384/2347131131.jpg,0,0,1,0,0,0,1,0,0,0,1,1,0,0,0,0,1,0,0,0
KonIQ-10k IQA Database/512x384/234944177.jpg,1,0,0,0,0,1,0,0,1,0,0,0,0,1,1,0,0,0,1,0
KonIQ-10k IQA Database/512x384/2348164780.jpg,0,0,1,0,0,0,1,0,0,1,0,1,0,0,0,0,1,0,0,0
KonIQ-10k IQA Database/512x384/2349676135.jpg,0,0,1,0,0,0,1,0,0,0,1,1,0,0,0,0,0,0,0,1
KonIQ-10k IQA Database/512x384/2350031609.jpg,1,0,0,0,0,0,0,0,0,0,1,0,0,1,0,0,0,0,1,0
KonIQ-10k IQA Database/512x384/2360058082.jpg,0,1,0,0,0,0,1,0,0,0,1,0,1,0,0,0,0,0,0,1
KonIQ-10k IQA Database/512x384/2355891811.jpg,0,0,1,0,0,0,1,0,0,1,0,0,1,0,0,0,1,0,0,0
KonIQ-10k IQA Database/512x384/2362202039.jpg,0,0,0,0,1,1,0,0,1,0,0,0,1,0,1,0,0,0,0,0
KonIQ-10k IQA Database/512x384/2355192446.jpg,0,0,0,0,1,1,0,0,1,0,0,0,1,0,1,1,1,0,0,0
KonIQ-10k IQA Database/512x384/2361724609.jpg,0,0,1,0,0,0,1,0,0,0,1,1,0,0,0,0,0,0,0,1
KonIQ-10k IQA Database/512x384/2362957665.jpg,0,1,0,0,0,1,0,0,1,0,0,0,1,0,0,1,0,0,0,0
KonIQ-10k IQA Database/512x384/2359934671.jpg,0,1,0,0,0,0,1,0,0,0,1,1,0,0,0,0,0,0,0,1
KonIQ-10k IQA Database/512x384/2364482871.jpg,0,0,1,0,0,0,1,0,0,1,0,0,1,0,0,0,1,0,0,0
KonIQ-10k IQA Database/512x384/2365373188.jpg,0,0,0,0,1,1,0,0,1,0,0,1,0,0,1,0,0,0,0,0
KonIQ-10k IQA Database/512x384/2363413290.jpg,0,0,1,0,0,0,1,0,0,0,1,1,0,0,0,0,1,0,0,0
KonIQ-10k IQA Database/512x384/2364901003.jpg,0,0,1,0,0,0,1,0,0,1,0,1,0,0,0,0,0,0,0,1
KonIQ-10k IQA Database/512x384/2365109175.jpg,0,0,1,0,0,0,1,0,0,1,0,0,1,0,0,0,1,0,0,0
KonIQ-10k IQA Database/512x384/2365855574.jpg,0,0,0,0,1,1,0,0,1,0,0,1,0,0,0,1,0,0,0,0
KonIQ-10k IQA Database/512x384/2363717244.jpg,1,0,0,0,0,1,0,0,1,0,0,0,0,1,1,1,0,0,1,0
KonIQ-10k IQA Database/512x384/2366273919.jpg,0,0,1,0,0,0,1,0,0,0,1,1,0,0,0,0,0,0,0,1
KonIQ-10k IQA Database/512x384/2367261033.jpg,0,0,1,0,0,1,0,0,1,0,0,1,0,0,0,0,0,0,0,1
KonIQ-10k IQA Database/512x384/2367765365.jpg,0,0,1,0,0,0,1,0,0,0,1,0,1,0,0,0,0,0,0,1
KonIQ-10k IQA Database/512x384/2366307779.jpg,0,0,1,0,0,0,1,0,0,1,0,1,0,0,0,0,0,0,1,0
KonIQ-10k IQA Database/512x384/2370190956.jpg,1,0,0,0,0,1,0,0,0,1,0,0,0,1,0,0,0,0,0,1
KonIQ-10k IQA Database/512x384/2371655336.jpg,0,0,0,0,1,0,1,0,1,0,0,1,0,0,0,0,0,0,0,1
KonIQ-10k IQA Database/512x384/2372696116.jpg,0,0,0,0,1,1,0,0,1,0,0,1,0,0,0,1,0,0,0,0
KonIQ-10k IQA Database/512x384/2371669291.jpg,0,0,0,0,1,0,1,0,1,0,0,1,0,0,0,0,0,0,0,1
KonIQ-10k IQA Database/512x384/2376113642.jpg,1,0,0,0,0,1,0,0,0,1,0,0,0,1,0,0,0,0,1,0
KonIQ-10k IQA Database/512x384/2376602512.jpg,0,0,1,0,0,0,1,0,0,1,0,1,0,0,0,0,0,0,0,1
KonIQ-10k IQA Database/512x384/2375572237.jpg,0,0,0,0,1,1,0,0,1,0,0,1,0,0,0,0,0,0,0,1
KonIQ-10k IQA Database/512x384/236884634.jpg,0,0,0,1,0,0,1,0,0,1,0,1,0,0,0,0,1,0,0,0
KonIQ-10k IQA Database/512x384/2383953966.jpg,0,0,1,0,0,0,1,0,1,0,0,1,0,0,0,0,0,0,0,1
KonIQ-10k IQA Database/512x384/2380962902.jpg,0,0,0,1,0,0,1,0,1,0,0,0,1,0,0,0,1,0,0,0
KonIQ-10k IQA Database/512x384/2378761573.jpg,0,1,0,0,0,1,0,0,0,1,0,0,1,0,1,1,0,0,0,0
KonIQ-10k IQA Database/512x384/2381196755.jpg,0,0,0,0,1,0,0,0,1,0,0,0,0,0,0,0,0,0,0,1
KonIQ-10k IQA Database/512x384/2386024532.jpg,0,0,1,0,0,0,1,0,0,1,0,1,0,0,0,0,0,0,0,1
KonIQ-10k IQA Database/512x384/2389241544.jpg,0,0,1,0,0,0,1,0,0,1,0,1,0,0,0,0,0,0,0,1
KonIQ-10k IQA Database/512x384/239029957.jpg,1,0,0,0,0,1,0,0,1,0,0,0,1,0,0,1,0,0,0,0
KonIQ-10k IQA Database/512x384/2393187912.jpg,0,0,1,0,0,0,1,0,0,0,1,0,1,0,0,0,0,0,0,1
KonIQ-10k IQA Database/512x384/239584146.jpg,0,0,0,0,1,0,0,0,0,1,0,1,0,0,0,0,0,0,0,1
KonIQ-10k IQA Database/512x384/2398229519.jpg,1,0,0,0,0,1,0,0,1,0,0,1,0,0,0,1,0,0,0,0
KonIQ-10k IQA Database/512x384/240236110.jpg,1,0,0,0,0,1,0,0,1,0,0,1,0,0,0,1,0,0,0,0
KonIQ-10k IQA Database/512x384/2403326474.jpg,0,0,0,0,1,1,0,0,1,0,0,0,0,1,1,0,0,0,0,0
KonIQ-10k IQA Database/512x384/2405333928.jpg,1,0,0,0,0,0,1,0,0,0,1,0,1,0,0,1,0,0,0,0
KonIQ-10k IQA Database/512x384/240689125.jpg,0,0,0,0,1,1,0,0,1,0,0,1,0,0,0,0,0,0,0,1
KonIQ-10k IQA Database/512x384/2409675838.jpg,0,0,1,0,0,0,1,0,0,1,0,1,0,0,0,0,0,0,0,1
KonIQ-10k IQA Database/512x384/2405495711.jpg,0,0,1,0,0,0,1,0,0,0,1,1,0,0,0,0,0,0,0,1
KonIQ-10k IQA Database/512x384/2407446104.jpg,1,0,0,0,0,1,0,0,1,0,0,0,0,1,1,0,0,0,0,0
KonIQ-10k IQA Database/512x384/2410920428.jpg,1,0,0,0,0,1,0,0,1,0,0,1,0,0,0,1,0,0,0,0
KonIQ-10k IQA Database/512x384/2410933503.jpg,0,0,0,0,1,1,0,0,0,1,0,0,1,0,0,0,0,0,1,0
KonIQ-10k IQA Database/512x384/2413968824.jpg,0,0,0,0,1,0,0,0,0,0,1,0,0,1,1,0,0,0,0,0
KonIQ-10k IQA Database/512x384/2415334988.jpg,0,0,0,0,1,1,0,0,0,1,0,1,0,0,0,0,0,0,0,1
KonIQ-10k IQA Database/512x384/2416228562.jpg,1,0,0,0,0,1,0,0,0,1,0,1,0,0,0,0,0,0,0,1
KonIQ-10k IQA Database/512x384/2415943373.jpg,0,0,0,0,1,1,0,0,1,0,0,1,0,0,0,1,1,0,0,0
KonIQ-10k IQA Database/512x384/2415583702.jpg,0,0,0,0,1,1,0,0,0,1,0,1,0,0,1,0,0,0,1,0
KonIQ-10k IQA Database/512x384/2416231204.jpg,0,0,1,0,0,0,1,0,0,1,0,1,0,0,0,1,0,0,0,0
KonIQ-10k IQA Database/512x384/2417107784.jpg,0,0,0,0,1,0,0,0,0,0,1,1,0,0,0,1,0,0,0,0
KonIQ-10k IQA Database/512x384/2418067534.jpg,1,0,0,0,0,1,0,0,0,1,0,0,1,0,0,0,1,1,0,0
KonIQ-10k IQA Database/512x384/242395156.jpg,0,0,1,0,0,0,1,0,0,0,1,1,0,0,0,0,0,1,0,0
KonIQ-10k IQA Database/512x384/2421141390.jpg,1,0,0,0,0,1,0,0,0,1,0,0,0,1,0,1,0,0,0,0
KonIQ-10k IQA Database/512x384/2421862008.jpg,0,1,0,0,0,1,0,0,1,0,0,0,1,0,1,0,1,0,0,0
KonIQ-10k IQA Database/512x384/2422172125.jpg,0,0,1,0,0,0,1,0,0,0,1,1,0,0,0,0,1,0,0,0
KonIQ-10k IQA Database/512x384/242503451.jpg,0,0,0,0,1,0,1,0,0,0,1,0,1,0,0,0,0,0,0,1
KonIQ-10k IQA Database/512x384/2425646672.jpg,0,0,1,0,0,0,1,0,1,0,0,1,0,0,0,0,0,0,0,1
KonIQ-10k IQA Database/512x384/2422029745.jpg,0,0,1,0,0,0,1,0,0,0,1,0,1,0,0,0,1,0,0,0
KonIQ-10k IQA Database/512x384/2426998006.jpg,0,1,0,0,0,1,0,0,1,0,0,1,0,0,0,0,0,0,1,0
KonIQ-10k IQA Database/512x384/2430320169.jpg,0,0,1,0,0,0,1,0,0,0,1,1,0,0,0,0,1,0,0,0
KonIQ-10k IQA Database/512x384/2429849599.jpg,0,1,0,0,0,1,0,0,1,0,0,1,0,0,1,0,0,0,0,0
KonIQ-10k IQA Database/512x384/2428050358.jpg,0,0,0,0,1,1,0,0,1,0,0,0,1,0,0,1,1,0,0,0
KonIQ-10k IQA Database/512x384/2433641656.jpg,1,0,0,0,0,1,0,0,0,1,0,1,0,0,0,1,0,0,0,0
KonIQ-10k IQA Database/512x384/2434624532.jpg,0,0,0,0,1,0,1,0,0,0,1,1,0,0,0,0,0,0,0,1
KonIQ-10k IQA Database/512x384/2431828879.jpg,0,0,0,0,1,1,0,0,1,0,0,1,0,0,0,0,0,0,0,1
KonIQ-10k IQA Database/512x384/244019882.jpg,0,0,0,0,1,0,0,0,1,0,0,1,0,0,0,0,0,0,1,0
KonIQ-10k IQA Database/512x384/2435861732.jpg,0,0,0,0,1,0,1,0,1,0,0,1,0,0,0,0,0,0,0,1
KonIQ-10k IQA Database/512x384/2437860365.jpg,0,0,0,0,1,1,0,0,1,0,0,0,1,0,1,0,0,0,0,0
KonIQ-10k IQA Database/512x384/244484608.jpg,0,0,1,0,0,0,1,0,0,1,0,1,0,0,0,0,0,0,0,1
KonIQ-10k IQA Database/512x384/2443690183.jpg,0,0,1,0,0,0,1,0,0,0,1,0,1,0,0,0,1,0,0,0
KonIQ-10k IQA Database/512x384/2442392234.jpg,0,0,0,0,1,0,0,0,0,1,0,1,0,0,0,0,0,0,0,1
KonIQ-10k IQA Database/512x384/2444482022.jpg,0,1,0,0,0,0,1,0,0,1,0,0,1,0,0,0,1,0,0,0
KonIQ-10k IQA Database/512x384/2443117568.jpg,1,0,0,0,0,1,0,0,0,1,0,0,1,0,1,1,0,0,0,0
KonIQ-10k IQA Database/512x384/2444937456.jpg,1,0,0,0,0,1,0,0,1,0,0,0,1,0,0,1,0,0,0,0
KonIQ-10k IQA Database/512x384/2447131470.jpg,1,0,0,0,0,1,0,0,1,0,0,0,1,0,0,1,0,0,0,0
KonIQ-10k IQA Database/512x384/2451920772.jpg,0,0,1,0,0,0,1,0,1,0,0,1,0,0,0,0,0,0,1,0
KonIQ-10k IQA Database/512x384/2447797924.jpg,1,0,0,0,0,1,0,0,0,1,0,0,0,1,0,0,0,0,1,0
KonIQ-10k IQA Database/512x384/2459843879.jpg,0,0,0,0,1,1,0,0,0,1,0,1,0,0,0,1,0,0,0,0
KonIQ-10k IQA Database/512x384/2460847286.jpg,0,0,0,0,1,0,0,0,0,1,0,1,0,0,0,0,0,0,0,1
KonIQ-10k IQA Database/512x384/2455942045.jpg,0,0,0,0,1,0,1,0,1,0,0,1,0,0,0,0,0,0,0,1
KonIQ-10k IQA Database/512x384/2448776548.jpg,0,0,0,0,1,0,0,0,0,1,0,1,0,0,0,0,0,0,0,1
KonIQ-10k IQA Database/512x384/2459857216.jpg,1,0,0,0,0,1,0,0,0,1,0,0,1,0,0,1,0,0,0,0
KonIQ-10k IQA Database/512x384/2464934588.jpg,0,0,1,0,0,0,1,0,0,0,1,1,0,0,0,0,0,0,0,1
KonIQ-10k IQA Database/512x384/2461703201.jpg,0,0,0,0,1,1,0,0,1,0,0,1,0,0,0,0,1,0,0,0
KonIQ-10k IQA Database/512x384/2466673147.jpg,0,0,1,0,0,0,1,0,0,1,0,1,0,0,0,0,0,0,0,1
KonIQ-10k IQA Database/512x384/2465673065.jpg,0,0,1,0,0,0,1,0,0,1,0,1,0,0,0,0,0,0,1,0
KonIQ-10k IQA Database/512x384/246188030.jpg,0,0,0,0,1,1,0,0,1,0,0,0,0,1,0,1,0,0,0,0
KonIQ-10k IQA Database/512x384/2473676566.jpg,0,0,1,0,0,0,1,0,0,0,1,0,1,0,0,0,1,0,0,0
KonIQ-10k IQA Database/512x384/2471109874.jpg,0,0,0,0,1,0,1,0,0,0,1,1,0,0,0,0,0,0,0,1
KonIQ-10k IQA Database/512x384/2473871973.jpg,0,0,0,0,1,0,1,0,1,0,0,1,0,0,0,1,0,0,0,0
KonIQ-10k IQA Database/512x384/2473938827.jpg,0,0,0,0,1,1,0,0,1,0,0,0,1,0,1,0,0,0,0,0
KonIQ-10k IQA Database/512x384/2475938786.jpg,0,0,0,0,1,0,0,1,0,1,0,0,0,0,1,0,0,0,0,0
KonIQ-10k IQA Database/512x384/2474265369.jpg,0,0,1,0,0,0,1,0,0,1,0,1,0,0,0,0,0,0,0,1
KonIQ-10k IQA Database/512x384/2474539087.jpg,0,0,1,0,0,0,1,0,0,1,0,1,0,0,0,0,0,0,0,1
KonIQ-10k IQA Database/512x384/2477552466.jpg,0,0,1,0,0,0,1,0,0,0,1,1,0,0,0,0,1,0,0,0
KonIQ-10k IQA Database/512x384/2478250944.jpg,1,0,0,0,0,1,0,0,0,1,0,1,0,0,0,0,0,0,0,1
KonIQ-10k IQA Database/512x384/247810883.jpg,0,1,0,0,0,1,0,0,0,0,1,0,1,0,1,1,0,0,0,0
KonIQ-10k IQA Database/512x384/2476813465.jpg,0,0,1,0,0,0,1,0,0,1,0,1,0,0,0,0,1,0,0,0
KonIQ-10k IQA Database/512x384/2479736959.jpg,1,0,0,0,0,1,0,0,1,0,0,1,0,0,1,0,0,0,0,0
KonIQ-10k IQA Database/512x384/2486040810.jpg,0,0,1,0,0,0,1,0,0,1,0,0,1,0,0,0,1,0,0,0
KonIQ-10k IQA Database/512x384/2484057.jpg,1,0,0,0,0,1,0,0,1,0,0,0,0,1,1,1,0,0,1,0
KonIQ-10k IQA Database/512x384/2481588554.jpg,0,0,0,0,1,0,1,0,0,0,1,1,0,0,0,0,0,0,0,1
KonIQ-10k IQA Database/512x384/2488865108.jpg,0,0,1,0,0,0,1,0,0,1,0,1,0,0,0,0,0,0,0,1
KonIQ-10k IQA Database/512x384/2489209226.jpg,0,1,0,0,0,1,0,0,0,1,0,1,0,0,0,0,0,0,1,0
KonIQ-10k IQA Database/512x384/2489035588.jpg,0,0,0,0,1,1,0,0,0,1,0,1,0,0,0,0,0,1,0,0
KonIQ-10k IQA Database/512x384/2491353954.jpg,0,0,0,0,1,1,0,0,1,0,0,1,0,0,0,0,0,0,0,1
KonIQ-10k IQA Database/512x384/2491799679.jpg,0,0,1,0,0,0,1,0,0,1,0,1,0,0,0,0,1,0,0,0
KonIQ-10k IQA Database/512x384/2490462635.jpg,0,0,0,0,1,1,0,0,0,1,0,0,0,1,1,0,0,0,0,0
KonIQ-10k IQA Database/512x384/2495556421.jpg,0,0,0,0,1,1,0,0,0,1,0,0,1,0,0,0,0,0,1,0
KonIQ-10k IQA Database/512x384/2492228578.jpg,1,0,0,0,0,1,0,0,0,0,1,1,0,0,0,1,0,0,1,0
KonIQ-10k IQA Database/512x384/249590486.jpg,1,0,0,0,0,1,0,0,0,1,0,1,0,0,0,1,0,0,0,0
KonIQ-10k IQA Database/512x384/2500167386.jpg,1,0,0,0,0,1,0,0,1,0,0,1,0,0,0,1,0,0,0,0
KonIQ-10k IQA Database/512x384/2500618710.jpg,1,0,0,0,0,1,0,0,0,1,0,1,0,0,0,1,0,0,0,0
KonIQ-10k IQA Database/512x384/2495772957.jpg,0,0,0,0,1,0,0,0,0,0,1,1,0,0,0,1,0,0,0,0
KonIQ-10k IQA Database/512x384/2501256504.jpg,1,0,0,0,0,1,0,0,1,0,0,1,0,0,0,1,0,0,0,0
KonIQ-10k IQA Database/512x384/2502332369.jpg,0,0,1,0,0,1,0,0,0,1,0,1,0,0,0,0,0,0,0,1
KonIQ-10k IQA Database/512x384/2503231447.jpg,0,0,0,0,1,1,0,0,1,0,0,1,0,0,0,1,0,0,0,0
KonIQ-10k IQA Database/512x384/2496466506.jpg,0,0,0,0,1,0,0,0,0,1,0,1,0,0,0,0,0,0,0,1
KonIQ-10k IQA Database/512x384/2503685415.jpg,0,0,0,0,1,1,0,0,0,1,0,0,1,0,1,1,0,0,0,0
KonIQ-10k IQA Database/512x384/2508139577.jpg,0,0,1,0,0,0,1,0,1,0,0,1,0,0,0,1,0,0,0,0
KonIQ-10k IQA Database/512x384/2503869220.jpg,1,0,0,0,0,0,1,0,0,0,1,1,0,0,0,0,0,0,0,1
KonIQ-10k IQA Database/512x384/2508976529.jpg,0,1,0,0,0,1,0,0,0,1,0,0,1,0,0,0,0,0,0,1
KonIQ-10k IQA Database/512x384/2504686366.jpg,0,0,0,0,1,1,0,0,0,1,0,0,1,0,0,1,0,0,0,0
KonIQ-10k IQA Database/512x384/2512779647.jpg,0,0,1,0,0,0,1,0,0,0,1,1,0,0,0,0,1,0,0,0
KonIQ-10k IQA Database/512x384/251258757.jpg,1,0,0,0,0,1,0,0,0,1,0,0,0,1,1,1,0,0,0,0
KonIQ-10k IQA Database/512x384/2510458503.jpg,1,0,0,0,0,0,1,0,0,0,1,1,0,0,0,0,0,0,0,1
KonIQ-10k IQA Database/512x384/2517368566.jpg,0,0,0,0,1,1,0,0,0,1,0,0,0,1,1,0,0,0,1,0
KonIQ-10k IQA Database/512x384/2517718928.jpg,0,0,0,1,0,0,1,0,0,1,0,1,0,0,0,0,0,0,0,1
KonIQ-10k IQA Database/512x384/2515829883.jpg,0,0,0,0,1,1,0,0,1,0,0,1,0,0,0,1,0,0,0,0
KonIQ-10k IQA Database/512x384/2519235976.jpg,0,0,0,1,0,0,1,0,0,0,1,1,0,0,0,0,1,0,0,0
KonIQ-10k IQA Database/512x384/252435496.jpg,0,0,1,0,0,0,1,0,0,0,1,1,0,0,0,0,0,0,0,1
KonIQ-10k IQA Database/512x384/25239707.jpg,1,0,0,0,0,1,0,0,0,1,0,1,0,0,0,1,0,0,0,0
KonIQ-10k IQA Database/512x384/2519479147.jpg,0,1,0,0,0,1,0,0,0,1,0,1,0,0,0,0,0,0,1,0
KonIQ-10k IQA Database/512x384/251925288.jpg,0,0,1,0,0,0,1,0,0,0,1,1,0,0,0,0,0,0,0,1
KonIQ-10k IQA Database/512x384/2527050529.jpg,0,0,0,1,0,1,0,0,0,1,0,1,0,0,0,1,0,0,0,0
KonIQ-10k IQA Database/512x384/2527003217.jpg,0,0,0,0,1,1,0,0,0,0,1,0,1,0,0,0,0,1,0,0
KonIQ-10k IQA Database/512x384/2529798721.jpg,0,0,0,0,1,0,0,0,0,1,0,1,0,0,0,0,0,1,0,0
KonIQ-10k IQA Database/512x384/2530204171.jpg,0,0,1,0,0,0,1,0,0,1,0,1,0,0,0,0,0,0,0,1
KonIQ-10k IQA Database/512x384/2528064728.jpg,0,0,0,0,1,1,0,0,0,1,0,1,0,0,0,1,0,0,0,0
KonIQ-10k IQA Database/512x384/253771260.jpg,0,0,1,0,0,0,1,0,0,0,1,1,0,0,0,0,0,0,0,1
KonIQ-10k IQA Database/512x384/2532088252.jpg,0,0,0,0,1,1,0,0,1,0,0,1,0,0,0,0,0,0,0,1
KonIQ-10k IQA Database/512x384/2538038277.jpg,1,0,0,0,0,1,0,0,0,1,0,1,0,0,0,1,0,0,0,0
KonIQ-10k IQA Database/512x384/2537782042.jpg,0,0,1,0,0,1,0,0,1,0,0,1,0,0,0,0,1,0,0,0
KonIQ-10k IQA Database/512x384/2532859410.jpg,0,0,0,0,1,1,0,0,1,0,0,1,0,0,0,1,0,0,0,0
KonIQ-10k IQA Database/512x384/2539083530.jpg,1,0,0,0,0,1,0,0,0,1,0,0,1,0,0,0,0,1,0,0
KonIQ-10k IQA Database/512x384/2539036531.jpg,1,0,0,0,0,1,0,0,0,1,0,1,0,0,0,1,0,1,0,0
KonIQ-10k IQA Database/512x384/253934158.jpg,0,1,0,0,0,1,0,0,1,0,0,0,1,0,1,0,0,1,1,0
KonIQ-10k IQA Database/512x384/2540676775.jpg,0,0,0,1,0,0,1,0,0,0,1,1,0,0,0,0,1,0,0,0
KonIQ-10k IQA Database/512x384/2539097876.jpg,0,0,0,0,1,0,0,0,0,1,0,1,0,0,0,0,0,0,0,1
KonIQ-10k IQA Database/512x384/2539818768.jpg,0,0,1,0,0,0,1,0,0,0,1,1,0,0,0,0,0,0,0,1
KonIQ-10k IQA Database/512x384/2545877303.jpg,0,0,1,0,0,0,1,0,0,0,1,1,0,0,0,0,0,0,0,1
KonIQ-10k IQA Database/512x384/2542492471.jpg,0,0,0,0,1,1,0,0,1,0,0,1,0,0,0,0,0,0,0,1
KonIQ-10k IQA Database/512x384/2547820942.jpg,1,0,0,0,0,1,0,0,0,1,0,0,1,0,0,1,0,0,0,0
KonIQ-10k IQA Database/512x384/2549004146.jpg,0,0,1,0,0,0,1,0,0,0,1,0,1,0,0,0,0,0,0,1
KonIQ-10k IQA Database/512x384/254969296.jpg,0,0,1,0,0,1,0,0,0,0,1,1,0,0,1,0,0,0,0,0
KonIQ-10k IQA Database/512x384/2555644998.jpg,1,0,0,0,0,1,0,0,1,0,0,0,1,0,0,1,0,0,0,0
KonIQ-10k IQA Database/512x384/255478501.jpg,0,0,1,0,0,0,1,0,0,0,1,1,0,0,0,0,0,0,0,1
KonIQ-10k IQA Database/512x384/2555211479.jpg,0,0,0,0,1,0,1,0,0,0,1,0,1,0,1,0,0,0,0,0
KonIQ-10k IQA Database/512x384/2557729909.jpg,0,0,1,0,0,0,1,0,0,1,0,1,0,0,0,0,0,0,0,1
KonIQ-10k IQA Database/512x384/255857546.jpg,1,0,0,0,0,1,0,0,1,0,0,1,0,0,1,1,0,0,0,0
KonIQ-10k IQA Database/512x384/2558753438.jpg,0,0,1,0,0,0,1,0,0,1,0,1,0,0,0,0,0,0,0,1
KonIQ-10k IQA Database/512x384/2564368557.jpg,0,0,0,0,1,1,0,0,1,0,0,1,0,0,0,0,0,0,0,1
KonIQ-10k IQA Database/512x384/2562592972.jpg,0,0,1,0,0,0,1,0,0,0,1,0,1,0,0,0,1,0,0,0
KonIQ-10k IQA Database/512x384/25629879099.jpg,0,0,0,1,0,1,0,0,1,0,0,1,0,0,0,0,1,0,0,0
KonIQ-10k IQA Database/512x384/2566715989.jpg,1,0,0,0,0,1,0,0,1,0,0,1,0,0,0,1,0,0,1,0
KonIQ-10k IQA Database/512x384/255984640.jpg,0,0,1,0,0,0,1,0,0,0,1,1,0,0,0,0,1,0,0,0
KonIQ-10k IQA Database/512x384/2562987909.jpg,0,0,0,1,0,1,0,0,1,0,0,1,0,0,0,0,1,0,0,0
KonIQ-10k IQA Database/512x384/2567523621.jpg,0,0,1,0,0,0,1,0,0,0,1,0,1,0,0,0,0,0,0,1
KonIQ-10k IQA Database/512x384/2568268182.jpg,0,1,0,0,0,0,1,0,0,0,1,1,0,0,0,0,0,0,0,1
KonIQ-10k IQA Database/512x384/2569693875.jpg,0,0,1,0,0,0,1,0,0,1,0,1,0,0,0,1,0,0,0,0
KonIQ-10k IQA Database/512x384/2569774614.jpg,0,0,1,0,0,0,1,0,0,0,1,1,0,0,0,0,0,0,0,1
KonIQ-10k IQA Database/512x384/2569997123.jpg,0,0,0,0,1,1,0,0,1,0,0,0,1,0,0,1,1,0,0,0
KonIQ-10k IQA Database/512x384/2569803000.jpg,0,0,1,0,0,0,1,0,0,1,0,1,0,0,0,0,1,0,0,0
KonIQ-10k IQA Database/512x384/255985226.jpg,0,0,1,0,0,0,1,0,0,0,1,1,0,0,0,0,1,0,0,0
KonIQ-10k IQA Database/512x384/257114018.jpg,0,0,0,0,1,0,0,0,0,0,1,0,0,0,0,0,0,0,0,1
KonIQ-10k IQA Database/512x384/2574200121.jpg,0,0,0,0,1,0,0,0,0,0,1,1,0,0,0,0,0,1,0,0
KonIQ-10k IQA Database/512x384/2570828036.jpg,0,0,0,0,1,1,0,0,1,0,0,0,0,1,0,1,1,0,0,0
KonIQ-10k IQA Database/512x384/2571521736.jpg,0,0,1,0,0,0,1,0,0,0,1,0,1,0,0,0,0,0,0,1
KonIQ-10k IQA Database/512x384/2575730355.jpg,0,0,0,0,1,1,0,0,0,1,0,0,0,1,1,0,0,0,0,0
KonIQ-10k IQA Database/512x384/257457837.jpg,1,0,0,0,0,0,0,0,0,0,1,0,1,0,0,0,1,1,0,0
KonIQ-10k IQA Database/512x384/25742613.jpg,0,0,0,0,1,0,1,0,0,0,1,0,0,1,0,1,0,0,0,0
KonIQ-10k IQA Database/512x384/2578696926.jpg,1,0,0,0,0,1,0,0,1,0,0,1,0,0,1,1,0,0,0,0
KonIQ-10k IQA Database/512x384/2578890441.jpg,0,0,0,0,1,0,1,0,1,0,0,1,0,0,0,0,0,0,0,1
KonIQ-10k IQA Database/512x384/2576250575.jpg,0,0,1,0,0,0,1,0,1,0,0,1,0,0,0,0,1,0,0,0
KonIQ-10k IQA Database/512x384/2580252988.jpg,0,0,0,0,1,1,0,0,1,0,0,0,1,0,0,0,1,0,0,0
KonIQ-10k IQA Database/512x384/2580745688.jpg,0,0,0,0,1,1,0,0,0,1,0,1,0,0,0,1,0,0,0,0
KonIQ-10k IQA Database/512x384/2584408449.jpg,0,0,0,0,1,0,1,0,1,0,0,1,0,0,0,0,0,0,0,1
KonIQ-10k IQA Database/512x384/2579041082.jpg,0,0,1,0,0,0,1,0,0,1,0,1,0,0,0,0,0,0,0,1
KonIQ-10k IQA Database/512x384/2585795694.jpg,0,0,1,0,0,0,1,0,1,0,0,1,0,0,0,0,1,0,0,0
KonIQ-10k IQA Database/512x384/2588726621.jpg,0,1,0,0,0,1,0,0,1,0,0,0,0,1,1,0,0,0,0,0
KonIQ-10k IQA Database/512x384/2580674935.jpg,0,0,1,0,0,0,1,0,0,0,1,1,0,0,0,0,1,0,0,0
KonIQ-10k IQA Database/512x384/2585752058.jpg,1,0,0,0,0,1,0,0,1,0,0,1,0,0,1,1,0,0,0,0
KonIQ-10k IQA Database/512x384/2588767665.jpg,0,0,0,0,1,1,0,0,1,0,0,0,0,1,1,0,0,0,0,0
KonIQ-10k IQA Database/512x384/2589128365.jpg,0,0,0,0,1,0,1,0,1,0,0,1,0,0,0,0,0,0,0,1
KonIQ-10k IQA Database/512x384/258893048.jpg,1,0,0,0,0,1,0,0,0,0,1,0,0,1,1,0,0,0,1,0
KonIQ-10k IQA Database/512x384/2596393826.jpg,0,0,0,0,1,0,0,0,0,0,1,0,0,1,0,0,0,0,0,1
KonIQ-10k IQA Database/512x384/258502837.jpg,1,0,0,0,0,1,0,0,0,1,0,0,1,0,1,1,0,0,0,0
KonIQ-10k IQA Database/512x384/2590631506.jpg,0,0,0,0,1,0,1,0,0,0,1,1,0,0,0,0,0,0,0,1
KonIQ-10k IQA Database/512x384/2601194994.jpg,0,0,1,0,0,0,1,0,0,1,0,0,1,0,0,0,1,0,0,0
KonIQ-10k IQA Database/512x384/2592672232.jpg,1,0,0,0,0,1,0,0,0,1,0,0,0,1,0,1,0,1,1,0
KonIQ-10k IQA Database/512x384/2602273170.jpg,0,0,1,0,0,0,1,0,0,1,0,1,0,0,0,0,0,0,0,1
KonIQ-10k IQA Database/512x384/2593384818.jpg,0,0,1,0,0,0,1,0,0,0,1,1,0,0,0,0,0,0,0,1
KonIQ-10k IQA Database/512x384/2601219815.jpg,0,0,1,0,0,0,1,0,0,1,0,0,1,0,0,0,0,0,0,1
KonIQ-10k IQA Database/512x384/2603439486.jpg,0,1,0,0,0,1,0,0,1,0,0,0,1,0,0,1,0,0,0,0
KonIQ-10k IQA Database/512x384/2602795550.jpg,0,0,1,0,0,0,1,0,0,0,1,1,0,0,0,0,0,1,0,0
KonIQ-10k IQA Database/512x384/260267679.jpg,1,0,0,0,0,1,0,0,0,1,0,1,0,0,0,1,0,0,0,0
KonIQ-10k IQA Database/512x384/2611428293.jpg,0,0,0,0,1,0,1,0,0,0,1,0,0,1,0,0,0,0,0,1
KonIQ-10k IQA Database/512x384/2608308562.jpg,0,0,1,0,0,0,1,0,0,1,0,1,0,0,0,0,0,0,0,1
KonIQ-10k IQA Database/512x384/2612353606.jpg,0,0,0,1,0,0,1,0,1,0,0,1,0,0,0,0,1,0,0,0
KonIQ-10k IQA Database/512x384/2604683646.jpg,0,0,1,0,0,0,1,0,0,1,0,0,0,1,0,0,0,0,0,1
KonIQ-10k IQA Database/512x384/2614925521.jpg,0,0,1,0,0,0,1,0,0,0,1,1,0,0,0,0,0,0,1,0
KonIQ-10k IQA Database/512x384/2618038580.jpg,0,0,0,0,1,0,1,0,0,0,1,0,1,0,0,0,0,1,0,0
KonIQ-10k IQA Database/512x384/2620467173.jpg,0,1,0,0,0,1,0,0,1,0,0,0,1,0,1,0,0,0,0,0
KonIQ-10k IQA Database/512x384/2619769686.jpg,1,0,0,0,0,1,0,0,0,1,0,1,0,0,0,1,0,0,0,0
KonIQ-10k IQA Database/512x384/261641635.jpg,0,0,0,0,1,1,0,0,1,0,0,1,0,0,0,1,0,0,0,0
KonIQ-10k IQA Database/512x384/2615955728.jpg,0,0,1,0,0,0,1,0,1,0,0,1,0,0,0,1,0,0,0,0
KonIQ-10k IQA Database/512x384/262123064.jpg,0,0,0,0,1,1,0,0,1,0,0,0,1,0,0,0,1,1,0,0
KonIQ-10k IQA Database/512x384/2623591548.jpg,0,0,1,0,0,0,1,0,0,1,0,1,0,0,0,0,0,0,0,1
KonIQ-10k IQA Database/512x384/2621420457.jpg,0,0,0,0,1,0,1,0,0,0,1,1,0,0,0,0,0,0,0,1
KonIQ-10k IQA Database/512x384/2622466873.jpg,1,0,0,0,0,1,0,0,0,1,0,1,0,0,0,1,0,1,0,0
KonIQ-10k IQA Database/512x384/2620618611.jpg,0,1,0,0,0,1,0,0,0,1,0,1,0,0,0,0,0,0,0,1
KonIQ-10k IQA Database/512x384/2624921057.jpg,1,0,0,0,0,1,0,0,1,0,0,1,0,0,1,1,0,0,0,0
KonIQ-10k IQA Database/512x384/2624809780.jpg,0,0,0,0,1,0,0,0,0,1,0,1,0,0,0,0,0,0,0,1
KonIQ-10k IQA Database/512x384/2631646011.jpg,0,1,0,0,0,1,0,0,1,0,0,0,0,1,1,0,0,0,0,0
KonIQ-10k IQA Database/512x384/2632405085.jpg,0,0,0,0,1,1,0,0,1,0,0,0,1,0,1,0,0,0,1,0
KonIQ-10k IQA Database/512x384/2630371319.jpg,0,1,0,0,0,0,1,0,0,0,1,0,0,1,0,0,0,0,0,1
KonIQ-10k IQA Database/512x384/2624882684.jpg,0,0,0,0,1,1,0,0,0,1,0,0,1,0,0,0,0,1,0,0
KonIQ-10k IQA Database/512x384/2627264031.jpg,0,0,0,0,1,1,0,0,0,1,0,1,0,0,0,1,0,0,0,0
KonIQ-10k IQA Database/512x384/2631446955.jpg,1,0,0,0,0,1,0,0,1,0,0,1,0,0,0,1,0,0,0,0
KonIQ-10k IQA Database/512x384/2634922777.jpg,0,0,0,0,1,0,1,0,1,0,0,0,0,1,0,0,0,0,0,1
KonIQ-10k IQA Database/512x384/2634194915.jpg,0,0,0,0,1,1,0,0,1,0,0,1,0,0,0,0,0,0,0,1
KonIQ-10k IQA Database/512x384/2633540206.jpg,0,0,0,0,1,1,0,0,0,1,0,0,0,1,0,0,0,1,0,0
KonIQ-10k IQA Database/512x384/2635649930.jpg,0,0,1,0,0,0,1,0,0,0,1,1,0,0,0,0,0,0,0,1
KonIQ-10k IQA Database/512x384/2630235144.jpg,0,0,0,0,1,1,0,0,0,1,0,1,0,0,0,1,0,0,0,0
KonIQ-10k IQA Database/512x384/26344318.jpg,0,0,1,0,0,0,1,0,0,0,1,1,0,0,0,0,0,0,0,1
KonIQ-10k IQA Database/512x384/2636294461.jpg,0,0,0,0,1,1,0,0,0,1,0,0,0,1,1,0,0,0,1,0
KonIQ-10k IQA Database/512x384/2636589178.jpg,0,0,0,0,1,0,1,0,0,0,1,0,0,1,0,0,0,0,0,1
KonIQ-10k IQA Database/512x384/2638753115.jpg,0,0,0,0,1,1,0,0,0,1,0,1,0,0,0,0,0,0,0,1
KonIQ-10k IQA Database/512x384/2639149999.jpg,0,0,0,0,1,1,0,0,1,0,0,1,0,0,0,0,0,0,0,1
KonIQ-10k IQA Database/512x384/2640025600.jpg,0,0,0,0,1,0,1,0,0,0,1,0,0,1,0,0,0,0,0,1
KonIQ-10k IQA Database/512x384/264173063.jpg,0,0,1,0,0,0,1,0,0,1,0,1,0,0,0,0,0,0,0,1
KonIQ-10k IQA Database/512x384/2641860474.jpg,0,0,1,0,0,0,1,0,0,0,1,0,1,0,0,0,0,1,0,0
KonIQ-10k IQA Database/512x384/2643108787.jpg,0,0,0,0,1,0,1,0,0,0,1,0,1,0,0,0,1,0,0,0
KonIQ-10k IQA Database/512x384/2641828459.jpg,0,0,0,0,1,0,1,0,1,0,0,0,0,1,0,0,1,0,0,0
KonIQ-10k IQA Database/512x384/2642678784.jpg,0,1,0,0,0,1,0,0,0,1,0,0,1,0,0,0,0,0,1,0
KonIQ-10k IQA Database/512x384/2646059323.jpg,0,0,0,0,1,0,1,0,0,1,0,0,0,1,0,0,0,0,0,1
KonIQ-10k IQA Database/512x384/2643679552.jpg,0,0,0,0,1,1,0,0,1,0,0,0,1,0,1,1,1,0,0,0
KonIQ-10k IQA Database/512x384/2649433967.jpg,0,0,1,0,0,0,1,0,0,1,0,0,1,0,0,0,1,0,0,0
KonIQ-10k IQA Database/512x384/2649625286.jpg,0,0,0,0,1,0,1,0,0,1,0,1,0,0,0,0,0,0,0,1
KonIQ-10k IQA Database/512x384/2653077335.jpg,0,0,0,0,1,1,0,0,0,1,0,1,0,0,0,0,0,0,0,1
KonIQ-10k IQA Database/512x384/264903403.jpg,0,0,0,0,1,1,0,0,1,0,0,1,0,0,0,0,1,1,0,0
KonIQ-10k IQA Database/512x384/2650447326.jpg,1,0,0,0,0,1,0,0,0,1,0,1,0,0,0,1,0,0,0,0
KonIQ-10k IQA Database/512x384/2653425342.jpg,0,0,0,0,1,1,0,0,0,1,0,1,0,0,0,0,0,0,0,1
KonIQ-10k IQA Database/512x384/2652397944.jpg,0,0,1,0,0,0,1,0,0,1,0,1,0,0,0,1,0,0,0,0
KonIQ-10k IQA Database/512x384/2654493184.jpg,0,1,0,0,0,1,0,0,1,0,0,0,1,0,1,1,0,0,0,0
KonIQ-10k IQA Database/512x384/2655416178.jpg,0,1,0,0,0,0,1,0,0,1,0,1,0,0,0,0,0,0,0,1
KonIQ-10k IQA Database/512x384/2654797164.jpg,0,0,0,0,1,0,1,0,0,1,0,0,0,1,0,0,0,0,0,1
KonIQ-10k IQA Database/512x384/2657101675.jpg,0,0,1,0,0,1,0,0,0,1,0,0,1,0,0,0,0,0,0,1
KonIQ-10k IQA Database/512x384/2656589917.jpg,1,0,0,0,0,1,0,0,0,1,0,0,0,1,0,1,0,0,1,0
KonIQ-10k IQA Database/512x384/2655543598.jpg,1,0,0,0,0,1,0,0,1,0,0,0,1,0,0,1,1,0,0,0
KonIQ-10k IQA Database/512x384/2656455723.jpg,0,0,0,0,1,0,0,0,0,0,1,1,0,0,0,0,0,1,0,0
KonIQ-10k IQA Database/512x384/2670033779.jpg,0,0,1,0,0,0,1,0,0,0,1,1,0,0,0,0,0,0,0,1
KonIQ-10k IQA Database/512x384/2664892520.jpg,0,0,0,0,1,1,0,0,1,0,0,0,0,1,1,0,0,0,1,0
KonIQ-10k IQA Database/512x384/2667565926.jpg,1,0,0,0,0,1,0,0,0,1,0,1,0,0,0,0,0,1,0,0
KonIQ-10k IQA Database/512x384/2659313316.jpg,1,0,0,0,0,1,0,0,1,0,0,1,0,0,0,1,0,0,0,0
KonIQ-10k IQA Database/512x384/2670820241.jpg,1,0,0,0,0,1,0,0,1,0,0,0,0,1,0,0,0,0,1,0
KonIQ-10k IQA Database/512x384/2676808752.jpg,0,1,0,0,0,0,1,0,0,0,1,1,0,0,0,0,1,0,0,0
KonIQ-10k IQA Database/512x384/2676057580.jpg,0,1,0,0,0,0,1,0,0,0,1,1,0,0,0,0,1,0,0,0
KonIQ-10k IQA Database/512x384/2676837522.jpg,0,0,1,0,0,0,1,0,0,0,1,0,1,0,0,0,0,0,0,1
KonIQ-10k IQA Database/512x384/2672397400.jpg,1,0,0,0,0,1,0,0,0,1,0,1,0,0,0,1,0,0,0,0
KonIQ-10k IQA Database/512x384/2678740354.jpg,0,0,1,0,0,0,1,0,0,1,0,1,0,0,0,0,0,0,0,1
KonIQ-10k IQA Database/512x384/2680180441.jpg,0,1,0,0,0,1,0,0,0,0,1,0,1,0,0,0,0,0,1,0
KonIQ-10k IQA Database/512x384/2676924152.jpg,1,0,0,0,0,1,0,0,0,1,0,0,0,1,1,1,0,1,0,0
KonIQ-10k IQA Database/512x384/2679224314.jpg,0,0,1,0,0,0,1,0,0,0,1,0,0,1,0,0,0,0,0,1
KonIQ-10k IQA Database/512x384/268066639.jpg,0,0,1,0,0,0,1,0,0,1,0,1,0,0,0,0,0,0,0,1
KonIQ-10k IQA Database/512x384/2685293255.jpg,0,0,1,0,0,0,1,0,0,0,1,0,1,0,0,0,0,1,0,0
KonIQ-10k IQA Database/512x384/2688019250.jpg,0,0,1,0,0,0,1,0,0,1,0,1,0,0,0,0,1,0,0,0
KonIQ-10k IQA Database/512x384/26847054.jpg,0,0,1,0,0,0,1,0,0,1,0,1,0,0,0,0,0,0,0,1
KonIQ-10k IQA Database/512x384/2683241926.jpg,0,0,0,0,1,0,1,0,1,0,0,1,0,0,0,0,0,0,0,1
KonIQ-10k IQA Database/512x384/2688438615.jpg,0,0,0,0,1,0,1,0,0,1,0,1,0,0,0,0,1,0,0,0
KonIQ-10k IQA Database/512x384/2688943738.jpg,0,0,0,0,1,0,1,0,0,1,0,1,0,0,0,0,0,0,0,1
KonIQ-10k IQA Database/512x384/26842976.jpg,0,0,1,0,0,0,1,0,0,0,1,1,0,0,0,0,0,0,0,1
KonIQ-10k IQA Database/512x384/2688944098.jpg,0,0,0,0,1,0,1,0,0,0,1,1,0,0,0,0,0,0,0,1
KonIQ-10k IQA Database/512x384/2690466413.jpg,0,0,0,0,1,0,1,0,0,1,0,1,0,0,0,0,1,0,0,0
KonIQ-10k IQA Database/512x384/268926698.jpg,0,0,1,0,0,0,1,0,0,1,0,1,0,0,0,0,1,0,0,0
KonIQ-10k IQA Database/512x384/2693336679.jpg,0,0,1,0,0,0,1,0,0,0,1,0,1,0,0,0,1,0,0,0
KonIQ-10k IQA Database/512x384/2695657639.jpg,0,0,0,0,1,1,0,0,1,0,0,1,0,0,0,0,0,0,1,0
KonIQ-10k IQA Database/512x384/2692538398.jpg,0,1,0,0,0,1,0,0,1,0,0,0,1,0,0,1,1,0,0,0
KonIQ-10k IQA Database/512x384/2693433475.jpg,0,0,0,1,0,1,0,0,1,0,0,1,0,0,0,1,0,0,0,0
KonIQ-10k IQA Database/512x384/2696730288.jpg,1,0,0,0,0,1,0,0,1,0,0,1,0,0,0,1,0,0,1,0
KonIQ-10k IQA Database/512x384/2698401109.jpg,0,0,1,0,0,0,1,0,1,0,0,1,0,0,0,0,0,0,0,1
KonIQ-10k IQA Database/512x384/2700852747.jpg,0,0,0,0,1,0,1,0,0,0,1,1,0,0,0,0,0,1,0,0
KonIQ-10k IQA Database/512x384/269509962.jpg,0,0,1,0,0,0,1,0,0,1,0,1,0,0,0,0,1,0,0,0
KonIQ-10k IQA Database/512x384/2702264162.jpg,0,0,0,0,1,1,0,0,1,0,0,1,0,0,1,0,0,0,0,0
KonIQ-10k IQA Database/512x384/2704275667.jpg,0,0,1,0,0,1,0,0,0,1,0,1,0,0,0,0,1,0,0,0
KonIQ-10k IQA Database/512x384/2703329173.jpg,0,0,0,0,1,1,0,0,1,0,0,1,0,0,1,1,1,0,0,0
KonIQ-10k IQA Database/512x384/2703740653.jpg,0,0,1,0,0,0,1,0,0,1,0,1,0,0,0,0,0,0,0,1
KonIQ-10k IQA Database/512x384/2704811.jpg,0,0,1,0,0,0,1,0,0,1,0,1,0,0,0,0,1,0,0,0
KonIQ-10k IQA Database/512x384/2704389795.jpg,1,0,0,0,0,1,0,0,0,1,0,0,1,0,0,1,0,1,0,0
KonIQ-10k IQA Database/512x384/2706563999.jpg,0,0,0,0,1,1,0,0,1,0,0,0,1,0,1,1,0,0,0,0
KonIQ-10k IQA Database/512x384/2706591032.jpg,0,0,1,0,0,0,1,0,0,1,0,1,0,0,0,0,0,0,1,0
KonIQ-10k IQA Database/512x384/2706980942.jpg,0,0,0,0,1,1,0,0,0,1,0,1,0,0,0,0,0,0,1,0
KonIQ-10k IQA Database/512x384/2713735764.jpg,0,1,0,0,0,0,1,0,0,0,1,0,1,0,0,0,1,0,0,0
KonIQ-10k IQA Database/512x384/2715023572.jpg,0,1,0,0,0,1,0,0,1,0,0,0,1,0,1,0,0,0,0,0
KonIQ-10k IQA Database/512x384/271262860.jpg,0,0,0,0,1,1,0,0,0,1,0,0,0,1,0,0,0,0,1,0
KonIQ-10k IQA Database/512x384/2715181629.jpg,0,0,0,0,1,0,1,0,1,0,0,1,0,0,0,0,0,0,0,1
KonIQ-10k IQA Database/512x384/271837545.jpg,0,0,0,0,1,0,1,0,1,0,0,1,0,0,0,0,0,0,0,1
KonIQ-10k IQA Database/512x384/2709928858.jpg,1,0,0,0,0,1,0,0,0,1,0,0,0,1,1,0,0,0,1,0
KonIQ-10k IQA Database/512x384/2716631816.jpg,0,1,0,0,0,1,0,0,0,1,0,1,0,0,0,0,1,0,0,0
KonIQ-10k IQA Database/512x384/2718449902.jpg,0,0,1,0,0,0,1,0,0,0,1,1,0,0,0,0,1,0,0,0
KonIQ-10k IQA Database/512x384/2722913532.jpg,0,0,1,0,0,0,1,0,0,1,0,1,0,0,0,0,0,0,0,1
KonIQ-10k IQA Database/512x384/272115602.jpg,0,0,1,0,0,0,1,0,0,0,1,1,0,0,0,0,0,0,0,1
KonIQ-10k IQA Database/512x384/2720757001.jpg,0,0,1,0,0,0,1,0,0,0,1,1,0,0,0,0,1,0,0,0
KonIQ-10k IQA Database/512x384/2723280782.jpg,0,0,0,0,1,1,0,0,1,0,0,0,1,0,0,1,1,0,0,0
KonIQ-10k IQA Database/512x384/2725001053.jpg,0,0,1,0,0,0,1,0,0,0,1,1,0,0,0,0,1,0,0,0
KonIQ-10k IQA Database/512x384/2725180694.jpg,0,0,0,0,1,1,0,0,1,0,0,0,0,1,1,0,0,0,0,0
KonIQ-10k IQA Database/512x384/272411695.jpg,0,1,0,0,0,0,1,0,0,0,1,0,0,1,0,1,0,0,0,0
KonIQ-10k IQA Database/512x384/2725531194.jpg,0,0,0,0,1,1,0,0,0,1,0,0,1,0,0,1,0,0,0,0
KonIQ-10k IQA Database/512x384/272518935.jpg,1,0,0,0,0,1,0,0,0,1,0,0,0,1,0,1,0,0,0,0
KonIQ-10k IQA Database/512x384/2725531293.jpg,0,0,0,0,1,0,1,0,0,0,1,1,0,0,0,0,0,0,0,1
KonIQ-10k IQA Database/512x384/2726553628.jpg,0,0,0,0,1,1,0,0,0,1,0,0,1,0,0,0,0,0,1,0
KonIQ-10k IQA Database/512x384/2726774995.jpg,0,0,1,0,0,0,1,0,0,0,1,1,0,0,0,0,0,0,0,1
KonIQ-10k IQA Database/512x384/2730850462.jpg,0,0,1,0,0,0,1,0,0,1,0,1,0,0,0,0,0,0,0,1
KonIQ-10k IQA Database/512x384/2730274502.jpg,0,0,0,0,1,1,0,0,1,0,0,0,0,1,1,0,0,0,0,0
KonIQ-10k IQA Database/512x384/2737304398.jpg,0,0,1,0,0,0,1,0,1,0,0,1,0,0,0,0,1,0,0,0
KonIQ-10k IQA Database/512x384/273181633.jpg,1,0,0,0,0,1,0,0,1,0,0,0,1,0,1,1,1,0,1,0
KonIQ-10k IQA Database/512x384/2736161037.jpg,0,0,1,0,0,0,1,0,0,1,0,1,0,0,0,0,1,0,0,0
KonIQ-10k IQA Database/512x384/2734143216.jpg,0,0,0,0,1,0,0,0,0,1,0,1,0,0,0,0,0,0,0,1
KonIQ-10k IQA Database/512x384/2734034460.jpg,0,0,0,0,1,0,1,0,0,0,1,1,0,0,0,1,0,0,0,0
KonIQ-10k IQA Database/512x384/2739038267.jpg,0,0,0,0,1,1,0,0,1,0,0,1,0,0,0,0,0,0,1,0
KonIQ-10k IQA Database/512x384/2739007601.jpg,0,0,0,1,0,0,1,0,0,1,0,1,0,0,0,0,1,0,0,0
KonIQ-10k IQA Database/512x384/273844105.jpg,0,0,0,0,1,1,0,0,1,0,0,0,1,0,0,0,0,1,0,0
KonIQ-10k IQA Database/512x384/2742066850.jpg,0,0,1,0,0,0,1,0,0,1,0,0,1,0,0,0,1,0,0,0
KonIQ-10k IQA Database/512x384/2741661469.jpg,0,0,1,0,0,0,1,0,0,1,0,1,0,0,0,0,0,0,0,1
KonIQ-10k IQA Database/512x384/2741854107.jpg,0,0,1,0,0,0,1,0,0,0,1,0,1,0,0,0,1,0,0,0
KonIQ-10k IQA Database/512x384/2741340609.jpg,0,0,1,0,0,0,1,0,0,0,1,1,0,0,0,0,0,0,0,1
KonIQ-10k IQA Database/512x384/274390572.jpg,0,0,1,0,0,0,1,0,0,1,0,0,1,0,0,0,1,0,0,0
KonIQ-10k IQA Database/512x384/274223521.jpg,1,0,0,0,0,1,0,0,0,1,0,1,0,0,0,1,0,0,0,0
KonIQ-10k IQA Database/512x384/2743703757.jpg,1,0,0,0,0,1,0,0,0,1,0,0,0,1,1,0,0,1,0,0
KonIQ-10k IQA Database/512x384/2747111058.jpg,0,0,0,0,1,0,1,0,1,0,0,0,0,1,0,0,0,0,0,1
KonIQ-10k IQA Database/512x384/2745252477.jpg,1,0,0,0,0,1,0,0,1,0,0,0,1,0,0,1,0,0,0,0
KonIQ-10k IQA Database/512x384/2749377637.jpg,1,0,0,0,0,1,0,0,0,1,0,1,0,0,0,1,0,0,0,0
KonIQ-10k IQA Database/512x384/2748370097.jpg,0,1,0,0,0,1,0,0,1,0,0,1,0,0,1,0,0,0,0,0
KonIQ-10k IQA Database/512x384/2746983219.jpg,0,1,0,0,0,0,0,1,0,0,1,0,0,1,1,1,0,0,0,0
KonIQ-10k IQA Database/512x384/2748301393.jpg,0,0,0,0,1,0,1,0,0,0,1,0,0,1,0,0,0,0,0,1
KonIQ-10k IQA Database/512x384/2753587179.jpg,1,0,0,0,0,1,0,0,0,0,1,1,0,0,0,1,0,0,0,0
KonIQ-10k IQA Database/512x384/2753606061.jpg,1,0,0,0,0,1,0,0,0,1,0,1,0,0,0,1,0,0,0,0
KonIQ-10k IQA Database/512x384/2759049308.jpg,0,1,0,0,0,0,1,0,0,0,1,1,0,0,0,0,0,0,0,1
KonIQ-10k IQA Database/512x384/276009784.jpg,0,0,1,0,0,0,1,0,0,0,1,0,1,0,0,0,1,0,0,0
KonIQ-10k IQA Database/512x384/2756512177.jpg,0,0,1,0,0,0,1,0,0,1,0,0,1,0,0,0,0,0,0,1
KonIQ-10k IQA Database/512x384/275983561.jpg,0,0,1,0,0,0,1,0,0,1,0,1,0,0,0,0,0,0,0,1
KonIQ-10k IQA Database/512x384/276250787.jpg,0,0,1,0,0,0,1,0,0,1,0,1,0,0,0,0,1,0,0,0
KonIQ-10k IQA Database/512x384/2764211276.jpg,0,0,1,0,0,0,1,0,0,0,1,0,0,1,0,0,0,0,0,1
KonIQ-10k IQA Database/512x384/2761179748.jpg,0,0,0,0,1,0,1,0,1,0,0,0,0,1,0,0,0,0,0,1
KonIQ-10k IQA Database/512x384/2762549217.jpg,0,0,0,0,1,0,0,0,1,0,0,1,0,0,0,0,0,0,0,1
KonIQ-10k IQA Database/512x384/2764641436.jpg,0,0,0,0,1,1,0,0,0,1,0,0,1,0,1,0,0,0,0,0
KonIQ-10k IQA Database/512x384/276570133.jpg,0,0,0,0,1,1,0,0,0,1,0,0,1,0,0,0,0,0,1,0
KonIQ-10k IQA Database/512x384/2764419323.jpg,0,0,1,0,0,0,1,0,0,1,0,1,0,0,0,0,0,0,0,1
KonIQ-10k IQA Database/512x384/276590560.jpg,0,0,0,0,1,0,1,0,0,0,1,1,0,0,0,1,0,0,0,0
KonIQ-10k IQA Database/512x384/2766412345.jpg,0,0,1,0,0,0,1,0,0,1,0,1,0,0,0,0,0,0,0,1
KonIQ-10k IQA Database/512x384/2771131265.jpg,0,1,0,0,0,1,0,0,1,0,0,0,1,0,1,0,0,0,0,0
KonIQ-10k IQA Database/512x384/2770155406.jpg,0,0,0,0,1,1,0,0,1,0,0,0,0,1,1,0,0,0,0,0
KonIQ-10k IQA Database/512x384/277244271.jpg,0,0,0,0,1,0,1,0,0,0,1,0,1,0,0,0,0,0,0,1
KonIQ-10k IQA Database/512x384/2768178889.jpg,0,0,0,0,1,1,0,0,0,1,0,1,0,0,0,0,0,1,0,0
KonIQ-10k IQA Database/512x384/277758418.jpg,1,0,0,0,0,1,0,0,0,0,1,0,1,0,0,0,0,0,1,0
KonIQ-10k IQA Database/512x384/2779185055.jpg,0,0,0,0,1,0,0,0,0,1,0,1,0,0,0,0,0,0,0,1
KonIQ-10k IQA Database/512x384/2780719978.jpg,1,0,0,0,0,1,0,0,1,0,0,0,0,1,1,0,0,0,0,0
KonIQ-10k IQA Database/512x384/278235103.jpg,0,0,1,0,0,0,1,0,0,0,1,1,0,0,0,0,1,0,0,0
KonIQ-10k IQA Database/512x384/2778039171.jpg,0,0,0,0,1,1,0,0,1,0,0,0,1,0,0,1,1,0,0,0
KonIQ-10k IQA Database/512x384/2785774595.jpg,0,0,1,0,0,0,1,0,0,0,1,0,1,0,0,0,0,0,0,1
KonIQ-10k IQA Database/512x384/2785267250.jpg,0,0,1,0,0,0,1,0,1,0,0,1,0,0,0,0,0,0,0,1
KonIQ-10k IQA Database/512x384/2786566950.jpg,0,0,0,0,1,1,0,0,0,1,0,1,0,0,0,0,1,0,0,0
KonIQ-10k IQA Database/512x384/278636331.jpg,1,0,0,0,0,1,0,0,0,1,0,1,0,0,1,1,0,0,0,0
KonIQ-10k IQA Database/512x384/27896611.jpg,1,0,0,0,0,1,0,0,1,0,0,0,0,1,1,0,1,1,0,0
KonIQ-10k IQA Database/512x384/2789763994.jpg,0,0,0,1,0,1,0,0,1,0,0,1,0,0,0,0,0,0,0,1
KonIQ-10k IQA Database/512x384/2798808586.jpg,0,0,1,0,0,1,0,0,0,1,0,1,0,0,0,0,0,0,0,1
KonIQ-10k IQA Database/512x384/2790138273.jpg,0,0,1,0,0,0,1,0,0,1,0,1,0,0,0,0,0,0,0,1
KonIQ-10k IQA Database/512x384/2795083224.jpg,1,0,0,0,0,1,0,0,0,1,0,1,0,0,0,0,0,1,1,0
KonIQ-10k IQA Database/512x384/2796774323.jpg,0,0,0,1,0,0,1,0,0,1,0,1,0,0,0,0,0,0,0,1
KonIQ-10k IQA Database/512x384/280028696.jpg,0,0,1,0,0,0,1,0,0,0,1,0,1,0,0,0,1,0,0,0
KonIQ-10k IQA Database/512x384/2800092805.jpg,0,0,1,0,0,0,1,0,0,0,1,0,1,0,0,0,1,0,0,0
KonIQ-10k IQA Database/512x384/2799634889.jpg,1,0,0,0,0,1,0,0,0,1,0,1,0,0,0,1,0,0,0,0
KonIQ-10k IQA Database/512x384/2800893640.jpg,0,0,1,0,0,0,1,0,0,0,1,1,0,0,0,0,0,0,0,1
KonIQ-10k IQA Database/512x384/280525326.jpg,1,0,0,0,0,1,0,0,0,1,0,1,0,0,0,0,0,0,0,1
KonIQ-10k IQA Database/512x384/2801033102.jpg,0,0,0,0,1,1,0,0,0,0,1,1,0,0,0,0,0,1,0,0
KonIQ-10k IQA Database/512x384/2799264783.jpg,0,0,0,0,1,1,0,0,1,0,0,1,0,0,0,0,0,0,0,1
KonIQ-10k IQA Database/512x384/2806740564.jpg,0,0,0,0,1,0,1,0,0,0,1,1,0,0,0,0,0,0,0,1
KonIQ-10k IQA Database/512x384/2808063507.jpg,0,1,0,0,0,1,0,0,1,0,0,0,1,0,0,0,0,0,0,1
KonIQ-10k IQA Database/512x384/2807762234.jpg,0,0,1,0,0,0,1,0,1,0,0,1,0,0,0,1,0,0,0,0
KonIQ-10k IQA Database/512x384/2808265543.jpg,0,0,0,0,1,0,1,0,0,0,1,1,0,0,0,0,0,0,0,1
KonIQ-10k IQA Database/512x384/2807676440.jpg,0,0,1,0,0,0,1,0,0,1,0,1,0,0,0,0,0,0,0,1
KonIQ-10k IQA Database/512x384/2811625726.jpg,0,0,0,0,1,1,0,0,1,0,0,0,0,1,1,0,0,0,0,0
KonIQ-10k IQA Database/512x384/2808286292.jpg,0,1,0,0,0,1,0,0,1,0,0,0,1,0,0,1,1,0,0,0
KonIQ-10k IQA Database/512x384/28173586.jpg,0,0,0,0,1,0,1,0,1,0,0,1,0,0,0,0,0,0,0,1
KonIQ-10k IQA Database/512x384/2815247737.jpg,0,0,0,0,1,0,0,0,0,0,1,1,0,0,0,0,0,0,0,1
KonIQ-10k IQA Database/512x384/281609508.jpg,0,1,0,0,0,0,1,0,0,1,0,1,0,0,0,0,0,0,0,1
KonIQ-10k IQA Database/512x384/2809274597.jpg,0,0,0,0,1,1,0,0,1,0,0,1,0,0,1,0,0,0,0,0
KonIQ-10k IQA Database/512x384/2817883212.jpg,0,0,1,0,0,0,1,0,0,1,0,1,0,0,0,0,0,0,0,1
KonIQ-10k IQA Database/512x384/2819296433.jpg,0,1,0,0,0,0,1,0,0,1,0,0,1,0,0,0,1,0,0,0
KonIQ-10k IQA Database/512x384/2819329818.jpg,0,0,1,0,0,0,1,0,0,0,1,1,0,0,0,0,0,0,0,1
KonIQ-10k IQA Database/512x384/2818844013.jpg,0,0,1,0,0,1,0,0,1,0,0,0,1,0,0,1,1,0,0,0
KonIQ-10k IQA Database/512x384/2822019435.jpg,0,1,0,0,0,1,0,0,1,0,0,0,0,1,1,0,0,0,0,0
KonIQ-10k IQA Database/512x384/2823812300.jpg,0,0,0,0,1,0,1,0,1,0,0,0,0,1,0,0,0,0,0,1
KonIQ-10k IQA Database/512x384/2819647550.jpg,0,0,1,0,0,0,1,0,0,1,0,0,1,0,0,0,1,0,0,0
KonIQ-10k IQA Database/512x384/2824487894.jpg,1,0,0,0,0,1,0,0,0,1,0,0,1,0,0,0,1,1,0,0
KonIQ-10k IQA Database/512x384/2824866912.jpg,0,0,1,0,0,0,1,0,0,1,0,1,0,0,0,0,0,0,1,0
KonIQ-10k IQA Database/512x384/2828771915.jpg,0,0,0,0,1,1,0,0,1,0,0,0,1,0,0,1,1,0,0,0
KonIQ-10k IQA Database/512x384/282730228.jpg,0,0,0,0,1,0,0,0,0,0,1,0,0,1,0,0,0,0,0,1
KonIQ-10k IQA Database/512x384/2832980159.jpg,0,0,1,0,0,0,1,0,1,0,0,1,0,0,0,0,0,0,0,1
KonIQ-10k IQA Database/512x384/28311109.jpg,0,0,1,0,0,0,1,0,0,0,1,1,0,0,0,0,0,0,0,1
KonIQ-10k IQA Database/512x384/2828824744.jpg,0,1,0,0,0,0,0,0,0,1,0,1,0,0,0,0,0,0,0,1
KonIQ-10k IQA Database/512x384/2833068342.jpg,0,0,0,0,1,1,0,0,1,0,0,1,0,0,0,0,0,0,0,1
KonIQ-10k IQA Database/512x384/2833148596.jpg,0,0,1,0,0,0,1,0,1,0,0,1,0,0,0,0,0,0,0,1
KonIQ-10k IQA Database/512x384/2835381273.jpg,0,0,1,0,0,0,1,0,0,1,0,1,0,0,0,0,0,0,0,1
KonIQ-10k IQA Database/512x384/2836089223.jpg,0,0,0,0,1,1,0,0,1,0,0,0,0,1,1,0,0,0,0,0
KonIQ-10k IQA Database/512x384/2838590977.jpg,0,1,0,0,0,1,0,0,0,1,0,1,0,0,0,0,0,0,0,1
KonIQ-10k IQA Database/512x384/2839454152.jpg,0,0,1,0,0,0,1,0,0,0,1,1,0,0,0,0,0,0,0,1
KonIQ-10k IQA Database/512x384/2839494557.jpg,1,0,0,0,0,1,0,0,0,1,0,0,1,0,0,1,0,0,0,0
KonIQ-10k IQA Database/512x384/2837843986.jpg,0,0,0,0,1,0,0,0,0,1,0,1,0,0,0,0,0,0,0,1
KonIQ-10k IQA Database/512x384/2836927819.jpg,0,0,0,0,1,1,0,0,1,0,0,1,0,0,0,1,0,0,0,0
KonIQ-10k IQA Database/512x384/2838554535.jpg,0,0,1,0,0,0,1,0,0,0,1,1,0,0,0,0,1,0,0,0
KonIQ-10k IQA Database/512x384/2840937282.jpg,0,0,0,0,1,0,1,0,1,0,0,1,0,0,0,1,0,0,0,0
KonIQ-10k IQA Database/512x384/2841048687.jpg,0,0,1,0,0,0,1,0,0,1,0,1,0,0,0,0,0,0,0,1
KonIQ-10k IQA Database/512x384/2844388238.jpg,0,0,0,0,1,1,0,0,1,0,0,1,0,0,0,0,1,0,0,0
KonIQ-10k IQA Database/512x384/2844802224.jpg,0,0,0,0,1,0,1,0,1,0,0,1,0,0,0,0,0,0,0,1
KonIQ-10k IQA Database/512x384/2848420274.jpg,0,0,0,0,1,1,0,0,0,1,0,1,0,0,0,0,0,0,0,1
KonIQ-10k IQA Database/512x384/2848518668.jpg,0,0,0,0,1,1,0,0,1,0,0,1,0,0,0,0,0,0,0,1
KonIQ-10k IQA Database/512x384/2848340403.jpg,1,0,0,0,0,1,0,0,0,1,0,1,0,0,0,1,0,0,0,0
KonIQ-10k IQA Database/512x384/2849189494.jpg,0,0,1,0,0,0,1,0,0,1,0,1,0,0,0,0,0,0,0,1
KonIQ-10k IQA Database/512x384/2841924891.jpg,0,0,0,0,1,1,0,0,0,1,0,0,1,0,0,1,1,0,0,0
KonIQ-10k IQA Database/512x384/2848415190.jpg,1,0,0,0,0,1,0,0,0,1,0,1,0,0,0,1,0,0,0,0
KonIQ-10k IQA Database/512x384/285149839.jpg,0,0,1,0,0,0,1,0,1,0,0,1,0,0,0,0,0,0,0,1
KonIQ-10k IQA Database/512x384/285183593.jpg,0,0,0,0,1,0,1,0,0,0,1,1,0,0,0,0,0,0,0,1
KonIQ-10k IQA Database/512x384/2856053454.jpg,0,0,1,0,0,0,1,0,0,0,1,1,0,0,0,0,0,0,0,1
KonIQ-10k IQA Database/512x384/2855163439.jpg,0,0,0,0,1,0,1,0,0,0,1,1,0,0,0,0,0,1,0,0
KonIQ-10k IQA Database/512x384/2857576512.jpg,0,0,0,0,1,1,0,0,1,0,0,0,1,0,1,1,1,0,0,0
KonIQ-10k IQA Database/512x384/2851510265.jpg,1,0,0,0,0,1,0,0,0,1,0,1,0,0,0,1,0,0,1,0
KonIQ-10k IQA Database/512x384/2857618850.jpg,0,0,1,0,0,0,1,0,0,1,0,1,0,0,0,0,0,0,0,1
KonIQ-10k IQA Database/512x384/2852195444.jpg,0,0,0,0,1,0,0,0,0,1,0,1,0,0,0,0,0,0,0,1
KonIQ-10k IQA Database/512x384/2852488757.jpg,0,0,1,0,0,0,1,0,0,1,0,1,0,0,0,0,0,0,0,1
KonIQ-10k IQA Database/512x384/2859973577.jpg,0,0,0,0,1,1,0,0,1,0,0,1,0,0,0,1,0,0,0,0
KonIQ-10k IQA Database/512x384/2858136334.jpg,0,0,1,0,0,0,1,0,0,0,1,1,0,0,0,0,1,0,0,0
KonIQ-10k IQA Database/512x384/2858839896.jpg,0,0,0,0,1,1,0,0,1,0,0,0,1,0,0,0,1,1,0,0
KonIQ-10k IQA Database/512x384/286576891.jpg,0,1,0,0,0,1,0,0,1,0,0,1,0,0,1,1,0,0,0,0
KonIQ-10k IQA Database/512x384/2861346409.jpg,1,0,0,0,0,1,0,0,0,1,0,0,0,1,0,1,0,0,1,0
KonIQ-10k IQA Database/512x384/2866097268.jpg,0,0,1,0,0,0,1,0,0,0,1,1,0,0,0,0,0,0,0,1
KonIQ-10k IQA Database/512x384/2866556638.jpg,0,0,1,0,0,0,1,0,0,0,1,0,1,0,0,0,0,0,0,1
KonIQ-10k IQA Database/512x384/2867718050.jpg,0,1,0,0,0,0,0,0,0,0,1,0,1,0,1,0,0,0,0,0
KonIQ-10k IQA Database/512x384/2868514181.jpg,0,0,1,0,0,0,1,0,0,0,1,1,0,0,0,0,0,0,0,1
KonIQ-10k IQA Database/512x384/2868335466.jpg,0,0,1,0,0,0,1,0,0,0,1,1,0,0,0,0,0,0,0,1
KonIQ-10k IQA Database/512x384/2871570084.jpg,0,0,1,0,0,0,1,0,1,0,0,1,0,0,0,0,0,0,0,1
KonIQ-10k IQA Database/512x384/287350518.jpg,0,0,1,0,0,0,1,0,0,0,1,1,0,0,0,0,0,0,0,1
KonIQ-10k IQA Database/512x384/2876226509.jpg,0,0,1,0,0,0,1,0,0,0,1,0,1,0,0,0,1,0,0,0
KonIQ-10k IQA Database/512x384/288061591.jpg,0,0,1,0,0,0,1,0,0,0,1,1,0,0,0,0,1,0,0,0
KonIQ-10k IQA Database/512x384/288113726.jpg,0,0,0,0,1,0,1,0,0,0,1,1,0,0,0,0,0,0,0,1
KonIQ-10k IQA Database/512x384/2871745051.jpg,0,0,0,0,1,0,1,0,1,0,0,1,0,0,0,0,0,0,0,1
KonIQ-10k IQA Database/512x384/2886173632.jpg,0,0,0,1,0,0,1,0,0,0,1,1,0,0,0,0,1,0,0,0
KonIQ-10k IQA Database/512x384/2886339055.jpg,0,0,1,0,0,0,1,0,0,1,0,1,0,0,0,0,0,0,0,1
KonIQ-10k IQA Database/512x384/288435225.jpg,0,0,1,0,0,0,1,0,0,1,0,1,0,0,0,0,0,0,0,1
KonIQ-10k IQA Database/512x384/2888444557.jpg,1,0,0,0,0,1,0,0,1,0,0,0,0,1,1,1,0,0,0,0
KonIQ-10k IQA Database/512x384/2887792801.jpg,0,0,1,0,0,0,1,0,0,1,0,0,1,0,0,0,0,0,0,1
KonIQ-10k IQA Database/512x384/288926242.jpg,0,0,0,1,0,0,0,0,0,1,0,1,0,0,0,0,0,0,0,1
KonIQ-10k IQA Database/512x384/2889734029.jpg,1,0,0,0,0,1,0,0,1,0,0,0,1,0,0,1,0,0,0,0
KonIQ-10k IQA Database/512x384/2889093136.jpg,1,0,0,0,0,1,0,0,0,1,0,0,1,0,0,1,0,0,0,0
KonIQ-10k IQA Database/512x384/2890317632.jpg,0,0,1,0,0,0,1,0,0,0,1,1,0,0,0,0,0,0,0,1
KonIQ-10k IQA Database/512x384/2901332011.jpg,0,0,1,0,0,0,1,0,0,1,0,1,0,0,0,0,0,0,0,1
KonIQ-10k IQA Database/512x384/2897238920.jpg,1,0,0,0,0,1,0,0,0,1,0,1,0,0,0,1,0,0,0,0
KonIQ-10k IQA Database/512x384/289462174.jpg,0,0,1,0,0,1,0,0,0,1,0,1,0,0,0,0,0,0,1,0
KonIQ-10k IQA Database/512x384/290161904.jpg,0,0,1,0,0,0,1,0,0,1,0,1,0,0,0,0,0,0,0,1
KonIQ-10k IQA Database/512x384/2893674566.jpg,0,0,0,0,1,1,0,0,1,0,0,1,0,0,1,1,0,0,0,0
KonIQ-10k IQA Database/512x384/2899446484.jpg,0,0,1,0,0,0,1,0,0,0,1,1,0,0,0,0,0,0,0,1
KonIQ-10k IQA Database/512x384/289395722.jpg,0,0,1,0,0,0,1,0,0,0,1,1,0,0,0,0,0,0,0,1
KonIQ-10k IQA Database/512x384/2904337110.jpg,0,0,1,0,0,0,1,0,0,0,1,1,0,0,0,0,0,0,0,1
KonIQ-10k IQA Database/512x384/2903155533.jpg,0,0,0,0,1,0,0,0,0,1,0,1,0,0,0,0,0,0,0,1
KonIQ-10k IQA Database/512x384/2904731239.jpg,1,0,0,0,0,1,0,0,1,0,0,0,1,0,1,0,0,0,0,0
KonIQ-10k IQA Database/512x384/2902284957.jpg,0,0,1,0,0,0,1,0,0,0,1,1,0,0,0,0,0,0,0,1
KonIQ-10k IQA Database/512x384/2906250648.jpg,0,1,0,0,0,0,1,0,0,0,1,0,1,0,0,1,0,0,0,0
KonIQ-10k IQA Database/512x384/2907072293.jpg,0,0,0,0,1,0,1,0,0,0,1,0,0,1,0,0,0,0,0,1
KonIQ-10k IQA Database/512x384/2906945782.jpg,0,0,1,0,0,1,0,0,0,1,0,1,0,0,0,0,0,0,0,1
KonIQ-10k IQA Database/512x384/2905606337.jpg,0,1,0,0,0,0,1,0,0,0,1,1,0,0,0,0,0,0,0,1
KonIQ-10k IQA Database/512x384/2905127622.jpg,1,0,0,0,0,1,0,0,0,1,0,1,0,0,0,0,1,1,0,0
KonIQ-10k IQA Database/512x384/2906852026.jpg,0,0,1,0,0,0,1,0,0,1,0,1,0,0,0,0,0,0,0,1
KonIQ-10k IQA Database/512x384/290776828.jpg,0,0,1,0,0,0,1,0,0,1,0,1,0,0,0,1,0,0,0,0
KonIQ-10k IQA Database/512x384/290784782.jpg,0,0,0,0,1,1,0,0,1,0,0,1,0,0,0,0,0,0,0,1
KonIQ-10k IQA Database/512x384/2908654044.jpg,0,0,1,0,0,0,1,0,0,0,1,1,0,0,0,0,0,0,0,1
KonIQ-10k IQA Database/512x384/2908299910.jpg,0,0,1,0,0,0,1,0,0,0,1,1,0,0,0,0,1,0,0,0
KonIQ-10k IQA Database/512x384/2909358760.jpg,0,0,1,0,0,0,1,0,0,1,0,1,0,0,0,0,0,0,0,1
KonIQ-10k IQA Database/512x384/2910782740.jpg,1,0,0,0,0,1,0,0,1,0,0,0,0,1,1,0,0,0,0,0
KonIQ-10k IQA Database/512x384/2910495331.jpg,0,1,0,0,0,1,0,0,1,0,0,0,1,0,1,1,0,0,0,0
KonIQ-10k IQA Database/512x384/2910515798.jpg,1,0,0,0,0,1,0,0,1,0,0,0,0,1,1,1,0,0,1,0
KonIQ-10k IQA Database/512x384/2916773975.jpg,1,0,0,0,0,1,0,0,0,1,0,0,0,1,0,1,0,1,0,0
KonIQ-10k IQA Database/512x384/2914200984.jpg,0,0,0,0,1,0,1,0,1,0,0,1,0,0,0,1,0,0,0,0
KonIQ-10k IQA Database/512x384/2918227548.jpg,1,0,0,0,0,1,0,0,1,0,0,0,0,1,1,1,0,0,1,0
KonIQ-10k IQA Database/512x384/2916069086.jpg,1,0,0,0,0,1,0,0,0,1,0,1,0,0,0,1,0,0,0,0
KonIQ-10k IQA Database/512x384/2920995979.jpg,0,0,1,0,0,0,1,0,0,0,1,1,0,0,0,0,1,0,0,0
KonIQ-10k IQA Database/512x384/2918475321.jpg,0,1,0,0,0,0,1,0,0,0,1,1,0,0,0,0,0,0,0,1
KonIQ-10k IQA Database/512x384/2921281086.jpg,0,0,1,0,0,0,1,0,0,0,1,0,1,0,0,0,0,0,0,1
KonIQ-10k IQA Database/512x384/2923794448.jpg,0,0,0,0,1,0,1,0,1,0,0,1,0,0,0,1,0,0,0,0
KonIQ-10k IQA Database/512x384/2927008302.jpg,0,1,0,0,0,0,1,0,0,1,0,0,1,0,0,0,0,0,0,1
KonIQ-10k IQA Database/512x384/2921519275.jpg,0,0,1,0,0,1,0,0,0,0,1,0,1,0,0,0,0,0,0,1
KonIQ-10k IQA Database/512x384/2924727768.jpg,0,0,1,0,0,0,1,0,0,0,1,1,0,0,0,0,0,0,0,1
KonIQ-10k IQA Database/512x384/2926374384.jpg,0,1,0,0,0,0,1,0,0,1,0,0,1,0,0,1,0,0,0,0
KonIQ-10k IQA Database/512x384/2928622708.jpg,0,0,1,0,0,1,0,0,1,0,0,1,0,0,0,0,0,0,1,0
KonIQ-10k IQA Database/512x384/2931922629.jpg,0,0,0,0,1,1,0,0,1,0,0,0,1,0,1,1,0,0,0,0
KonIQ-10k IQA Database/512x384/2931243331.jpg,0,1,0,0,0,1,0,0,0,1,0,0,1,0,1,1,0,0,0,0
KonIQ-10k IQA Database/512x384/2932540851.jpg,0,0,0,0,1,1,0,0,0,1,0,1,0,0,1,0,0,0,1,0
KonIQ-10k IQA Database/512x384/2933544143.jpg,0,0,0,0,1,1,0,0,0,1,0,1,0,0,0,0,0,1,0,0
KonIQ-10k IQA Database/512x384/293398714.jpg,0,0,1,0,0,0,1,0,0,1,0,1,0,0,0,0,1,0,0,0
KonIQ-10k IQA Database/512x384/2933703966.jpg,0,1,0,0,0,1,0,0,0,1,0,1,0,0,0,0,0,0,1,0
KonIQ-10k IQA Database/512x384/2933417983.jpg,0,0,1,0,0,0,1,0,0,0,1,1,0,0,0,0,1,0,0,0
KonIQ-10k IQA Database/512x384/2937190977.jpg,0,1,0,0,0,1,0,0,1,0,0,0,1,0,1,1,0,0,0,0
KonIQ-10k IQA Database/512x384/2937238676.jpg,0,0,0,0,1,1,0,0,0,1,0,1,0,0,0,1,1,0,0,0
KonIQ-10k IQA Database/512x384/2938430307.jpg,1,0,0,0,0,1,0,0,1,0,0,0,1,0,0,1,0,0,0,0
KonIQ-10k IQA Database/512x384/2937429297.jpg,0,0,0,0,1,1,0,0,1,0,0,0,0,1,1,0,0,0,0,0
KonIQ-10k IQA Database/512x384/2944165349.jpg,0,0,1,0,0,0,1,0,0,1,0,1,0,0,0,0,0,0,0,1
KonIQ-10k IQA Database/512x384/2939787669.jpg,0,0,0,0,1,1,0,0,1,0,0,1,0,0,1,1,1,0,0,0
KonIQ-10k IQA Database/512x384/2943289210.jpg,0,0,0,1,0,0,1,0,0,1,0,1,0,0,0,0,1,0,0,0
KonIQ-10k IQA Database/512x384/2943372707.jpg,0,0,1,0,0,0,1,0,0,1,0,1,0,0,0,0,0,0,0,1
KonIQ-10k IQA Database/512x384/2941933060.jpg,1,0,0,0,0,1,0,0,1,0,0,0,1,0,1,1,1,0,0,0
KonIQ-10k IQA Database/512x384/2946225988.jpg,0,0,1,0,0,0,1,0,0,1,0,1,0,0,0,0,0,0,0,1
KonIQ-10k IQA Database/512x384/2949029930.jpg,1,0,0,0,0,0,0,0,0,0,1,0,0,1,1,1,0,0,0,0
KonIQ-10k IQA Database/512x384/2950983139.jpg,0,0,0,0,1,0,0,0,0,1,0,1,0,0,0,1,0,0,0,0
KonIQ-10k IQA Database/512x384/2948574534.jpg,0,0,0,0,1,1,0,0,1,0,0,1,0,0,0,1,0,0,0,0
KonIQ-10k IQA Database/512x384/2948923084.jpg,0,0,0,0,1,1,0,0,1,0,0,1,0,0,1,0,0,1,0,0
KonIQ-10k IQA Database/512x384/2946661592.jpg,0,0,0,0,1,0,1,0,1,0,0,1,0,0,0,0,0,0,0,1
KonIQ-10k IQA Database/512x384/2951329736.jpg,0,0,1,0,0,0,1,0,1,0,0,1,0,0,0,0,1,0,0,0
KonIQ-10k IQA Database/512x384/2951685771.jpg,0,0,0,0,1,1,0,0,1,0,0,1,0,0,0,1,0,0,0,0
KonIQ-10k IQA Database/512x384/2951011449.jpg,0,0,0,0,1,0,0,0,0,0,1,1,0,0,0,1,0,0,0,0
KonIQ-10k IQA Database/512x384/2952066894.jpg,0,0,0,0,1,0,1,0,0,1,0,1,0,0,0,0,0,0,0,1
KonIQ-10k IQA Database/512x384/2953741163.jpg,0,0,0,0,1,1,0,0,1,0,0,1,0,0,0,0,0,0,0,1
KonIQ-10k IQA Database/512x384/2952908030.jpg,1,0,0,0,0,1,0,0,0,1,0,1,0,0,0,1,0,0,0,0
KonIQ-10k IQA Database/512x384/2954125895.jpg,0,0,1,0,0,0,1,0,0,1,0,1,0,0,0,0,0,0,0,1
KonIQ-10k IQA Database/512x384/2957895882.jpg,0,0,0,0,1,0,1,0,0,0,1,1,0,0,0,0,0,0,0,1
KonIQ-10k IQA Database/512x384/2956548148.jpg,0,0,1,0,0,0,1,0,0,1,0,1,0,0,0,0,0,0,0,1
KonIQ-10k IQA Database/512x384/2954406623.jpg,0,0,0,0,1,0,1,0,0,1,0,0,0,1,0,1,0,0,0,0
KonIQ-10k IQA Database/512x384/2958115632.jpg,0,0,1,0,0,0,0,1,0,1,0,0,1,0,0,1,1,0,0,0
KonIQ-10k IQA Database/512x384/295960855.jpg,0,0,1,0,0,0,1,0,1,0,0,0,1,0,0,0,0,0,0,1
KonIQ-10k IQA Database/512x384/2959571855.jpg,0,0,0,0,1,1,0,0,0,1,0,1,0,0,0,1,0,0,0,0
KonIQ-10k IQA Database/512x384/2964746234.jpg,0,0,0,0,1,0,0,0,0,0,1,0,0,1,0,0,0,0,0,1
KonIQ-10k IQA Database/512x384/2962584804.jpg,0,0,0,0,1,1,0,0,0,1,0,1,0,0,0,0,0,0,0,1
KonIQ-10k IQA Database/512x384/2964711556.jpg,0,0,1,0,0,0,1,0,1,0,0,1,0,0,0,0,0,0,0,1
KonIQ-10k IQA Database/512x384/296426748.jpg,0,0,1,0,0,0,1,0,0,0,1,1,0,0,0,0,1,0,0,0
KonIQ-10k IQA Database/512x384/2960552821.jpg,0,0,1,0,0,0,1,0,0,0,1,0,0,1,1,0,0,0,1,0
KonIQ-10k IQA Database/512x384/2965834083.jpg,1,0,0,0,0,1,0,0,0,1,0,1,0,0,0,1,0,0,0,0
KonIQ-10k IQA Database/512x384/2967177700.jpg,0,0,0,0,1,1,0,0,0,0,1,0,1,0,1,0,0,0,0,0
KonIQ-10k IQA Database/512x384/2971073872.jpg,1,0,0,0,0,1,0,0,1,0,0,0,0,1,0,1,0,1,0,0
KonIQ-10k IQA Database/512x384/296739390.jpg,0,0,0,0,1,0,1,0,0,1,0,1,0,0,0,0,0,0,0,1
KonIQ-10k IQA Database/512x384/2971372651.jpg,0,1,0,0,0,1,0,0,0,1,0,0,1,0,1,1,0,0,0,0
KonIQ-10k IQA Database/512x384/2973164436.jpg,0,0,1,0,0,0,1,0,0,1,0,1,0,0,0,0,0,1,0,0
KonIQ-10k IQA Database/512x384/2972799170.jpg,1,0,0,0,0,1,0,0,0,1,0,0,1,0,0,1,0,0,0,0
KonIQ-10k IQA Database/512x384/2975238945.jpg,1,0,0,0,0,1,0,0,1,0,0,0,1,0,1,1,0,0,0,0
KonIQ-10k IQA Database/512x384/2976379229.jpg,1,0,0,0,0,1,0,0,1,0,0,0,1,0,0,1,1,0,0,0
KonIQ-10k IQA Database/512x384/2976884864.jpg,1,0,0,0,0,0,1,0,0,0,1,0,0,1,0,0,0,0,0,1
KonIQ-10k IQA Database/512x384/2974085281.jpg,0,0,0,0,1,0,1,0,0,0,1,1,0,0,0,0,0,0,0,1
KonIQ-10k IQA Database/512x384/2977820017.jpg,0,1,0,0,0,1,0,0,0,1,0,0,1,0,0,0,1,0,0,0
KonIQ-10k IQA Database/512x384/2977042398.jpg,0,0,1,0,0,0,1,0,0,0,1,1,0,0,0,0,0,0,0,1
KonIQ-10k IQA Database/512x384/2978883488.jpg,0,0,0,0,1,1,0,0,0,1,0,1,0,0,0,0,0,0,0,1
KonIQ-10k IQA Database/512x384/2978991004.jpg,1,0,0,0,0,1,0,0,0,1,0,1,0,0,0,1,0,0,0,0
KonIQ-10k IQA Database/512x384/2979597587.jpg,0,0,0,0,1,1,0,0,1,0,0,0,0,1,1,0,0,0,0,0
KonIQ-10k IQA Database/512x384/2980838635.jpg,1,0,0,0,0,1,0,0,1,0,0,1,0,0,1,1,0,0,0,0
KonIQ-10k IQA Database/512x384/298323953.jpg,0,0,0,0,1,0,1,0,0,1,0,1,0,0,0,0,0,0,0,1
KonIQ-10k IQA Database/512x384/2985434942.jpg,0,0,0,0,1,1,0,0,1,0,0,1,0,0,0,1,0,0,0,0
KonIQ-10k IQA Database/512x384/2982904736.jpg,1,0,0,0,0,1,0,0,1,0,0,0,1,0,0,1,1,1,0,0
KonIQ-10k IQA Database/512x384/298392087.jpg,1,0,0,0,0,1,0,0,0,1,0,0,1,0,0,0,0,1,0,0
KonIQ-10k IQA Database/512x384/2986131608.jpg,0,0,1,0,0,0,1,0,0,0,1,0,1,0,0,0,0,1,0,0
KonIQ-10k IQA Database/512x384/2988609766.jpg,1,0,0,0,0,1,0,0,0,1,0,0,1,0,0,0,0,1,0,0
KonIQ-10k IQA Database/512x384/2990464677.jpg,0,0,1,0,0,1,0,0,1,0,0,1,0,0,0,0,0,0,0,1
KonIQ-10k IQA Database/512x384/2992631389.jpg,1,0,0,0,0,1,0,0,0,1,0,1,0,0,0,1,0,0,0,0
KonIQ-10k IQA Database/512x384/2991438895.jpg,0,0,0,0,1,0,1,0,0,0,1,1,0,0,0,0,0,0,0,1
KonIQ-10k IQA Database/512x384/2995568381.jpg,0,0,1,0,0,0,1,0,0,0,1,1,0,0,0,0,1,0,0,0
KonIQ-10k IQA Database/512x384/299211567.jpg,0,0,1,0,0,0,1,0,0,0,1,1,0,0,0,0,0,0,0,1
KonIQ-10k IQA Database/512x384/299519765.jpg,0,0,1,0,0,1,0,0,1,0,0,1,0,0,0,0,0,0,0,1
KonIQ-10k IQA Database/512x384/2990600386.jpg,0,0,1,0,0,0,1,0,0,0,1,0,0,1,0,0,0,0,0,1
KonIQ-10k IQA Database/512x384/2998270477.jpg,0,0,0,0,1,1,0,0,0,0,1,0,1,0,0,0,1,1,0,0
KonIQ-10k IQA Database/512x384/3001984740.jpg,0,0,0,0,1,0,0,0,0,0,1,1,0,0,0,0,0,0,0,1
KonIQ-10k IQA Database/512x384/3003071617.jpg,0,0,0,0,1,1,0,0,1,0,0,0,0,1,1,0,0,0,0,0
KonIQ-10k IQA Database/512x384/2999079951.jpg,0,0,0,0,1,0,1,0,0,0,1,1,0,0,0,0,1,0,0,0
KonIQ-10k IQA Database/512x384/3000370105.jpg,0,0,1,0,0,0,0,1,0,1,0,0,1,0,0,0,1,0,0,0
KonIQ-10k IQA Database/512x384/3004729679.jpg,1,0,0,0,0,1,0,0,0,1,0,1,0,0,0,1,0,0,0,0
KonIQ-10k IQA Database/512x384/3005225950.jpg,0,0,0,0,1,1,0,0,1,0,0,1,0,0,0,0,0,0,0,1
KonIQ-10k IQA Database/512x384/30054528.jpg,0,0,1,0,0,0,1,0,1,0,0,1,0,0,0,0,0,0,0,1
KonIQ-10k IQA Database/512x384/3006180799.jpg,1,0,0,0,0,1,0,0,0,1,0,0,1,0,0,1,0,0,0,0
KonIQ-10k IQA Database/512x384/3005232085.jpg,0,1,0,0,0,0,1,0,0,1,0,0,0,1,0,0,0,0,0,1
KonIQ-10k IQA Database/512x384/3010841196.jpg,0,0,0,0,1,0,0,0,1,0,0,1,0,0,0,0,0,0,0,1
KonIQ-10k IQA Database/512x384/3009167692.jpg,0,0,0,0,1,1,0,0,1,0,0,1,0,0,0,1,0,0,0,0
KonIQ-10k IQA Database/512x384/3010896007.jpg,1,0,0,0,0,1,0,0,0,1,0,1,0,0,0,1,0,0,0,0
KonIQ-10k IQA Database/512x384/3007216990.jpg,1,0,0,0,0,0,1,0,0,0,1,0,1,0,0,1,0,0,0,0
KonIQ-10k IQA Database/512x384/301104017.jpg,0,0,0,0,1,0,1,0,0,1,0,1,0,0,0,0,0,0,0,1
KonIQ-10k IQA Database/512x384/3014660789.jpg,0,0,1,0,0,0,1,0,0,1,0,1,0,0,0,0,0,0,0,1
KonIQ-10k IQA Database/512x384/3011247965.jpg,0,0,1,0,0,0,1,0,0,1,0,1,0,0,0,0,0,0,0,1
KonIQ-10k IQA Database/512x384/3015139450.jpg,0,0,1,0,0,0,1,0,0,1,0,1,0,0,0,0,0,0,0,1
KonIQ-10k IQA Database/512x384/3016703765.jpg,0,0,1,0,0,0,1,0,1,0,0,1,0,0,0,0,0,0,0,1
KonIQ-10k IQA Database/512x384/3016815898.jpg,0,0,0,0,1,1,0,0,0,1,0,1,0,0,0,0,0,0,0,1
KonIQ-10k IQA Database/512x384/3012507882.jpg,0,1,0,0,0,1,0,0,1,0,0,0,1,0,1,1,1,0,0,0
KonIQ-10k IQA Database/512x384/3013640771.jpg,1,0,0,0,0,1,0,0,1,0,0,1,0,0,1,0,0,0,0,0
KonIQ-10k IQA Database/512x384/3014908112.jpg,0,1,0,0,0,1,0,0,1,0,0,0,1,0,0,0,0,0,1,0
KonIQ-10k IQA Database/512x384/3017896883.jpg,0,0,0,0,1,0,1,0,0,0,1,0,1,0,0,1,0,0,0,0
KonIQ-10k IQA Database/512x384/3019324625.jpg,0,0,0,0,1,0,1,0,1,0,0,1,0,0,0,0,0,0,0,1
KonIQ-10k IQA Database/512x384/3021659624.jpg,0,0,1,0,0,0,1,0,0,0,1,1,0,0,0,0,0,0,0,1
KonIQ-10k IQA Database/512x384/3020768905.jpg,0,0,1,0,0,0,1,0,0,1,0,1,0,0,0,0,0,0,0,1
KonIQ-10k IQA Database/512x384/3020941119.jpg,0,0,0,0,1,0,1,0,0,0,1,1,0,0,0,0,0,0,0,1
KonIQ-10k IQA Database/512x384/3021480593.jpg,0,1,0,0,0,1,0,0,1,0,0,0,1,0,1,1,0,0,1,0
KonIQ-10k IQA Database/512x384/3021647597.jpg,1,0,0,0,0,1,0,0,1,0,0,0,1,0,0,0,1,1,0,0
KonIQ-10k IQA Database/512x384/3018181041.jpg,0,0,0,0,1,1,0,0,0,1,0,0,1,0,0,0,1,1,0,0
KonIQ-10k IQA Database/512x384/3022463774.jpg,0,0,1,0,0,0,1,0,0,1,0,1,0,0,0,0,0,0,0,1
KonIQ-10k IQA Database/512x384/3024891214.jpg,1,0,0,0,0,1,0,0,0,1,0,1,0,0,0,1,0,0,0,0
KonIQ-10k IQA Database/512x384/3022996908.jpg,0,0,0,0,1,1,0,0,1,0,0,1,0,0,0,1,0,0,0,0
KonIQ-10k IQA Database/512x384/3026154930.jpg,0,0,1,0,0,0,1,0,0,1,0,0,1,0,0,0,1,0,0,0
KonIQ-10k IQA Database/512x384/3025565947.jpg,1,0,0,0,0,1,0,0,1,0,0,1,0,0,1,1,0,0,0,0
KonIQ-10k IQA Database/512x384/3026235707.jpg,0,1,0,0,0,1,0,0,1,0,0,1,0,0,1,1,0,0,0,0
KonIQ-10k IQA Database/512x384/302681636.jpg,1,0,0,0,0,1,0,0,1,0,0,0,1,0,1,0,0,0,1,0
KonIQ-10k IQA Database/512x384/3026852045.jpg,0,0,0,0,1,0,0,0,0,0,1,0,0,0,0,0,0,0,0,1
KonIQ-10k IQA Database/512x384/3027050157.jpg,0,0,1,0,0,0,1,0,0,0,1,0,1,0,0,0,1,0,0,0
KonIQ-10k IQA Database/512x384/3032057861.jpg,0,0,1,0,0,0,1,0,0,1,0,1,0,0,0,0,0,0,1,0
KonIQ-10k IQA Database/512x384/3033284037.jpg,0,0,1,0,0,0,1,0,0,0,1,1,0,0,0,0,0,0,0,1
KonIQ-10k IQA Database/512x384/3034148847.jpg,0,0,1,0,0,0,1,0,0,1,0,1,0,0,0,0,0,0,0,1
KonIQ-10k IQA Database/512x384/3038029410.jpg,0,0,1,0,0,1,0,0,0,1,0,1,0,0,0,0,0,0,0,1
KonIQ-10k IQA Database/512x384/3035737878.jpg,0,0,0,1,0,0,1,0,0,1,0,1,0,0,0,0,1,0,0,0
KonIQ-10k IQA Database/512x384/3038577350.jpg,0,0,1,0,0,0,1,0,0,1,0,1,0,0,0,0,0,0,0,1
KonIQ-10k IQA Database/512x384/303514197.jpg,1,0,0,0,0,1,0,0,1,0,0,0,1,0,1,1,0,0,0,0
KonIQ-10k IQA Database/512x384/3039024.jpg,0,0,1,0,0,0,1,0,0,1,0,1,0,0,0,0,0,0,0,1
KonIQ-10k IQA Database/512x384/3040037970.jpg,0,0,1,0,0,0,1,0,1,0,0,1,0,0,0,0,0,0,0,1
KonIQ-10k IQA Database/512x384/3045035343.jpg,0,0,1,0,0,0,1,0,1,0,0,1,0,0,0,0,1,0,0,0
KonIQ-10k IQA Database/512x384/3044304939.jpg,0,0,1,0,0,0,1,0,0,0,1,1,0,0,0,0,0,0,0,1
KonIQ-10k IQA Database/512x384/3048478105.jpg,1,0,0,0,0,1,0,0,1,0,0,0,1,0,1,0,0,0,0,0
KonIQ-10k IQA Database/512x384/3043517594.jpg,1,0,0,0,0,1,0,0,1,0,0,0,1,0,0,1,0,0,0,0
KonIQ-10k IQA Database/512x384/3048498691.jpg,0,1,0,0,0,0,1,0,0,0,1,1,0,0,0,0,0,0,0,1
KonIQ-10k IQA Database/512x384/3047954017.jpg,1,0,0,0,0,1,0,0,1,0,0,0,1,0,0,0,0,1,0,0
KonIQ-10k IQA Database/512x384/3048643650.jpg,0,0,1,0,0,0,1,0,0,0,1,1,0,0,0,0,0,0,0,1
KonIQ-10k IQA Database/512x384/3050837263.jpg,0,0,0,0,1,1,0,0,1,0,0,1,0,0,0,0,0,0,0,1
KonIQ-10k IQA Database/512x384/3049913075.jpg,0,0,1,0,0,0,1,0,0,1,0,1,0,0,0,0,0,0,0,1
KonIQ-10k IQA Database/512x384/304760277.jpg,0,1,0,0,0,1,0,0,1,0,0,1,0,0,1,1,0,0,0,0
KonIQ-10k IQA Database/512x384/3051112804.jpg,0,0,0,0,1,0,0,0,0,0,1,1,0,0,0,0,0,0,0,1
KonIQ-10k IQA Database/512x384/3054217306.jpg,0,0,0,0,1,0,1,0,0,0,1,1,0,0,0,1,0,0,0,0
KonIQ-10k IQA Database/512x384/3052939128.jpg,0,0,0,0,1,0,1,0,1,0,0,1,0,0,0,0,0,0,0,1
KonIQ-10k IQA Database/512x384/3051623040.jpg,0,0,1,0,0,0,1,0,0,1,0,1,0,0,0,0,1,0,0,0
KonIQ-10k IQA Database/512x384/3059406578.jpg,0,0,0,0,1,0,1,0,0,0,1,0,0,1,1,0,0,0,0,0
KonIQ-10k IQA Database/512x384/306315468.jpg,0,0,1,0,0,0,1,0,1,0,0,0,1,0,0,0,1,0,0,0
KonIQ-10k IQA Database/512x384/306264588.jpg,0,0,1,0,0,0,1,0,0,0,1,0,1,0,0,0,1,0,0,0
KonIQ-10k IQA Database/512x384/3067436148.jpg,0,0,1,0,0,0,1,0,0,0,1,1,0,0,0,0,0,0,0,1
KonIQ-10k IQA Database/512x384/306909339.jpg,0,0,1,0,0,0,1,0,0,0,1,1,0,0,0,0,0,0,0,1
KonIQ-10k IQA Database/512x384/3070894795.jpg,0,0,1,0,0,0,1,0,0,0,1,1,0,0,0,0,0,0,0,1
KonIQ-10k IQA Database/512x384/3069379747.jpg,1,0,0,0,0,1,0,0,0,1,0,1,0,0,0,1,0,0,1,0
KonIQ-10k IQA Database/512x384/3072804517.jpg,0,0,0,0,1,1,0,0,0,1,0,1,0,0,0,0,0,0,1,0
KonIQ-10k IQA Database/512x384/3068655528.jpg,0,0,0,0,1,0,1,0,0,1,0,1,0,0,0,0,0,0,0,1
KonIQ-10k IQA Database/512x384/3071201670.jpg,0,1,0,0,0,0,1,0,0,0,1,1,0,0,0,0,0,0,0,1
KonIQ-10k IQA Database/512x384/3067455040.jpg,0,0,1,0,0,0,1,0,0,0,1,1,0,0,0,0,0,0,0,1
KonIQ-10k IQA Database/512x384/3073021963.jpg,0,0,1,0,0,0,1,0,0,0,1,1,0,0,0,0,1,0,0,0
KonIQ-10k IQA Database/512x384/3073780494.jpg,0,0,1,0,0,0,1,0,0,0,1,1,0,0,0,0,1,0,0,0
KonIQ-10k IQA Database/512x384/3074454678.jpg,0,0,1,0,0,0,1,0,0,1,0,1,0,0,0,0,0,0,0,1
KonIQ-10k IQA Database/512x384/3075864902.jpg,0,0,1,0,0,0,1,0,1,0,0,1,0,0,0,0,0,0,0,1
KonIQ-10k IQA Database/512x384/3073970642.jpg,0,0,1,0,0,0,1,0,0,1,0,1,0,0,0,0,1,0,0,0
KonIQ-10k IQA Database/512x384/3076588969.jpg,1,0,0,0,0,0,1,0,0,0,1,1,0,0,0,1,0,0,0,0
KonIQ-10k IQA Database/512x384/3077228870.jpg,0,0,1,0,0,0,1,0,0,0,1,0,1,0,0,0,0,0,0,1
KonIQ-10k IQA Database/512x384/307525026.jpg,1,0,0,0,0,0,0,0,0,0,1,1,0,0,0,1,0,0,0,0
KonIQ-10k IQA Database/512x384/3077626117.jpg,0,0,0,0,1,0,1,0,0,0,1,1,0,0,0,0,0,0,0,1
KonIQ-10k IQA Database/512x384/3077416434.jpg,0,0,1,0,0,0,1,0,0,1,0,1,0,0,0,0,0,0,0,1
KonIQ-10k IQA Database/512x384/3078114304.jpg,0,1,0,0,0,0,1,0,0,0,1,0,0,1,0,0,0,0,0,1
KonIQ-10k IQA Database/512x384/3078217018.jpg,0,0,1,0,0,1,0,0,1,0,0,1,0,0,0,0,0,0,0,1
KonIQ-10k IQA Database/512x384/3078720945.jpg,0,0,0,0,1,0,1,0,0,0,1,1,0,0,0,0,0,0,0,1
KonIQ-10k IQA Database/512x384/3084860790.jpg,0,0,1,0,0,0,1,0,0,0,1,1,0,0,0,0,0,0,0,1
KonIQ-10k IQA Database/512x384/3086003946.jpg,0,0,0,0,1,0,1,0,1,0,0,1,0,0,0,0,0,0,0,1
KonIQ-10k IQA Database/512x384/3085307148.jpg,0,0,0,0,1,0,1,0,0,1,0,0,1,0,0,0,0,0,0,1
KonIQ-10k IQA Database/512x384/3087855667.jpg,0,0,1,0,0,0,1,0,0,1,0,1,0,0,0,0,0,0,0,1
KonIQ-10k IQA Database/512x384/3084516747.jpg,1,0,0,0,0,1,0,0,0,1,0,1,0,0,0,0,0,1,0,0
KonIQ-10k IQA Database/512x384/3090534929.jpg,0,0,1,0,0,0,1,0,0,1,0,1,0,0,0,0,1,0,0,0
KonIQ-10k IQA Database/512x384/3092999912.jpg,0,0,0,0,1,0,1,0,0,0,1,1,0,0,0,0,0,0,0,1
KonIQ-10k IQA Database/512x384/3091624267.jpg,0,0,0,0,1,0,1,0,0,0,1,0,0,1,0,0,0,0,0,1
KonIQ-10k IQA Database/512x384/3093374173.jpg,0,0,1,0,0,0,1,0,0,1,0,1,0,0,0,0,0,0,0,1
KonIQ-10k IQA Database/512x384/3094978642.jpg,0,0,0,0,1,1,0,0,0,1,0,1,0,0,0,0,0,1,0,0
KonIQ-10k IQA Database/512x384/3093435000.jpg,0,0,1,0,0,0,1,0,0,1,0,1,0,0,0,0,1,0,0,0
KonIQ-10k IQA Database/512x384/3100238639.jpg,0,0,1,0,0,0,1,0,0,0,1,1,0,0,0,0,0,0,0,1
KonIQ-10k IQA Database/512x384/3099787122.jpg,0,1,0,0,0,1,0,0,0,1,0,1,0,0,1,1,0,0,0,0
KonIQ-10k IQA Database/512x384/3094633355.jpg,0,0,0,0,1,0,1,0,0,0,1,0,0,0,0,0,0,0,0,1
KonIQ-10k IQA Database/512x384/3100436628.jpg,0,1,0,0,0,0,1,0,0,0,1,0,1,0,0,1,0,0,0,0
KonIQ-10k IQA Database/512x384/3102411945.jpg,1,0,0,0,0,1,0,0,0,1,0,1,0,0,0,1,0,0,0,0
KonIQ-10k IQA Database/512x384/3105942236.jpg,0,0,1,0,0,0,1,0,0,1,0,1,0,0,0,0,0,0,1,0
KonIQ-10k IQA Database/512x384/3102604471.jpg,0,0,1,0,0,0,1,0,0,1,0,1,0,0,0,0,0,0,0,1
KonIQ-10k IQA Database/512x384/310467976.jpg,1,0,0,0,0,1,0,0,1,0,0,1,0,0,0,1,0,0,0,0
KonIQ-10k IQA Database/512x384/3106852276.jpg,1,0,0,0,0,1,0,0,1,0,0,0,1,0,0,1,0,0,0,0
KonIQ-10k IQA Database/512x384/3105967281.jpg,0,0,1,0,0,0,1,0,0,1,0,0,0,1,0,0,1,0,0,0
KonIQ-10k IQA Database/512x384/3108798537.jpg,0,0,0,1,0,0,1,0,0,1,0,1,0,0,0,0,1,0,0,0
KonIQ-10k IQA Database/512x384/3107236272.jpg,0,0,0,0,1,0,0,0,0,0,1,0,0,1,0,0,0,0,0,1
KonIQ-10k IQA Database/512x384/3108925603.jpg,0,0,0,0,1,1,0,0,1,0,0,0,1,0,1,1,0,0,0,0
KonIQ-10k IQA Database/512x384/3107928091.jpg,0,0,1,0,0,0,1,0,0,0,1,1,0,0,0,0,0,0,0,1
KonIQ-10k IQA Database/512x384/3109733480.jpg,1,0,0,0,0,1,0,0,1,0,0,1,0,0,0,1,0,0,0,0
KonIQ-10k IQA Database/512x384/3109009017.jpg,0,0,0,0,1,0,0,0,0,0,1,1,0,0,0,0,0,0,0,1
KonIQ-10k IQA Database/512x384/3112707699.jpg,1,0,0,0,0,0,0,0,0,0,1,0,0,1,0,0,0,0,0,1
KonIQ-10k IQA Database/512x384/3112828024.jpg,0,0,0,0,1,1,0,0,1,0,0,1,0,0,0,0,0,0,0,1
KonIQ-10k IQA Database/512x384/3111479555.jpg,0,0,1,0,0,0,1,0,0,1,0,1,0,0,0,0,1,0,0,0
KonIQ-10k IQA Database/512x384/3114317948.jpg,1,0,0,0,0,1,0,0,1,0,0,1,0,0,0,0,0,0,1,0
KonIQ-10k IQA Database/512x384/3115284513.jpg,0,0,0,0,1,0,1,0,0,0,1,1,0,0,0,0,0,0,0,1
KonIQ-10k IQA Database/512x384/31145385.jpg,1,0,0,0,0,1,0,0,0,1,0,1,0,0,0,1,0,0,0,0
KonIQ-10k IQA Database/512x384/3115128591.jpg,0,0,1,0,0,0,1,0,0,0,1,1,0,0,0,0,0,0,0,1
KonIQ-10k IQA Database/512x384/3117729596.jpg,0,0,1,0,0,0,1,0,0,1,0,1,0,0,0,0,0,0,0,1
KonIQ-10k IQA Database/512x384/3117619556.jpg,0,0,1,0,0,0,1,0,0,1,0,1,0,0,0,0,0,0,0,1
KonIQ-10k IQA Database/512x384/3115828038.jpg,0,0,0,0,1,0,1,0,0,0,1,0,1,0,0,0,1,0,0,0
KonIQ-10k IQA Database/512x384/3118054377.jpg,0,0,1,0,0,0,0,0,0,1,0,1,0,0,0,0,0,0,0,1
KonIQ-10k IQA Database/512x384/3116503568.jpg,0,1,0,0,0,0,1,0,0,0,1,0,1,0,0,0,0,0,0,1
KonIQ-10k IQA Database/512x384/3118439925.jpg,0,0,0,1,0,1,0,0,0,1,0,1,0,0,0,0,0,0,0,1
KonIQ-10k IQA Database/512x384/3120415423.jpg,0,0,1,0,0,0,1,0,0,0,1,1,0,0,0,0,0,0,0,1
KonIQ-10k IQA Database/512x384/311996877.jpg,0,0,1,0,0,0,1,0,0,0,1,1,0,0,0,0,0,0,0,1
KonIQ-10k IQA Database/512x384/3118885310.jpg,0,0,0,1,0,0,1,0,0,0,1,1,0,0,0,0,0,0,0,1
KonIQ-10k IQA Database/512x384/3124199543.jpg,0,0,0,0,1,0,1,0,0,0,1,1,0,0,0,0,0,0,0,1
KonIQ-10k IQA Database/512x384/3127532138.jpg,0,0,0,0,1,1,0,0,1,0,0,1,0,0,0,0,0,0,0,1
KonIQ-10k IQA Database/512x384/3125804438.jpg,0,0,1,0,0,0,1,0,0,1,0,1,0,0,0,0,1,0,0,0
KonIQ-10k IQA Database/512x384/3121612010.jpg,0,0,0,0,1,1,0,0,0,1,0,1,0,0,0,0,0,0,0,1
KonIQ-10k IQA Database/512x384/312749227.jpg,0,0,0,0,1,1,0,0,0,1,0,0,1,0,0,1,0,0,0,0
KonIQ-10k IQA Database/512x384/31286602.jpg,0,1,0,0,0,1,0,0,1,0,0,1,0,0,0,0,0,0,0,1
KonIQ-10k IQA Database/512x384/3129387328.jpg,0,0,1,0,0,0,1,0,0,1,0,1,0,0,0,0,0,0,0,1
KonIQ-10k IQA Database/512x384/3128928410.jpg,1,0,0,0,0,1,0,0,0,1,0,1,0,0,0,0,0,0,0,1
KonIQ-10k IQA Database/512x384/3130211082.jpg,0,0,1,0,0,1,0,0,1,0,0,1,0,0,0,1,0,0,0,0
KonIQ-10k IQA Database/512x384/3131665013.jpg,0,0,1,0,0,0,1,0,0,1,0,1,0,0,0,0,0,0,0,1
KonIQ-10k IQA Database/512x384/3129647217.jpg,0,0,0,1,0,0,1,0,1,0,0,1,0,0,0,0,0,0,0,1
KonIQ-10k IQA Database/512x384/3130276162.jpg,1,0,0,0,0,0,1,0,0,0,1,1,0,0,0,0,0,0,1,0
KonIQ-10k IQA Database/512x384/3132046766.jpg,0,0,1,0,0,0,1,0,1,0,0,1,0,0,0,0,0,0,0,1
KonIQ-10k IQA Database/512x384/3132085493.jpg,0,1,0,0,0,1,0,0,0,1,0,0,1,0,1,1,0,0,0,0
KonIQ-10k IQA Database/512x384/3132104449.jpg,0,1,0,0,0,1,0,0,1,0,0,1,0,0,0,0,1,0,0,0
KonIQ-10k IQA Database/512x384/313650765.jpg,0,0,1,0,0,0,1,0,0,1,0,1,0,0,0,0,0,0,0,1
KonIQ-10k IQA Database/512x384/3132669524.jpg,0,0,1,0,0,0,1,0,0,1,0,1,0,0,0,0,0,0,0,1
KonIQ-10k IQA Database/512x384/3136368482.jpg,0,0,1,0,0,0,1,0,0,1,0,1,0,0,0,0,0,0,0,1
KonIQ-10k IQA Database/512x384/313424539.jpg,1,0,0,0,0,1,0,0,0,1,0,1,0,0,0,1,0,0,0,0
KonIQ-10k IQA Database/512x384/3138088232.jpg,0,0,1,0,0,0,1,0,0,1,0,0,1,0,0,0,1,0,0,0
KonIQ-10k IQA Database/512x384/313550822.jpg,0,0,0,0,1,1,0,0,1,0,0,1,0,0,0,0,0,0,0,1
KonIQ-10k IQA Database/512x384/3137057232.jpg,0,0,1,0,0,0,1,0,0,0,1,1,0,0,0,0,1,0,0,0
KonIQ-10k IQA Database/512x384/3138790639.jpg,0,0,1,0,0,0,1,0,0,1,0,1,0,0,0,0,0,0,0,1
KonIQ-10k IQA Database/512x384/3141055360.jpg,0,0,0,0,1,0,1,0,0,1,0,0,0,1,0,1,0,0,0,0
KonIQ-10k IQA Database/512x384/3142311257.jpg,0,0,1,0,0,0,1,0,0,1,0,1,0,0,0,0,1,0,0,0
KonIQ-10k IQA Database/512x384/3141860810.jpg,0,0,0,0,1,0,1,0,1,0,0,1,0,0,0,0,0,0,0,1
KonIQ-10k IQA Database/512x384/3146477274.jpg,1,0,0,0,0,1,0,0,1,0,0,0,1,0,0,1,0,0,1,0
KonIQ-10k IQA Database/512x384/3147028593.jpg,0,0,1,0,0,0,1,0,0,0,1,0,1,0,0,0,0,0,0,1
KonIQ-10k IQA Database/512x384/3146365512.jpg,0,0,1,0,0,0,1,0,0,1,0,0,1,0,0,0,0,0,0,1
KonIQ-10k IQA Database/512x384/3147348702.jpg,0,0,0,0,1,0,1,0,1,0,0,1,0,0,0,0,0,0,0,1
KonIQ-10k IQA Database/512x384/3147416579.jpg,0,1,0,0,0,0,1,0,1,0,0,1,0,0,0,0,0,0,0,1
KonIQ-10k IQA Database/512x384/3146801905.jpg,1,0,0,0,0,0,1,0,0,0,1,1,0,0,0,1,0,0,0,0
KonIQ-10k IQA Database/512x384/3147927973.jpg,0,0,0,0,1,1,0,0,0,1,0,0,0,1,0,1,0,0,1,0
KonIQ-10k IQA Database/512x384/3148698494.jpg,0,0,1,0,0,0,1,0,0,1,0,1,0,0,0,0,0,0,0,1
KonIQ-10k IQA Database/512x384/31490353.jpg,0,0,0,0,1,1,0,0,1,0,0,0,0,1,0,1,0,0,1,0
KonIQ-10k IQA Database/512x384/3149433848.jpg,0,0,1,0,0,0,1,0,0,1,0,1,0,0,0,0,0,0,0,1
KonIQ-10k IQA Database/512x384/3150334576.jpg,0,1,0,0,0,1,0,0,0,1,0,1,0,0,0,0,0,0,0,1
KonIQ-10k IQA Database/512x384/3147925879.jpg,1,0,0,0,0,1,0,0,0,1,0,0,0,1,0,0,0,0,0,1
KonIQ-10k IQA Database/512x384/31503345765.jpg,0,1,0,0,0,1,0,0,0,1,0,0,1,0,0,0,0,0,0,1
KonIQ-10k IQA Database/512x384/3154948821.jpg,0,0,1,0,0,0,1,0,0,1,0,1,0,0,0,0,0,0,0,1
KonIQ-10k IQA Database/512x384/3152357796.jpg,0,0,0,0,1,0,1,0,0,1,0,1,0,0,0,0,0,0,0,1
KonIQ-10k IQA Database/512x384/3156288845.jpg,0,0,0,1,0,1,0,0,0,1,0,1,0,0,0,0,0,0,0,1
KonIQ-10k IQA Database/512x384/3154777716.jpg,0,0,0,0,1,0,0,0,0,1,0,1,0,0,0,0,0,0,0,1
KonIQ-10k IQA Database/512x384/3157055534.jpg,0,0,1,0,0,0,1,0,0,0,1,0,1,0,0,0,1,0,0,0
KonIQ-10k IQA Database/512x384/3157096755.jpg,0,0,0,1,0,0,1,0,0,1,0,0,1,0,0,0,1,0,0,0
KonIQ-10k IQA Database/512x384/3157335389.jpg,1,0,0,0,0,1,0,0,0,1,0,0,0,1,0,1,0,0,0,0
KonIQ-10k IQA Database/512x384/3159188052.jpg,0,0,0,1,0,1,0,0,0,1,0,1,0,0,0,0,1,0,0,0
KonIQ-10k IQA Database/512x384/3158477442.jpg,0,0,1,0,0,0,1,0,0,0,1,0,1,0,0,0,0,0,0,1
KonIQ-10k IQA Database/512x384/3158018696.jpg,0,0,1,0,0,0,1,0,0,0,1,1,0,0,0,0,1,0,0,0
KonIQ-10k IQA Database/512x384/3162134277.jpg,0,0,1,0,0,0,1,0,0,0,1,0,1,0,0,0,0,0,0,1
KonIQ-10k IQA Database/512x384/3161274755.jpg,0,1,0,0,0,1,0,0,1,0,0,1,0,0,1,0,0,0,1,0
KonIQ-10k IQA Database/512x384/3165807292.jpg,0,0,0,0,1,1,0,0,1,0,0,1,0,0,1,0,0,0,0,0
KonIQ-10k IQA Database/512x384/3164597811.jpg,0,0,1,0,0,0,1,0,1,0,0,1,0,0,0,0,0,0,0,1
KonIQ-10k IQA Database/512x384/3164921799.jpg,1,0,0,0,0,1,0,0,0,1,0,1,0,0,0,0,0,1,1,0
KonIQ-10k IQA Database/512x384/316618516.jpg,0,0,0,1,0,0,1,0,0,0,1,1,0,0,0,0,1,0,0,0
KonIQ-10k IQA Database/512x384/3168536494.jpg,0,0,1,0,0,0,1,0,0,1,0,1,0,0,1,0,0,0,0,0
KonIQ-10k IQA Database/512x384/3170684406.jpg,0,1,0,0,0,1,0,0,0,0,1,0,1,0,0,1,0,0,1,0
KonIQ-10k IQA Database/512x384/3169607082.jpg,0,0,1,0,0,0,1,0,0,0,1,0,1,0,0,0,0,0,0,1
KonIQ-10k IQA Database/512x384/3174536924.jpg,0,0,0,0,1,0,1,0,0,0,1,1,0,0,0,0,0,0,0,1
KonIQ-10k IQA Database/512x384/3172797742.jpg,0,1,0,0,0,1,0,0,0,1,0,1,0,0,1,0,0,0,1,0
KonIQ-10k IQA Database/512x384/3175529254.jpg,0,0,0,1,0,0,1,0,1,0,0,1,0,0,0,0,1,0,0,0
KonIQ-10k IQA Database/512x384/3171148345.jpg,0,0,1,0,0,0,1,0,0,1,0,1,0,0,0,0,0,0,0,1
KonIQ-10k IQA Database/512x384/3166870228.jpg,0,0,1,0,0,0,1,0,0,1,0,1,0,0,0,0,0,0,1,0
KonIQ-10k IQA Database/512x384/3177560540.jpg,0,0,0,0,1,1,0,0,1,0,0,0,0,1,1,0,0,0,0,0
KonIQ-10k IQA Database/512x384/3175555002.jpg,0,0,1,0,0,0,1,0,0,0,1,1,0,0,0,0,0,0,0,1
KonIQ-10k IQA Database/512x384/3176625404.jpg,0,1,0,0,0,0,1,0,0,0,1,1,0,0,0,0,0,0,0,1
KonIQ-10k IQA Database/512x384/3178336001.jpg,0,0,1,0,0,0,1,0,0,1,0,0,1,0,0,0,1,0,0,0
KonIQ-10k IQA Database/512x384/3177839887.jpg,0,0,0,0,1,1,0,0,1,0,0,0,1,0,0,1,1,0,0,0
KonIQ-10k IQA Database/512x384/3178679066.jpg,0,0,0,0,1,1,0,0,1,0,0,1,0,0,0,1,0,0,0,0
KonIQ-10k IQA Database/512x384/3183550454.jpg,0,0,1,0,0,0,1,0,0,0,1,0,1,0,0,0,1,0,0,0
KonIQ-10k IQA Database/512x384/3183852879.jpg,0,0,0,1,0,0,1,0,0,1,0,1,0,0,0,0,1,0,0,0
KonIQ-10k IQA Database/512x384/3184407773.jpg,0,0,1,0,0,0,1,0,0,0,1,1,0,0,0,0,0,0,0,1
KonIQ-10k IQA Database/512x384/318700026.jpg,0,0,1,0,0,1,0,0,1,0,0,1,0,0,0,0,0,0,0,1
KonIQ-10k IQA Database/512x384/3184831791.jpg,0,0,1,0,0,0,1,0,0,0,1,1,0,0,0,0,0,0,0,1
KonIQ-10k IQA Database/512x384/3187135828.jpg,0,0,1,0,0,0,1,0,0,1,0,1,0,0,0,0,0,0,0,1
KonIQ-10k IQA Database/512x384/3188292993.jpg,0,1,0,0,0,1,0,0,1,0,0,1,0,0,1,0,0,0,0,0
KonIQ-10k IQA Database/512x384/3190025525.jpg,0,0,1,0,0,0,1,0,0,1,0,1,0,0,0,0,0,0,0,1
KonIQ-10k IQA Database/512x384/3187350017.jpg,0,0,0,0,1,1,0,0,0,1,0,1,0,0,0,0,0,0,0,1
KonIQ-10k IQA Database/512x384/3191275443.jpg,0,0,1,0,0,0,1,0,0,1,0,1,0,0,0,0,0,0,0,1
KonIQ-10k IQA Database/512x384/3189407345.jpg,0,0,1,0,0,0,1,0,0,1,0,0,1,0,0,0,1,0,0,0
KonIQ-10k IQA Database/512x384/3193120688.jpg,0,0,1,0,0,1,0,0,1,0,0,1,0,0,0,0,0,0,0,1
KonIQ-10k IQA Database/512x384/3188930402.jpg,1,0,0,0,0,1,0,0,0,1,0,0,1,0,0,0,0,1,1,0
KonIQ-10k IQA Database/512x384/3194036363.jpg,1,0,0,0,0,1,0,0,0,1,0,0,1,0,1,0,1,0,1,0
KonIQ-10k IQA Database/512x384/3194756721.jpg,0,0,0,0,1,1,0,0,1,0,0,1,0,0,1,0,0,0,0,0
KonIQ-10k IQA Database/512x384/3194726912.jpg,1,0,0,0,0,1,0,0,1,0,0,1,0,0,0,0,0,0,1,0
KonIQ-10k IQA Database/512x384/3195516092.jpg,1,0,0,0,0,1,0,0,1,0,0,0,1,0,0,1,0,1,0,0
KonIQ-10k IQA Database/512x384/319557469.jpg,0,0,1,0,0,0,1,0,0,1,0,1,0,0,0,0,0,0,0,1
KonIQ-10k IQA Database/512x384/3199733593.jpg,0,0,0,0,1,0,1,0,0,1,0,1,0,0,0,1,0,0,0,0
KonIQ-10k IQA Database/512x384/3201560837.jpg,0,0,1,0,0,0,1,0,0,1,0,1,0,0,0,0,1,0,0,0
KonIQ-10k IQA Database/512x384/3201827278.jpg,0,0,0,1,0,0,1,0,0,1,0,1,0,0,0,0,1,0,0,0
KonIQ-10k IQA Database/512x384/3197293330.jpg,0,1,0,0,0,1,0,0,0,1,0,1,0,0,0,0,0,0,0,1
KonIQ-10k IQA Database/512x384/3204890107.jpg,0,0,1,0,0,0,1,0,0,0,1,0,1,0,0,0,0,0,0,1
KonIQ-10k IQA Database/512x384/3202755866.jpg,1,0,0,0,0,1,0,0,0,1,0,0,1,0,0,1,0,0,0,0
KonIQ-10k IQA Database/512x384/3206894685.jpg,1,0,0,0,0,1,0,0,0,1,0,1,0,0,0,0,0,0,1,0
KonIQ-10k IQA Database/512x384/3206140446.jpg,0,0,0,0,1,1,0,0,1,0,0,0,1,0,1,1,0,0,0,0
KonIQ-10k IQA Database/512x384/3207112247.jpg,0,0,0,0,1,0,0,0,0,0,1,1,0,0,0,0,0,0,0,1
KonIQ-10k IQA Database/512x384/3206690420.jpg,1,0,0,0,0,1,0,0,1,0,0,0,1,0,0,1,0,0,1,0
KonIQ-10k IQA Database/512x384/3207463467.jpg,0,0,0,0,1,1,0,0,1,0,0,1,0,0,0,0,0,0,1,0
KonIQ-10k IQA Database/512x384/3207613793.jpg,0,0,1,0,0,0,1,0,0,0,1,1,0,0,0,0,1,0,0,0
KonIQ-10k IQA Database/512x384/3207975884.jpg,0,0,0,0,1,1,0,0,0,1,0,0,1,0,0,0,1,0,1,0
KonIQ-10k IQA Database/512x384/320987228.jpg,1,0,0,0,0,1,0,0,0,1,0,1,0,0,0,0,0,1,0,0
KonIQ-10k IQA Database/512x384/3208711501.jpg,0,0,0,0,1,1,0,0,1,0,0,0,0,1,1,0,0,0,0,0
KonIQ-10k IQA Database/512x384/322036819.jpg,0,0,1,0,0,0,1,0,0,0,1,0,1,0,0,0,1,0,0,0
KonIQ-10k IQA Database/512x384/3217227849.jpg,0,0,0,0,1,1,0,0,0,1,0,0,0,1,1,0,0,0,0,0
KonIQ-10k IQA Database/512x384/322245825.jpg,0,0,0,0,1,1,0,0,1,0,0,0,1,0,1,0,0,0,0,0
KonIQ-10k IQA Database/512x384/3210385990.jpg,1,0,0,0,0,1,0,0,1,0,0,0,1,0,1,1,1,0,0,0
KonIQ-10k IQA Database/512x384/3207927028.jpg,0,0,1,0,0,0,1,0,0,1,0,1,0,0,0,0,1,0,0,0
KonIQ-10k IQA Database/512x384/3220921320.jpg,0,0,1,0,0,0,0,0,0,0,1,1,0,0,0,0,0,0,0,1
KonIQ-10k IQA Database/512x384/3222932292.jpg,1,0,0,0,0,1,0,0,0,1,0,0,1,0,0,1,0,0,0,0
KonIQ-10k IQA Database/512x384/3224700403.jpg,1,0,0,0,0,1,0,0,0,1,0,0,1,0,0,0,0,0,1,0
KonIQ-10k IQA Database/512x384/3224295308.jpg,0,1,0,0,0,0,1,0,0,0,1,1,0,0,0,0,0,0,0,1
KonIQ-10k IQA Database/512x384/3225818665.jpg,0,1,0,0,0,0,1,0,0,0,1,0,0,1,0,1,0,0,0,0
KonIQ-10k IQA Database/512x384/3225993642.jpg,0,0,1,0,0,0,1,0,0,1,0,1,0,0,0,0,0,0,0,1
KonIQ-10k IQA Database/512x384/3228786952.jpg,1,0,0,0,0,1,0,0,0,0,1,0,0,1,0,0,0,1,0,0
KonIQ-10k IQA Database/512x384/3226455393.jpg,0,0,1,0,0,0,1,0,0,1,0,1,0,0,0,0,0,0,0,1
KonIQ-10k IQA Database/512x384/3228957282.jpg,0,0,1,0,0,0,1,0,0,1,0,1,0,0,0,0,0,0,1,0
KonIQ-10k IQA Database/512x384/3231616959.jpg,0,0,0,0,1,0,0,0,0,1,0,1,0,0,0,0,0,0,0,1
KonIQ-10k IQA Database/512x384/323268149.jpg,0,0,0,0,1,1,0,0,1,0,0,0,1,0,0,0,0,0,1,0
KonIQ-10k IQA Database/512x384/3230042702.jpg,0,0,1,0,0,0,1,0,0,1,0,1,0,0,0,0,0,0,0,1
KonIQ-10k IQA Database/512x384/3230415578.jpg,0,0,1,0,0,0,1,0,0,1,0,1,0,0,0,0,0,0,0,1
KonIQ-10k IQA Database/512x384/3233213622.jpg,0,0,1,0,0,0,1,0,0,1,0,1,0,0,0,0,0,0,0,1
KonIQ-10k IQA Database/512x384/323541643.jpg,0,0,0,0,1,0,1,0,0,0,1,1,0,0,0,0,0,0,0,1
KonIQ-10k IQA Database/512x384/3235296899.jpg,0,0,1,0,0,0,1,0,0,1,0,1,0,0,0,0,1,0,0,0
KonIQ-10k IQA Database/512x384/3241749396.jpg,0,0,0,0,1,0,1,0,1,0,0,1,0,0,0,0,0,0,0,1
KonIQ-10k IQA Database/512x384/3238163707.jpg,0,0,1,0,0,0,1,0,0,1,0,1,0,0,0,0,0,0,0,1
KonIQ-10k IQA Database/512x384/3241852622.jpg,0,0,0,1,0,0,1,0,0,0,1,1,0,0,0,0,0,0,0,1
KonIQ-10k IQA Database/512x384/324220404.jpg,0,0,0,0,1,1,0,0,1,0,0,1,0,0,0,1,0,0,0,0
KonIQ-10k IQA Database/512x384/3241859937.jpg,0,0,1,0,0,0,1,0,1,0,0,1,0,0,0,0,0,0,0,1
KonIQ-10k IQA Database/512x384/324339500.jpg,0,0,1,0,0,0,1,0,0,1,0,1,0,0,0,0,0,0,0,1
KonIQ-10k IQA Database/512x384/3243501762.jpg,0,0,1,0,0,0,1,0,0,0,1,0,1,0,0,0,0,0,0,1
KonIQ-10k IQA Database/512x384/3243513416.jpg,0,0,1,0,0,0,1,0,1,0,0,1,0,0,0,0,0,0,0,1
KonIQ-10k IQA Database/512x384/3244463289.jpg,0,0,1,0,0,0,1,0,1,0,0,1,0,0,0,0,0,0,0,1
KonIQ-10k IQA Database/512x384/3245550884.jpg,0,0,0,0,1,1,0,0,1,0,0,0,1,0,0,0,1,0,0,0
KonIQ-10k IQA Database/512x384/324712422.jpg,1,0,0,0,0,1,0,0,0,1,0,1,0,0,0,1,0,0,0,0
KonIQ-10k IQA Database/512x384/3247694646.jpg,0,0,0,0,1,1,0,0,0,1,0,0,0,1,0,0,0,0,1,0
KonIQ-10k IQA Database/512x384/3247974707.jpg,1,0,0,0,0,1,0,0,0,1,0,0,0,1,0,0,0,0,1,0
KonIQ-10k IQA Database/512x384/3248930020.jpg,0,1,0,0,0,0,1,0,0,0,1,0,1,0,0,0,0,0,1,0
KonIQ-10k IQA Database/512x384/3251401307.jpg,0,0,1,0,0,0,1,0,0,0,1,1,0,0,0,0,1,0,0,0
KonIQ-10k IQA Database/512x384/3248976854.jpg,0,0,0,0,1,0,1,0,1,0,0,1,0,0,0,0,0,0,0,1
KonIQ-10k IQA Database/512x384/3250381402.jpg,1,0,0,0,0,1,0,0,0,0,1,0,0,1,0,0,0,0,1,0
KonIQ-10k IQA Database/512x384/3250534214.jpg,0,0,0,0,1,0,1,0,0,0,1,0,0,1,0,0,0,0,0,1
KonIQ-10k IQA Database/512x384/325223545.jpg,0,0,0,0,1,1,0,0,1,0,0,1,0,0,1,0,0,0,0,0
KonIQ-10k IQA Database/512x384/325203196.jpg,1,0,0,0,0,0,0,0,0,0,1,0,0,1,0,0,0,0,0,1
KonIQ-10k IQA Database/512x384/3252078614.jpg,0,0,1,0,0,0,1,0,0,0,1,0,1,0,0,0,1,0,0,0
KonIQ-10k IQA Database/512x384/3254444597.jpg,0,1,0,0,0,1,0,0,1,0,0,1,0,0,1,0,0,0,0,0
KonIQ-10k IQA Database/512x384/325296963.jpg,0,0,0,0,1,0,0,0,0,1,0,1,0,0,0,0,0,0,0,1
KonIQ-10k IQA Database/512x384/3254432034.jpg,0,0,0,0,1,0,1,0,0,0,1,1,0,0,0,0,0,0,0,1
KonIQ-10k IQA Database/512x384/3253636665.jpg,1,0,0,0,0,1,0,0,1,0,0,0,1,0,1,1,0,0,0,0
KonIQ-10k IQA Database/512x384/3255665645.jpg,0,0,1,0,0,0,0,1,1,0,0,0,1,0,0,0,0,0,0,1
KonIQ-10k IQA Database/512x384/3256723994.jpg,0,0,1,0,0,0,1,0,1,0,0,1,0,0,0,0,0,0,0,1
KonIQ-10k IQA Database/512x384/3253020934.jpg,0,0,1,0,0,0,1,0,0,1,0,1,0,0,0,0,0,0,0,1
KonIQ-10k IQA Database/512x384/3256967457.jpg,0,0,1,0,0,0,1,0,0,0,1,1,0,0,0,0,0,0,0,1
KonIQ-10k IQA Database/512x384/3258938541.jpg,0,1,0,0,0,1,0,0,0,1,0,0,1,0,0,1,0,0,0,0
KonIQ-10k IQA Database/512x384/3258713133.jpg,0,0,1,0,0,0,1,0,0,0,1,1,0,0,0,0,1,0,0,0
KonIQ-10k IQA Database/512x384/3259283855.jpg,0,0,1,0,0,0,1,0,0,1,0,1,0,0,0,0,0,0,0,1
KonIQ-10k IQA Database/512x384/3259319485.jpg,0,0,1,0,0,0,1,0,1,0,0,1,0,0,0,0,0,0,0,1
KonIQ-10k IQA Database/512x384/3260332459.jpg,0,1,0,0,0,0,1,0,0,0,1,0,1,0,0,0,0,0,0,1
KonIQ-10k IQA Database/512x384/3261304564.jpg,0,0,0,0,1,0,1,0,0,1,0,1,0,0,0,0,0,0,0,1
KonIQ-10k IQA Database/512x384/3260477963.jpg,0,0,1,0,0,0,1,0,0,1,0,1,0,0,0,0,0,0,0,1
KonIQ-10k IQA Database/512x384/3261123302.jpg,1,0,0,0,0,1,0,0,0,1,0,0,1,0,0,1,0,0,0,0
KonIQ-10k IQA Database/512x384/326195053.jpg,0,0,0,0,1,0,1,0,0,0,1,0,1,0,0,0,0,0,0,1
KonIQ-10k IQA Database/512x384/3261536707.jpg,0,0,1,0,0,0,1,0,0,0,1,1,0,0,0,0,0,0,0,1
KonIQ-10k IQA Database/512x384/3265568572.jpg,1,0,0,0,0,1,0,0,1,0,0,0,1,0,1,0,1,1,0,0
KonIQ-10k IQA Database/512x384/3273769271.jpg,0,0,1,0,0,0,1,0,1,0,0,1,0,0,0,1,0,0,0,0
KonIQ-10k IQA Database/512x384/3272637437.jpg,0,0,0,0,1,1,0,0,0,1,0,1,0,0,0,1,0,0,0,0
KonIQ-10k IQA Database/512x384/3265420201.jpg,1,0,0,0,0,1,0,0,1,0,0,0,1,0,1,0,1,0,0,0
KonIQ-10k IQA Database/512x384/326299244.jpg,0,0,1,0,0,0,1,0,0,0,1,1,0,0,0,0,0,0,0,1
KonIQ-10k IQA Database/512x384/3274581285.jpg,0,0,0,0,1,0,0,0,0,1,0,1,0,0,0,0,0,0,0,1
KonIQ-10k IQA Database/512x384/3275523745.jpg,1,0,0,0,0,1,0,0,1,0,0,1,0,0,0,0,0,0,0,1
KonIQ-10k IQA Database/512x384/3277047132.jpg,0,0,1,0,0,0,1,0,0,1,0,0,1,0,0,1,0,0,0,0
KonIQ-10k IQA Database/512x384/3277064835.jpg,0,0,1,0,0,0,1,0,0,0,1,0,1,0,0,0,1,0,0,0
KonIQ-10k IQA Database/512x384/3277170769.jpg,0,0,0,0,1,0,1,0,1,0,0,1,0,0,0,1,0,0,0,0
KonIQ-10k IQA Database/512x384/3277186380.jpg,0,0,0,0,1,0,1,0,1,0,0,1,0,0,0,0,0,0,0,1
KonIQ-10k IQA Database/512x384/3282770938.jpg,0,0,1,0,0,0,1,0,1,0,0,0,1,0,0,0,1,0,0,0
KonIQ-10k IQA Database/512x384/3285865052.jpg,0,0,1,0,0,0,1,0,0,0,1,1,0,0,0,0,0,0,0,1
KonIQ-10k IQA Database/512x384/3281066235.jpg,1,0,0,0,0,1,0,0,1,0,0,0,1,0,1,0,0,0,1,0
KonIQ-10k IQA Database/512x384/3285723816.jpg,0,0,0,0,1,1,0,0,0,1,0,0,1,0,0,1,1,0,0,0
KonIQ-10k IQA Database/512x384/3289145933.jpg,0,0,0,0,1,1,0,0,1,0,0,0,1,0,1,0,0,0,0,0
KonIQ-10k IQA Database/512x384/3284203868.jpg,0,0,0,1,0,0,1,0,1,0,0,0,1,0,0,0,1,0,0,0
KonIQ-10k IQA Database/512x384/3281012528.jpg,0,0,0,0,1,1,0,0,0,1,0,0,0,1,1,1,1,0,0,0
KonIQ-10k IQA Database/512x384/3288428899.jpg,0,0,0,0,1,0,1,0,0,1,0,1,0,0,0,0,0,0,0,1
KonIQ-10k IQA Database/512x384/3290454927.jpg,0,0,0,1,0,0,1,0,0,1,0,1,0,0,0,0,1,0,1,0
KonIQ-10k IQA Database/512x384/3293762912.jpg,0,0,0,0,1,1,0,0,0,1,0,1,0,0,0,0,0,0,0,1
KonIQ-10k IQA Database/512x384/3294786142.jpg,1,0,0,0,0,1,0,0,1,0,0,0,1,0,1,1,0,0,0,0
KonIQ-10k IQA Database/512x384/3295126634.jpg,0,0,0,0,1,0,1,0,0,0,1,1,0,0,0,0,0,0,0,1
KonIQ-10k IQA Database/512x384/3296835726.jpg,0,0,0,0,1,1,0,0,1,0,0,1,0,0,0,0,0,0,0,1
KonIQ-10k IQA Database/512x384/3297887749.jpg,1,0,0,0,0,1,0,0,1,0,0,0,0,1,0,1,0,0,0,0
KonIQ-10k IQA Database/512x384/3292481650.jpg,0,0,0,1,0,0,1,0,1,0,0,1,0,0,0,0,0,0,0,1
KonIQ-10k IQA Database/512x384/3295438012.jpg,0,0,0,0,1,0,1,0,0,0,1,1,0,0,0,0,1,0,0,0
KonIQ-10k IQA Database/512x384/33000255.jpg,0,0,1,0,0,0,1,0,0,0,1,1,0,0,0,0,1,0,0,0
KonIQ-10k IQA Database/512x384/3301587792.jpg,0,0,0,0,1,1,0,0,0,1,0,1,0,0,0,0,0,0,0,1
KonIQ-10k IQA Database/512x384/3301567767.jpg,0,0,1,0,0,0,1,0,0,1,0,0,1,0,0,0,0,1,0,0
KonIQ-10k IQA Database/512x384/3302975736.jpg,1,0,0,0,0,1,0,0,0,1,0,0,1,0,0,0,0,1,0,0
KonIQ-10k IQA Database/512x384/3303080079.jpg,0,0,0,0,1,0,1,0,1,0,0,1,0,0,0,0,0,0,0,1
KonIQ-10k IQA Database/512x384/3304434529.jpg,0,0,0,0,1,0,1,0,0,1,0,1,0,0,0,0,0,0,0,1
KonIQ-10k IQA Database/512x384/3303907744.jpg,0,0,0,0,1,0,1,0,1,0,0,1,0,0,0,0,0,0,0,1
KonIQ-10k IQA Database/512x384/3305619554.jpg,0,0,0,0,1,1,0,0,1,0,0,0,1,0,0,1,1,1,0,0
KonIQ-10k IQA Database/512x384/3306813341.jpg,0,0,1,0,0,0,1,0,0,1,0,1,0,0,0,0,0,0,0,1
KonIQ-10k IQA Database/512x384/3304800536.jpg,0,0,1,0,0,0,1,0,0,0,1,1,0,0,0,0,0,0,0,1
KonIQ-10k IQA Database/512x384/3305968848.jpg,0,0,1,0,0,0,1,0,0,0,1,1,0,0,0,0,1,0,0,0
KonIQ-10k IQA Database/512x384/3307215666.jpg,0,0,0,0,1,0,1,0,0,0,1,1,0,0,0,0,0,0,0,1
KonIQ-10k IQA Database/512x384/3304676774.jpg,1,0,0,0,0,1,0,0,1,0,0,0,0,1,1,0,0,1,1,0
KonIQ-10k IQA Database/512x384/3308046325.jpg,0,0,0,0,1,0,0,0,1,0,0,1,0,0,0,0,0,0,0,1
KonIQ-10k IQA Database/512x384/3308341801.jpg,0,0,1,0,0,0,1,0,0,0,1,1,0,0,0,0,1,0,0,0
KonIQ-10k IQA Database/512x384/3308768118.jpg,0,0,0,0,1,0,0,0,0,0,1,1,0,0,0,0,0,1,0,0
KonIQ-10k IQA Database/512x384/3309773235.jpg,0,0,0,0,1,0,1,0,0,1,0,0,1,0,0,0,1,0,0,0
KonIQ-10k IQA Database/512x384/3310575214.jpg,0,0,0,0,1,0,1,0,0,1,0,0,1,0,0,0,1,0,0,0
KonIQ-10k IQA Database/512x384/3311728409.jpg,0,0,0,0,1,1,0,0,1,0,0,1,0,0,0,0,0,0,0,1
KonIQ-10k IQA Database/512x384/3310204675.jpg,0,0,1,0,0,0,1,0,0,1,0,1,0,0,0,0,0,1,0,0
KonIQ-10k IQA Database/512x384/3312331811.jpg,0,0,1,0,0,0,1,0,0,0,1,1,0,0,0,0,1,0,0,0
KonIQ-10k IQA Database/512x384/3309384812.jpg,1,0,0,0,0,1,0,0,1,0,0,0,0,1,1,0,0,0,0,0
KonIQ-10k IQA Database/512x384/331340631.jpg,1,0,0,0,0,1,0,0,0,0,1,0,0,1,1,0,0,0,0,0
KonIQ-10k IQA Database/512x384/3314110889.jpg,0,0,1,0,0,0,1,0,0,1,0,1,0,0,0,0,0,0,0,1
KonIQ-10k IQA Database/512x384/3314904869.jpg,0,0,1,0,0,0,1,0,0,1,0,1,0,0,0,0,0,0,0,1
KonIQ-10k IQA Database/512x384/3315237185.jpg,0,0,0,1,0,0,1,0,1,0,0,1,0,0,0,0,0,0,0,1
KonIQ-10k IQA Database/512x384/331406867.jpg,0,0,1,0,0,0,1,0,0,0,1,0,0,1,0,0,1,0,0,0
KonIQ-10k IQA Database/512x384/3320115265.jpg,0,0,1,0,0,1,0,0,1,0,0,1,0,0,0,1,0,0,0,0
KonIQ-10k IQA Database/512x384/3317434594.jpg,1,0,0,0,0,1,0,0,1,0,0,1,0,0,1,1,0,0,0,0
KonIQ-10k IQA Database/512x384/3323033903.jpg,0,0,0,0,1,0,0,0,0,0,1,0,0,1,0,0,0,0,1,0
KonIQ-10k IQA Database/512x384/3315383233.jpg,0,0,0,0,1,0,1,0,0,0,1,1,0,0,0,0,0,0,0,1
KonIQ-10k IQA Database/512x384/332288233.jpg,0,0,1,0,0,0,1,0,0,0,1,1,0,0,0,0,0,0,0,1
KonIQ-10k IQA Database/512x384/3324248317.jpg,0,0,1,0,0,1,0,0,1,0,0,1,0,0,0,0,0,0,0,1
KonIQ-10k IQA Database/512x384/3323937813.jpg,0,1,0,0,0,1,0,0,0,1,0,0,1,0,0,1,0,0,0,0
KonIQ-10k IQA Database/512x384/3324496492.jpg,0,0,1,0,0,0,1,0,0,0,1,1,0,0,0,0,0,0,1,0
KonIQ-10k IQA Database/512x384/3326988489.jpg,0,0,1,0,0,0,1,0,0,1,0,0,1,0,0,0,0,0,0,1
KonIQ-10k IQA Database/512x384/332883741.jpg,0,0,1,0,0,0,1,0,0,1,0,1,0,0,0,0,0,0,0,1
KonIQ-10k IQA Database/512x384/3331414151.jpg,0,0,1,0,0,0,1,0,0,1,0,1,0,0,0,0,0,0,0,1
KonIQ-10k IQA Database/512x384/3329470769.jpg,0,0,1,0,0,1,0,0,1,0,0,1,0,0,0,0,0,0,0,1
KonIQ-10k IQA Database/512x384/3332423009.jpg,0,0,1,0,0,0,1,0,0,1,0,0,1,0,0,0,0,0,0,1
KonIQ-10k IQA Database/512x384/3330470420.jpg,0,0,1,0,0,1,0,0,1,0,0,1,0,0,0,0,0,0,0,1
KonIQ-10k IQA Database/512x384/333145920.jpg,0,0,1,0,0,0,1,0,0,1,0,1,0,0,0,1,0,0,0,0
KonIQ-10k IQA Database/512x384/3333985138.jpg,0,0,0,0,1,0,0,0,0,0,1,0,0,1,0,0,0,0,0,1
KonIQ-10k IQA Database/512x384/3335618194.jpg,1,0,0,0,0,1,0,0,0,1,0,1,0,0,0,0,0,1,1,0
KonIQ-10k IQA Database/512x384/3340734956.jpg,0,0,0,0,1,0,1,0,0,1,0,1,0,0,0,0,1,0,0,0
KonIQ-10k IQA Database/512x384/3338894282.jpg,0,0,0,0,1,1,0,0,0,1,0,1,0,0,0,0,0,0,1,0
KonIQ-10k IQA Database/512x384/3332902834.jpg,0,0,0,0,1,0,1,0,0,0,1,1,0,0,0,0,0,0,0,1
KonIQ-10k IQA Database/512x384/3341085556.jpg,0,0,1,0,0,0,1,0,0,0,1,1,0,0,0,0,1,0,0,0
KonIQ-10k IQA Database/512x384/3343738489.jpg,1,0,0,0,0,1,0,0,0,1,0,1,0,0,0,1,0,0,0,0
KonIQ-10k IQA Database/512x384/3342346685.jpg,0,0,0,0,1,0,0,0,0,0,1,0,0,1,0,0,0,0,0,1
KonIQ-10k IQA Database/512x384/3344016385.jpg,1,0,0,0,0,1,0,0,0,1,0,0,0,1,0,1,0,1,0,0
KonIQ-10k IQA Database/512x384/3347228837.jpg,1,0,0,0,0,1,0,0,1,0,0,0,0,1,1,0,0,0,1,0
KonIQ-10k IQA Database/512x384/3346416285.jpg,0,0,1,0,0,0,1,0,0,0,1,1,0,0,0,0,1,0,0,0
KonIQ-10k IQA Database/512x384/3351610329.jpg,0,0,1,0,0,0,1,0,1,0,0,0,1,0,0,0,1,0,0,0
KonIQ-10k IQA Database/512x384/3351620207.jpg,0,0,1,0,0,0,1,0,0,0,1,0,1,0,0,0,0,0,0,1
KonIQ-10k IQA Database/512x384/3347823880.jpg,0,1,0,0,0,0,1,0,1,0,0,1,0,0,0,0,0,0,0,1
KonIQ-10k IQA Database/512x384/3350005307.jpg,0,0,1,0,0,0,1,0,0,0,1,1,0,0,0,0,0,0,0,1
KonIQ-10k IQA Database/512x384/3355200103.jpg,1,0,0,0,0,1,0,0,1,0,0,1,0,0,0,1,0,0,0,0
KonIQ-10k IQA Database/512x384/3352596853.jpg,0,0,1,0,0,0,1,0,0,0,1,1,0,0,0,0,0,0,0,1
KonIQ-10k IQA Database/512x384/3355209894.jpg,0,1,0,0,0,1,0,0,0,1,0,0,1,0,1,0,1,0,0,0
KonIQ-10k IQA Database/512x384/3355714233.jpg,1,0,0,0,0,0,1,0,0,0,1,1,0,0,0,0,0,1,0,0
KonIQ-10k IQA Database/512x384/3355464174.jpg,0,0,0,0,1,1,0,0,1,0,0,0,1,0,1,0,0,0,0,0
KonIQ-10k IQA Database/512x384/3356044640.jpg,0,0,0,0,1,1,0,0,1,0,0,1,0,0,0,0,0,0,1,0
KonIQ-10k IQA Database/512x384/3357164852.jpg,0,0,1,0,0,0,1,0,0,0,1,1,0,0,0,0,0,0,0,1
KonIQ-10k IQA Database/512x384/3356844198.jpg,0,0,0,0,1,1,0,0,1,0,0,0,0,1,1,0,0,0,1,0
KonIQ-10k IQA Database/512x384/3358149726.jpg,1,0,0,0,0,1,0,0,1,0,0,1,0,0,0,1,0,0,0,0
KonIQ-10k IQA Database/512x384/3358754066.jpg,0,0,1,0,0,0,1,0,0,0,1,0,1,0,0,0,1,0,0,0
KonIQ-10k IQA Database/512x384/3358523670.jpg,0,0,1,0,0,0,1,0,1,0,0,0,1,0,0,0,1,0,0,0
KonIQ-10k IQA Database/512x384/3358682007.jpg,0,1,0,0,0,1,0,0,0,1,0,0,1,0,0,0,1,0,0,0
KonIQ-10k IQA Database/512x384/336052627.jpg,0,0,1,0,0,0,1,0,0,0,1,1,0,0,0,0,0,0,0,1
KonIQ-10k IQA Database/512x384/3359889192.jpg,1,0,0,0,0,1,0,0,0,1,0,0,1,0,1,1,1,0,0,0
KonIQ-10k IQA Database/512x384/3361988100.jpg,0,1,0,0,0,1,0,0,1,0,0,0,1,0,1,0,0,0,0,0
KonIQ-10k IQA Database/512x384/3362731032.jpg,0,0,0,0,1,1,0,0,1,0,0,1,0,0,1,0,0,0,0,0
KonIQ-10k IQA Database/512x384/3364722083.jpg,0,0,1,0,0,0,1,0,0,0,1,1,0,0,0,0,0,0,0,1
KonIQ-10k IQA Database/512x384/3364868711.jpg,0,0,1,0,0,0,1,0,0,0,1,1,0,0,0,0,0,1,0,0
KonIQ-10k IQA Database/512x384/3365417061.jpg,1,0,0,0,0,1,0,0,0,1,0,1,0,0,0,1,0,0,0,0
KonIQ-10k IQA Database/512x384/3365447434.jpg,0,0,1,0,0,0,1,0,0,0,1,0,1,0,0,0,1,0,0,0
KonIQ-10k IQA Database/512x384/3364202369.jpg,0,0,0,0,1,1,0,0,0,1,0,0,1,0,1,1,0,1,0,0
KonIQ-10k IQA Database/512x384/3365471102.jpg,0,1,0,0,0,0,1,0,0,0,1,1,0,0,0,0,0,0,0,1
KonIQ-10k IQA Database/512x384/3366831652.jpg,0,0,1,0,0,0,1,0,0,1,0,1,0,0,0,0,0,0,0,1
KonIQ-10k IQA Database/512x384/3367044769.jpg,0,0,1,0,0,0,1,0,1,0,0,1,0,0,0,0,1,0,0,0
KonIQ-10k IQA Database/512x384/3367220434.jpg,0,0,1,0,0,0,1,0,0,1,0,1,0,0,0,0,0,0,0,1
KonIQ-10k IQA Database/512x384/3369391628.jpg,0,0,0,0,1,0,1,0,1,0,0,1,0,0,0,0,0,0,0,1
KonIQ-10k IQA Database/512x384/3370673214.jpg,0,0,1,0,0,1,0,0,1,0,0,1,0,0,0,1,0,0,0,0
KonIQ-10k IQA Database/512x384/3367803108.jpg,0,0,0,0,1,0,0,0,1,0,0,1,0,0,0,0,0,0,0,1
KonIQ-10k IQA Database/512x384/3368873733.jpg,1,0,0,0,0,1,0,0,1,0,0,1,0,0,0,0,0,0,0,1
KonIQ-10k IQA Database/512x384/3370823326.jpg,0,0,0,0,1,0,1,0,0,0,1,1,0,0,0,0,0,0,0,1
KonIQ-10k IQA Database/512x384/3371856854.jpg,0,0,1,0,0,0,1,0,0,1,0,1,0,0,0,1,0,0,0,0
KonIQ-10k IQA Database/512x384/3372381586.jpg,0,0,1,0,0,0,1,0,0,0,1,1,0,0,0,0,1,0,0,0
KonIQ-10k IQA Database/512x384/3376076568.jpg,0,0,0,0,1,1,0,0,0,1,0,0,0,1,1,0,0,0,0,0
KonIQ-10k IQA Database/512x384/3371032149.jpg,0,1,0,0,0,1,0,0,1,0,0,1,0,0,0,0,0,0,0,1
KonIQ-10k IQA Database/512x384/3376034906.jpg,0,0,1,0,0,0,1,0,0,0,1,1,0,0,0,0,1,0,0,0
KonIQ-10k IQA Database/512x384/3376669178.jpg,1,0,0,0,0,1,0,0,0,1,0,1,0,0,0,1,0,0,0,0
KonIQ-10k IQA Database/512x384/3372418412.jpg,0,0,0,0,1,1,0,0,0,1,0,0,0,1,1,0,0,0,0,0
KonIQ-10k IQA Database/512x384/3378003631.jpg,0,0,1,0,0,0,1,0,0,1,0,1,0,0,0,0,0,0,0,1
KonIQ-10k IQA Database/512x384/3379476157.jpg,0,0,0,0,1,1,0,0,1,0,0,1,0,0,0,1,0,0,0,0
KonIQ-10k IQA Database/512x384/3381345467.jpg,0,0,1,0,0,0,1,0,0,1,0,1,0,0,0,0,0,0,0,1
KonIQ-10k IQA Database/512x384/3381533789.jpg,0,0,0,0,1,0,1,0,1,0,0,1,0,0,0,0,0,0,0,1
KonIQ-10k IQA Database/512x384/3383593963.jpg,0,0,1,0,0,0,1,0,1,0,0,1,0,0,0,0,0,0,0,1
KonIQ-10k IQA Database/512x384/3383452055.jpg,0,0,1,0,0,0,1,0,0,1,0,1,0,0,0,1,0,0,0,0
KonIQ-10k IQA Database/512x384/3383701765.jpg,0,0,0,0,1,1,0,0,0,1,0,0,1,0,1,0,0,0,0,0
KonIQ-10k IQA Database/512x384/3385195104.jpg,0,0,0,0,1,1,0,0,1,0,0,1,0,0,0,0,0,0,0,1
KonIQ-10k IQA Database/512x384/3385987418.jpg,0,0,1,0,0,0,1,0,0,0,1,1,0,0,0,0,0,0,0,1
KonIQ-10k IQA Database/512x384/3385696346.jpg,0,0,1,0,0,0,1,0,1,0,0,1,0,0,0,0,1,0,0,0
KonIQ-10k IQA Database/512x384/3385580051.jpg,0,0,0,0,1,1,0,0,0,0,1,0,1,0,1,1,0,0,1,0
KonIQ-10k IQA Database/512x384/3386943260.jpg,1,0,0,0,0,1,0,0,0,0,1,0,0,1,0,0,0,1,0,0
KonIQ-10k IQA Database/512x384/3388691081.jpg,0,0,1,0,0,0,1,0,0,0,1,0,1,0,0,0,1,0,0,0
KonIQ-10k IQA Database/512x384/3388708914.jpg,1,0,0,0,0,1,0,0,1,0,0,0,0,1,1,0,0,0,0,0
KonIQ-10k IQA Database/512x384/3386957170.jpg,1,0,0,0,0,1,0,0,0,1,0,0,1,0,0,0,0,0,0,1
KonIQ-10k IQA Database/512x384/3390605400.jpg,0,0,0,1,0,0,1,0,0,0,1,1,0,0,0,0,1,0,0,0
KonIQ-10k IQA Database/512x384/338924292.jpg,0,0,1,0,0,0,1,0,0,0,1,0,1,0,0,0,1,0,0,0
KonIQ-10k IQA Database/512x384/3391217731.jpg,0,0,0,0,1,0,1,0,0,0,1,0,1,0,0,0,0,0,0,1
KonIQ-10k IQA Database/512x384/3390896088.jpg,0,0,1,0,0,0,1,0,0,0,1,1,0,0,0,0,0,0,0,1
KonIQ-10k IQA Database/512x384/3395475764.jpg,0,0,0,0,1,0,0,1,1,0,0,1,0,0,0,0,0,0,0,1
KonIQ-10k IQA Database/512x384/3394722862.jpg,0,0,0,0,1,1,0,0,1,0,0,1,0,0,0,0,0,0,0,1
KonIQ-10k IQA Database/512x384/3388712525.jpg,0,0,0,0,1,1,0,0,1,0,0,1,0,0,0,0,0,0,1,0
KonIQ-10k IQA Database/512x384/3396059055.jpg,0,0,0,0,1,1,0,0,0,1,0,0,1,0,1,0,1,1,0,0
KonIQ-10k IQA Database/512x384/3398709851.jpg,0,0,1,0,0,0,1,0,0,1,0,1,0,0,0,0,1,0,0,0
KonIQ-10k IQA Database/512x384/3377992408.jpg,0,0,1,0,0,0,1,0,0,0,1,1,0,0,0,0,0,0,0,1
KonIQ-10k IQA Database/512x384/3398940973.jpg,0,0,0,0,1,0,1,0,0,0,1,1,0,0,0,1,0,0,0,0
KonIQ-10k IQA Database/512x384/3401900404.jpg,0,0,0,0,1,1,0,0,0,1,0,1,0,0,0,1,0,0,0,0
KonIQ-10k IQA Database/512x384/3411974393.jpg,0,0,1,0,0,0,1,0,0,1,0,1,0,0,0,0,0,0,0,1
KonIQ-10k IQA Database/512x384/3398954278.jpg,0,0,0,1,0,0,1,0,0,1,0,1,0,0,0,0,0,0,1,0
KonIQ-10k IQA Database/512x384/3403374656.jpg,0,0,1,0,0,0,1,0,0,1,0,1,0,0,0,0,0,0,0,1
KonIQ-10k IQA Database/512x384/3412359483.jpg,0,0,1,0,0,0,1,0,1,0,0,1,0,0,0,0,0,0,0,1
KonIQ-10k IQA Database/512x384/3416685588.jpg,0,0,1,0,0,0,1,0,0,1,0,0,1,0,0,0,1,0,0,0
KonIQ-10k IQA Database/512x384/341491962.jpg,0,0,0,0,1,0,1,0,0,1,0,1,0,0,0,0,0,0,0,1
KonIQ-10k IQA Database/512x384/3405525198.jpg,1,0,0,0,0,1,0,0,0,1,0,0,0,1,1,0,0,1,0,0
KonIQ-10k IQA Database/512x384/3416752031.jpg,0,0,0,0,1,0,1,0,1,0,0,1,0,0,0,1,0,0,0,0
KonIQ-10k IQA Database/512x384/3417674715.jpg,1,0,0,0,0,1,0,0,0,1,0,1,0,0,0,1,0,0,0,0
KonIQ-10k IQA Database/512x384/3418463077.jpg,0,0,0,0,1,1,0,0,0,1,0,1,0,0,0,0,0,0,0,1
KonIQ-10k IQA Database/512x384/3420154563.jpg,0,0,0,0,1,0,1,0,0,0,1,1,0,0,0,0,0,0,0,1
KonIQ-10k IQA Database/512x384/3417613077.jpg,0,0,0,0,1,1,0,0,0,1,0,0,0,1,0,1,1,0,0,0
KonIQ-10k IQA Database/512x384/3421464878.jpg,1,0,0,0,0,1,0,0,0,1,0,0,0,1,1,1,0,0,0,0
KonIQ-10k IQA Database/512x384/3418667339.jpg,0,0,1,0,0,0,1,0,0,0,1,0,1,0,0,0,0,0,0,1
KonIQ-10k IQA Database/512x384/342221498.jpg,0,0,0,0,1,0,1,0,1,0,0,1,0,0,0,0,1,0,0,0
KonIQ-10k IQA Database/512x384/3423724895.jpg,1,0,0,0,0,1,0,0,1,0,0,1,0,0,0,0,0,0,1,0
KonIQ-10k IQA Database/512x384/3423975366.jpg,0,0,0,1,0,1,0,0,0,1,0,1,0,0,0,1,0,0,0,0
KonIQ-10k IQA Database/512x384/3424993568.jpg,0,0,0,0,1,1,0,0,1,0,0,1,0,0,1,0,0,0,0,0
KonIQ-10k IQA Database/512x384/3426740196.jpg,0,1,0,0,0,0,1,0,0,0,1,0,1,0,0,0,0,0,0,1
KonIQ-10k IQA Database/512x384/3427902514.jpg,0,0,0,0,1,1,0,0,1,0,0,1,0,0,1,1,0,0,0,0
KonIQ-10k IQA Database/512x384/3427902428.jpg,1,0,0,0,0,1,0,0,1,0,0,0,1,0,0,1,0,0,0,0
KonIQ-10k IQA Database/512x384/3423896683.jpg,0,0,1,0,0,0,1,0,0,1,0,1,0,0,0,0,1,0,0,0
KonIQ-10k IQA Database/512x384/3431105203.jpg,1,0,0,0,0,1,0,0,0,1,0,1,0,0,0,1,0,0,0,0
KonIQ-10k IQA Database/512x384/3431390099.jpg,0,0,1,0,0,0,1,0,1,0,0,1,0,0,0,0,0,0,0,1
KonIQ-10k IQA Database/512x384/3434261812.jpg,0,0,1,0,0,0,1,0,0,0,1,0,1,0,0,0,1,0,0,0
KonIQ-10k IQA Database/512x384/3437594883.jpg,1,0,0,0,0,1,0,0,0,1,0,1,0,0,1,1,0,0,0,0
KonIQ-10k IQA Database/512x384/3438059129.jpg,1,0,0,0,0,0,0,0,0,0,1,0,0,1,0,0,0,0,0,1
KonIQ-10k IQA Database/512x384/3435545140.jpg,0,0,1,0,0,0,1,0,0,1,0,1,0,0,0,0,0,0,0,1
KonIQ-10k IQA Database/512x384/3433315492.jpg,0,0,0,0,1,0,1,0,0,0,1,1,0,0,0,0,0,0,0,1
KonIQ-10k IQA Database/512x384/3440235836.jpg,1,0,0,0,0,1,0,0,0,1,0,1,0,0,0,0,0,1,0,0
KonIQ-10k IQA Database/512x384/3439365851.jpg,0,0,1,0,0,0,1,0,1,0,0,1,0,0,0,0,0,0,0,1
KonIQ-10k IQA Database/512x384/3443268586.jpg,0,0,0,0,1,1,0,0,1,0,0,1,0,0,0,0,1,1,0,0
KonIQ-10k IQA Database/512x384/3444483519.jpg,0,0,1,0,0,0,1,0,0,0,1,1,0,0,0,0,0,0,0,1
KonIQ-10k IQA Database/512x384/344636344.jpg,0,0,1,0,0,0,1,0,0,1,0,1,0,0,0,0,0,0,0,1
KonIQ-10k IQA Database/512x384/3446054675.jpg,0,0,1,0,0,0,1,0,0,0,1,0,1,0,0,0,1,0,0,0
KonIQ-10k IQA Database/512x384/3442838312.jpg,0,0,1,0,0,0,1,0,0,1,0,1,0,0,0,0,0,0,0,1
KonIQ-10k IQA Database/512x384/344443695.jpg,0,0,0,0,1,0,1,0,0,0,1,0,1,0,0,0,0,0,0,1
KonIQ-10k IQA Database/512x384/3448332578.jpg,0,0,0,0,1,1,0,0,0,1,0,1,0,0,0,0,0,0,0,1
KonIQ-10k IQA Database/512x384/3446366493.jpg,0,1,0,0,0,0,1,0,0,1,0,1,0,0,0,0,0,0,0,1
KonIQ-10k IQA Database/512x384/3450351361.jpg,0,1,0,0,0,1,0,0,1,0,0,0,1,0,0,1,0,0,0,0
KonIQ-10k IQA Database/512x384/3452963187.jpg,0,0,1,0,0,0,1,0,0,0,1,1,0,0,0,0,1,0,0,0
KonIQ-10k IQA Database/512x384/3450753884.jpg,0,0,0,0,1,1,0,0,1,0,0,1,0,0,0,0,0,0,0,1
KonIQ-10k IQA Database/512x384/3449919327.jpg,0,0,0,1,0,0,0,0,0,1,0,1,0,0,0,0,0,0,0,1
KonIQ-10k IQA Database/512x384/3455882031.jpg,0,0,0,0,1,1,0,0,1,0,0,0,1,0,0,1,1,0,0,0
KonIQ-10k IQA Database/512x384/3456840631.jpg,0,0,1,0,0,0,1,0,0,1,0,1,0,0,0,0,1,0,0,0
KonIQ-10k IQA Database/512x384/3458045907.jpg,1,0,0,0,0,1,0,0,0,1,0,1,0,0,0,1,0,0,1,0
KonIQ-10k IQA Database/512x384/3455219027.jpg,0,0,1,0,0,0,1,0,0,0,1,0,1,0,0,0,1,0,0,0
KonIQ-10k IQA Database/512x384/3461062752.jpg,0,0,1,0,0,0,1,0,0,0,1,1,0,0,0,0,1,0,0,0
KonIQ-10k IQA Database/512x384/3463146453.jpg,0,0,1,0,0,0,1,0,1,0,0,1,0,0,0,0,0,0,0,1
KonIQ-10k IQA Database/512x384/3462395913.jpg,0,0,0,0,1,0,0,0,0,0,1,1,0,0,0,0,0,0,0,1
KonIQ-10k IQA Database/512x384/3458950384.jpg,0,0,0,1,0,0,1,0,1,0,0,1,0,0,0,0,1,0,0,0
KonIQ-10k IQA Database/512x384/3463376543.jpg,0,0,0,0,1,0,1,0,0,0,1,1,0,0,0,0,0,0,0,1
KonIQ-10k IQA Database/512x384/3464988666.jpg,0,0,1,0,0,0,1,0,0,0,1,1,0,0,0,0,0,0,0,1
KonIQ-10k IQA Database/512x384/3464327257.jpg,1,0,0,0,0,1,0,0,0,1,0,0,0,1,0,0,0,1,0,0
KonIQ-10k IQA Database/512x384/3465087333.jpg,0,0,0,0,1,0,0,0,0,1,0,1,0,0,0,0,0,0,0,1
KonIQ-10k IQA Database/512x384/346617303.jpg,0,0,1,0,0,0,1,0,0,0,1,1,0,0,0,0,1,1,0,0
KonIQ-10k IQA Database/512x384/346617779.jpg,0,0,1,0,0,0,1,0,0,0,1,0,1,0,0,0,0,1,0,0
KonIQ-10k IQA Database/512x384/3465276119.jpg,0,0,0,0,1,0,1,0,1,0,0,1,0,0,0,0,0,0,0,1
KonIQ-10k IQA Database/512x384/3466610103.jpg,0,0,0,0,1,0,1,0,0,1,0,1,0,0,0,0,0,0,0,1
KonIQ-10k IQA Database/512x384/3469092597.jpg,0,0,0,0,1,0,1,0,0,1,0,1,0,0,0,0,0,0,0,1
KonIQ-10k IQA Database/512x384/3467784087.jpg,0,0,0,0,1,1,0,0,0,1,0,0,1,0,0,0,0,1,1,0
KonIQ-10k IQA Database/512x384/3471704982.jpg,0,1,0,0,0,1,0,0,1,0,0,0,1,0,0,0,1,0,0,0
KonIQ-10k IQA Database/512x384/34713269.jpg,0,0,1,0,0,0,1,0,0,0,1,0,1,0,0,0,0,0,0,1
KonIQ-10k IQA Database/512x384/3468424403.jpg,1,0,0,0,0,1,0,0,1,0,0,1,0,0,1,1,0,0,0,0
KonIQ-10k IQA Database/512x384/3469199125.jpg,0,1,0,0,0,1,0,0,1,0,0,1,0,0,0,0,0,0,0,1
KonIQ-10k IQA Database/512x384/3471964559.jpg,0,0,1,0,0,0,1,0,0,1,0,0,1,0,0,0,0,0,1,0
KonIQ-10k IQA Database/512x384/347162205.jpg,0,0,1,0,0,0,1,0,0,0,1,1,0,0,0,0,1,0,0,0
KonIQ-10k IQA Database/512x384/3472660238.jpg,0,0,1,0,0,0,1,0,0,1,0,1,0,0,0,0,0,0,0,1
KonIQ-10k IQA Database/512x384/3475569667.jpg,0,0,1,0,0,0,1,0,0,0,1,1,0,0,0,0,1,0,0,0
KonIQ-10k IQA Database/512x384/3475877294.jpg,0,0,1,0,0,0,1,0,0,1,0,1,0,0,0,0,1,0,0,0
KonIQ-10k IQA Database/512x384/34796696.jpg,0,0,1,0,0,0,1,0,1,0,0,1,0,0,0,0,0,0,0,1
KonIQ-10k IQA Database/512x384/3479727829.jpg,1,0,0,0,0,1,0,0,0,1,0,0,1,0,0,0,0,1,0,0
KonIQ-10k IQA Database/512x384/3482375790.jpg,0,0,1,0,0,0,1,0,0,1,0,0,1,0,0,0,0,0,0,1
KonIQ-10k IQA Database/512x384/348162485.jpg,1,0,0,0,0,1,0,0,0,1,0,1,0,0,0,1,0,0,0,0
KonIQ-10k IQA Database/512x384/3483143101.jpg,0,0,0,1,0,0,0,0,1,0,0,1,0,0,0,0,1,0,0,0
KonIQ-10k IQA Database/512x384/3483457230.jpg,0,0,0,0,1,1,0,0,0,1,0,0,1,0,0,0,0,1,0,0
KonIQ-10k IQA Database/512x384/3483540691.jpg,0,0,1,0,0,0,1,0,0,1,0,1,0,0,0,0,0,0,0,1
KonIQ-10k IQA Database/512x384/3483459470.jpg,0,0,0,0,1,1,0,0,0,0,1,1,0,0,0,0,0,1,0,0
KonIQ-10k IQA Database/512x384/3484057115.jpg,0,0,0,0,1,1,0,0,1,0,0,1,0,0,0,1,0,0,0,0
KonIQ-10k IQA Database/512x384/3487085790.jpg,1,0,0,0,0,1,0,0,1,0,0,1,0,0,0,0,0,1,0,0
KonIQ-10k IQA Database/512x384/3485554199.jpg,0,0,1,0,0,0,1,0,0,1,0,0,1,0,0,0,0,0,0,1
KonIQ-10k IQA Database/512x384/3486204187.jpg,1,0,0,0,0,1,0,0,0,1,0,1,0,0,0,1,0,0,0,0
KonIQ-10k IQA Database/512x384/3487701269.jpg,1,0,0,0,0,1,0,0,1,0,0,1,0,0,0,1,0,0,1,0
KonIQ-10k IQA Database/512x384/3490117565.jpg,0,0,1,0,0,0,1,0,1,0,0,1,0,0,0,0,0,0,0,1
KonIQ-10k IQA Database/512x384/3489731995.jpg,0,0,0,0,1,1,0,0,0,1,0,1,0,0,0,1,0,0,0,0
KonIQ-10k IQA Database/512x384/3491336743.jpg,0,1,0,0,0,0,0,0,0,1,0,1,0,0,0,0,0,0,0,1
KonIQ-10k IQA Database/512x384/3490456545.jpg,0,1,0,0,0,0,1,0,0,0,1,0,1,0,0,0,0,0,0,1
KonIQ-10k IQA Database/512x384/3491534419.jpg,0,0,1,0,0,0,1,0,1,0,0,1,0,0,0,0,0,0,1,0
KonIQ-10k IQA Database/512x384/3492624391.jpg,0,0,0,0,1,1,0,0,0,1,0,0,1,0,0,0,0,1,0,0
KonIQ-10k IQA Database/512x384/3494126077.jpg,0,1,0,0,0,1,0,0,1,0,0,1,0,0,0,0,0,0,0,1
KonIQ-10k IQA Database/512x384/3494678423.jpg,1,0,0,0,0,1,0,0,1,0,0,1,0,0,0,1,0,0,0,0
KonIQ-10k IQA Database/512x384/349896134.jpg,0,0,1,0,0,0,1,0,0,1,0,1,0,0,0,0,1,0,0,0
KonIQ-10k IQA Database/512x384/3496521334.jpg,0,1,0,0,0,1,0,0,1,0,0,1,0,0,0,0,0,0,0,1
KonIQ-10k IQA Database/512x384/3494272101.jpg,1,0,0,0,0,1,0,0,1,0,0,0,1,0,0,0,0,1,0,0
KonIQ-10k IQA Database/512x384/35002160.jpg,0,0,0,0,1,0,0,0,0,0,1,1,0,0,0,0,0,0,0,1
KonIQ-10k IQA Database/512x384/3501996576.jpg,0,0,1,0,0,0,1,0,1,0,0,0,1,0,0,0,1,0,0,0
KonIQ-10k IQA Database/512x384/3502153355.jpg,0,0,1,0,0,0,1,0,0,1,0,0,1,0,0,0,1,0,0,0
KonIQ-10k IQA Database/512x384/3497202348.jpg,0,0,1,0,0,0,1,0,0,1,0,1,0,0,0,0,0,1,0,0
KonIQ-10k IQA Database/512x384/3499629801.jpg,1,0,0,0,0,1,0,0,0,1,0,1,0,0,0,0,0,0,0,1
KonIQ-10k IQA Database/512x384/3505627590.jpg,0,0,0,0,1,0,1,0,0,0,1,1,0,0,0,0,0,0,0,1
KonIQ-10k IQA Database/512x384/3503300231.jpg,1,0,0,0,0,1,0,0,1,0,0,0,1,0,0,1,0,0,0,0
KonIQ-10k IQA Database/512x384/3510063780.jpg,1,0,0,0,0,1,0,0,1,0,0,1,0,0,0,0,0,0,0,1
KonIQ-10k IQA Database/512x384/3515651386.jpg,1,0,0,0,0,1,0,0,0,1,0,1,0,0,0,1,0,0,1,0
KonIQ-10k IQA Database/512x384/3505262206.jpg,0,0,0,0,1,1,0,0,0,1,0,0,0,1,1,0,0,0,0,0
KonIQ-10k IQA Database/512x384/3511207085.jpg,1,0,0,0,0,1,0,0,1,0,0,1,0,0,0,0,0,0,0,1
KonIQ-10k IQA Database/512x384/3518265762.jpg,1,0,0,0,0,1,0,0,1,0,0,0,1,0,0,0,0,0,0,1
KonIQ-10k IQA Database/512x384/3519364135.jpg,1,0,0,0,0,1,0,0,0,1,0,0,1,0,0,1,0,0,0,0
KonIQ-10k IQA Database/512x384/3515663938.jpg,1,0,0,0,0,1,0,0,1,0,0,0,1,0,1,1,1,0,0,0
KonIQ-10k IQA Database/512x384/3518866605.jpg,0,0,0,0,1,1,0,0,1,0,0,0,1,0,0,1,1,0,0,0
KonIQ-10k IQA Database/512x384/351997474.jpg,1,0,0,0,0,1,0,0,0,0,1,0,0,1,0,1,0,0,1,0
KonIQ-10k IQA Database/512x384/352183906.jpg,0,0,1,0,0,0,1,0,0,0,1,1,0,0,0,0,1,0,0,0
KonIQ-10k IQA Database/512x384/3522690935.jpg,0,0,1,0,0,0,1,0,0,0,1,0,1,0,0,0,0,0,0,1
KonIQ-10k IQA Database/512x384/3524216401.jpg,0,0,0,0,1,1,0,0,1,0,0,0,1,0,1,0,0,1,0,0
KonIQ-10k IQA Database/512x384/352744670.jpg,1,0,0,0,0,1,0,0,0,1,0,0,0,1,0,1,0,1,0,0
KonIQ-10k IQA Database/512x384/3524447745.jpg,1,0,0,0,0,1,0,0,0,1,0,1,0,0,0,0,0,1,0,0
KonIQ-10k IQA Database/512x384/3530486052.jpg,0,0,1,0,0,0,1,0,0,1,0,1,0,0,0,0,0,0,0,1
KonIQ-10k IQA Database/512x384/352331466.jpg,0,1,0,0,0,0,1,0,0,0,1,0,1,0,0,0,1,0,0,0
KonIQ-10k IQA Database/512x384/352602458.jpg,0,1,0,0,0,0,1,0,0,0,1,0,1,0,0,0,0,0,0,1
KonIQ-10k IQA Database/512x384/3526523265.jpg,0,1,0,0,0,0,1,0,0,1,0,0,1,0,0,0,1,0,0,0
KonIQ-10k IQA Database/512x384/3525647615.jpg,1,0,0,0,0,1,0,0,1,0,0,1,0,0,0,1,0,0,0,0
KonIQ-10k IQA Database/512x384/3530563948.jpg,0,0,1,0,0,0,1,0,0,1,0,1,0,0,0,0,0,0,0,1
KonIQ-10k IQA Database/512x384/3532282772.jpg,0,0,0,0,1,1,0,0,1,0,0,1,0,0,1,0,0,0,0,0
KonIQ-10k IQA Database/512x384/353228664.jpg,0,1,0,0,0,0,0,1,1,0,0,1,0,0,0,0,1,0,0,0
KonIQ-10k IQA Database/512x384/35311267.jpg,0,1,0,0,0,1,0,0,1,0,0,0,0,1,0,0,0,0,1,0
KonIQ-10k IQA Database/512x384/3536025260.jpg,0,0,1,0,0,0,1,0,0,0,1,0,1,0,0,0,1,0,0,0
KonIQ-10k IQA Database/512x384/3533949779.jpg,0,0,1,0,0,0,1,0,0,1,0,0,1,0,0,0,1,0,0,0
KonIQ-10k IQA Database/512x384/3532374814.jpg,0,0,1,0,0,1,0,0,1,0,0,0,1,0,0,0,1,0,0,0
KonIQ-10k IQA Database/512x384/3535978712.jpg,0,0,1,0,0,0,1,0,1,0,0,1,0,0,0,0,0,0,0,1
KonIQ-10k IQA Database/512x384/3534610078.jpg,0,1,0,0,0,1,0,0,1,0,0,0,1,0,1,0,0,0,1,0
KonIQ-10k IQA Database/512x384/3537245055.jpg,1,0,0,0,0,1,0,0,0,0,1,1,0,0,0,1,0,0,0,0
KonIQ-10k IQA Database/512x384/3537658496.jpg,0,1,0,0,0,1,0,0,0,1,0,1,0,0,0,0,0,0,1,0
KonIQ-10k IQA Database/512x384/3537044665.jpg,0,0,0,1,0,1,0,0,1,0,0,0,1,0,1,0,1,0,0,0
KonIQ-10k IQA Database/512x384/3541249074.jpg,0,0,1,0,0,0,1,0,0,1,0,1,0,0,0,0,0,0,0,1
KonIQ-10k IQA Database/512x384/354153075.jpg,0,0,1,0,0,0,1,0,0,0,1,1,0,0,0,0,0,0,0,1
KonIQ-10k IQA Database/512x384/3542002438.jpg,0,0,1,0,0,0,1,0,0,1,0,1,0,0,0,0,1,0,0,0
KonIQ-10k IQA Database/512x384/3538380259.jpg,0,0,0,0,1,0,1,0,0,0,1,0,0,1,0,1,0,0,0,0
KonIQ-10k IQA Database/512x384/3539454254.jpg,0,0,0,0,1,0,0,0,1,0,0,1,0,0,0,0,0,0,0,1
KonIQ-10k IQA Database/512x384/35450094.jpg,0,0,0,0,1,0,0,0,0,1,0,1,0,0,0,0,0,0,0,1
KonIQ-10k IQA Database/512x384/3545446713.jpg,0,0,1,0,0,1,0,0,1,0,0,1,0,0,0,0,0,0,0,1
KonIQ-10k IQA Database/512x384/3545028223.jpg,0,0,0,0,1,1,0,0,0,1,0,1,0,0,0,0,0,0,0,1
KonIQ-10k IQA Database/512x384/3545702131.jpg,0,0,1,0,0,1,0,0,1,0,0,1,0,0,0,0,0,0,0,1
KonIQ-10k IQA Database/512x384/3547062481.jpg,1,0,0,0,0,1,0,0,0,1,0,1,0,0,0,0,0,0,0,1
KonIQ-10k IQA Database/512x384/3548223665.jpg,0,0,0,0,1,1,0,0,1,0,0,0,0,1,1,0,0,0,0,0
KonIQ-10k IQA Database/512x384/354899371.jpg,0,0,0,1,0,1,0,0,1,0,0,1,0,0,0,0,0,0,0,1
KonIQ-10k IQA Database/512x384/3547073718.jpg,0,0,0,0,1,1,0,0,0,1,0,1,0,0,0,1,0,0,0,0
KonIQ-10k IQA Database/512x384/3551648026.jpg,1,0,0,0,0,1,0,0,1,0,0,1,0,0,1,1,0,0,0,0
KonIQ-10k IQA Database/512x384/3549424661.jpg,0,0,1,0,0,0,1,0,0,0,1,1,0,0,0,0,0,0,0,1
KonIQ-10k IQA Database/512x384/3552766173.jpg,0,1,0,0,0,1,0,0,0,1,0,0,1,0,1,1,0,0,0,0
KonIQ-10k IQA Database/512x384/3552877026.jpg,0,0,0,0,1,1,0,0,1,0,0,0,1,0,1,1,0,0,0,0
KonIQ-10k IQA Database/512x384/3558351395.jpg,0,0,0,0,1,0,0,0,0,1,0,1,0,0,0,0,0,0,0,1
KonIQ-10k IQA Database/512x384/3555094283.jpg,0,0,0,0,1,0,0,0,0,1,0,1,0,0,0,0,0,0,0,1
KonIQ-10k IQA Database/512x384/3560022258.jpg,0,0,0,0,1,1,0,0,0,1,0,0,1,0,0,0,1,1,0,0
KonIQ-10k IQA Database/512x384/3556213355.jpg,0,0,0,0,1,1,0,0,1,0,0,1,0,0,0,1,0,0,0,0
KonIQ-10k IQA Database/512x384/3560032600.jpg,0,0,1,0,0,0,1,0,0,1,0,0,1,0,0,0,0,0,0,1
KonIQ-10k IQA Database/512x384/3561351919.jpg,0,0,0,0,1,1,0,0,1,0,0,1,0,0,1,1,0,0,0,0
KonIQ-10k IQA Database/512x384/3562407133.jpg,0,0,1,0,0,0,1,0,0,1,0,0,1,0,0,1,0,0,0,0
KonIQ-10k IQA Database/512x384/3561898679.jpg,0,0,0,1,0,0,1,0,1,0,0,0,1,0,0,0,1,0,0,0
KonIQ-10k IQA Database/512x384/356523006.jpg,0,1,0,0,0,1,0,0,0,1,0,1,0,0,0,1,0,0,0,0
KonIQ-10k IQA Database/512x384/3563134047.jpg,1,0,0,0,0,1,0,0,1,0,0,0,0,1,1,0,0,1,0,0
KonIQ-10k IQA Database/512x384/356525836.jpg,1,0,0,0,0,1,0,0,1,0,0,1,0,0,1,1,0,0,0,0
KonIQ-10k IQA Database/512x384/3566079728.jpg,0,0,0,0,1,1,0,0,1,0,0,0,0,1,1,0,0,0,0,0
KonIQ-10k IQA Database/512x384/3566137302.jpg,0,0,1,0,0,0,1,0,0,0,1,1,0,0,0,0,1,0,0,0
KonIQ-10k IQA Database/512x384/3566285762.jpg,0,0,0,0,1,0,0,0,0,0,1,1,0,0,0,0,1,0,0,0
KonIQ-10k IQA Database/512x384/3566227002.jpg,1,0,0,0,0,1,0,0,1,0,0,0,0,1,1,0,0,0,1,0
KonIQ-10k IQA Database/512x384/3567613299.jpg,0,0,1,0,0,1,0,0,1,0,0,1,0,0,0,1,0,0,0,0
KonIQ-10k IQA Database/512x384/3567892894.jpg,1,0,0,0,0,1,0,0,1,0,0,0,1,0,0,1,0,0,0,0
KonIQ-10k IQA Database/512x384/3569259520.jpg,1,0,0,0,0,1,0,0,1,0,0,0,1,0,0,1,0,0,0,0
KonIQ-10k IQA Database/512x384/3572950777.jpg,0,0,0,0,1,1,0,0,1,0,0,1,0,0,0,1,0,0,0,0
KonIQ-10k IQA Database/512x384/357452255.jpg,0,0,1,0,0,0,1,0,0,0,1,1,0,0,0,0,0,0,0,1
KonIQ-10k IQA Database/512x384/35749063.jpg,0,1,0,0,0,1,0,0,1,0,0,0,1,0,1,0,0,0,0,0
KonIQ-10k IQA Database/512x384/3575258454.jpg,0,0,0,0,1,0,1,0,1,0,0,1,0,0,0,0,0,0,1,0
KonIQ-10k IQA Database/512x384/3574423584.jpg,0,0,1,0,0,1,0,0,0,1,0,1,0,0,0,0,0,0,1,0
KonIQ-10k IQA Database/512x384/3569097033.jpg,1,0,0,0,0,1,0,0,0,1,0,0,1,0,0,1,0,0,0,0
KonIQ-10k IQA Database/512x384/3576199867.jpg,1,0,0,0,0,1,0,0,0,1,0,0,0,1,0,1,0,1,0,0
KonIQ-10k IQA Database/512x384/3576734927.jpg,1,0,0,0,0,1,0,0,1,0,0,0,1,0,0,1,0,0,0,0
KonIQ-10k IQA Database/512x384/357641600.jpg,0,0,1,0,0,0,1,0,0,0,1,0,1,0,0,0,1,0,0,0
KonIQ-10k IQA Database/512x384/3576771116.jpg,0,0,0,0,1,1,0,0,1,0,0,0,1,0,0,0,0,0,1,0
KonIQ-10k IQA Database/512x384/3577464388.jpg,0,0,0,0,1,1,0,0,1,0,0,1,0,0,0,0,0,0,0,1
KonIQ-10k IQA Database/512x384/357680627.jpg,0,1,0,0,0,0,1,0,0,0,1,1,0,0,0,0,0,0,0,1
KonIQ-10k IQA Database/512x384/3579701723.jpg,0,0,1,0,0,0,1,0,0,0,1,1,0,0,0,0,1,0,0,0
KonIQ-10k IQA Database/512x384/3581381105.jpg,1,0,0,0,0,1,0,0,0,1,0,0,1,0,0,0,0,0,0,1
KonIQ-10k IQA Database/512x384/3577744786.jpg,0,0,1,0,0,0,1,0,0,0,1,1,0,0,0,0,1,0,0,0
KonIQ-10k IQA Database/512x384/358433606.jpg,0,0,1,0,0,0,1,0,0,0,1,1,0,0,0,0,1,0,0,0
KonIQ-10k IQA Database/512x384/3585032307.jpg,0,0,0,0,1,0,1,0,0,0,1,0,0,1,0,0,0,0,0,1
KonIQ-10k IQA Database/512x384/358360301.jpg,1,0,0,0,0,1,0,0,1,0,0,1,0,0,0,0,0,0,1,0
KonIQ-10k IQA Database/512x384/358438532.jpg,0,0,1,0,0,0,1,0,0,0,1,1,0,0,0,0,0,0,0,1
KonIQ-10k IQA Database/512x384/3586744131.jpg,0,1,0,0,0,1,0,0,1,0,0,0,1,0,1,1,0,0,1,0
KonIQ-10k IQA Database/512x384/3585744087.jpg,0,0,1,0,0,0,1,0,0,0,1,0,1,0,0,0,0,0,0,1
KonIQ-10k IQA Database/512x384/3587076357.jpg,0,0,1,0,0,0,1,0,0,1,0,1,0,0,0,0,0,0,0,1
KonIQ-10k IQA Database/512x384/3586827526.jpg,0,1,0,0,0,1,0,0,0,1,0,0,1,0,1,0,0,0,1,0
KonIQ-10k IQA Database/512x384/3587337138.jpg,0,0,0,0,1,0,0,0,0,0,1,1,0,0,0,1,0,0,0,0
KonIQ-10k IQA Database/512x384/3591617396.jpg,0,0,1,0,0,0,1,0,0,1,0,1,0,0,0,0,0,1,0,0
KonIQ-10k IQA Database/512x384/3588199753.jpg,1,0,0,0,0,1,0,0,0,1,0,0,0,1,1,1,0,0,1,0
KonIQ-10k IQA Database/512x384/3592827455.jpg,0,0,1,0,0,0,1,0,0,1,0,1,0,0,0,0,0,0,0,1
KonIQ-10k IQA Database/512x384/3595766183.jpg,0,1,0,0,0,1,0,0,1,0,0,1,0,0,0,1,1,0,0,0
KonIQ-10k IQA Database/512x384/3593791366.jpg,0,0,1,0,0,0,1,0,1,0,0,1,0,0,0,0,0,0,0,1
KonIQ-10k IQA Database/512x384/3596718064.jpg,0,0,1,0,0,0,1,0,0,1,0,1,0,0,0,0,0,0,0,1
KonIQ-10k IQA Database/512x384/3596611917.jpg,0,0,1,0,0,0,1,0,1,0,0,1,0,0,0,0,1,0,0,0
KonIQ-10k IQA Database/512x384/3597095413.jpg,1,0,0,0,0,1,0,0,1,0,0,0,1,0,0,1,0,0,0,0
KonIQ-10k IQA Database/512x384/3589240869.jpg,0,0,0,0,1,1,0,0,1,0,0,1,0,0,0,1,0,0,0,0
KonIQ-10k IQA Database/512x384/3597199001.jpg,0,0,0,0,1,1,0,0,1,0,0,1,0,0,0,1,0,0,0,0
KonIQ-10k IQA Database/512x384/3597613662.jpg,0,0,1,0,0,0,1,0,0,1,0,0,1,0,0,0,1,0,0,0
KonIQ-10k IQA Database/512x384/359723983.jpg,0,0,1,0,0,0,1,0,0,1,0,1,0,0,0,1,0,0,0,0
KonIQ-10k IQA Database/512x384/3601117533.jpg,0,1,0,0,0,1,0,0,1,0,0,1,0,0,1,0,0,0,0,0
KonIQ-10k IQA Database/512x384/3601352242.jpg,0,0,0,0,1,1,0,0,1,0,0,0,1,0,0,0,1,0,0,0
KonIQ-10k IQA Database/512x384/3603046487.jpg,0,0,1,0,0,0,1,0,0,1,0,1,0,0,0,0,0,0,0,1
KonIQ-10k IQA Database/512x384/3600948934.jpg,0,0,1,0,0,1,0,0,0,1,0,0,1,0,0,0,0,0,0,1
KonIQ-10k IQA Database/512x384/3599779537.jpg,0,0,1,0,0,0,1,0,0,1,0,0,1,0,0,0,1,0,0,0
KonIQ-10k IQA Database/512x384/3603762742.jpg,0,1,0,0,0,0,1,0,0,0,1,0,1,0,0,0,0,0,0,1
KonIQ-10k IQA Database/512x384/3604508101.jpg,0,0,0,0,1,1,0,0,0,1,0,0,1,0,0,1,1,0,0,0
KonIQ-10k IQA Database/512x384/3608137140.jpg,0,0,0,0,1,0,1,0,1,0,0,1,0,0,0,1,0,0,0,0
KonIQ-10k IQA Database/512x384/3606644176.jpg,0,0,1,0,0,0,1,0,0,1,0,1,0,0,0,1,0,0,0,0
KonIQ-10k IQA Database/512x384/3606669688.jpg,0,0,1,0,0,0,1,0,0,0,1,0,1,0,0,0,0,0,0,1
KonIQ-10k IQA Database/512x384/3609983548.jpg,0,0,1,0,0,0,1,0,0,0,1,1,0,0,0,1,0,0,0,0
KonIQ-10k IQA Database/512x384/3609473273.jpg,0,1,0,0,0,1,0,0,1,0,0,1,0,0,0,1,0,0,0,0
KonIQ-10k IQA Database/512x384/3608691305.jpg,0,0,0,0,1,1,0,0,0,1,0,0,0,1,1,0,0,0,1,0
KonIQ-10k IQA Database/512x384/3612174577.jpg,1,0,0,0,0,1,0,0,0,0,1,1,0,0,0,1,0,0,0,0
KonIQ-10k IQA Database/512x384/361037189.jpg,0,0,1,0,0,0,1,0,0,1,0,0,1,0,0,0,0,0,0,1
KonIQ-10k IQA Database/512x384/3612122165.jpg,0,0,0,0,1,1,0,0,0,1,0,0,0,1,1,0,0,0,0,0
KonIQ-10k IQA Database/512x384/3611703355.jpg,0,0,0,0,1,1,0,0,1,0,0,0,1,0,0,1,0,0,0,0
KonIQ-10k IQA Database/512x384/3613844312.jpg,0,1,0,0,0,1,0,0,1,0,0,1,0,0,0,0,0,0,0,1
KonIQ-10k IQA Database/512x384/3615125120.jpg,0,0,1,0,0,0,1,0,1,0,0,0,1,0,0,0,0,0,0,1
KonIQ-10k IQA Database/512x384/361252644.jpg,0,0,0,0,1,0,1,0,0,1,0,0,0,1,0,1,1,0,0,0
KonIQ-10k IQA Database/512x384/3618474326.jpg,1,0,0,0,0,1,0,0,0,1,0,1,0,0,0,0,0,1,0,0
KonIQ-10k IQA Database/512x384/3615562.jpg,0,0,1,0,0,1,0,0,0,0,1,0,1,0,0,0,0,0,0,1
KonIQ-10k IQA Database/512x384/3615267731.jpg,0,0,0,0,1,1,0,0,0,1,0,0,1,0,0,1,1,0,0,0
KonIQ-10k IQA Database/512x384/3616806128.jpg,0,1,0,0,0,1,0,0,1,0,0,1,0,0,0,0,1,0,0,0
KonIQ-10k IQA Database/512x384/3618795157.jpg,0,0,1,0,0,0,1,0,1,0,0,1,0,0,0,0,0,0,0,1
KonIQ-10k IQA Database/512x384/3619220193.jpg,0,0,1,0,0,0,1,0,0,0,1,1,0,0,0,0,1,0,0,0
KonIQ-10k IQA Database/512x384/3619609860.jpg,0,0,0,0,1,0,1,0,1,0,0,1,0,0,0,0,0,0,0,1
KonIQ-10k IQA Database/512x384/3620726.jpg,0,0,1,0,0,0,1,0,0,0,1,1,0,0,0,0,1,0,0,0
KonIQ-10k IQA Database/512x384/3620678223.jpg,1,0,0,0,0,1,0,0,0,1,0,0,0,1,1,1,0,0,0,0
KonIQ-10k IQA Database/512x384/362016009.jpg,0,0,1,0,0,0,1,0,0,0,1,1,0,0,1,0,0,0,0,0
KonIQ-10k IQA Database/512x384/3621861224.jpg,0,0,1,0,0,0,1,0,0,1,0,1,0,0,0,0,1,0,0,0
KonIQ-10k IQA Database/512x384/3625351305.jpg,0,0,0,0,1,1,0,0,1,0,0,0,1,0,1,1,1,0,0,0
KonIQ-10k IQA Database/512x384/3628043.jpg,0,0,1,0,0,0,1,0,0,1,0,1,0,0,0,0,0,0,1,0
KonIQ-10k IQA Database/512x384/362290262.jpg,0,0,0,0,1,1,0,0,1,0,0,1,0,0,1,0,0,0,0,0
KonIQ-10k IQA Database/512x384/3628605791.jpg,0,0,0,1,0,1,0,0,0,1,0,1,0,0,0,1,0,0,0,0
KonIQ-10k IQA Database/512x384/36218612242.jpg,0,1,0,0,0,1,0,0,0,1,0,1,0,0,0,0,1,0,0,0
KonIQ-10k IQA Database/512x384/3630233855.jpg,0,0,0,0,1,0,1,0,0,1,0,0,0,1,0,0,0,0,0,1
KonIQ-10k IQA Database/512x384/3629779382.jpg,1,0,0,0,0,1,0,0,0,1,0,1,0,0,0,1,0,0,1,0
KonIQ-10k IQA Database/512x384/3632417985.jpg,0,0,1,0,0,0,1,0,0,1,0,1,0,0,0,0,0,0,1,0
KonIQ-10k IQA Database/512x384/3635405613.jpg,0,0,0,0,1,1,0,0,1,0,0,1,0,0,0,0,0,0,0,1
KonIQ-10k IQA Database/512x384/3637251050.jpg,0,0,0,0,1,0,0,0,0,1,0,1,0,0,0,0,0,0,0,1
KonIQ-10k IQA Database/512x384/3638870308.jpg,0,0,0,0,1,1,0,0,0,1,0,0,1,0,0,1,1,0,0,0
KonIQ-10k IQA Database/512x384/363482906.jpg,1,0,0,0,0,1,0,0,1,0,0,0,1,0,1,0,0,0,0,0
KonIQ-10k IQA Database/512x384/3636701462.jpg,0,0,0,0,1,1,0,0,0,1,0,0,1,0,0,0,0,0,1,0
KonIQ-10k IQA Database/512x384/3639490630.jpg,0,0,1,0,0,0,1,0,0,1,0,1,0,0,0,0,0,0,0,1
KonIQ-10k IQA Database/512x384/3641084203.jpg,0,0,0,0,1,0,1,0,0,1,0,1,0,0,0,0,0,0,0,1
KonIQ-10k IQA Database/512x384/36434642.jpg,0,0,0,0,1,1,0,0,1,0,0,1,0,0,1,1,0,0,0,0
KonIQ-10k IQA Database/512x384/3644585173.jpg,1,0,0,0,0,1,0,0,1,0,0,0,0,1,1,0,0,0,1,0
KonIQ-10k IQA Database/512x384/3645413545.jpg,0,0,1,0,0,0,1,0,0,0,1,1,0,0,0,0,0,0,0,1
KonIQ-10k IQA Database/512x384/3647757599.jpg,0,0,1,0,0,0,1,0,0,1,0,1,0,0,0,0,0,0,0,1
KonIQ-10k IQA Database/512x384/3642904232.jpg,0,0,0,0,1,1,0,0,1,0,0,1,0,0,0,0,0,0,1,0
KonIQ-10k IQA Database/512x384/3645793167.jpg,0,0,0,0,1,1,0,0,0,1,0,1,0,0,0,1,0,0,0,0
KonIQ-10k IQA Database/512x384/364777572.jpg,1,0,0,0,0,1,0,0,0,1,0,0,1,0,0,1,0,0,0,0
KonIQ-10k IQA Database/512x384/3648316650.jpg,1,0,0,0,0,1,0,0,1,0,0,0,0,1,1,1,0,0,0,0
KonIQ-10k IQA Database/512x384/3649082846.jpg,0,1,0,0,0,1,0,0,1,0,0,1,0,0,1,0,0,0,0,0
KonIQ-10k IQA Database/512x384/3651951998.jpg,0,0,1,0,0,0,1,0,0,1,0,1,0,0,0,0,1,0,0,0
KonIQ-10k IQA Database/512x384/364905354.jpg,0,1,0,0,0,1,0,0,1,0,0,0,0,1,1,1,0,0,0,0
KonIQ-10k IQA Database/512x384/3652633823.jpg,1,0,0,0,0,1,0,0,1,0,0,1,0,0,0,0,0,0,0,1
KonIQ-10k IQA Database/512x384/3653350159.jpg,0,0,0,0,1,1,0,0,1,0,0,1,0,0,0,0,0,0,0,1
KonIQ-10k IQA Database/512x384/3653613515.jpg,0,1,0,0,0,0,0,0,0,0,1,1,0,0,0,0,0,0,0,1
KonIQ-10k IQA Database/512x384/3655930326.jpg,0,0,1,0,0,0,1,0,0,0,1,0,1,0,0,0,1,0,0,0
KonIQ-10k IQA Database/512x384/3654348116.jpg,0,0,1,0,0,0,0,0,0,1,0,1,0,0,0,0,0,0,0,1
KonIQ-10k IQA Database/512x384/3658535721.jpg,0,1,0,0,0,1,0,0,1,0,0,1,0,0,0,1,1,0,0,0
KonIQ-10k IQA Database/512x384/3658667754.jpg,1,0,0,0,0,1,0,0,0,1,0,0,1,0,0,1,0,0,0,0
KonIQ-10k IQA Database/512x384/3660664464.jpg,1,0,0,0,0,1,0,0,0,1,0,1,0,0,0,1,0,0,0,0
KonIQ-10k IQA Database/512x384/3660430593.jpg,1,0,0,0,0,1,0,0,0,1,0,0,1,0,0,1,0,0,0,0
KonIQ-10k IQA Database/512x384/3662558151.jpg,0,0,1,0,0,0,1,0,0,1,0,1,0,0,0,0,0,0,0,1
KonIQ-10k IQA Database/512x384/3661422978.jpg,0,0,1,0,0,0,1,0,0,0,1,0,1,0,0,0,0,1,0,0
KonIQ-10k IQA Database/512x384/3662491369.jpg,0,0,1,0,0,0,1,0,0,1,0,1,0,0,0,0,0,0,0,1
KonIQ-10k IQA Database/512x384/3663320781.jpg,0,0,0,0,1,1,0,0,1,0,0,1,0,0,0,0,0,0,0,1
KonIQ-10k IQA Database/512x384/366471935.jpg,0,0,1,0,0,0,1,0,1,0,0,1,0,0,0,0,0,0,0,1
KonIQ-10k IQA Database/512x384/3662997757.jpg,0,0,0,1,0,1,0,0,0,1,0,1,0,0,1,1,1,1,0,0
KonIQ-10k IQA Database/512x384/3663960871.jpg,1,0,0,0,0,1,0,0,0,1,0,0,0,1,0,0,1,1,0,0
KonIQ-10k IQA Database/512x384/3663369776.jpg,0,1,0,0,0,1,0,0,1,0,0,0,0,1,0,1,0,0,0,0
KonIQ-10k IQA Database/512x384/3669066809.jpg,0,0,1,0,0,1,0,0,0,0,1,0,1,0,0,1,0,0,0,0
KonIQ-10k IQA Database/512x384/3667890322.jpg,0,0,0,1,0,0,1,0,0,1,0,1,0,0,0,0,1,0,0,0
KonIQ-10k IQA Database/512x384/3670448728.jpg,0,1,0,0,0,1,0,0,0,0,1,0,0,1,0,0,0,0,0,1
KonIQ-10k IQA Database/512x384/3671193503.jpg,0,0,0,0,1,1,0,0,0,1,0,1,0,0,1,0,0,0,0,0
KonIQ-10k IQA Database/512x384/3673502264.jpg,0,1,0,0,0,0,1,0,0,0,1,0,1,0,0,1,0,0,0,0
KonIQ-10k IQA Database/512x384/3665983083.jpg,1,0,0,0,0,1,0,0,1,0,0,1,0,0,0,1,0,0,0,0
KonIQ-10k IQA Database/512x384/3670445078.jpg,0,0,0,0,1,0,0,0,0,1,0,1,0,0,0,0,0,0,0,1
KonIQ-10k IQA Database/512x384/3673357278.jpg,0,1,0,0,0,1,0,0,1,0,0,0,1,0,1,1,0,0,0,0
KonIQ-10k IQA Database/512x384/3675002443.jpg,0,0,0,0,1,0,0,0,0,1,0,1,0,0,0,0,0,0,0,1
KonIQ-10k IQA Database/512x384/3674117315.jpg,0,0,0,1,0,0,1,0,0,1,0,1,0,0,0,0,1,0,0,0
KonIQ-10k IQA Database/512x384/3678866923.jpg,1,0,0,0,0,1,0,0,0,1,0,0,1,0,0,1,0,0,0,0
KonIQ-10k IQA Database/512x384/3676465885.jpg,0,1,0,0,0,1,0,0,1,0,0,1,0,0,1,1,0,0,0,0
KonIQ-10k IQA Database/512x384/3683418770.jpg,0,1,0,0,0,1,0,0,1,0,0,1,0,0,0,0,0,0,0,1
KonIQ-10k IQA Database/512x384/3677460940.jpg,0,0,1,0,0,0,1,0,1,0,0,1,0,0,0,0,0,0,0,1
KonIQ-10k IQA Database/512x384/3680743288.jpg,0,0,1,0,0,0,1,0,0,0,1,0,1,0,0,0,0,1,0,0
KonIQ-10k IQA Database/512x384/3686287517.jpg,0,0,0,0,1,0,1,0,0,0,1,1,0,0,0,0,0,0,0,1
KonIQ-10k IQA Database/512x384/3688594216.jpg,0,0,0,0,1,0,1,0,0,0,1,0,0,1,0,0,0,0,0,1
KonIQ-10k IQA Database/512x384/3689126503.jpg,0,0,0,0,1,1,0,0,1,0,0,1,0,0,0,0,1,1,0,0
KonIQ-10k IQA Database/512x384/3688540831.jpg,0,0,0,0,1,0,1,0,0,0,1,0,0,1,0,0,0,0,0,1
KonIQ-10k IQA Database/512x384/3689872234.jpg,0,0,1,0,0,0,1,0,0,0,1,1,0,0,0,0,1,0,0,0
KonIQ-10k IQA Database/512x384/3691978983.jpg,0,0,0,0,1,0,1,0,0,0,1,0,0,1,0,0,0,0,0,1
KonIQ-10k IQA Database/512x384/36869449.jpg,0,1,0,0,0,1,0,0,1,0,0,0,1,0,1,0,0,0,1,0
KonIQ-10k IQA Database/512x384/3693087386.jpg,0,0,0,0,1,1,0,0,0,1,0,0,1,0,0,0,0,1,0,0
KonIQ-10k IQA Database/512x384/368909912.jpg,0,0,0,1,0,0,1,0,1,0,0,1,0,0,0,0,0,0,0,1
KonIQ-10k IQA Database/512x384/369605204.jpg,0,0,1,0,0,1,0,0,1,0,0,1,0,0,0,0,0,0,0,1
KonIQ-10k IQA Database/512x384/369451183.jpg,0,0,1,0,0,0,1,0,0,0,1,1,0,0,0,0,1,0,0,0
KonIQ-10k IQA Database/512x384/3697066196.jpg,0,0,0,0,1,1,0,0,1,0,0,1,0,0,0,0,1,0,0,0
KonIQ-10k IQA Database/512x384/3697530291.jpg,0,1,0,0,0,1,0,0,1,0,0,1,0,0,0,0,1,0,0,0
KonIQ-10k IQA Database/512x384/3697878601.jpg,0,1,0,0,0,1,0,0,1,0,0,1,0,0,0,1,0,0,0,0
KonIQ-10k IQA Database/512x384/3698386210.jpg,1,0,0,0,0,1,0,0,0,1,0,1,0,0,0,1,0,0,1,0
KonIQ-10k IQA Database/512x384/3702671816.jpg,0,0,0,0,1,1,0,0,1,0,0,1,0,0,0,0,0,0,0,1
KonIQ-10k IQA Database/512x384/3697493807.jpg,0,1,0,0,0,1,0,0,1,0,0,1,0,0,1,0,0,0,1,0
KonIQ-10k IQA Database/512x384/3704662776.jpg,0,0,1,0,0,0,1,0,0,1,0,0,1,0,0,0,1,0,0,0
KonIQ-10k IQA Database/512x384/3705698114.jpg,0,0,1,0,0,0,1,0,0,1,0,1,0,0,0,0,0,1,0,0
KonIQ-10k IQA Database/512x384/3705884386.jpg,0,0,1,0,0,0,1,0,0,0,1,1,0,0,0,0,1,0,0,0
KonIQ-10k IQA Database/512x384/3702144450.jpg,0,0,0,0,1,1,0,0,1,0,0,1,0,0,0,1,0,0,0,0
KonIQ-10k IQA Database/512x384/3707755654.jpg,1,0,0,0,0,1,0,0,1,0,0,0,1,0,0,1,1,0,0,0
KonIQ-10k IQA Database/512x384/3706984010.jpg,0,0,0,0,1,1,0,0,0,0,1,0,1,0,0,1,1,0,0,0
KonIQ-10k IQA Database/512x384/3707022590.jpg,0,0,0,0,1,0,1,0,1,0,0,1,0,0,0,0,0,0,0,1
KonIQ-10k IQA Database/512x384/3711772310.jpg,0,0,1,0,0,0,0,0,0,1,0,1,0,0,0,0,1,0,0,0
KonIQ-10k IQA Database/512x384/3708879448.jpg,0,0,0,0,1,0,1,0,0,0,1,0,0,1,0,0,0,0,0,1
KonIQ-10k IQA Database/512x384/3708130060.jpg,0,0,1,0,0,0,1,0,0,0,1,1,0,0,0,1,0,0,0,0
KonIQ-10k IQA Database/512x384/3711573590.jpg,0,0,1,0,0,1,0,0,1,0,0,1,0,0,0,1,0,0,0,0
KonIQ-10k IQA Database/512x384/3712529193.jpg,0,0,0,1,0,0,1,0,0,0,1,1,0,0,0,0,1,0,0,0
KonIQ-10k IQA Database/512x384/3715780832.jpg,0,1,0,0,0,1,0,0,1,0,0,1,0,0,0,0,0,0,0,1
KonIQ-10k IQA Database/512x384/3714832332.jpg,0,0,1,0,0,0,1,0,0,1,0,0,1,0,0,0,0,0,0,1
KonIQ-10k IQA Database/512x384/3715014568.jpg,0,1,0,0,0,1,0,0,0,1,0,0,1,0,1,1,0,0,0,0
KonIQ-10k IQA Database/512x384/3716186057.jpg,0,0,0,0,1,0,1,0,0,0,1,1,0,0,0,0,0,0,0,1
KonIQ-10k IQA Database/512x384/3713010621.jpg,0,1,0,0,0,0,1,0,0,0,1,0,1,0,0,0,1,0,0,0
KonIQ-10k IQA Database/512x384/3716891886.jpg,0,0,0,0,1,1,0,0,0,1,0,1,0,0,0,0,0,0,1,0
KonIQ-10k IQA Database/512x384/3713773458.jpg,0,0,1,0,0,1,0,0,0,1,0,1,0,0,0,0,0,0,0,1
KonIQ-10k IQA Database/512x384/371935095.jpg,0,0,1,0,0,0,1,0,1,0,0,1,0,0,0,0,0,0,0,1
KonIQ-10k IQA Database/512x384/3716651057.jpg,1,0,0,0,0,1,0,0,1,0,0,0,1,0,1,1,0,1,0,0
KonIQ-10k IQA Database/512x384/372117089.jpg,1,0,0,0,0,1,0,0,1,0,0,0,1,0,1,1,0,0,0,0
KonIQ-10k IQA Database/512x384/3719984050.jpg,0,0,0,0,1,1,0,0,0,1,0,0,1,0,0,1,0,0,0,0
KonIQ-10k IQA Database/512x384/3722409963.jpg,0,0,1,0,0,0,1,0,0,0,1,1,0,0,0,1,0,1,0,0
KonIQ-10k IQA Database/512x384/3721179887.jpg,0,0,1,0,0,0,1,0,1,0,0,0,1,0,0,0,0,0,0,1
KonIQ-10k IQA Database/512x384/3722476330.jpg,0,0,0,0,1,0,1,0,0,0,1,0,0,1,0,0,0,0,0,1
KonIQ-10k IQA Database/512x384/3722623767.jpg,1,0,0,0,0,1,0,0,0,1,0,1,0,0,0,1,0,0,0,0
KonIQ-10k IQA Database/512x384/3725954413.jpg,0,0,1,0,0,0,1,0,0,1,0,1,0,0,0,0,0,0,0,1
KonIQ-10k IQA Database/512x384/3726632967.jpg,0,0,1,0,0,0,1,0,0,0,1,1,0,0,0,0,0,0,0,1
KonIQ-10k IQA Database/512x384/372829399.jpg,1,0,0,0,0,1,0,0,1,0,0,1,0,0,0,1,0,0,0,0
KonIQ-10k IQA Database/512x384/372866056.jpg,0,0,1,0,0,0,1,0,0,0,1,1,0,0,0,0,0,0,0,1
KonIQ-10k IQA Database/512x384/3727572481.jpg,0,0,0,0,1,0,1,0,0,1,0,1,0,0,0,0,0,0,0,1
KonIQ-10k IQA Database/512x384/3731180333.jpg,0,1,0,0,0,1,0,0,0,1,0,1,0,0,0,0,0,0,1,0
KonIQ-10k IQA Database/512x384/3733701155.jpg,0,0,0,0,1,1,0,0,0,1,0,1,0,0,0,0,0,0,1,0
KonIQ-10k IQA Database/512x384/3734577194.jpg,0,0,0,0,1,1,0,0,0,1,0,1,0,0,0,0,0,0,0,1
KonIQ-10k IQA Database/512x384/3729465678.jpg,0,0,0,0,1,0,1,0,0,0,1,0,0,1,0,1,0,0,0,0
KonIQ-10k IQA Database/512x384/3734378087.jpg,0,0,1,0,0,0,1,0,1,0,0,1,0,0,0,0,0,0,0,1
KonIQ-10k IQA Database/512x384/3733759776.jpg,0,0,0,0,1,1,0,0,1,0,0,0,1,0,0,1,1,0,0,0
KonIQ-10k IQA Database/512x384/3734652007.jpg,0,0,0,0,1,1,0,0,1,0,0,0,1,0,0,1,0,0,0,0
KonIQ-10k IQA Database/512x384/3736418288.jpg,0,0,0,0,1,0,0,0,0,0,1,0,1,0,0,0,0,1,0,0
KonIQ-10k IQA Database/512x384/3736358849.jpg,0,0,0,0,1,0,1,0,0,1,0,1,0,0,0,0,0,1,0,0
KonIQ-10k IQA Database/512x384/3736907392.jpg,0,0,0,0,1,0,1,0,0,0,1,1,0,0,0,0,1,0,0,0
KonIQ-10k IQA Database/512x384/3736752039.jpg,0,0,1,0,0,0,1,0,0,1,0,1,0,0,0,0,0,0,1,0
KonIQ-10k IQA Database/512x384/3738819299.jpg,0,0,1,0,0,0,1,0,0,1,0,0,1,0,0,0,0,0,0,1
KonIQ-10k IQA Database/512x384/3739339628.jpg,0,0,0,0,1,0,1,0,1,0,0,1,0,0,0,0,0,0,0,1
KonIQ-10k IQA Database/512x384/3736336896.jpg,0,0,0,0,1,0,0,0,0,1,0,1,0,0,0,1,0,0,0,0
KonIQ-10k IQA Database/512x384/3737792738.jpg,0,0,1,0,0,0,1,0,0,0,1,0,1,0,0,0,1,0,0,0
KonIQ-10k IQA Database/512x384/3741259519.jpg,0,0,0,0,1,1,0,0,1,0,0,1,0,0,0,0,0,0,0,1
KonIQ-10k IQA Database/512x384/3740923361.jpg,0,0,0,0,1,0,1,0,0,0,1,0,1,0,0,1,0,0,0,0
KonIQ-10k IQA Database/512x384/3741472599.jpg,0,0,0,0,1,1,0,0,1,0,0,0,1,0,0,1,1,0,0,0
KonIQ-10k IQA Database/512x384/3742811862.jpg,0,0,1,0,0,0,0,0,0,0,1,1,0,0,0,0,0,0,0,1
KonIQ-10k IQA Database/512x384/3749654443.jpg,0,0,1,0,0,0,1,0,0,1,0,1,0,0,0,0,0,0,0,1
KonIQ-10k IQA Database/512x384/374612387.jpg,0,1,0,0,0,1,0,0,1,0,0,1,0,0,1,0,0,0,0,0
KonIQ-10k IQA Database/512x384/3750653207.jpg,0,0,1,0,0,0,1,0,0,0,1,1,0,0,0,0,0,0,0,1
KonIQ-10k IQA Database/512x384/3743649571.jpg,1,0,0,0,0,1,0,0,0,1,0,0,1,0,0,1,0,0,1,0
KonIQ-10k IQA Database/512x384/3750200495.jpg,0,0,1,0,0,0,1,0,0,1,0,0,1,0,0,0,1,0,0,0
KonIQ-10k IQA Database/512x384/375084308.jpg,0,0,1,0,0,0,1,0,0,1,0,1,0,0,0,0,0,0,0,1
KonIQ-10k IQA Database/512x384/3754491822.jpg,0,0,1,0,0,0,1,0,0,0,1,1,0,0,0,0,0,1,0,0
KonIQ-10k IQA Database/512x384/375446021.jpg,1,0,0,0,0,1,0,0,0,1,0,0,0,1,0,0,0,0,1,0
KonIQ-10k IQA Database/512x384/3750920837.jpg,0,0,1,0,0,0,1,0,0,0,1,1,0,0,0,0,0,0,0,1
KonIQ-10k IQA Database/512x384/3754591467.jpg,0,0,0,0,1,0,1,0,0,0,1,0,0,1,0,0,0,0,0,1
KonIQ-10k IQA Database/512x384/3753143338.jpg,0,0,0,0,1,0,1,0,0,0,1,1,0,0,0,0,1,0,0,0
KonIQ-10k IQA Database/512x384/3755058211.jpg,0,0,0,0,1,0,1,0,1,0,0,1,0,0,0,0,0,0,0,1
KonIQ-10k IQA Database/512x384/3755358004.jpg,0,0,1,0,0,0,1,0,0,0,1,1,0,0,0,0,0,0,0,1
KonIQ-10k IQA Database/512x384/3757841253.jpg,0,0,1,0,0,0,1,0,0,0,1,1,0,0,0,0,0,0,0,1
KonIQ-10k IQA Database/512x384/3758636614.jpg,0,0,0,0,1,0,0,0,0,0,1,0,1,0,0,0,0,1,0,0
KonIQ-10k IQA Database/512x384/3758613590.jpg,0,0,1,0,0,0,1,0,0,0,1,1,0,0,0,0,0,0,0,1
KonIQ-10k IQA Database/512x384/3758354055.jpg,0,0,0,0,1,1,0,0,1,0,0,0,1,0,0,0,1,0,0,0
KonIQ-10k IQA Database/512x384/3759443485.jpg,1,0,0,0,0,1,0,0,0,1,0,1,0,0,0,0,0,0,0,1
KonIQ-10k IQA Database/512x384/3758843972.jpg,0,0,1,0,0,0,1,0,0,1,0,0,1,0,0,1,1,0,0,0
KonIQ-10k IQA Database/512x384/3761038439.jpg,0,0,1,0,0,0,1,0,1,0,0,1,0,0,0,0,1,0,0,0
KonIQ-10k IQA Database/512x384/3761173384.jpg,0,0,1,0,0,0,1,0,0,1,0,1,0,0,0,0,0,0,0,1
KonIQ-10k IQA Database/512x384/3761272199.jpg,0,0,0,0,1,1,0,0,1,0,0,1,0,0,0,1,0,0,0,0
KonIQ-10k IQA Database/512x384/376684942.jpg,0,0,0,0,1,0,1,0,1,0,0,1,0,0,0,0,0,0,0,1
KonIQ-10k IQA Database/512x384/3759763464.jpg,0,1,0,0,0,0,1,0,0,0,1,1,0,0,0,1,0,0,0,0
KonIQ-10k IQA Database/512x384/3764660296.jpg,0,0,0,0,1,1,0,0,1,0,0,0,1,0,1,0,0,0,0,0
KonIQ-10k IQA Database/512x384/3761519418.jpg,0,0,1,0,0,0,1,0,1,0,0,1,0,0,0,0,0,0,1,0
KonIQ-10k IQA Database/512x384/3766742048.jpg,0,0,1,0,0,0,1,0,0,0,1,1,0,0,0,0,1,0,0,0
KonIQ-10k IQA Database/512x384/3767341492.jpg,0,0,1,0,0,1,0,0,1,0,0,0,1,0,0,0,1,0,0,0
KonIQ-10k IQA Database/512x384/3767933394.jpg,0,0,0,0,1,0,1,0,1,0,0,1,0,0,0,0,0,0,0,1
KonIQ-10k IQA Database/512x384/3768070080.jpg,0,0,1,0,0,0,1,0,0,0,1,1,0,0,0,0,0,0,0,1
KonIQ-10k IQA Database/512x384/3773463532.jpg,0,0,0,0,1,1,0,0,1,0,0,1,0,0,0,0,0,0,0,1
KonIQ-10k IQA Database/512x384/3775862144.jpg,0,0,1,0,0,0,1,0,0,1,0,1,0,0,0,0,0,0,0,1
KonIQ-10k IQA Database/512x384/377273746.jpg,0,1,0,0,0,0,1,0,0,0,1,1,0,0,0,0,0,0,0,1
KonIQ-10k IQA Database/512x384/3770559253.jpg,0,0,1,0,0,0,1,0,1,0,0,1,0,0,0,0,0,0,0,1
KonIQ-10k IQA Database/512x384/3775591333.jpg,0,0,0,0,1,0,0,0,0,1,0,1,0,0,0,0,0,0,0,1
KonIQ-10k IQA Database/512x384/3776716867.jpg,0,0,0,0,1,0,0,0,0,1,0,1,0,0,0,0,0,0,0,1
KonIQ-10k IQA Database/512x384/3780702032.jpg,1,0,0,0,0,1,0,0,1,0,0,1,0,0,0,0,0,1,0,0
KonIQ-10k IQA Database/512x384/3779249317.jpg,0,1,0,0,0,1,0,0,1,0,0,0,1,0,0,1,0,0,0,0
KonIQ-10k IQA Database/512x384/3783245891.jpg,0,0,1,0,0,1,0,0,0,0,1,1,0,0,1,0,0,1,0,0
KonIQ-10k IQA Database/512x384/3782183827.jpg,0,0,0,0,1,1,0,0,0,1,0,0,1,0,0,0,1,1,0,0
KonIQ-10k IQA Database/512x384/3783312451.jpg,0,1,0,0,0,1,0,0,0,1,0,1,0,0,0,1,1,0,0,0
KonIQ-10k IQA Database/512x384/3779311128.jpg,0,0,1,0,0,0,1,0,0,1,0,1,0,0,0,0,1,0,0,0
KonIQ-10k IQA Database/512x384/3783568353.jpg,0,0,0,0,1,0,1,0,0,0,1,0,0,1,0,0,0,0,0,1
KonIQ-10k IQA Database/512x384/3784715028.jpg,0,0,0,0,1,1,0,0,0,1,0,1,0,0,0,0,0,1,0,0
KonIQ-10k IQA Database/512x384/378746968.jpg,1,0,0,0,0,1,0,0,1,0,0,1,0,0,1,0,0,0,0,0
KonIQ-10k IQA Database/512x384/3787014324.jpg,1,0,0,0,0,1,0,0,0,1,0,0,0,1,0,0,0,1,0,0
KonIQ-10k IQA Database/512x384/3788379941.jpg,0,1,0,0,0,1,0,0,1,0,0,1,0,0,0,0,1,0,0,0
KonIQ-10k IQA Database/512x384/3789837472.jpg,0,0,1,0,0,0,1,0,0,1,0,1,0,0,0,0,0,0,0,1
KonIQ-10k IQA Database/512x384/3785783338.jpg,0,0,0,0,1,1,0,0,1,0,0,0,1,0,0,0,1,1,0,0
KonIQ-10k IQA Database/512x384/3787979013.jpg,1,0,0,0,0,1,0,0,1,0,0,1,0,0,0,1,0,0,0,0
KonIQ-10k IQA Database/512x384/3788909806.jpg,0,1,0,0,0,0,0,0,1,0,0,0,0,1,0,1,0,1,0,0
KonIQ-10k IQA Database/512x384/3792378354.jpg,1,0,0,0,0,1,0,0,1,0,0,0,1,0,0,0,0,1,0,0
KonIQ-10k IQA Database/512x384/3792338234.jpg,0,0,1,0,0,0,1,0,0,1,0,1,0,0,0,1,0,0,0,0
KonIQ-10k IQA Database/512x384/3794248989.jpg,0,0,0,0,1,0,1,0,0,1,0,1,0,0,0,0,0,0,0,1
KonIQ-10k IQA Database/512x384/379437662.jpg,0,1,0,0,0,1,0,0,0,1,0,1,0,0,0,0,0,0,0,1
KonIQ-10k IQA Database/512x384/3791999774.jpg,1,0,0,0,0,0,0,0,0,0,1,0,1,0,1,1,0,0,0,0
KonIQ-10k IQA Database/512x384/379323686.jpg,0,0,1,0,0,0,1,0,0,1,0,1,0,0,0,1,0,0,0,0
KonIQ-10k IQA Database/512x384/379362291.jpg,0,0,1,0,0,0,1,0,0,1,0,0,1,0,0,0,1,0,0,0
KonIQ-10k IQA Database/512x384/3794461596.jpg,0,0,0,0,1,0,1,0,1,0,0,0,1,0,0,0,0,0,0,1
KonIQ-10k IQA Database/512x384/3796455854.jpg,0,0,0,0,1,0,0,0,0,0,1,0,0,1,0,0,0,0,0,1
KonIQ-10k IQA Database/512x384/3800600451.jpg,0,0,0,0,1,1,0,0,1,0,0,1,0,0,0,1,0,0,0,0
KonIQ-10k IQA Database/512x384/3800059044.jpg,0,0,0,0,1,1,0,0,1,0,0,1,0,0,0,0,0,0,1,0
KonIQ-10k IQA Database/512x384/37951657.jpg,0,0,1,0,0,0,1,0,0,1,0,1,0,0,0,0,0,0,1,0
KonIQ-10k IQA Database/512x384/3797715149.jpg,0,0,1,0,0,0,1,0,0,1,0,1,0,0,0,0,0,0,0,1
KonIQ-10k IQA Database/512x384/3804031946.jpg,1,0,0,0,0,1,0,0,0,1,0,1,0,0,0,0,0,1,1,0
KonIQ-10k IQA Database/512x384/3801275835.jpg,0,0,0,0,1,1,0,0,1,0,0,0,0,1,1,0,0,0,0,0
KonIQ-10k IQA Database/512x384/3805107589.jpg,0,1,0,0,0,0,1,0,0,0,1,0,0,1,0,1,0,0,0,0
KonIQ-10k IQA Database/512x384/38056572.jpg,0,0,0,0,1,1,0,0,0,1,0,1,0,0,0,0,0,0,0,1
KonIQ-10k IQA Database/512x384/3810011859.jpg,0,0,0,0,1,0,1,0,1,0,0,1,0,0,0,0,0,0,0,1
KonIQ-10k IQA Database/512x384/3806051518.jpg,0,0,0,0,1,0,1,0,0,0,1,1,0,0,0,0,1,0,0,0
KonIQ-10k IQA Database/512x384/3809644203.jpg,0,0,1,0,0,1,0,0,1,0,0,0,1,0,0,0,1,0,0,0
KonIQ-10k IQA Database/512x384/381148704.jpg,0,0,1,0,0,0,1,0,1,0,0,1,0,0,0,0,0,0,0,1
KonIQ-10k IQA Database/512x384/3812657000.jpg,0,0,1,0,0,0,1,0,0,1,0,1,0,0,0,0,0,0,0,1
KonIQ-10k IQA Database/512x384/3812031514.jpg,0,0,0,0,1,0,0,0,1,0,0,0,1,0,0,0,1,0,0,0
KonIQ-10k IQA Database/512x384/3812865597.jpg,0,0,0,0,1,1,0,0,1,0,0,1,0,0,0,0,0,0,1,0
KonIQ-10k IQA Database/512x384/3814668128.jpg,0,0,0,0,1,0,0,0,0,1,0,1,0,0,0,0,0,0,0,1
KonIQ-10k IQA Database/512x384/3812926720.jpg,0,1,0,0,0,1,0,0,0,1,0,0,1,0,1,0,0,0,0,0
KonIQ-10k IQA Database/512x384/3815098207.jpg,0,0,1,0,0,0,1,0,0,1,0,1,0,0,0,0,0,0,0,1
KonIQ-10k IQA Database/512x384/3815063597.jpg,1,0,0,0,0,1,0,0,0,1,0,0,0,1,0,1,0,0,0,0
KonIQ-10k IQA Database/512x384/3817723435.jpg,0,0,0,0,1,1,0,0,1,0,0,0,1,0,0,0,1,1,0,0
KonIQ-10k IQA Database/512x384/3816407980.jpg,1,0,0,0,0,1,0,0,0,1,0,0,1,0,0,0,0,1,0,0
KonIQ-10k IQA Database/512x384/3818998606.jpg,1,0,0,0,0,1,0,0,1,0,0,1,0,0,0,1,0,0,0,0
KonIQ-10k IQA Database/512x384/3821275434.jpg,1,0,0,0,0,1,0,0,0,1,0,1,0,0,0,1,0,0,0,0
KonIQ-10k IQA Database/512x384/3817779484.jpg,1,0,0,0,0,1,0,0,0,1,0,0,1,0,0,1,0,0,0,0
KonIQ-10k IQA Database/512x384/3822506826.jpg,0,1,0,0,0,1,0,0,1,0,0,0,1,0,1,0,0,0,0,0
KonIQ-10k IQA Database/512x384/3820650799.jpg,0,0,1,0,0,0,1,0,0,1,0,1,0,0,0,0,0,0,0,1
KonIQ-10k IQA Database/512x384/3824362477.jpg,0,0,0,1,0,0,1,0,1,0,0,1,0,0,0,0,1,0,0,0
KonIQ-10k IQA Database/512x384/3824105113.jpg,0,1,0,0,0,1,0,0,1,0,0,0,1,0,0,1,1,0,0,0
KonIQ-10k IQA Database/512x384/3824413541.jpg,1,0,0,0,0,1,0,0,0,1,0,0,1,0,0,1,0,0,0,0
KonIQ-10k IQA Database/512x384/3822808828.jpg,1,0,0,0,0,1,0,0,1,0,0,0,1,0,0,1,0,0,0,0
KonIQ-10k IQA Database/512x384/3824485636.jpg,0,0,0,0,1,0,0,0,0,1,0,1,0,0,0,1,0,0,0,0
KonIQ-10k IQA Database/512x384/3825250471.jpg,0,0,0,1,0,1,0,0,1,0,0,0,1,0,1,0,1,0,0,0
KonIQ-10k IQA Database/512x384/3825365753.jpg,0,0,0,1,0,1,0,0,0,1,0,1,0,0,0,0,0,0,0,1
KonIQ-10k IQA Database/512x384/3826205454.jpg,0,0,0,0,1,1,0,0,0,1,0,1,0,0,0,0,0,0,0,1
KonIQ-10k IQA Database/512x384/3825304964.jpg,0,0,0,0,1,0,1,0,0,0,1,1,0,0,0,0,0,0,0,1
KonIQ-10k IQA Database/512x384/3826585780.jpg,0,0,0,0,1,1,0,0,1,0,0,1,0,0,0,0,0,0,0,1
KonIQ-10k IQA Database/512x384/3827560087.jpg,0,0,0,0,1,1,0,0,1,0,0,1,0,0,0,0,0,0,0,1
KonIQ-10k IQA Database/512x384/382774042.jpg,0,1,0,0,0,0,1,0,0,0,1,0,0,1,0,0,0,0,0,1
KonIQ-10k IQA Database/512x384/3825837186.jpg,0,0,0,1,0,1,0,0,1,0,0,0,1,0,0,1,1,0,0,0
KonIQ-10k IQA Database/512x384/3827911032.jpg,1,0,0,0,0,1,0,0,1,0,0,0,0,1,0,1,0,0,0,0
KonIQ-10k IQA Database/512x384/3827968988.jpg,1,0,0,0,0,1,0,0,0,1,0,0,1,0,0,1,1,1,0,0
KonIQ-10k IQA Database/512x384/3828155719.jpg,0,0,1,0,0,0,0,1,0,0,1,0,1,0,0,0,0,0,0,1
KonIQ-10k IQA Database/512x384/3828472247.jpg,0,0,0,0,1,0,0,0,0,0,1,0,1,0,0,0,0,0,0,1
KonIQ-10k IQA Database/512x384/3829660645.jpg,0,0,1,0,0,1,0,0,0,1,0,1,0,0,0,1,0,0,0,0
KonIQ-10k IQA Database/512x384/3840546727.jpg,0,0,0,0,1,1,0,0,1,0,0,0,0,1,1,0,0,0,0,0
KonIQ-10k IQA Database/512x384/3841233055.jpg,1,0,0,0,0,1,0,0,0,1,0,0,1,0,1,0,0,1,0,0
KonIQ-10k IQA Database/512x384/3835050024.jpg,0,0,1,0,0,0,1,0,0,1,0,1,0,0,0,0,1,0,0,0
KonIQ-10k IQA Database/512x384/3839953318.jpg,0,1,0,0,0,1,0,0,0,1,0,0,1,0,0,1,0,0,0,0
KonIQ-10k IQA Database/512x384/3841305755.jpg,1,0,0,0,0,1,0,0,1,0,0,0,0,1,1,0,0,0,0,0
KonIQ-10k IQA Database/512x384/3840923045.jpg,0,0,1,0,0,0,1,0,0,0,1,1,0,0,0,0,0,0,0,1
KonIQ-10k IQA Database/512x384/3838001890.jpg,0,0,0,0,1,1,0,0,0,1,0,1,0,0,0,1,0,0,0,0
KonIQ-10k IQA Database/512x384/3841509426.jpg,0,0,1,0,0,0,1,0,0,0,1,1,0,0,0,0,1,0,0,0
KonIQ-10k IQA Database/512x384/3843377036.jpg,1,0,0,0,0,0,1,0,0,0,1,1,0,0,0,1,1,0,0,0
KonIQ-10k IQA Database/512x384/3843859642.jpg,0,0,0,0,1,0,0,0,0,0,1,1,0,0,0,0,0,0,0,1
KonIQ-10k IQA Database/512x384/3847022878.jpg,0,0,0,0,1,1,0,0,1,0,0,0,0,1,1,0,1,0,0,0
KonIQ-10k IQA Database/512x384/3846071699.jpg,0,0,0,0,1,1,0,0,1,0,0,0,1,0,0,1,1,0,0,0
KonIQ-10k IQA Database/512x384/3844930238.jpg,0,0,1,0,0,1,0,0,1,0,0,1,0,0,0,1,0,0,0,0
KonIQ-10k IQA Database/512x384/3845656628.jpg,0,0,1,0,0,0,1,0,1,0,0,1,0,0,0,0,0,0,0,1
KonIQ-10k IQA Database/512x384/384788069.jpg,1,0,0,0,0,1,0,0,1,0,0,1,0,0,0,1,0,0,0,0
KonIQ-10k IQA Database/512x384/3847915749.jpg,0,0,0,0,1,0,1,0,0,0,1,0,0,1,0,0,0,0,0,1
KonIQ-10k IQA Database/512x384/3846844854.jpg,0,1,0,0,0,1,0,0,0,1,0,1,0,0,0,0,0,0,1,0
KonIQ-10k IQA Database/512x384/3847965007.jpg,0,0,0,0,1,0,1,0,0,0,1,0,0,1,0,0,0,0,0,1
KonIQ-10k IQA Database/512x384/3850107264.jpg,0,0,0,0,1,1,0,0,0,1,0,0,1,0,1,0,0,0,0,0
KonIQ-10k IQA Database/512x384/3850147128.jpg,0,0,0,0,1,0,1,0,0,1,0,0,0,1,0,0,0,0,0,1
KonIQ-10k IQA Database/512x384/3848727332.jpg,0,0,0,0,1,1,0,0,0,1,0,0,1,0,1,0,0,0,0,0
KonIQ-10k IQA Database/512x384/3848893941.jpg,0,0,0,0,1,0,1,0,0,0,1,1,0,0,0,0,0,0,0,1
KonIQ-10k IQA Database/512x384/3850577376.jpg,0,0,0,1,0,1,0,0,0,1,0,0,1,0,0,0,1,0,0,0
KonIQ-10k IQA Database/512x384/3851672801.jpg,0,0,0,1,0,0,1,0,1,0,0,0,1,0,0,0,1,0,0,0
KonIQ-10k IQA Database/512x384/3851941327.jpg,0,0,0,0,1,1,0,0,1,0,0,0,1,0,0,1,1,0,0,0
KonIQ-10k IQA Database/512x384/3855419676.jpg,1,0,0,0,0,1,0,0,1,0,0,1,0,0,0,1,0,0,0,0
KonIQ-10k IQA Database/512x384/3856196713.jpg,0,0,1,0,0,0,1,0,0,1,0,1,0,0,0,0,0,0,0,1
KonIQ-10k IQA Database/512x384/3853359984.jpg,0,0,0,0,1,0,1,0,1,0,0,0,0,1,0,0,0,0,0,1
KonIQ-10k IQA Database/512x384/3856507445.jpg,0,0,0,0,1,1,0,0,1,0,0,0,1,0,0,1,1,0,1,0
KonIQ-10k IQA Database/512x384/3854279335.jpg,0,0,1,0,0,0,1,0,0,1,0,1,0,0,0,0,0,0,0,1
KonIQ-10k IQA Database/512x384/3856900502.jpg,0,0,0,0,1,0,1,0,0,1,0,1,0,0,0,0,0,0,0,1
KonIQ-10k IQA Database/512x384/3860848792.jpg,1,0,0,0,0,0,1,0,0,0,1,1,0,0,0,0,0,0,0,1
KonIQ-10k IQA Database/512x384/3861043546.jpg,0,0,0,0,1,1,0,0,0,1,0,0,1,0,0,1,1,0,0,0
KonIQ-10k IQA Database/512x384/3860253466.jpg,0,0,1,0,0,0,1,0,0,0,1,1,0,0,0,1,0,0,0,0
KonIQ-10k IQA Database/512x384/3861673008.jpg,0,0,0,1,0,0,0,0,0,0,1,1,0,0,0,0,1,0,0,0
KonIQ-10k IQA Database/512x384/3866688343.jpg,0,0,1,0,0,0,1,0,0,0,1,0,1,0,0,0,1,0,0,0
KonIQ-10k IQA Database/512x384/3864280906.jpg,0,0,0,1,0,1,0,0,1,0,0,0,1,0,1,1,1,1,0,0
KonIQ-10k IQA Database/512x384/3867441709.jpg,0,0,1,0,0,0,1,0,0,1,0,1,0,0,0,0,0,0,1,0
KonIQ-10k IQA Database/512x384/386746008.jpg,0,0,0,0,1,1,0,0,0,1,0,1,0,0,1,0,0,0,1,0
KonIQ-10k IQA Database/512x384/3867705645.jpg,0,0,1,0,0,0,1,0,0,0,1,1,0,0,0,0,1,0,0,0
KonIQ-10k IQA Database/512x384/3867707916.jpg,1,0,0,0,0,1,0,0,0,1,0,0,1,0,0,0,0,1,0,0
KonIQ-10k IQA Database/512x384/3870457394.jpg,0,0,1,0,0,1,0,0,1,0,0,0,0,1,1,0,0,0,0,0
KonIQ-10k IQA Database/512x384/3872509611.jpg,0,0,1,0,0,0,1,0,0,0,1,1,0,0,0,0,0,0,0,1
KonIQ-10k IQA Database/512x384/387003357.jpg,0,0,1,0,0,0,1,0,0,0,1,1,0,0,0,0,0,0,0,1
KonIQ-10k IQA Database/512x384/3871801313.jpg,0,0,0,0,1,1,0,0,0,1,0,1,0,0,0,0,1,0,0,0
KonIQ-10k IQA Database/512x384/3872832716.jpg,0,0,0,0,1,1,0,0,0,1,0,1,0,0,0,1,0,0,0,0
KonIQ-10k IQA Database/512x384/387259022.jpg,0,0,1,0,0,0,1,0,0,0,1,0,1,0,0,0,0,0,0,1
KonIQ-10k IQA Database/512x384/3872043875.jpg,0,0,0,0,1,1,0,0,1,0,0,0,1,0,0,1,1,1,0,0
KonIQ-10k IQA Database/512x384/3870343367.jpg,0,0,1,0,0,0,1,0,1,0,0,0,1,0,0,0,0,0,0,1
KonIQ-10k IQA Database/512x384/3874298550.jpg,0,0,0,0,1,0,1,0,1,0,0,1,0,0,0,0,1,0,0,0
KonIQ-10k IQA Database/512x384/3876341199.jpg,1,0,0,0,0,1,0,0,1,0,0,1,0,0,0,1,0,0,0,0
KonIQ-10k IQA Database/512x384/3874382715.jpg,0,0,1,0,0,0,1,0,0,0,1,1,0,0,0,0,1,0,0,0
KonIQ-10k IQA Database/512x384/3876523676.jpg,0,0,0,0,1,1,0,0,0,1,0,0,1,0,0,1,0,0,0,0
KonIQ-10k IQA Database/512x384/3879362113.jpg,1,0,0,0,0,1,0,0,1,0,0,0,1,0,0,0,0,1,0,0
KonIQ-10k IQA Database/512x384/3880140639.jpg,0,0,0,1,0,0,1,0,0,0,1,1,0,0,0,0,1,0,0,0
KonIQ-10k IQA Database/512x384/3880718005.jpg,0,0,1,0,0,0,1,0,0,1,0,1,0,0,0,0,0,0,0,1
KonIQ-10k IQA Database/512x384/3881103730.jpg,0,0,1,0,0,0,1,0,1,0,0,1,0,0,0,0,0,0,0,1
KonIQ-10k IQA Database/512x384/3885568060.jpg,0,0,0,0,1,1,0,0,1,0,0,1,0,0,0,0,0,0,0,1
KonIQ-10k IQA Database/512x384/3886718406.jpg,0,0,0,1,0,0,1,0,0,0,1,1,0,0,0,0,1,0,0,0
KonIQ-10k IQA Database/512x384/3886483510.jpg,1,0,0,0,0,1,0,0,1,0,0,0,1,0,0,1,1,0,0,0
KonIQ-10k IQA Database/512x384/3886757277.jpg,1,0,0,0,0,1,0,0,0,0,1,0,1,0,0,0,0,1,0,0
KonIQ-10k IQA Database/512x384/3886880606.jpg,0,0,1,0,0,1,0,0,1,0,0,1,0,0,0,0,0,0,0,1
KonIQ-10k IQA Database/512x384/3888454309.jpg,0,0,0,1,0,0,1,0,0,0,1,1,0,0,0,0,0,0,0,1
KonIQ-10k IQA Database/512x384/3890421755.jpg,0,0,1,0,0,0,1,0,0,1,0,1,0,0,0,1,0,0,0,0
KonIQ-10k IQA Database/512x384/3891717415.jpg,0,0,1,0,0,0,1,0,1,0,0,0,1,0,0,0,1,0,0,0
KonIQ-10k IQA Database/512x384/389395842.jpg,0,0,1,0,0,0,1,0,1,0,0,1,0,0,0,0,0,0,0,1
KonIQ-10k IQA Database/512x384/3894915205.jpg,1,0,0,0,0,1,0,0,0,1,0,0,1,0,0,0,0,1,0,0
KonIQ-10k IQA Database/512x384/3892332557.jpg,0,0,0,0,1,0,0,0,0,1,0,1,0,0,0,0,0,0,0,1
KonIQ-10k IQA Database/512x384/3890811565.jpg,0,0,1,0,0,0,1,0,0,0,1,0,1,0,0,0,1,0,1,0
KonIQ-10k IQA Database/512x384/3895433023.jpg,0,0,0,0,1,1,0,0,1,0,0,0,0,1,1,0,1,0,0,0
KonIQ-10k IQA Database/512x384/3892086124.jpg,0,0,0,0,1,1,0,0,0,1,0,1,0,0,0,0,0,0,0,1
KonIQ-10k IQA Database/512x384/3895663827.jpg,0,0,0,0,1,0,0,0,0,0,1,0,0,1,0,0,0,0,0,1
KonIQ-10k IQA Database/512x384/3896434582.jpg,1,0,0,0,0,1,0,0,0,0,1,0,1,0,0,0,1,1,0,0
KonIQ-10k IQA Database/512x384/3900873243.jpg,0,0,0,0,1,0,1,0,0,1,0,1,0,0,0,0,0,0,0,1
KonIQ-10k IQA Database/512x384/3902626347.jpg,0,0,0,1,0,0,1,0,0,0,1,0,1,0,0,0,1,0,0,0
KonIQ-10k IQA Database/512x384/390226070.jpg,0,0,0,1,0,1,0,0,1,0,0,1,0,0,0,0,0,0,0,1
KonIQ-10k IQA Database/512x384/3903483278.jpg,0,0,0,0,1,1,0,0,1,0,0,1,0,0,0,0,0,0,0,1
KonIQ-10k IQA Database/512x384/3900966844.jpg,0,0,1,0,0,0,1,0,0,1,0,1,0,0,0,1,0,0,0,0
KonIQ-10k IQA Database/512x384/3898078585.jpg,0,0,1,0,0,0,1,0,0,0,1,0,0,1,0,0,1,0,0,0
KonIQ-10k IQA Database/512x384/3908700784.jpg,0,1,0,0,0,1,0,0,0,1,0,1,0,0,0,0,0,0,0,1
KonIQ-10k IQA Database/512x384/3905518312.jpg,0,0,1,0,0,0,1,0,0,0,1,1,0,0,0,0,1,0,0,0
KonIQ-10k IQA Database/512x384/3913177014.jpg,0,0,0,1,0,1,0,0,0,1,0,1,0,0,0,0,1,0,0,0
KonIQ-10k IQA Database/512x384/3908866899.jpg,0,0,0,0,1,0,0,0,0,0,1,1,0,0,0,0,0,1,0,0
KonIQ-10k IQA Database/512x384/3904942577.jpg,0,0,1,0,0,0,1,0,0,0,1,0,0,1,0,0,1,0,0,0
KonIQ-10k IQA Database/512x384/3910973897.jpg,0,1,0,0,0,1,0,0,1,0,0,1,0,0,0,0,1,0,0,0
KonIQ-10k IQA Database/512x384/39140730.jpg,0,1,0,0,0,0,1,0,0,0,1,0,1,0,0,1,0,0,0,0
KonIQ-10k IQA Database/512x384/3910222592.jpg,0,0,0,0,1,1,0,0,0,1,0,0,1,0,0,1,0,0,0,0
KonIQ-10k IQA Database/512x384/3908763168.jpg,1,0,0,0,0,1,0,0,1,0,0,0,1,0,0,1,1,1,0,0
KonIQ-10k IQA Database/512x384/391573160.jpg,0,0,0,0,1,1,0,0,0,1,0,1,0,0,0,0,0,0,1,0
KonIQ-10k IQA Database/512x384/3913188131.jpg,0,1,0,0,0,1,0,0,1,0,0,0,1,0,0,1,1,0,0,0
KonIQ-10k IQA Database/512x384/3916048282.jpg,0,0,0,0,1,1,0,0,1,0,0,0,1,0,1,1,1,0,0,0
KonIQ-10k IQA Database/512x384/3916222248.jpg,0,0,0,0,1,1,0,0,1,0,0,0,1,0,1,0,0,0,0,0
KonIQ-10k IQA Database/512x384/3916637949.jpg,0,0,1,0,0,0,1,0,1,0,0,1,0,0,0,0,0,0,0,1
KonIQ-10k IQA Database/512x384/39160482821.jpg,0,0,0,0,1,1,0,0,1,0,0,0,1,0,1,1,1,0,0,0
KonIQ-10k IQA Database/512x384/3916850615.jpg,0,0,0,0,1,1,0,0,1,0,0,0,1,0,1,0,0,0,1,0
KonIQ-10k IQA Database/512x384/3916243478.jpg,0,0,1,0,0,0,1,0,0,0,1,0,1,0,0,0,0,1,0,0
KonIQ-10k IQA Database/512x384/3917849504.jpg,0,0,0,0,1,1,0,0,1,0,0,1,0,0,0,1,0,0,0,0
KonIQ-10k IQA Database/512x384/3916915691.jpg,0,0,1,0,0,0,1,0,0,1,0,0,1,0,0,0,1,0,0,0
KonIQ-10k IQA Database/512x384/3918280584.jpg,1,0,0,0,0,1,0,0,1,0,0,0,0,1,1,0,0,0,0,0
KonIQ-10k IQA Database/512x384/3918062562.jpg,0,0,0,0,1,0,1,0,1,0,0,1,0,0,0,0,1,0,0,0
KonIQ-10k IQA Database/512x384/3918838221.jpg,0,0,0,0,1,0,1,0,0,1,0,1,0,0,0,0,0,0,0,1
KonIQ-10k IQA Database/512x384/3919380535.jpg,0,0,0,0,1,1,0,0,1,0,0,0,1,0,0,0,1,1,0,0
KonIQ-10k IQA Database/512x384/3921589638.jpg,0,0,0,0,1,0,0,0,0,1,0,1,0,0,0,0,0,0,0,1
KonIQ-10k IQA Database/512x384/392103652.jpg,0,0,0,0,1,1,0,0,0,0,1,0,1,0,0,0,0,1,0,0
KonIQ-10k IQA Database/512x384/3922421993.jpg,0,1,0,0,0,1,0,0,0,1,0,1,0,0,1,0,0,0,0,0
KonIQ-10k IQA Database/512x384/392179845.jpg,0,0,1,0,0,0,1,0,0,0,1,0,0,1,0,0,0,0,0,1
KonIQ-10k IQA Database/512x384/3923233289.jpg,0,0,1,0,0,0,1,0,0,0,1,1,0,0,0,0,1,0,0,0
KonIQ-10k IQA Database/512x384/3923541475.jpg,0,0,1,0,0,0,1,0,0,1,0,1,0,0,0,0,0,0,0,1
KonIQ-10k IQA Database/512x384/3927444590.jpg,0,0,0,0,1,0,0,0,1,0,0,1,0,0,0,0,0,0,0,1
KonIQ-10k IQA Database/512x384/3927881802.jpg,0,0,0,1,0,1,0,0,1,0,0,1,0,0,0,0,1,0,0,0
KonIQ-10k IQA Database/512x384/3928559890.jpg,0,0,0,0,1,0,0,0,0,1,0,1,0,0,0,0,0,1,0,0
KonIQ-10k IQA Database/512x384/3925412649.jpg,0,0,0,0,1,0,1,0,0,1,0,1,0,0,0,0,0,0,0,1
KonIQ-10k IQA Database/512x384/392558137.jpg,0,0,1,0,0,0,1,0,0,1,0,1,0,0,0,0,0,0,0,1
KonIQ-10k IQA Database/512x384/3932630945.jpg,1,0,0,0,0,1,0,0,1,0,0,0,1,0,0,1,0,0,0,0
KonIQ-10k IQA Database/512x384/3930941584.jpg,0,0,1,0,0,0,1,0,0,0,1,1,0,0,0,0,1,0,0,0
KonIQ-10k IQA Database/512x384/3932785686.jpg,0,0,0,0,1,1,0,0,1,0,0,1,0,0,0,1,0,0,0,0
KonIQ-10k IQA Database/512x384/3931210821.jpg,1,0,0,0,0,1,0,0,0,1,0,1,0,0,0,0,0,1,0,0
KonIQ-10k IQA Database/512x384/3934165977.jpg,0,0,1,0,0,1,0,0,1,0,0,1,0,0,0,0,0,0,0,1
KonIQ-10k IQA Database/512x384/3932684731.jpg,0,0,1,0,0,0,1,0,0,1,0,1,0,0,0,0,0,0,0,1
KonIQ-10k IQA Database/512x384/3934995195.jpg,0,0,0,0,1,1,0,0,1,0,0,0,1,0,1,1,0,0,0,0
KonIQ-10k IQA Database/512x384/3934821151.jpg,0,0,0,1,0,1,0,0,1,0,0,1,0,0,0,1,0,0,0,0
KonIQ-10k IQA Database/512x384/3935177366.jpg,0,1,0,0,0,0,1,0,0,0,1,1,0,0,0,0,0,0,0,1
KonIQ-10k IQA Database/512x384/3940105265.jpg,0,1,0,0,0,1,0,0,1,0,0,1,0,0,0,0,0,0,0,1
KonIQ-10k IQA Database/512x384/3938367619.jpg,0,0,1,0,0,0,1,0,0,0,1,0,1,0,0,0,0,0,0,1
KonIQ-10k IQA Database/512x384/3940357186.jpg,0,0,1,0,0,0,1,0,0,0,1,1,0,0,0,0,0,0,0,1
KonIQ-10k IQA Database/512x384/3937913166.jpg,0,1,0,0,0,1,0,0,1,0,0,1,0,0,1,0,0,0,0,0
KonIQ-10k IQA Database/512x384/3939043948.jpg,0,0,1,0,0,0,1,0,0,0,1,1,0,0,0,0,0,0,0,1
KonIQ-10k IQA Database/512x384/3939622523.jpg,0,1,0,0,0,1,0,0,0,1,0,0,1,0,0,1,0,0,0,0
KonIQ-10k IQA Database/512x384/3944642127.jpg,0,0,0,1,0,1,0,0,0,1,0,1,0,0,0,0,0,0,0,1
KonIQ-10k IQA Database/512x384/3941788092.jpg,0,0,0,0,1,1,0,0,1,0,0,0,0,1,1,0,0,0,0,0
KonIQ-10k IQA Database/512x384/3945869834.jpg,0,0,1,0,0,0,1,0,1,0,0,1,0,0,0,0,0,0,1,0
KonIQ-10k IQA Database/512x384/3947046278.jpg,0,0,0,0,1,1,0,0,0,1,0,1,0,0,1,0,1,0,0,0
KonIQ-10k IQA Database/512x384/3943080167.jpg,0,0,0,1,0,0,0,0,0,1,0,1,0,0,0,0,0,0,0,1
KonIQ-10k IQA Database/512x384/3946405001.jpg,1,0,0,0,0,1,0,0,1,0,0,0,1,0,0,1,0,0,0,0
KonIQ-10k IQA Database/512x384/3948135332.jpg,0,0,0,1,0,1,0,0,0,1,0,1,0,0,0,0,0,0,0,1
KonIQ-10k IQA Database/512x384/3940847938.jpg,0,0,0,0,1,0,1,0,0,0,1,1,0,0,0,0,0,0,0,1
KonIQ-10k IQA Database/512x384/3948522988.jpg,0,0,1,0,0,0,1,0,0,0,1,1,0,0,0,0,0,0,0,1
KonIQ-10k IQA Database/512x384/3948731617.jpg,1,0,0,0,0,1,0,0,0,1,0,1,0,0,0,1,0,0,0,0
KonIQ-10k IQA Database/512x384/3949472497.jpg,0,1,0,0,0,1,0,0,1,0,0,0,1,0,1,0,0,0,0,0
KonIQ-10k IQA Database/512x384/3949143151.jpg,0,0,0,0,1,1,0,0,1,0,0,1,0,0,0,0,0,0,0,1
KonIQ-10k IQA Database/512x384/395036065.jpg,0,0,0,0,1,1,0,0,0,1,0,0,0,1,0,1,1,0,0,0
KonIQ-10k IQA Database/512x384/395147567.jpg,0,1,0,0,0,0,0,1,0,1,0,1,0,0,0,0,1,0,0,0
KonIQ-10k IQA Database/512x384/3948277105.jpg,0,0,1,0,0,0,1,0,0,1,0,1,0,0,0,0,0,0,0,1
KonIQ-10k IQA Database/512x384/395315549.jpg,0,0,0,1,0,0,1,0,1,0,0,0,1,0,0,0,1,0,0,0
KonIQ-10k IQA Database/512x384/3951898034.jpg,1,0,0,0,0,1,0,0,0,1,0,0,0,1,1,0,0,0,0,0
KonIQ-10k IQA Database/512x384/3956832242.jpg,0,0,0,0,1,1,0,0,1,0,0,1,0,0,0,0,0,0,0,1
KonIQ-10k IQA Database/512x384/3954258141.jpg,0,0,0,0,1,1,0,0,1,0,0,1,0,0,0,1,0,0,0,0
KonIQ-10k IQA Database/512x384/3952840501.jpg,0,0,1,0,0,0,1,0,0,1,0,1,0,0,0,0,0,0,0,1
KonIQ-10k IQA Database/512x384/3955560376.jpg,1,0,0,0,0,1,0,0,0,1,0,1,0,0,0,0,0,0,0,1
KonIQ-10k IQA Database/512x384/39540491.jpg,0,0,0,0,1,1,0,0,1,0,0,0,1,0,0,0,1,1,0,0
KonIQ-10k IQA Database/512x384/3957754780.jpg,0,0,0,1,0,0,1,0,1,0,0,1,0,0,0,0,1,0,0,0
KonIQ-10k IQA Database/512x384/3960128594.jpg,0,0,1,0,0,0,1,0,0,1,0,1,0,0,0,1,0,0,0,0
KonIQ-10k IQA Database/512x384/3960444662.jpg,1,0,0,0,0,1,0,0,0,1,0,0,1,0,0,0,0,0,0,1
KonIQ-10k IQA Database/512x384/3960629357.jpg,0,0,0,0,1,1,0,0,1,0,0,1,0,0,0,0,0,1,0,0
KonIQ-10k IQA Database/512x384/3962058482.jpg,0,1,0,0,0,0,1,0,0,0,1,0,0,1,0,0,0,0,0,1
KonIQ-10k IQA Database/512x384/3962244093.jpg,0,0,0,1,0,1,0,0,1,0,0,1,0,0,0,0,0,0,1,0
KonIQ-10k IQA Database/512x384/396221760.jpg,0,0,0,0,1,1,0,0,0,1,0,0,0,1,1,0,0,1,0,0
KonIQ-10k IQA Database/512x384/396505725.jpg,0,0,1,0,0,0,1,0,0,0,1,1,0,0,0,0,1,0,0,0
KonIQ-10k IQA Database/512x384/3964553280.jpg,0,0,0,0,1,0,0,0,0,0,1,0,1,0,0,0,0,1,0,0
KonIQ-10k IQA Database/512x384/3961390501.jpg,0,1,0,0,0,1,0,0,1,0,0,0,1,0,1,1,0,0,0,0
KonIQ-10k IQA Database/512x384/3961459513.jpg,1,0,0,0,0,1,0,0,0,1,0,0,1,0,0,1,1,0,0,0
KonIQ-10k IQA Database/512x384/3966829877.jpg,0,0,0,0,1,1,0,0,0,1,0,1,0,0,0,0,0,0,0,1
KonIQ-10k IQA Database/512x384/3966627187.jpg,0,0,0,0,1,1,0,0,1,0,0,0,1,0,1,1,0,0,1,0
KonIQ-10k IQA Database/512x384/3970268650.jpg,0,0,0,0,1,1,0,0,0,1,0,0,1,0,1,1,0,0,0,0
KonIQ-10k IQA Database/512x384/3969622447.jpg,1,0,0,0,0,1,0,0,0,0,1,0,0,1,0,0,0,1,0,0
KonIQ-10k IQA Database/512x384/3971662930.jpg,0,0,0,0,1,0,1,0,1,0,0,1,0,0,0,0,0,0,0,1
KonIQ-10k IQA Database/512x384/3965556653.jpg,0,0,0,0,1,0,0,0,0,0,1,1,0,0,0,0,0,0,0,1
KonIQ-10k IQA Database/512x384/3971050023.jpg,1,0,0,0,0,1,0,0,1,0,0,0,0,1,1,0,0,0,1,0
KonIQ-10k IQA Database/512x384/397322876.jpg,0,0,1,0,0,0,1,0,0,0,1,1,0,0,0,0,0,0,0,1
KonIQ-10k IQA Database/512x384/3971799391.jpg,0,0,0,0,1,1,0,0,1,0,0,1,0,0,0,0,0,0,0,1
KonIQ-10k IQA Database/512x384/3973001148.jpg,0,0,0,0,1,1,0,0,0,1,0,1,0,0,0,0,0,0,0,1
KonIQ-10k IQA Database/512x384/3975469304.jpg,1,0,0,0,0,1,0,0,1,0,0,0,1,0,1,1,1,0,0,0
KonIQ-10k IQA Database/512x384/3974701478.jpg,1,0,0,0,0,1,0,0,0,1,0,1,0,0,0,1,0,0,0,0
KonIQ-10k IQA Database/512x384/3976452832.jpg,0,0,0,0,1,0,1,0,0,1,0,0,1,0,0,1,1,0,0,0
KonIQ-10k IQA Database/512x384/3978652004.jpg,0,0,1,0,0,0,1,0,0,1,0,1,0,0,0,0,0,0,0,1
KonIQ-10k IQA Database/512x384/3977122123.jpg,0,0,1,0,0,0,1,0,0,1,0,0,1,0,0,0,1,0,0,0
KonIQ-10k IQA Database/512x384/3976883946.jpg,0,0,0,0,1,0,1,0,0,0,1,0,0,1,0,0,0,0,0,1
KonIQ-10k IQA Database/512x384/3980206588.jpg,0,0,1,0,0,0,1,0,0,1,0,1,0,0,0,0,0,0,0,1
KonIQ-10k IQA Database/512x384/3973813247.jpg,0,0,0,0,1,1,0,0,0,1,0,0,1,0,0,0,0,1,0,0
KonIQ-10k IQA Database/512x384/3978837773.jpg,0,0,0,0,1,1,0,0,1,0,0,1,0,0,0,0,1,0,0,0
KonIQ-10k IQA Database/512x384/3980253534.jpg,0,1,0,0,0,0,1,0,0,1,0,0,1,0,0,0,0,0,0,1
KonIQ-10k IQA Database/512x384/3982768803.jpg,0,0,1,0,0,0,1,0,1,0,0,0,0,1,0,0,1,0,0,0
KonIQ-10k IQA Database/512x384/3983499964.jpg,0,0,0,1,0,0,1,0,1,0,0,1,0,0,0,0,1,0,0,0
KonIQ-10k IQA Database/512x384/3985258920.jpg,0,0,1,0,0,0,1,0,0,1,0,1,0,0,0,0,0,0,0,1
KonIQ-10k IQA Database/512x384/3980401611.jpg,0,0,0,1,0,0,1,0,1,0,0,1,0,0,0,0,1,0,0,0
KonIQ-10k IQA Database/512x384/3984248064.jpg,0,0,1,0,0,0,1,0,0,0,1,1,0,0,0,0,1,0,0,0
KonIQ-10k IQA Database/512x384/398551269.jpg,1,0,0,0,0,1,0,0,0,1,0,0,0,1,0,0,0,1,0,0
KonIQ-10k IQA Database/512x384/3985027264.jpg,0,0,1,0,0,0,1,0,0,0,1,0,1,0,0,0,1,0,0,0
KonIQ-10k IQA Database/512x384/3985602874.jpg,1,0,0,0,0,1,0,0,0,1,0,1,0,0,0,1,0,0,1,0
KonIQ-10k IQA Database/512x384/3987605606.jpg,0,0,0,0,1,0,1,0,1,0,0,1,0,0,1,0,0,0,0,0
KonIQ-10k IQA Database/512x384/3986881860.jpg,0,0,0,1,0,0,1,0,1,0,0,1,0,0,0,0,1,0,0,0
KonIQ-10k IQA Database/512x384/3989767571.jpg,0,0,1,0,0,0,1,0,0,1,0,1,0,0,0,0,0,0,0,1
KonIQ-10k IQA Database/512x384/3992677101.jpg,0,0,1,0,0,0,1,0,1,0,0,1,0,0,0,0,0,0,0,1
KonIQ-10k IQA Database/512x384/3993808694.jpg,0,0,0,0,1,0,0,0,0,0,1,0,0,1,0,0,0,0,0,1
KonIQ-10k IQA Database/512x384/3994007574.jpg,0,0,0,0,1,0,1,0,1,0,0,1,0,0,0,0,0,0,0,1
KonIQ-10k IQA Database/512x384/3994759280.jpg,0,0,1,0,0,0,1,0,0,1,0,1,0,0,0,0,0,0,0,1
KonIQ-10k IQA Database/512x384/3999106249.jpg,0,0,1,0,0,0,1,0,0,0,1,1,0,0,0,0,0,0,0,1
KonIQ-10k IQA Database/512x384/4000012271.jpg,0,0,0,1,0,1,0,0,0,1,0,1,0,0,0,0,0,0,0,1
KonIQ-10k IQA Database/512x384/4000500172.jpg,0,0,0,0,1,1,0,0,0,1,0,1,0,0,0,0,0,0,1,0
KonIQ-10k IQA Database/512x384/3994759840.jpg,0,0,1,0,0,0,1,0,0,1,0,1,0,0,0,0,1,0,0,0
KonIQ-10k IQA Database/512x384/3995400927.jpg,0,0,1,0,0,0,1,0,0,1,0,1,0,0,0,1,0,0,0,0
KonIQ-10k IQA Database/512x384/4001539544.jpg,0,0,0,0,1,0,0,0,1,0,0,1,0,0,0,0,0,0,0,1
KonIQ-10k IQA Database/512x384/4000774743.jpg,0,0,0,0,1,1,0,0,0,1,0,0,1,0,0,0,0,1,0,0
KonIQ-10k IQA Database/512x384/4002090879.jpg,1,0,0,0,0,1,0,0,1,0,0,1,0,0,0,1,0,0,0,0
KonIQ-10k IQA Database/512x384/4002265121.jpg,0,0,0,0,1,1,0,0,1,0,0,0,0,1,1,0,0,0,0,0
KonIQ-10k IQA Database/512x384/4005164524.jpg,0,0,1,0,0,0,1,0,0,1,0,1,0,0,0,0,0,0,1,0
KonIQ-10k IQA Database/512x384/4004417944.jpg,1,0,0,0,0,0,0,0,0,0,1,0,0,1,1,0,0,0,0,0
KonIQ-10k IQA Database/512x384/4003392015.jpg,0,1,0,0,0,0,1,0,0,0,1,1,0,0,0,0,0,0,0,1
KonIQ-10k IQA Database/512x384/4005784260.jpg,0,0,0,0,1,1,0,0,1,0,0,1,0,0,0,0,0,0,0,1
KonIQ-10k IQA Database/512x384/4005014529.jpg,0,0,0,1,0,0,1,0,0,1,0,1,0,0,0,0,1,0,0,0
KonIQ-10k IQA Database/512x384/4007753969.jpg,0,0,1,0,0,0,1,0,1,0,0,1,0,0,0,0,0,0,0,1
KonIQ-10k IQA Database/512x384/4011871379.jpg,0,0,1,0,0,0,1,0,0,1,0,1,0,0,0,0,0,0,0,1
KonIQ-10k IQA Database/512x384/4008219206.jpg,1,0,0,0,0,1,0,0,1,0,0,1,0,0,0,1,0,0,0,0
KonIQ-10k IQA Database/512x384/4010417256.jpg,1,0,0,0,0,1,0,0,0,1,0,1,0,0,0,1,0,0,0,0
KonIQ-10k IQA Database/512x384/4010451143.jpg,0,0,0,0,1,1,0,0,1,0,0,0,1,0,1,1,0,0,0,0
KonIQ-10k IQA Database/512x384/4016200124.jpg,0,0,0,0,1,0,1,0,0,0,1,1,0,0,0,1,0,0,0,0
KonIQ-10k IQA Database/512x384/4016051317.jpg,0,1,0,0,0,0,1,0,0,0,1,0,0,1,0,0,0,1,0,0
KonIQ-10k IQA Database/512x384/4016398417.jpg,0,0,1,0,0,0,1,0,0,1,0,1,0,0,0,0,1,0,0,0
KonIQ-10k IQA Database/512x384/4014803633.jpg,0,0,1,0,0,0,1,0,0,0,1,1,0,0,0,0,1,0,0,0
KonIQ-10k IQA Database/512x384/4017312321.jpg,0,0,0,1,0,1,0,0,0,1,0,1,0,0,0,0,1,0,0,0
KonIQ-10k IQA Database/512x384/4023100592.jpg,0,0,0,0,1,0,1,0,0,0,1,0,1,0,0,0,0,0,0,1
KonIQ-10k IQA Database/512x384/4018879156.jpg,0,0,0,0,1,0,1,0,0,0,1,0,1,0,0,1,0,1,0,0
KonIQ-10k IQA Database/512x384/4023245742.jpg,0,0,1,0,0,1,0,0,1,0,0,1,0,0,0,0,0,0,0,1
KonIQ-10k IQA Database/512x384/4018505209.jpg,1,0,0,0,0,1,0,0,0,1,0,0,1,0,0,1,0,0,0,0
KonIQ-10k IQA Database/512x384/4016639569.jpg,1,0,0,0,0,1,0,0,0,1,0,0,0,1,0,1,0,1,0,0
KonIQ-10k IQA Database/512x384/4018386659.jpg,0,0,1,0,0,0,1,0,0,1,0,1,0,0,0,0,0,0,0,1
KonIQ-10k IQA Database/512x384/4019770428.jpg,0,0,1,0,0,0,1,0,0,1,0,1,0,0,0,0,0,0,0,1
KonIQ-10k IQA Database/512x384/4023598688.jpg,1,0,0,0,0,1,0,0,0,1,0,1,0,0,0,1,0,0,0,0
KonIQ-10k IQA Database/512x384/4027767419.jpg,1,0,0,0,0,1,0,0,0,1,0,0,1,0,0,0,1,0,0,0
KonIQ-10k IQA Database/512x384/40294335.jpg,0,0,0,0,1,0,1,0,1,0,0,0,0,1,0,0,0,0,0,1
KonIQ-10k IQA Database/512x384/4028266820.jpg,0,0,0,0,1,0,0,0,0,0,1,1,0,0,0,0,0,0,0,1
KonIQ-10k IQA Database/512x384/4033495510.jpg,0,0,0,0,1,0,0,0,0,0,1,1,0,0,0,0,0,0,0,1
KonIQ-10k IQA Database/512x384/4029731030.jpg,0,0,1,0,0,0,1,0,0,0,1,1,0,0,0,0,0,0,0,1
KonIQ-10k IQA Database/512x384/4026925102.jpg,1,0,0,0,0,1,0,0,0,1,0,1,0,0,0,1,0,0,0,0
KonIQ-10k IQA Database/512x384/4034290606.jpg,0,1,0,0,0,0,1,0,1,0,0,1,0,0,0,0,0,0,0,1
KonIQ-10k IQA Database/512x384/4034550282.jpg,0,0,1,0,0,0,1,0,0,1,0,1,0,0,0,0,1,0,0,0
KonIQ-10k IQA Database/512x384/4034220859.jpg,0,0,1,0,0,0,1,0,0,1,0,1,0,0,0,0,0,0,1,0
KonIQ-10k IQA Database/512x384/4035961068.jpg,0,0,1,0,0,0,1,0,0,0,1,1,0,0,0,0,0,0,0,1
KonIQ-10k IQA Database/512x384/4037056912.jpg,0,0,1,0,0,0,1,0,0,1,0,1,0,0,0,1,0,0,0,0
KonIQ-10k IQA Database/512x384/4036944943.jpg,0,0,1,0,0,0,1,0,0,1,0,1,0,0,0,1,0,0,0,0
KonIQ-10k IQA Database/512x384/4037555676.jpg,0,0,0,0,1,0,1,0,0,0,1,0,1,0,0,0,0,0,0,1
KonIQ-10k IQA Database/512x384/4039710407.jpg,1,0,0,0,0,1,0,0,0,1,0,1,0,0,0,1,0,0,0,0
KonIQ-10k IQA Database/512x384/404033442.jpg,0,0,1,0,0,0,1,0,1,0,0,1,0,0,0,0,0,0,0,1
KonIQ-10k IQA Database/512x384/4040905906.jpg,1,0,0,0,0,1,0,0,0,1,0,0,0,1,0,0,0,1,0,0
KonIQ-10k IQA Database/512x384/403993453.jpg,0,0,1,0,0,0,1,0,0,0,1,1,0,0,0,0,0,0,0,1
KonIQ-10k IQA Database/512x384/4042188530.jpg,0,0,1,0,0,0,1,0,0,0,1,1,0,0,0,0,0,0,0,1
KonIQ-10k IQA Database/512x384/4040650709.jpg,0,0,1,0,0,0,1,0,0,1,0,1,0,0,0,0,0,0,0,1
KonIQ-10k IQA Database/512x384/4041954882.jpg,0,0,0,0,1,0,0,0,0,1,0,1,0,0,0,0,0,0,0,1
KonIQ-10k IQA Database/512x384/4042245241.jpg,0,1,0,0,0,1,0,0,1,0,0,1,0,0,0,1,0,0,0,0
KonIQ-10k IQA Database/512x384/4042292027.jpg,0,0,1,0,0,0,1,0,0,1,0,1,0,0,0,0,0,0,0,1
KonIQ-10k IQA Database/512x384/4042306910.jpg,0,0,1,0,0,0,1,0,0,0,1,0,1,0,0,0,0,0,0,1
KonIQ-10k IQA Database/512x384/4042572733.jpg,0,0,1,0,0,0,1,0,0,1,0,1,0,0,0,0,1,0,0,0
KonIQ-10k IQA Database/512x384/4042987026.jpg,0,0,1,0,0,0,1,0,0,0,1,1,0,0,0,0,0,0,0,1
KonIQ-10k IQA Database/512x384/4042433513.jpg,0,0,0,0,1,1,0,0,1,0,0,0,1,0,0,1,1,0,0,0
KonIQ-10k IQA Database/512x384/4046716515.jpg,0,0,1,0,0,0,1,0,0,1,0,1,0,0,0,0,1,0,0,0
KonIQ-10k IQA Database/512x384/4045599734.jpg,0,0,0,0,1,1,0,0,1,0,0,0,1,0,1,1,0,0,0,0
KonIQ-10k IQA Database/512x384/4046637583.jpg,0,0,1,0,0,0,1,0,0,1,0,1,0,0,0,0,0,0,0,1
KonIQ-10k IQA Database/512x384/4047658369.jpg,0,0,1,0,0,0,1,0,0,1,0,1,0,0,0,0,0,0,0,1
KonIQ-10k IQA Database/512x384/4049047636.jpg,0,0,0,0,1,0,1,0,0,0,1,0,1,0,0,0,0,0,0,1
KonIQ-10k IQA Database/512x384/4047293612.jpg,0,0,1,0,0,0,1,0,0,1,0,1,0,0,0,0,0,0,0,1
KonIQ-10k IQA Database/512x384/4054072823.jpg,1,0,0,0,0,1,0,0,0,1,0,1,0,0,1,0,0,0,0,0
KonIQ-10k IQA Database/512x384/4050875089.jpg,0,1,0,0,0,1,0,0,1,0,0,0,1,0,0,0,0,0,0,1
KonIQ-10k IQA Database/512x384/4054655583.jpg,1,0,0,0,0,1,0,0,0,1,0,1,0,0,0,1,0,0,0,0
KonIQ-10k IQA Database/512x384/4054847919.jpg,0,0,0,1,0,1,0,0,1,0,0,1,0,0,0,0,0,0,0,1
KonIQ-10k IQA Database/512x384/4056860839.jpg,1,0,0,0,0,1,0,0,0,1,0,1,0,0,0,1,0,0,0,0
KonIQ-10k IQA Database/512x384/4054594935.jpg,0,0,1,0,0,0,1,0,1,0,0,1,0,0,0,0,0,0,1,0
KonIQ-10k IQA Database/512x384/405908679.jpg,0,0,0,0,1,1,0,0,1,0,0,0,0,1,1,0,0,0,0,0
KonIQ-10k IQA Database/512x384/4062759482.jpg,0,0,1,0,0,0,1,0,0,0,1,1,0,0,0,0,0,0,0,1
KonIQ-10k IQA Database/512x384/4065100469.jpg,0,0,0,0,1,0,0,0,0,0,1,1,0,0,0,0,0,0,0,1
KonIQ-10k IQA Database/512x384/4063780436.jpg,1,0,0,0,0,1,0,0,0,1,0,1,0,0,0,1,0,0,0,0
KonIQ-10k IQA Database/512x384/406881914.jpg,1,0,0,0,0,1,0,0,1,0,0,0,1,0,1,1,0,0,1,0
KonIQ-10k IQA Database/512x384/4069729710.jpg,0,0,1,0,0,0,1,0,0,1,0,1,0,0,0,0,0,0,0,1
KonIQ-10k IQA Database/512x384/4067961238.jpg,0,1,0,0,0,1,0,0,0,1,0,0,1,0,1,0,0,0,1,0
KonIQ-10k IQA Database/512x384/4068780416.jpg,0,0,0,0,1,0,0,1,0,0,1,0,1,0,0,1,0,0,0,0
KonIQ-10k IQA Database/512x384/4074943155.jpg,0,0,1,0,0,0,1,0,0,1,0,1,0,0,0,0,0,0,0,1
KonIQ-10k IQA Database/512x384/4077667734.jpg,0,0,0,1,0,0,1,0,1,0,0,1,0,0,0,0,0,0,0,1
KonIQ-10k IQA Database/512x384/4075989770.jpg,0,0,0,0,1,0,0,0,0,0,1,0,0,1,0,0,0,0,1,0
KonIQ-10k IQA Database/512x384/4076940518.jpg,0,0,0,0,1,1,0,0,0,1,0,1,0,0,0,1,0,0,0,0
KonIQ-10k IQA Database/512x384/4078925567.jpg,0,0,1,0,0,0,1,0,0,0,1,1,0,0,0,0,1,1,0,0
KonIQ-10k IQA Database/512x384/4080731983.jpg,0,0,1,0,0,0,1,0,1,0,0,1,0,0,0,0,0,0,1,0
KonIQ-10k IQA Database/512x384/4080245276.jpg,0,1,0,0,0,0,1,0,0,0,1,0,0,1,0,0,0,0,0,1
KonIQ-10k IQA Database/512x384/4079839829.jpg,0,0,1,0,0,0,1,0,0,1,0,1,0,0,0,0,1,0,0,0
KonIQ-10k IQA Database/512x384/4079545582.jpg,0,0,0,0,1,0,1,0,1,0,0,1,0,0,0,0,0,0,0,1
KonIQ-10k IQA Database/512x384/4081025902.jpg,0,0,1,0,0,0,1,0,0,0,1,1,0,0,0,0,1,0,0,0
KonIQ-10k IQA Database/512x384/4081293153.jpg,0,0,1,0,0,0,1,0,1,0,0,0,1,0,0,0,1,0,0,0
KonIQ-10k IQA Database/512x384/4083824869.jpg,0,0,1,0,0,0,1,0,0,0,1,1,0,0,0,0,0,0,0,1
KonIQ-10k IQA Database/512x384/4084687519.jpg,0,0,1,0,0,0,1,0,0,1,0,1,0,0,0,0,0,0,0,1
KonIQ-10k IQA Database/512x384/4085075628.jpg,0,0,1,0,0,0,1,0,0,1,0,0,1,0,0,0,1,0,0,0
KonIQ-10k IQA Database/512x384/4087443308.jpg,0,0,0,0,1,1,0,0,0,1,0,0,0,1,1,0,0,1,1,0
KonIQ-10k IQA Database/512x384/4086204414.jpg,0,0,0,0,1,0,1,0,0,0,1,0,0,1,0,0,0,0,0,1
KonIQ-10k IQA Database/512x384/4089514101.jpg,0,0,0,0,1,1,0,0,0,1,0,1,0,0,0,0,0,0,0,1
KonIQ-10k IQA Database/512x384/4088500384.jpg,1,0,0,0,0,1,0,0,1,0,0,0,0,1,1,0,0,1,1,0
KonIQ-10k IQA Database/512x384/408607884.jpg,0,0,0,0,1,0,1,0,0,0,1,1,0,0,0,0,0,0,0,1
KonIQ-10k IQA Database/512x384/4091583861.jpg,0,0,1,0,0,0,1,0,0,1,0,1,0,0,0,0,0,0,0,1
KonIQ-10k IQA Database/512x384/409233389.jpg,0,1,0,0,0,1,0,0,0,1,0,1,0,0,0,0,0,0,0,1
KonIQ-10k IQA Database/512x384/4092627138.jpg,0,0,0,0,1,1,0,0,1,0,0,0,0,1,1,0,0,0,0,0
KonIQ-10k IQA Database/512x384/4094850958.jpg,0,0,1,0,0,0,1,0,0,0,1,1,0,0,0,0,1,0,0,0
KonIQ-10k IQA Database/512x384/4095160762.jpg,0,0,0,0,1,0,1,0,0,1,0,1,0,0,0,0,0,0,0,1
KonIQ-10k IQA Database/512x384/4094774604.jpg,0,0,1,0,0,0,1,0,0,0,1,1,0,0,0,0,0,0,0,1
KonIQ-10k IQA Database/512x384/409446076.jpg,0,0,0,0,1,0,0,0,0,0,1,0,0,1,0,0,0,0,0,1
KonIQ-10k IQA Database/512x384/409280416.jpg,0,0,0,0,1,0,1,0,0,0,1,1,0,0,0,0,0,0,0,1
KonIQ-10k IQA Database/512x384/4095383312.jpg,0,0,0,0,1,0,1,0,0,0,1,1,0,0,0,0,0,0,0,1
KonIQ-10k IQA Database/512x384/409597917.jpg,0,0,1,0,0,0,1,0,0,0,1,1,0,0,0,0,1,0,0,0
KonIQ-10k IQA Database/512x384/409821164.jpg,0,0,0,0,1,1,0,0,0,1,0,0,0,1,1,0,0,0,1,0
KonIQ-10k IQA Database/512x384/4095785910.jpg,0,1,0,0,0,0,1,0,0,0,1,1,0,0,0,0,0,0,0,1
KonIQ-10k IQA Database/512x384/4098700616.jpg,0,0,1,0,0,0,1,0,1,0,0,1,0,0,0,0,0,0,0,1
KonIQ-10k IQA Database/512x384/4099198318.jpg,0,0,1,0,0,0,1,0,0,1,0,1,0,0,0,0,0,0,0,1
KonIQ-10k IQA Database/512x384/4100096331.jpg,0,0,1,0,0,0,1,0,0,1,0,1,0,0,0,0,0,0,0,1
KonIQ-10k IQA Database/512x384/4100631766.jpg,0,0,0,0,1,1,0,0,0,0,1,0,0,1,0,0,0,0,1,0
KonIQ-10k IQA Database/512x384/4103115026.jpg,0,0,0,0,1,0,1,0,0,0,1,0,1,0,0,0,0,0,0,1
KonIQ-10k IQA Database/512x384/4106514523.jpg,0,0,0,0,1,1,0,0,1,0,0,0,0,1,1,1,0,0,0,0
KonIQ-10k IQA Database/512x384/4107566763.jpg,0,0,1,0,0,1,0,0,0,1,0,1,0,0,0,0,0,0,0,1
KonIQ-10k IQA Database/512x384/4106517753.jpg,0,0,0,0,1,1,0,0,0,1,0,1,0,0,0,0,1,0,0,0
KonIQ-10k IQA Database/512x384/4103158795.jpg,0,0,0,1,0,1,0,0,1,0,0,1,0,0,1,1,0,0,0,0
KonIQ-10k IQA Database/512x384/4107362083.jpg,1,0,0,0,0,1,0,0,0,1,0,1,0,0,0,1,0,0,0,0
KonIQ-10k IQA Database/512x384/4107809185.jpg,1,0,0,0,0,1,0,0,0,1,0,1,0,0,0,1,1,0,0,0
KonIQ-10k IQA Database/512x384/4109408743.jpg,0,0,1,0,0,0,1,0,0,1,0,1,0,0,0,0,0,0,0,1
KonIQ-10k IQA Database/512x384/41078091851.jpg,1,0,0,0,0,1,0,0,0,1,0,1,0,0,0,1,1,0,0,0
KonIQ-10k IQA Database/512x384/4110400471.jpg,0,0,0,0,1,1,0,0,1,0,0,0,0,1,1,0,0,0,1,0
KonIQ-10k IQA Database/512x384/411090819.jpg,0,0,0,0,1,0,1,0,1,0,0,1,0,0,0,0,1,0,0,0
KonIQ-10k IQA Database/512x384/4113272660.jpg,0,0,0,0,1,0,0,1,0,1,0,1,0,0,0,1,0,0,0,0
KonIQ-10k IQA Database/512x384/4112798557.jpg,1,0,0,0,0,1,0,0,0,1,0,1,0,0,0,1,0,0,0,0
KonIQ-10k IQA Database/512x384/41130035.jpg,0,0,0,0,1,1,0,0,1,0,0,1,0,0,0,1,0,0,0,0
KonIQ-10k IQA Database/512x384/4113685341.jpg,0,0,1,0,0,0,1,0,0,1,0,1,0,0,0,0,0,0,0,1
KonIQ-10k IQA Database/512x384/411025625.jpg,0,0,0,1,0,0,1,0,0,1,0,1,0,0,0,0,0,0,0,1
KonIQ-10k IQA Database/512x384/4114019902.jpg,0,0,0,0,1,1,0,0,1,0,0,0,1,0,0,0,1,0,0,0
KonIQ-10k IQA Database/512x384/4114743309.jpg,0,0,1,0,0,0,1,0,0,1,0,1,0,0,0,0,0,0,1,0
KonIQ-10k IQA Database/512x384/411787882.jpg,0,0,0,0,1,0,1,0,0,1,0,1,0,0,0,0,1,0,0,0
KonIQ-10k IQA Database/512x384/4122173034.jpg,0,0,1,0,0,0,1,0,0,1,0,1,0,0,0,0,0,0,0,1
KonIQ-10k IQA Database/512x384/412289790.jpg,0,0,1,0,0,0,1,0,0,0,1,0,1,0,0,0,1,0,0,0
KonIQ-10k IQA Database/512x384/4124391067.jpg,0,0,1,0,0,0,1,0,0,0,1,1,0,0,0,0,0,0,0,1
KonIQ-10k IQA Database/512x384/4124667437.jpg,0,0,0,0,1,1,0,0,1,0,0,1,0,0,0,1,0,0,0,0
KonIQ-10k IQA Database/512x384/4126410943.jpg,0,0,0,0,1,1,0,0,1,0,0,0,0,1,1,0,0,0,0,0
KonIQ-10k IQA Database/512x384/4125943270.jpg,1,0,0,0,0,1,0,0,0,1,0,1,0,0,0,0,0,0,0,1
KonIQ-10k IQA Database/512x384/4128658349.jpg,0,0,1,0,0,0,1,0,0,1,0,1,0,0,0,0,0,0,0,1
KonIQ-10k IQA Database/512x384/4131278870.jpg,1,0,0,0,0,1,0,0,0,1,0,0,1,0,0,0,0,1,0,0
KonIQ-10k IQA Database/512x384/4127400247.jpg,1,0,0,0,0,1,0,0,0,1,0,0,1,0,0,0,0,1,0,0
KonIQ-10k IQA Database/512x384/4127387822.jpg,1,0,0,0,0,1,0,0,1,0,0,0,0,1,1,1,0,0,1,0
KonIQ-10k IQA Database/512x384/4132558989.jpg,0,0,0,0,1,0,1,0,0,0,1,1,0,0,0,0,0,0,0,1
KonIQ-10k IQA Database/512x384/4130373740.jpg,0,0,1,0,0,0,1,0,0,1,0,1,0,0,0,0,0,0,0,1
KonIQ-10k IQA Database/512x384/4135617147.jpg,0,0,1,0,0,1,0,0,1,0,0,0,1,0,0,0,0,0,0,1
KonIQ-10k IQA Database/512x384/4132747677.jpg,0,0,1,0,0,0,1,0,0,1,0,1,0,0,0,0,0,0,0,1
KonIQ-10k IQA Database/512x384/4136576616.jpg,0,1,0,0,0,0,1,0,0,0,1,0,1,0,0,0,0,0,0,1
KonIQ-10k IQA Database/512x384/4138608778.jpg,0,1,0,0,0,0,0,1,0,1,0,0,1,0,0,0,0,0,0,1
KonIQ-10k IQA Database/512x384/4139991387.jpg,0,0,1,0,0,1,0,0,0,1,0,1,0,0,0,0,0,0,0,1
KonIQ-10k IQA Database/512x384/4139461254.jpg,0,0,1,0,0,0,1,0,0,1,0,1,0,0,0,0,0,0,0,1
KonIQ-10k IQA Database/512x384/4137012282.jpg,0,0,1,0,0,0,1,0,0,1,0,1,0,0,0,0,1,0,0,0
KonIQ-10k IQA Database/512x384/4142709624.jpg,0,1,0,0,0,1,0,0,1,0,0,0,1,0,1,0,0,0,0,0
KonIQ-10k IQA Database/512x384/4141916319.jpg,0,0,1,0,0,0,1,0,0,1,0,0,1,0,0,0,0,0,0,1
KonIQ-10k IQA Database/512x384/4142940823.jpg,0,0,1,0,0,0,1,0,0,1,0,1,0,0,0,0,1,0,0,0
KonIQ-10k IQA Database/512x384/4143494301.jpg,0,0,0,0,1,0,1,0,0,0,1,1,0,0,0,0,0,0,0,1
KonIQ-10k IQA Database/512x384/4144540155.jpg,0,0,0,0,1,0,1,0,0,0,1,1,0,0,0,0,0,0,0,1
KonIQ-10k IQA Database/512x384/414385138.jpg,0,0,0,0,1,0,1,0,1,0,0,1,0,0,0,0,0,0,0,1
KonIQ-10k IQA Database/512x384/4143454418.jpg,0,0,0,0,1,1,0,0,0,1,0,0,0,1,1,0,0,0,0,0
KonIQ-10k IQA Database/512x384/4147791219.jpg,0,0,1,0,0,0,1,0,0,1,0,1,0,0,0,0,1,0,0,0
KonIQ-10k IQA Database/512x384/4146534497.jpg,0,0,1,0,0,0,1,0,0,1,0,1,0,0,0,0,1,0,0,0
KonIQ-10k IQA Database/512x384/414892775.jpg,1,0,0,0,0,1,0,0,1,0,0,0,1,0,0,1,0,0,0,0
KonIQ-10k IQA Database/512x384/4149241552.jpg,0,0,1,0,0,0,1,0,0,0,1,1,0,0,0,0,0,0,0,1
KonIQ-10k IQA Database/512x384/4149460224.jpg,0,0,1,0,0,0,1,0,0,0,1,1,0,0,0,0,0,0,0,1
KonIQ-10k IQA Database/512x384/4149265699.jpg,0,0,1,0,0,0,1,0,0,1,0,1,0,0,0,0,0,0,0,1
KonIQ-10k IQA Database/512x384/4151551954.jpg,1,0,0,0,0,1,0,0,1,0,0,1,0,0,0,1,0,0,0,0
KonIQ-10k IQA Database/512x384/4151017008.jpg,1,0,0,0,0,1,0,0,0,1,0,1,0,0,0,1,0,0,0,0
KonIQ-10k IQA Database/512x384/415283727.jpg,0,0,0,0,1,0,1,0,1,0,0,1,0,0,0,0,0,0,0,1
KonIQ-10k IQA Database/512x384/4154530402.jpg,0,0,1,0,0,0,1,0,1,0,0,0,0,1,0,0,1,0,0,0
KonIQ-10k IQA Database/512x384/4155484757.jpg,0,0,1,0,0,0,1,0,0,1,0,1,0,0,0,1,0,0,0,0
KonIQ-10k IQA Database/512x384/4156534842.jpg,0,0,0,0,1,0,0,0,0,1,0,1,0,0,0,0,0,0,0,1
KonIQ-10k IQA Database/512x384/4156345687.jpg,0,0,0,0,1,1,0,0,1,0,0,0,0,1,1,0,0,0,0,0
KonIQ-10k IQA Database/512x384/415663858.jpg,0,0,1,0,0,0,1,0,0,1,0,1,0,0,0,0,0,0,0,1
KonIQ-10k IQA Database/512x384/4156652933.jpg,0,0,1,0,0,0,1,0,0,0,1,1,0,0,0,0,0,0,0,1
KonIQ-10k IQA Database/512x384/4157689684.jpg,0,0,1,0,0,0,1,0,1,0,0,1,0,0,0,0,0,0,0,1
KonIQ-10k IQA Database/512x384/4157144630.jpg,0,0,1,0,0,0,1,0,0,1,0,1,0,0,0,0,0,0,0,1
KonIQ-10k IQA Database/512x384/4157443022.jpg,0,0,1,0,0,0,1,0,0,1,0,0,1,0,0,0,0,0,0,1
KonIQ-10k IQA Database/512x384/4158327759.jpg,0,0,1,0,0,0,1,0,1,0,0,1,0,0,0,1,0,0,0,0
KonIQ-10k IQA Database/512x384/4162089194.jpg,0,0,0,0,1,0,1,0,0,1,0,1,0,0,0,0,1,0,0,0
KonIQ-10k IQA Database/512x384/4162338388.jpg,0,0,0,0,1,1,0,0,1,0,0,0,1,0,0,1,0,0,0,0
KonIQ-10k IQA Database/512x384/416573735.jpg,0,0,1,0,0,1,0,0,1,0,0,0,1,0,0,0,1,0,0,0
KonIQ-10k IQA Database/512x384/4167190092.jpg,0,0,1,0,0,0,1,0,0,1,0,1,0,0,0,0,0,1,0,0
KonIQ-10k IQA Database/512x384/4164273130.jpg,1,0,0,0,0,1,0,0,1,0,0,1,0,0,1,1,0,0,0,0
KonIQ-10k IQA Database/512x384/4167927417.jpg,0,0,0,0,1,1,0,0,0,1,0,1,0,0,0,0,0,0,1,0
KonIQ-10k IQA Database/512x384/4167198294.jpg,0,0,1,0,0,0,1,0,0,0,1,0,1,0,0,0,1,0,0,0
KonIQ-10k IQA Database/512x384/4163479239.jpg,0,0,1,0,0,0,1,0,0,0,1,1,0,0,0,0,0,0,0,1
KonIQ-10k IQA Database/512x384/416818061.jpg,0,0,0,0,1,0,1,0,0,0,1,1,0,0,0,0,0,0,0,1
KonIQ-10k IQA Database/512x384/416910261.jpg,0,0,0,0,1,0,0,0,0,1,0,1,0,0,0,0,0,0,0,1
KonIQ-10k IQA Database/512x384/4169643886.jpg,0,0,1,0,0,0,1,0,0,0,1,1,0,0,0,0,0,0,0,1
KonIQ-10k IQA Database/512x384/4167140049.jpg,0,0,0,0,1,0,1,0,0,1,0,1,0,0,0,0,0,0,0,1
KonIQ-10k IQA Database/512x384/4169148705.jpg,0,0,1,0,0,1,0,0,1,0,0,1,0,0,0,0,0,0,0,1
KonIQ-10k IQA Database/512x384/4171644754.jpg,0,0,1,0,0,0,1,0,0,0,1,1,0,0,0,0,0,0,0,1
KonIQ-10k IQA Database/512x384/4170535749.jpg,0,0,1,0,0,0,1,0,0,1,0,1,0,0,0,0,0,0,0,1
KonIQ-10k IQA Database/512x384/4172609703.jpg,0,0,1,0,0,0,1,0,0,1,0,1,0,0,0,0,1,0,0,0
KonIQ-10k IQA Database/512x384/4174114328.jpg,0,1,0,0,0,1,0,0,1,0,0,0,0,1,0,0,1,0,0,0
KonIQ-10k IQA Database/512x384/4174901273.jpg,0,0,1,0,0,0,1,0,0,1,0,0,1,0,0,0,0,0,0,1
KonIQ-10k IQA Database/512x384/4172951303.jpg,1,0,0,0,0,1,0,0,0,1,0,1,0,0,0,1,0,0,0,0
KonIQ-10k IQA Database/512x384/4172859607.jpg,1,0,0,0,0,1,0,0,1,0,0,1,0,0,0,1,0,0,0,0
KonIQ-10k IQA Database/512x384/4175024777.jpg,0,0,1,0,0,0,1,0,0,0,1,0,1,0,0,0,0,0,0,1
KonIQ-10k IQA Database/512x384/4176378029.jpg,0,0,0,0,1,1,0,0,1,0,0,1,0,0,0,0,0,0,0,1
KonIQ-10k IQA Database/512x384/417640797.jpg,0,0,0,0,1,0,0,0,0,1,0,1,0,0,0,1,0,0,0,0
KonIQ-10k IQA Database/512x384/417711208.jpg,0,0,0,0,1,0,0,0,0,0,1,1,0,0,0,0,0,0,0,1
KonIQ-10k IQA Database/512x384/4172438232.jpg,0,0,1,0,0,0,1,0,1,0,0,1,0,0,0,0,0,0,1,0
KonIQ-10k IQA Database/512x384/4178432884.jpg,1,0,0,0,0,1,0,0,0,0,1,0,1,0,0,0,0,1,0,0
KonIQ-10k IQA Database/512x384/417853178.jpg,0,0,1,0,0,0,0,1,0,1,0,0,1,0,0,0,1,0,0,0
KonIQ-10k IQA Database/512x384/4178645830.jpg,0,0,0,0,1,0,0,0,0,1,0,1,0,0,0,0,0,0,0,1
KonIQ-10k IQA Database/512x384/418145002.jpg,0,0,0,0,1,0,0,0,0,1,0,1,0,0,0,0,0,0,0,1
KonIQ-10k IQA Database/512x384/4178406108.jpg,0,0,0,1,0,0,1,0,1,0,0,0,1,0,0,0,1,0,0,0
KonIQ-10k IQA Database/512x384/4180311266.jpg,1,0,0,0,0,1,0,0,1,0,0,1,0,0,0,1,0,0,0,0
KonIQ-10k IQA Database/512x384/4182412787.jpg,0,0,1,0,0,0,1,0,0,0,1,1,0,0,0,0,0,0,0,1
KonIQ-10k IQA Database/512x384/417869210.jpg,0,0,0,0,1,0,1,0,0,0,1,1,0,0,0,0,0,0,0,1
KonIQ-10k IQA Database/512x384/4182428810.jpg,0,0,1,0,0,0,1,0,0,0,1,1,0,0,0,0,0,0,0,1
KonIQ-10k IQA Database/512x384/418308346.jpg,1,0,0,0,0,1,0,0,1,0,0,1,0,0,0,0,0,0,0,1
KonIQ-10k IQA Database/512x384/4183330908.jpg,0,1,0,0,0,0,1,0,0,0,1,0,1,0,1,0,0,0,0,0
KonIQ-10k IQA Database/512x384/4184866542.jpg,0,0,0,0,1,1,0,0,1,0,0,1,0,0,1,0,1,0,0,0
KonIQ-10k IQA Database/512x384/4186216137.jpg,0,0,1,0,0,0,1,0,0,1,0,1,0,0,0,0,1,0,0,0
KonIQ-10k IQA Database/512x384/4185039279.jpg,0,1,0,0,0,1,0,0,0,1,0,0,1,0,0,0,0,0,1,0
KonIQ-10k IQA Database/512x384/4187118157.jpg,0,0,1,0,0,0,0,1,1,0,0,0,0,1,0,0,0,0,1,0
KonIQ-10k IQA Database/512x384/4186428624.jpg,0,0,1,0,0,0,1,0,1,0,0,0,0,1,0,0,1,0,0,0
KonIQ-10k IQA Database/512x384/4187182991.jpg,0,0,1,0,0,0,1,0,1,0,0,1,0,0,0,0,0,0,0,1
KonIQ-10k IQA Database/512x384/4190943330.jpg,0,0,1,0,0,0,1,0,0,0,1,1,0,0,0,0,1,0,0,0
KonIQ-10k IQA Database/512x384/4193122125.jpg,0,1,0,0,0,1,0,0,0,1,0,0,0,1,0,0,0,0,1,0
KonIQ-10k IQA Database/512x384/4191882783.jpg,1,0,0,0,0,1,0,0,0,1,0,0,1,0,0,0,0,0,1,0
KonIQ-10k IQA Database/512x384/4193696727.jpg,0,0,0,0,1,0,1,0,0,0,1,1,0,0,0,0,0,0,0,1
KonIQ-10k IQA Database/512x384/4193794378.jpg,0,0,0,1,0,0,1,0,0,0,1,1,0,0,0,0,1,0,0,0
KonIQ-10k IQA Database/512x384/4194428227.jpg,0,0,0,1,0,0,1,0,0,1,0,1,0,0,0,0,1,0,0,0
KonIQ-10k IQA Database/512x384/4195621541.jpg,1,0,0,0,0,1,0,0,1,0,0,1,0,0,0,1,0,0,0,0
KonIQ-10k IQA Database/512x384/4196316000.jpg,0,0,0,0,1,0,1,0,0,1,0,1,0,0,0,0,0,0,0,1
KonIQ-10k IQA Database/512x384/4194035905.jpg,0,0,0,0,1,1,0,0,0,1,0,1,0,0,0,0,0,0,0,1
KonIQ-10k IQA Database/512x384/4195632386.jpg,0,0,0,0,1,1,0,0,0,1,0,1,0,0,1,0,0,0,0,0
KonIQ-10k IQA Database/512x384/4196095816.jpg,0,0,1,0,0,0,1,0,0,0,1,1,0,0,0,0,0,0,0,1
KonIQ-10k IQA Database/512x384/4199130600.jpg,0,0,0,0,1,1,0,0,1,0,0,1,0,0,1,0,0,0,1,0
KonIQ-10k IQA Database/512x384/420054062.jpg,0,0,0,0,1,1,0,0,0,1,0,1,0,0,1,0,0,0,0,0
KonIQ-10k IQA Database/512x384/4198235482.jpg,0,0,0,0,1,0,1,0,0,0,1,0,1,0,0,1,0,0,0,0
KonIQ-10k IQA Database/512x384/4201088382.jpg,0,0,1,0,0,1,0,0,1,0,0,1,0,0,0,1,0,0,0,0
KonIQ-10k IQA Database/512x384/4204561283.jpg,0,0,1,0,0,0,1,0,0,0,1,1,0,0,0,0,0,0,0,1
KonIQ-10k IQA Database/512x384/4202847613.jpg,0,0,1,0,0,0,0,0,0,1,0,1,0,0,0,0,0,0,0,1
KonIQ-10k IQA Database/512x384/4206098907.jpg,0,0,1,0,0,0,0,0,0,1,0,1,0,0,0,0,0,0,1,0
KonIQ-10k IQA Database/512x384/4201007649.jpg,0,0,1,0,0,0,1,0,0,1,0,1,0,0,0,0,1,0,0,0
KonIQ-10k IQA Database/512x384/4206004485.jpg,0,0,0,0,1,0,1,0,0,0,1,1,0,0,0,0,0,0,0,1
KonIQ-10k IQA Database/512x384/4210559322.jpg,0,0,1,0,0,0,1,0,0,0,1,1,0,0,0,0,0,0,0,1
KonIQ-10k IQA Database/512x384/4210983675.jpg,0,0,1,0,0,0,1,0,0,1,0,1,0,0,0,0,0,0,0,1
KonIQ-10k IQA Database/512x384/4211408239.jpg,0,0,1,0,0,0,1,0,0,1,0,1,0,0,0,0,0,1,0,0
KonIQ-10k IQA Database/512x384/4213592284.jpg,0,1,0,0,0,0,1,0,0,0,1,0,0,1,0,0,0,0,0,1
KonIQ-10k IQA Database/512x384/4207059536.jpg,0,0,1,0,0,0,1,0,0,1,0,1,0,0,0,0,0,0,0,1
KonIQ-10k IQA Database/512x384/4213244648.jpg,0,1,0,0,0,1,0,0,0,1,0,1,0,0,0,0,0,0,1,0
KonIQ-10k IQA Database/512x384/4214550696.jpg,1,0,0,0,0,1,0,0,1,0,0,1,0,0,0,0,0,0,1,0
KonIQ-10k IQA Database/512x384/4213334951.jpg,1,0,0,0,0,0,0,0,0,0,1,0,0,1,0,0,0,0,0,1
KonIQ-10k IQA Database/512x384/4214561622.jpg,0,0,1,0,0,1,0,0,1,0,0,1,0,0,0,0,0,0,0,1
KonIQ-10k IQA Database/512x384/4214814193.jpg,1,0,0,0,0,1,0,0,0,1,0,0,0,1,0,0,0,0,1,0
KonIQ-10k IQA Database/512x384/4215952664.jpg,1,0,0,0,0,1,0,0,0,1,0,1,0,0,0,1,0,0,0,0
KonIQ-10k IQA Database/512x384/4216117221.jpg,0,0,1,0,0,0,1,0,0,0,1,0,1,0,0,1,0,0,0,0
KonIQ-10k IQA Database/512x384/4217243298.jpg,0,0,0,0,1,0,1,0,0,0,1,1,0,0,0,0,0,0,0,1
KonIQ-10k IQA Database/512x384/4215055375.jpg,0,0,1,0,0,0,1,0,0,1,0,1,0,0,0,0,0,0,0,1
KonIQ-10k IQA Database/512x384/422092606.jpg,0,0,0,0,1,0,1,0,0,1,0,1,0,0,0,1,0,0,0,0
KonIQ-10k IQA Database/512x384/4220863406.jpg,0,0,1,0,0,0,1,0,0,1,0,1,0,0,0,0,1,0,1,0
KonIQ-10k IQA Database/512x384/4217228822.jpg,0,0,0,0,1,0,1,0,1,0,0,1,0,0,0,1,0,0,0,0
KonIQ-10k IQA Database/512x384/4217551619.jpg,0,0,1,0,0,0,1,0,0,1,0,1,0,0,0,0,0,0,0,1
KonIQ-10k IQA Database/512x384/4222055381.jpg,1,0,0,0,0,1,0,0,0,1,0,1,0,0,0,0,0,1,0,0
KonIQ-10k IQA Database/512x384/4224633098.jpg,1,0,0,0,0,1,0,0,1,0,0,0,1,0,1,0,0,0,0,0
KonIQ-10k IQA Database/512x384/4223697086.jpg,0,0,1,0,0,0,1,0,0,1,0,1,0,0,0,0,1,0,0,0
KonIQ-10k IQA Database/512x384/4229929371.jpg,0,0,1,0,0,0,1,0,0,1,0,1,0,0,0,0,1,0,0,0
KonIQ-10k IQA Database/512x384/4229639952.jpg,0,0,0,0,1,1,0,0,0,1,0,0,1,0,0,1,0,0,0,0
KonIQ-10k IQA Database/512x384/42296399526.jpg,0,0,0,0,1,1,0,0,1,0,0,0,1,0,0,1,0,0,0,0
KonIQ-10k IQA Database/512x384/4228738752.jpg,0,0,1,0,0,0,1,0,0,0,1,1,0,0,0,0,1,0,0,0
KonIQ-10k IQA Database/512x384/4231049527.jpg,0,0,1,0,0,0,1,0,0,1,0,1,0,0,0,0,0,0,0,1
KonIQ-10k IQA Database/512x384/4232014784.jpg,0,0,1,0,0,0,1,0,0,0,1,1,0,0,0,0,1,0,0,0
KonIQ-10k IQA Database/512x384/4232963375.jpg,0,0,0,0,1,0,0,0,0,1,0,1,0,0,0,0,0,0,0,1
KonIQ-10k IQA Database/512x384/4233571199.jpg,0,1,0,0,0,1,0,0,1,0,0,0,1,0,1,0,0,0,1,0
KonIQ-10k IQA Database/512x384/4234199993.jpg,0,0,1,0,0,0,1,0,0,0,1,1,0,0,0,0,0,0,0,1
KonIQ-10k IQA Database/512x384/4236329723.jpg,0,0,1,0,0,0,1,0,0,0,1,1,0,0,0,0,0,0,0,1
KonIQ-10k IQA Database/512x384/4236326911.jpg,0,0,1,0,0,0,1,0,0,0,1,1,0,0,0,0,0,0,0,1
KonIQ-10k IQA Database/512x384/4236732050.jpg,0,1,0,0,0,0,1,0,0,1,0,1,0,0,0,0,0,0,0,1
KonIQ-10k IQA Database/512x384/4239274380.jpg,0,0,1,0,0,0,1,0,0,0,1,1,0,0,0,0,1,0,0,0
KonIQ-10k IQA Database/512x384/4237536969.jpg,1,0,0,0,0,1,0,0,0,1,0,1,0,0,0,1,0,0,0,0
KonIQ-10k IQA Database/512x384/4239526963.jpg,0,0,0,0,1,0,1,0,1,0,0,1,0,0,0,0,0,0,0,1
KonIQ-10k IQA Database/512x384/4240917469.jpg,0,0,1,0,0,0,1,0,0,0,1,1,0,0,0,0,1,0,0,0
KonIQ-10k IQA Database/512x384/4243451745.jpg,0,0,0,0,1,1,0,0,0,1,0,1,0,0,0,0,0,0,0,1
KonIQ-10k IQA Database/512x384/4241084648.jpg,0,0,0,0,1,0,1,0,0,0,1,0,1,0,0,0,0,1,0,0
KonIQ-10k IQA Database/512x384/4243562466.jpg,0,0,0,1,0,0,1,0,1,0,0,1,0,0,0,0,0,0,0,1
KonIQ-10k IQA Database/512x384/4242548000.jpg,0,1,0,0,0,0,1,0,0,1,0,0,1,0,0,1,0,0,0,0
KonIQ-10k IQA Database/512x384/4244935320.jpg,0,1,0,0,0,1,0,0,0,1,0,1,0,0,0,0,0,0,0,1
KonIQ-10k IQA Database/512x384/4244098975.jpg,1,0,0,0,0,1,0,0,0,0,1,0,1,0,0,1,0,0,0,0
KonIQ-10k IQA Database/512x384/4243875190.jpg,0,0,1,0,0,0,1,0,0,1,0,1,0,0,0,0,0,0,0,1
KonIQ-10k IQA Database/512x384/4240173491.jpg,0,0,1,0,0,0,1,0,1,0,0,1,0,0,0,0,0,0,0,1
KonIQ-10k IQA Database/512x384/4246091470.jpg,0,0,1,0,0,1,0,0,1,0,0,1,0,0,0,0,0,0,0,1
KonIQ-10k IQA Database/512x384/4246274521.jpg,1,0,0,0,0,1,0,0,1,0,0,1,0,0,0,1,0,0,0,0
KonIQ-10k IQA Database/512x384/4245591001.jpg,0,0,1,0,0,0,1,0,0,0,1,0,1,0,0,0,0,0,0,1
KonIQ-10k IQA Database/512x384/4246970583.jpg,0,0,1,0,0,0,1,0,0,0,1,1,0,0,0,1,0,0,0,0
KonIQ-10k IQA Database/512x384/4248616737.jpg,0,1,0,0,0,1,0,0,0,1,0,1,0,0,1,0,0,0,0,0
KonIQ-10k IQA Database/512x384/4247073360.jpg,0,0,1,0,0,0,0,1,1,0,0,1,0,0,0,0,0,0,0,1
KonIQ-10k IQA Database/512x384/42490373.jpg,0,0,0,0,1,1,0,0,0,1,0,1,0,0,0,0,0,0,0,1
KonIQ-10k IQA Database/512x384/4250403356.jpg,0,0,1,0,0,0,1,0,0,1,0,1,0,0,0,0,0,0,0,1
KonIQ-10k IQA Database/512x384/4251971063.jpg,1,0,0,0,0,1,0,0,1,0,0,0,1,0,1,0,0,0,0,0
KonIQ-10k IQA Database/512x384/4253075090.jpg,0,0,1,0,0,0,1,0,1,0,0,0,1,0,0,0,1,0,0,0
KonIQ-10k IQA Database/512x384/4252888669.jpg,0,0,1,0,0,0,1,0,0,1,0,0,1,0,0,0,1,0,0,0
KonIQ-10k IQA Database/512x384/4252517673.jpg,0,0,1,0,0,0,1,0,0,1,0,1,0,0,0,0,0,0,0,1
KonIQ-10k IQA Database/512x384/4254945684.jpg,0,0,0,0,1,0,1,0,0,0,1,1,0,0,0,0,0,0,0,1
KonIQ-10k IQA Database/512x384/4255843674.jpg,0,0,1,0,0,0,1,0,0,1,0,1,0,0,0,0,0,0,0,1
KonIQ-10k IQA Database/512x384/4257293580.jpg,1,0,0,0,0,1,0,0,0,1,0,0,0,1,0,1,0,0,1,0
KonIQ-10k IQA Database/512x384/4255841453.jpg,0,0,1,0,0,0,1,0,0,1,0,1,0,0,0,0,1,0,0,0
KonIQ-10k IQA Database/512x384/4258644297.jpg,1,0,0,0,0,1,0,0,1,0,0,0,1,0,0,1,0,0,0,0
KonIQ-10k IQA Database/512x384/4259043215.jpg,0,1,0,0,0,1,0,0,0,1,0,1,0,0,0,0,0,0,1,0
KonIQ-10k IQA Database/512x384/4258446622.jpg,1,0,0,0,0,0,0,1,0,0,1,0,0,1,1,0,0,1,0,0
KonIQ-10k IQA Database/512x384/4256128407.jpg,0,0,1,0,0,0,1,0,0,0,1,1,0,0,0,0,0,0,0,1
KonIQ-10k IQA Database/512x384/4258180825.jpg,1,0,0,0,0,1,0,0,1,0,0,1,0,0,1,1,0,0,0,0
KonIQ-10k IQA Database/512x384/425916994.jpg,0,0,0,0,1,0,1,0,0,0,1,1,0,0,0,0,1,0,0,0
KonIQ-10k IQA Database/512x384/4259140344.jpg,1,0,0,0,0,1,0,0,1,0,0,1,0,0,0,1,0,0,0,0
KonIQ-10k IQA Database/512x384/4259335567.jpg,0,0,1,0,0,0,1,0,0,0,1,1,0,0,0,0,0,0,0,1
KonIQ-10k IQA Database/512x384/42614998.jpg,0,0,0,0,1,0,1,0,0,0,1,1,0,0,0,0,0,1,0,0
KonIQ-10k IQA Database/512x384/4262472308.jpg,0,0,1,0,0,0,1,0,0,1,0,1,0,0,0,1,0,0,0,0
KonIQ-10k IQA Database/512x384/4263025475.jpg,0,0,0,0,1,1,0,0,1,0,0,0,1,0,0,1,1,0,0,0
KonIQ-10k IQA Database/512x384/4264601430.jpg,1,0,0,0,0,1,0,0,0,1,0,1,0,0,0,1,0,0,0,0
KonIQ-10k IQA Database/512x384/4261186099.jpg,0,0,1,0,0,0,1,0,0,0,1,0,1,0,0,0,1,0,0,0
KonIQ-10k IQA Database/512x384/4260146768.jpg,0,1,0,0,0,1,0,0,0,1,0,0,1,0,0,0,0,0,1,0
KonIQ-10k IQA Database/512x384/426081951.jpg,0,1,0,0,0,1,0,0,1,0,0,1,0,0,1,0,0,0,0,0
KonIQ-10k IQA Database/512x384/4265829347.jpg,0,0,0,0,1,1,0,0,0,1,0,0,1,0,0,0,0,0,1,0
KonIQ-10k IQA Database/512x384/4265877256.jpg,0,0,1,0,0,0,1,0,0,0,1,1,0,0,0,0,1,0,0,0
KonIQ-10k IQA Database/512x384/4268587808.jpg,0,0,0,0,1,0,1,0,1,0,0,1,0,0,0,0,0,0,0,1
KonIQ-10k IQA Database/512x384/426656293.jpg,0,0,1,0,0,0,1,0,0,0,1,1,0,0,0,0,1,0,0,0
KonIQ-10k IQA Database/512x384/4270305165.jpg,0,1,0,0,0,0,1,0,0,0,1,0,1,0,0,0,1,0,0,0
KonIQ-10k IQA Database/512x384/4270574025.jpg,0,0,0,0,1,0,0,0,0,1,0,1,0,0,0,0,0,0,0,1
KonIQ-10k IQA Database/512x384/4275452644.jpg,1,0,0,0,0,1,0,0,1,0,0,0,1,0,0,1,0,0,0,0
KonIQ-10k IQA Database/512x384/427196028.jpg,0,0,0,1,0,1,0,0,0,1,0,1,0,0,0,0,0,0,0,1
KonIQ-10k IQA Database/512x384/4273357838.jpg,0,0,1,0,0,0,1,0,0,1,0,0,0,1,0,0,0,0,0,1
KonIQ-10k IQA Database/512x384/4277539505.jpg,1,0,0,0,0,1,0,0,0,1,0,1,0,0,0,0,0,0,1,0
KonIQ-10k IQA Database/512x384/4277299546.jpg,0,0,1,0,0,0,1,0,0,1,0,1,0,0,0,1,0,0,0,0
KonIQ-10k IQA Database/512x384/4278181256.jpg,0,0,1,0,0,0,1,0,0,1,0,1,0,0,0,1,0,0,0,0
KonIQ-10k IQA Database/512x384/4278539127.jpg,0,0,1,0,0,0,1,0,0,1,0,1,0,0,0,1,0,0,0,0
KonIQ-10k IQA Database/512x384/4281731487.jpg,0,0,0,0,1,0,1,0,1,0,0,1,0,0,0,0,0,0,0,1
KonIQ-10k IQA Database/512x384/4281583432.jpg,0,0,0,1,0,0,1,0,0,0,1,1,0,0,0,0,0,0,0,1
KonIQ-10k IQA Database/512x384/4281871655.jpg,0,0,1,0,0,0,1,0,0,0,1,1,0,0,0,0,1,0,0,0
KonIQ-10k IQA Database/512x384/4282135501.jpg,0,0,0,0,1,0,1,0,1,0,0,1,0,0,0,1,0,0,0,0
KonIQ-10k IQA Database/512x384/4281546585.jpg,0,0,1,0,0,0,1,0,0,0,1,1,0,0,0,0,0,0,0,1
KonIQ-10k IQA Database/512x384/4286933249.jpg,1,0,0,0,0,1,0,0,0,1,0,0,1,0,0,1,0,0,0,0
KonIQ-10k IQA Database/512x384/4285776519.jpg,0,0,1,0,0,0,1,0,0,0,1,1,0,0,0,0,1,0,0,0
KonIQ-10k IQA Database/512x384/4289036535.jpg,1,0,0,0,0,1,0,0,1,0,0,1,0,0,1,0,0,0,0,0
KonIQ-10k IQA Database/512x384/4290975910.jpg,0,0,1,0,0,0,1,0,1,0,0,1,0,0,0,0,0,0,0,1
KonIQ-10k IQA Database/512x384/4288180189.jpg,0,1,0,0,0,1,0,0,1,0,0,0,1,0,1,1,0,0,0,0
KonIQ-10k IQA Database/512x384/4286953087.jpg,0,0,1,0,0,0,1,0,0,1,0,1,0,0,0,0,0,0,0,1
KonIQ-10k IQA Database/512x384/4294746447.jpg,0,0,1,0,0,0,1,0,1,0,0,0,1,0,0,0,1,0,0,0
KonIQ-10k IQA Database/512x384/4287953710.jpg,0,0,0,0,1,0,1,0,1,0,0,1,0,0,0,0,1,0,0,0
KonIQ-10k IQA Database/512x384/4293785816.jpg,0,0,1,0,0,0,1,0,0,0,1,1,0,0,0,0,0,0,0,1
KonIQ-10k IQA Database/512x384/4292573500.jpg,0,0,1,0,0,0,1,0,0,1,0,0,1,0,0,0,1,0,0,0
KonIQ-10k IQA Database/512x384/4295279371.jpg,0,0,0,1,0,0,1,0,1,0,0,1,0,0,0,0,1,0,0,0
KonIQ-10k IQA Database/512x384/4296403133.jpg,0,0,1,0,0,0,1,0,0,1,0,1,0,0,0,0,0,0,0,1
KonIQ-10k IQA Database/512x384/4295525241.jpg,0,0,1,0,0,0,1,0,0,0,1,1,0,0,0,0,0,0,0,1
KonIQ-10k IQA Database/512x384/4297219009.jpg,0,0,1,0,0,0,1,0,0,0,1,1,0,0,0,0,0,0,0,1
KonIQ-10k IQA Database/512x384/4296647005.jpg,0,0,0,0,1,1,0,0,1,0,0,0,1,0,0,0,1,0,0,0
KonIQ-10k IQA Database/512x384/4297599043.jpg,0,0,1,0,0,0,1,0,1,0,0,1,0,0,0,0,0,0,0,1
KonIQ-10k IQA Database/512x384/4298067776.jpg,0,0,1,0,0,0,1,0,0,1,0,1,0,0,0,0,0,0,0,1
KonIQ-10k IQA Database/512x384/4298923773.jpg,0,1,0,0,0,1,0,0,1,0,0,1,0,0,0,0,0,0,0,1
KonIQ-10k IQA Database/512x384/4298186333.jpg,0,0,1,0,0,0,1,0,0,1,0,1,0,0,0,0,0,0,0,1
KonIQ-10k IQA Database/512x384/4299890430.jpg,0,0,1,0,0,0,1,0,0,1,0,1,0,0,0,0,0,0,0,1
KonIQ-10k IQA Database/512x384/4299216840.jpg,0,0,0,0,1,0,1,0,0,0,1,1,0,0,0,0,0,0,0,1
KonIQ-10k IQA Database/512x384/4297818651.jpg,0,0,1,0,0,0,1,0,0,0,1,1,0,0,0,0,0,0,1,0
KonIQ-10k IQA Database/512x384/4300118450.jpg,0,0,0,0,1,1,0,0,1,0,0,1,0,0,0,0,0,0,0,1
KonIQ-10k IQA Database/512x384/4299510764.jpg,0,0,1,0,0,0,1,0,0,1,0,0,1,0,0,0,0,0,0,1
KonIQ-10k IQA Database/512x384/4300400521.jpg,0,0,1,0,0,0,1,0,0,0,1,0,1,0,0,0,1,0,0,0
KonIQ-10k IQA Database/512x384/4305975001.jpg,0,0,1,0,0,0,1,0,1,0,0,1,0,0,0,0,0,0,0,1
KonIQ-10k IQA Database/512x384/4304984630.jpg,0,0,0,0,1,0,1,0,1,0,0,1,0,0,0,0,0,0,1,0
KonIQ-10k IQA Database/512x384/430051470.jpg,0,0,0,0,1,1,0,0,1,0,0,0,1,0,0,1,0,1,0,0
KonIQ-10k IQA Database/512x384/4302524395.jpg,0,0,1,0,0,0,1,0,0,1,0,1,0,0,0,0,1,0,0,0
KonIQ-10k IQA Database/512x384/430961914.jpg,0,0,1,0,0,0,1,0,1,0,0,1,0,0,0,0,0,0,0,1
KonIQ-10k IQA Database/512x384/4306124216.jpg,0,0,1,0,0,0,1,0,1,0,0,1,0,0,0,0,0,0,0,1
KonIQ-10k IQA Database/512x384/4307315285.jpg,1,0,0,0,0,1,0,0,0,1,0,0,0,1,0,1,0,0,0,0
KonIQ-10k IQA Database/512x384/4309440479.jpg,0,0,0,0,1,0,0,0,0,1,0,1,0,0,0,0,0,0,0,1
KonIQ-10k IQA Database/512x384/4311062470.jpg,0,0,1,0,0,0,1,0,0,0,1,1,0,0,0,0,0,0,0,1
KonIQ-10k IQA Database/512x384/4310499723.jpg,0,0,1,0,0,0,1,0,0,0,1,0,1,0,0,0,0,0,0,1
KonIQ-10k IQA Database/512x384/4313162470.jpg,0,0,0,0,1,1,0,0,0,1,0,1,0,0,1,0,0,0,0,0
KonIQ-10k IQA Database/512x384/4315078660.jpg,0,0,1,0,0,1,0,0,1,0,0,1,0,0,0,0,0,0,1,0
KonIQ-10k IQA Database/512x384/4316264959.jpg,0,0,0,0,1,1,0,0,0,1,0,1,0,0,0,0,0,0,0,1
KonIQ-10k IQA Database/512x384/4313852687.jpg,0,0,1,0,0,0,1,0,0,0,1,1,0,0,0,0,0,0,0,1
KonIQ-10k IQA Database/512x384/4312794040.jpg,1,0,0,0,0,1,0,0,0,1,0,1,0,0,0,0,0,1,0,0
KonIQ-10k IQA Database/512x384/4316201498.jpg,0,0,1,0,0,0,1,0,0,1,0,1,0,0,0,0,0,0,0,1
KonIQ-10k IQA Database/512x384/4319709983.jpg,0,0,0,0,1,0,1,0,1,0,0,1,0,0,0,0,0,0,0,1
KonIQ-10k IQA Database/512x384/4319921272.jpg,0,0,1,0,0,0,1,0,0,0,1,1,0,0,0,0,1,0,0,0
KonIQ-10k IQA Database/512x384/4320399633.jpg,0,1,0,0,0,1,0,0,1,0,0,1,0,0,0,0,1,0,0,0
KonIQ-10k IQA Database/512x384/432158024.jpg,0,0,1,0,0,1,0,0,0,1,0,0,1,0,0,0,0,0,0,1
KonIQ-10k IQA Database/512x384/4321643395.jpg,0,0,1,0,0,0,1,0,0,1,0,0,0,1,0,0,1,0,0,0
KonIQ-10k IQA Database/512x384/4321538602.jpg,1,0,0,0,0,1,0,0,1,0,0,0,0,1,1,0,0,0,0,0
KonIQ-10k IQA Database/512x384/4321708869.jpg,0,0,1,0,0,0,1,0,0,1,0,1,0,0,0,0,0,0,0,1
KonIQ-10k IQA Database/512x384/432256405.jpg,0,0,1,0,0,0,1,0,0,1,0,1,0,0,0,0,0,1,0,0
KonIQ-10k IQA Database/512x384/4323755897.jpg,0,0,1,0,0,0,1,0,0,1,0,1,0,0,0,0,0,0,0,1
KonIQ-10k IQA Database/512x384/4323308644.jpg,0,0,0,0,1,0,1,0,1,0,0,1,0,0,0,0,0,0,0,1
KonIQ-10k IQA Database/512x384/4324984866.jpg,0,0,1,0,0,0,1,0,0,1,0,1,0,0,0,0,1,0,0,0
KonIQ-10k IQA Database/512x384/4324997197.jpg,0,0,0,0,1,1,0,0,0,1,0,0,1,0,0,0,0,0,1,0
KonIQ-10k IQA Database/512x384/432860543.jpg,0,1,0,0,0,1,0,0,1,0,0,0,1,0,1,1,0,0,1,0
KonIQ-10k IQA Database/512x384/4330138497.jpg,0,0,0,0,1,0,1,0,1,0,0,1,0,0,0,0,0,0,0,1
KonIQ-10k IQA Database/512x384/4325351330.jpg,0,0,0,0,1,0,1,0,0,0,1,1,0,0,0,0,1,0,0,0
KonIQ-10k IQA Database/512x384/4333231936.jpg,0,0,0,0,1,0,1,0,0,0,1,1,0,0,0,0,0,0,0,1
KonIQ-10k IQA Database/512x384/4331601397.jpg,0,0,1,0,0,0,1,0,0,1,0,1,0,0,0,0,0,0,0,1
KonIQ-10k IQA Database/512x384/4335627943.jpg,0,0,0,0,1,1,0,0,1,0,0,1,0,0,1,0,0,0,0,0
KonIQ-10k IQA Database/512x384/4333476367.jpg,0,0,0,0,1,1,0,0,1,0,0,1,0,0,0,1,0,0,0,0
KonIQ-10k IQA Database/512x384/4335495125.jpg,0,1,0,0,0,0,1,0,0,0,1,1,0,0,0,0,0,0,0,1
KonIQ-10k IQA Database/512x384/4336185725.jpg,0,0,0,0,1,0,1,0,0,0,1,1,0,0,0,1,0,0,0,0
KonIQ-10k IQA Database/512x384/4336460350.jpg,0,1,0,0,0,1,0,0,1,0,0,1,0,0,0,0,0,0,0,1
KonIQ-10k IQA Database/512x384/4335962068.jpg,0,0,0,0,1,0,0,0,0,1,0,1,0,0,0,0,0,0,0,1
KonIQ-10k IQA Database/512x384/433731087.jpg,0,0,1,0,0,0,1,0,0,0,1,1,0,0,0,0,0,0,0,1
KonIQ-10k IQA Database/512x384/4336949009.jpg,0,1,0,0,0,1,0,0,1,0,0,1,0,0,0,0,0,0,1,0
KonIQ-10k IQA Database/512x384/4338156096.jpg,0,1,0,0,0,1,0,0,0,1,0,1,0,0,0,0,0,0,0,1
KonIQ-10k IQA Database/512x384/4337515200.jpg,1,0,0,0,0,1,0,0,1,0,0,0,0,1,0,0,0,0,1,0
KonIQ-10k IQA Database/512x384/4340329166.jpg,0,0,0,1,0,1,0,0,1,0,0,1,0,0,0,0,1,0,1,0
KonIQ-10k IQA Database/512x384/4336745838.jpg,0,0,0,1,0,0,1,0,1,0,0,1,0,0,0,0,1,0,0,0
KonIQ-10k IQA Database/512x384/434108213.jpg,1,0,0,0,0,1,0,0,0,1,0,0,1,0,0,1,0,0,0,0
KonIQ-10k IQA Database/512x384/434127863.jpg,1,0,0,0,0,1,0,0,1,0,0,0,0,1,0,0,0,0,1,0
KonIQ-10k IQA Database/512x384/4343097092.jpg,1,0,0,0,0,1,0,0,0,1,0,0,1,0,0,0,0,0,0,1
KonIQ-10k IQA Database/512x384/4343304474.jpg,0,0,1,0,0,0,1,0,1,0,0,0,1,0,0,0,1,0,0,0
KonIQ-10k IQA Database/512x384/434605634.jpg,0,0,1,0,0,0,1,0,1,0,0,1,0,0,0,1,0,0,0,0
KonIQ-10k IQA Database/512x384/4344642946.jpg,1,0,0,0,0,1,0,0,1,0,0,1,0,0,0,0,1,0,1,0
KonIQ-10k IQA Database/512x384/4345778112.jpg,0,1,0,0,0,1,0,0,0,1,0,1,0,0,0,0,0,0,1,0
KonIQ-10k IQA Database/512x384/4345842908.jpg,0,0,1,0,0,0,1,0,0,1,0,0,1,0,0,0,1,0,0,0
KonIQ-10k IQA Database/512x384/4346944645.jpg,0,0,0,1,0,0,1,0,1,0,0,1,0,0,0,0,0,0,0,1
KonIQ-10k IQA Database/512x384/4345036113.jpg,0,1,0,0,0,1,0,0,0,1,0,1,0,0,0,0,1,0,0,0
KonIQ-10k IQA Database/512x384/434815119.jpg,0,0,1,0,0,0,1,0,0,0,1,1,0,0,0,0,0,0,0,1
KonIQ-10k IQA Database/512x384/4347028779.jpg,0,0,1,0,0,0,1,0,0,1,0,1,0,0,0,0,0,0,0,1
KonIQ-10k IQA Database/512x384/435179511.jpg,1,0,0,0,0,1,0,0,0,1,0,0,1,0,0,1,0,0,0,0
KonIQ-10k IQA Database/512x384/4347675881.jpg,0,0,1,0,0,0,1,0,0,1,0,1,0,0,0,0,0,0,0,1
KonIQ-10k IQA Database/512x384/4352372142.jpg,0,0,1,0,0,0,1,0,0,1,0,1,0,0,0,0,1,0,0,0
KonIQ-10k IQA Database/512x384/4346999174.jpg,1,0,0,0,0,1,0,0,1,0,0,1,0,0,0,0,1,0,1,0
KonIQ-10k IQA Database/512x384/4347235307.jpg,1,0,0,0,0,1,0,0,1,0,0,0,1,0,0,0,0,1,0,0
KonIQ-10k IQA Database/512x384/4353430545.jpg,0,0,0,0,1,0,1,0,0,0,1,1,0,0,0,0,0,0,0,1
KonIQ-10k IQA Database/512x384/4353658003.jpg,0,0,0,0,1,0,1,0,1,0,0,1,0,0,0,0,0,0,0,1
KonIQ-10k IQA Database/512x384/4356674628.jpg,0,0,0,0,1,0,0,0,0,1,0,1,0,0,0,1,0,0,0,0
KonIQ-10k IQA Database/512x384/435823507.jpg,0,0,1,0,0,0,1,0,0,1,0,0,1,0,0,0,1,0,0,0
KonIQ-10k IQA Database/512x384/4356238035.jpg,0,0,0,0,1,0,1,0,0,1,0,1,0,0,0,0,0,0,0,1
KonIQ-10k IQA Database/512x384/4357293162.jpg,1,0,0,0,0,1,0,0,1,0,0,1,0,0,0,1,0,0,0,0
KonIQ-10k IQA Database/512x384/4358436337.jpg,0,0,1,0,0,0,1,0,0,1,0,1,0,0,0,0,0,0,0,1
KonIQ-10k IQA Database/512x384/4353485101.jpg,1,0,0,0,0,0,1,0,0,0,1,0,1,0,0,1,0,0,0,0
KonIQ-10k IQA Database/512x384/4359434065.jpg,1,0,0,0,0,1,0,0,0,1,0,1,0,0,0,1,0,0,0,0
KonIQ-10k IQA Database/512x384/4360105019.jpg,0,0,1,0,0,0,1,0,0,0,1,1,0,0,0,0,0,0,0,1
KonIQ-10k IQA Database/512x384/4360974596.jpg,0,0,1,0,0,0,1,0,0,1,0,1,0,0,0,0,1,0,0,0
KonIQ-10k IQA Database/512x384/4359967769.jpg,0,0,0,0,1,1,0,0,0,1,0,0,1,0,1,0,0,0,1,0
KonIQ-10k IQA Database/512x384/4359682859.jpg,1,0,0,0,0,1,0,0,1,0,0,1,0,0,0,1,0,0,0,0
KonIQ-10k IQA Database/512x384/4360193081.jpg,0,0,0,0,1,1,0,0,0,1,0,1,0,0,0,0,1,0,1,0
KonIQ-10k IQA Database/512x384/4363262095.jpg,0,0,0,1,0,1,0,0,0,1,0,1,0,0,0,0,0,0,1,0
KonIQ-10k IQA Database/512x384/4364606780.jpg,1,0,0,0,0,1,0,0,1,0,0,1,0,0,0,0,0,0,0,1
KonIQ-10k IQA Database/512x384/4364793888.jpg,0,0,1,0,0,0,1,0,0,1,0,1,0,0,0,1,0,0,0,0
KonIQ-10k IQA Database/512x384/4365387751.jpg,0,0,1,0,0,0,0,1,0,1,0,1,0,0,0,0,1,0,0,0
KonIQ-10k IQA Database/512x384/4370903350.jpg,0,0,0,0,1,0,1,0,0,0,1,1,0,0,0,0,0,0,0,1
KonIQ-10k IQA Database/512x384/4367864472.jpg,0,0,0,0,1,0,0,0,0,0,1,1,0,0,0,0,0,0,0,1
KonIQ-10k IQA Database/512x384/4371356797.jpg,0,0,1,0,0,0,1,0,1,0,0,1,0,0,1,0,0,0,1,0
KonIQ-10k IQA Database/512x384/4367292033.jpg,0,0,1,0,0,0,1,0,1,0,0,1,0,0,0,0,0,0,0,1
KonIQ-10k IQA Database/512x384/4370988573.jpg,0,0,1,0,0,0,1,0,0,1,0,1,0,0,0,0,1,0,0,0
KonIQ-10k IQA Database/512x384/4372249937.jpg,0,0,1,0,0,0,1,0,0,0,1,1,0,0,0,0,1,0,0,0
KonIQ-10k IQA Database/512x384/4373157351.jpg,0,1,0,0,0,0,1,0,0,0,1,1,0,0,1,0,0,0,0,0
KonIQ-10k IQA Database/512x384/4374031327.jpg,0,0,1,0,0,0,1,0,1,0,0,0,1,0,0,0,1,0,0,0
KonIQ-10k IQA Database/512x384/4373225530.jpg,0,0,1,0,0,0,1,0,0,1,0,1,0,0,0,1,0,0,0,0
KonIQ-10k IQA Database/512x384/4376625237.jpg,0,0,1,0,0,0,1,0,0,0,1,1,0,0,0,0,0,0,0,1
KonIQ-10k IQA Database/512x384/4374263037.jpg,0,0,1,0,0,0,1,0,0,1,0,1,0,0,0,0,0,0,0,1
KonIQ-10k IQA Database/512x384/43749901.jpg,0,0,1,0,0,0,1,0,0,1,0,1,0,0,0,0,0,0,0,1
KonIQ-10k IQA Database/512x384/4378419360.jpg,0,0,0,0,1,0,0,0,0,1,0,1,0,0,0,1,0,0,0,0
KonIQ-10k IQA Database/512x384/4376675146.jpg,0,0,0,0,1,0,1,0,1,0,0,0,1,0,0,0,1,0,0,0
KonIQ-10k IQA Database/512x384/4384734404.jpg,0,1,0,0,0,0,1,0,0,0,1,0,1,0,0,0,0,0,0,1
KonIQ-10k IQA Database/512x384/4383247323.jpg,0,0,0,0,1,0,0,0,0,1,0,1,0,0,0,0,0,0,0,1
KonIQ-10k IQA Database/512x384/4388983100.jpg,0,0,0,0,1,0,1,0,0,0,1,1,0,0,0,0,0,0,0,1
KonIQ-10k IQA Database/512x384/4389152317.jpg,1,0,0,0,0,1,0,0,1,0,0,0,1,0,0,0,0,0,1,0
KonIQ-10k IQA Database/512x384/4385399670.jpg,0,0,0,0,1,0,0,0,1,0,0,1,0,0,0,0,0,0,0,1
KonIQ-10k IQA Database/512x384/4389836139.jpg,0,0,1,0,0,0,1,0,0,0,1,1,0,0,0,0,0,0,0,1
KonIQ-10k IQA Database/512x384/4390875397.jpg,0,0,1,0,0,0,1,0,0,0,1,1,0,0,0,0,1,0,0,0
KonIQ-10k IQA Database/512x384/4391517237.jpg,0,0,0,0,1,0,1,0,0,0,1,1,0,0,0,0,0,0,0,1
KonIQ-10k IQA Database/512x384/4391005979.jpg,0,0,1,0,0,0,1,0,0,1,0,1,0,0,0,0,1,0,0,0
KonIQ-10k IQA Database/512x384/4389975585.jpg,0,0,1,0,0,0,1,0,0,0,1,0,1,0,0,0,0,0,0,1
KonIQ-10k IQA Database/512x384/4394545032.jpg,0,0,1,0,0,0,0,0,0,0,1,1,0,0,0,0,0,0,0,1
KonIQ-10k IQA Database/512x384/4393459228.jpg,0,0,0,0,1,1,0,0,1,0,0,1,0,0,0,0,0,0,1,0
KonIQ-10k IQA Database/512x384/4396643142.jpg,0,1,0,0,0,1,0,0,1,0,0,1,0,0,0,0,1,0,0,0
KonIQ-10k IQA Database/512x384/4397008731.jpg,0,0,1,0,0,0,1,0,0,0,1,1,0,0,0,0,0,0,0,1
KonIQ-10k IQA Database/512x384/439745674.jpg,1,0,0,0,0,1,0,0,0,1,0,1,0,0,0,1,0,0,0,0
KonIQ-10k IQA Database/512x384/4397075898.jpg,0,0,1,0,0,0,1,0,1,0,0,1,0,0,0,0,0,0,0,1
KonIQ-10k IQA Database/512x384/4395388551.jpg,1,0,0,0,0,1,0,0,0,1,0,0,1,0,0,1,0,0,0,0
KonIQ-10k IQA Database/512x384/4397886158.jpg,0,0,0,0,1,0,1,0,0,0,1,1,0,0,0,0,0,0,0,1
KonIQ-10k IQA Database/512x384/4398385361.jpg,0,1,0,0,0,1,0,0,0,1,0,1,0,0,0,0,0,0,0,1
KonIQ-10k IQA Database/512x384/4396087406.jpg,0,0,1,0,0,0,1,0,0,1,0,1,0,0,0,0,0,0,0,1
KonIQ-10k IQA Database/512x384/44009500.jpg,0,0,1,0,0,0,1,0,0,1,0,1,0,0,0,0,1,0,0,0
KonIQ-10k IQA Database/512x384/4401185827.jpg,0,0,1,0,0,0,1,0,0,0,1,1,0,0,0,0,0,0,0,1
KonIQ-10k IQA Database/512x384/4404389524.jpg,0,0,0,0,1,0,1,0,0,0,1,0,1,0,0,0,0,1,0,0
KonIQ-10k IQA Database/512x384/44002860.jpg,0,0,1,0,0,0,1,0,0,1,0,1,0,0,0,0,0,0,0,1
KonIQ-10k IQA Database/512x384/440297710.jpg,0,0,1,0,0,0,1,0,0,1,0,1,0,0,0,0,0,0,0,1
KonIQ-10k IQA Database/512x384/4405802084.jpg,1,0,0,0,0,1,0,0,1,0,0,1,0,0,1,0,0,0,0,0
KonIQ-10k IQA Database/512x384/4404462627.jpg,0,0,0,0,1,1,0,0,0,1,0,1,0,0,0,0,0,0,1,0
KonIQ-10k IQA Database/512x384/440519430.jpg,1,0,0,0,0,1,0,0,1,0,0,0,0,1,1,0,0,1,0,0
KonIQ-10k IQA Database/512x384/4407707944.jpg,0,0,0,0,1,0,1,0,1,0,0,1,0,0,0,0,0,0,0,1
KonIQ-10k IQA Database/512x384/4406684120.jpg,0,1,0,0,0,1,0,0,0,1,0,0,0,1,1,0,0,0,0,0
KonIQ-10k IQA Database/512x384/4409503429.jpg,0,0,1,0,0,0,1,0,0,1,0,1,0,0,0,0,0,0,0,1
KonIQ-10k IQA Database/512x384/4410900135.jpg,0,0,1,0,0,0,1,0,0,0,1,1,0,0,0,0,1,0,0,0
KonIQ-10k IQA Database/512x384/4408351965.jpg,1,0,0,0,0,1,0,0,1,0,0,1,0,0,0,0,0,0,1,0
KonIQ-10k IQA Database/512x384/4407839974.jpg,0,0,1,0,0,0,1,0,1,0,0,1,0,0,0,0,0,0,0,1
KonIQ-10k IQA Database/512x384/4406927427.jpg,0,0,1,0,0,0,1,0,0,0,1,1,0,0,0,0,1,0,0,0
KonIQ-10k IQA Database/512x384/4411055719.jpg,0,0,1,0,0,0,1,0,0,0,1,1,0,0,0,0,1,0,0,0
KonIQ-10k IQA Database/512x384/4411284601.jpg,0,0,1,0,0,0,1,0,0,1,0,1,0,0,0,0,1,0,0,0
KonIQ-10k IQA Database/512x384/4410907563.jpg,1,0,0,0,0,1,0,0,0,1,0,0,1,0,0,0,0,0,1,0
KonIQ-10k IQA Database/512x384/441241455.jpg,0,0,1,0,0,0,1,0,0,1,0,1,0,0,0,0,0,0,0,1
KonIQ-10k IQA Database/512x384/4414969933.jpg,1,0,0,0,0,1,0,0,1,0,0,0,0,1,0,1,0,1,0,0
KonIQ-10k IQA Database/512x384/4413028246.jpg,0,0,0,1,0,1,0,0,1,0,0,1,0,0,0,0,0,0,0,1
KonIQ-10k IQA Database/512x384/4416477559.jpg,0,0,1,0,0,0,1,0,0,1,0,1,0,0,0,0,0,0,0,1
KonIQ-10k IQA Database/512x384/4411449023.jpg,0,1,0,0,0,1,0,0,0,1,0,1,0,0,0,0,1,0,0,0
KonIQ-10k IQA Database/512x384/4418637804.jpg,0,0,0,0,1,0,0,0,0,1,0,1,0,0,0,0,0,0,0,1
KonIQ-10k IQA Database/512x384/4420506536.jpg,0,1,0,0,0,0,1,0,0,0,1,1,0,0,0,0,0,0,0,1
KonIQ-10k IQA Database/512x384/4422544352.jpg,0,0,0,0,1,1,0,0,0,1,0,0,1,0,0,0,0,1,0,0
KonIQ-10k IQA Database/512x384/4422726404.jpg,0,0,0,0,1,0,1,0,1,0,0,1,0,0,0,0,0,0,0,1
KonIQ-10k IQA Database/512x384/4420983663.jpg,1,0,0,0,0,1,0,0,0,1,0,0,1,0,0,0,0,0,1,0
KonIQ-10k IQA Database/512x384/4423100872.jpg,0,0,1,0,0,0,1,0,0,1,0,1,0,0,0,0,1,0,0,0
KonIQ-10k IQA Database/512x384/4423499380.jpg,0,1,0,0,0,1,0,0,0,1,0,1,0,0,1,0,0,1,0,0
KonIQ-10k IQA Database/512x384/4423467099.jpg,1,0,0,0,0,1,0,0,0,1,0,0,1,0,0,0,0,0,1,0
KonIQ-10k IQA Database/512x384/4423525827.jpg,1,0,0,0,0,1,0,0,0,1,0,1,0,0,0,1,0,1,0,0
KonIQ-10k IQA Database/512x384/4424741537.jpg,0,0,0,0,1,0,1,0,1,0,0,1,0,0,0,0,0,0,0,1
KonIQ-10k IQA Database/512x384/4424481742.jpg,0,0,1,0,0,0,1,0,0,1,0,1,0,0,0,1,0,0,0,0
KonIQ-10k IQA Database/512x384/4426149096.jpg,1,0,0,0,0,1,0,0,1,0,0,1,0,0,0,1,0,0,0,0
KonIQ-10k IQA Database/512x384/4428546636.jpg,0,1,0,0,0,0,1,0,0,1,0,0,1,0,0,0,1,0,0,0
KonIQ-10k IQA Database/512x384/4425198356.jpg,0,0,0,0,1,1,0,0,1,0,0,1,0,0,0,1,1,0,0,0
KonIQ-10k IQA Database/512x384/4429141481.jpg,1,0,0,0,0,1,0,0,0,1,0,0,0,1,1,0,0,0,0,0
KonIQ-10k IQA Database/512x384/4430414110.jpg,0,0,0,0,1,1,0,0,1,0,0,1,0,0,0,0,0,0,0,1
KonIQ-10k IQA Database/512x384/4429773001.jpg,0,0,1,0,0,0,1,0,1,0,0,1,0,0,0,0,0,0,1,0
KonIQ-10k IQA Database/512x384/4430203972.jpg,1,0,0,0,0,1,0,0,0,1,0,0,1,0,1,1,0,0,0,0
KonIQ-10k IQA Database/512x384/4429610219.jpg,1,0,0,0,0,1,0,0,0,1,0,0,1,0,0,1,0,0,0,0
KonIQ-10k IQA Database/512x384/4430662019.jpg,0,0,1,0,0,0,1,0,0,0,1,1,0,0,0,0,0,0,0,1
KonIQ-10k IQA Database/512x384/4432502474.jpg,0,0,1,0,0,0,1,0,0,0,1,0,1,0,0,0,0,0,0,1
KonIQ-10k IQA Database/512x384/4434357623.jpg,0,1,0,0,0,1,0,0,0,1,0,1,0,0,1,0,0,0,0,0
KonIQ-10k IQA Database/512x384/4432333136.jpg,0,0,0,0,1,0,1,0,0,0,1,0,1,0,0,0,0,1,0,0
KonIQ-10k IQA Database/512x384/4433497740.jpg,1,0,0,0,0,1,0,0,1,0,0,1,0,0,1,1,0,0,0,0
KonIQ-10k IQA Database/512x384/4436002363.jpg,0,1,0,0,0,1,0,0,1,0,0,0,1,0,0,0,0,0,1,0
KonIQ-10k IQA Database/512x384/4435765484.jpg,0,0,0,0,1,1,0,0,1,0,0,0,1,0,0,1,1,0,0,0
KonIQ-10k IQA Database/512x384/4435718106.jpg,0,0,1,0,0,0,1,0,0,1,0,1,0,0,0,0,0,0,0,1
KonIQ-10k IQA Database/512x384/4436568659.jpg,1,0,0,0,0,1,0,0,1,0,0,0,1,0,1,1,0,0,1,0
KonIQ-10k IQA Database/512x384/443706084.jpg,1,0,0,0,0,1,0,0,1,0,0,0,1,0,0,1,1,1,0,0
KonIQ-10k IQA Database/512x384/4438338527.jpg,0,0,0,0,1,1,0,0,0,0,1,0,0,1,0,0,0,0,0,1
KonIQ-10k IQA Database/512x384/4441487494.jpg,1,0,0,0,0,1,0,0,0,1,0,1,0,0,0,1,0,0,0,0
KonIQ-10k IQA Database/512x384/4439151807.jpg,0,0,0,0,1,1,0,0,1,0,0,1,0,0,1,0,0,0,0,0
KonIQ-10k IQA Database/512x384/443805629.jpg,1,0,0,0,0,1,0,0,0,1,0,1,0,0,0,1,0,0,0,0
KonIQ-10k IQA Database/512x384/4441540278.jpg,0,0,0,0,1,1,0,0,1,0,0,1,0,0,0,1,0,0,0,0
KonIQ-10k IQA Database/512x384/4441586110.jpg,0,1,0,0,0,1,0,0,1,0,0,1,0,0,0,1,0,0,0,0
KonIQ-10k IQA Database/512x384/4441689311.jpg,0,1,0,0,0,1,0,0,1,0,0,0,1,0,0,1,0,0,0,0
KonIQ-10k IQA Database/512x384/4441990593.jpg,0,1,0,0,0,1,0,0,1,0,0,0,1,0,0,0,1,0,0,0
KonIQ-10k IQA Database/512x384/4442175074.jpg,0,0,1,0,0,0,1,0,1,0,0,1,0,0,0,0,1,0,1,0
KonIQ-10k IQA Database/512x384/4447897373.jpg,0,0,0,0,1,1,0,0,0,1,0,0,1,0,1,0,0,0,0,0
KonIQ-10k IQA Database/512x384/4446289911.jpg,0,0,1,0,0,0,1,0,0,1,0,0,1,0,0,0,0,0,0,1
KonIQ-10k IQA Database/512x384/4448002516.jpg,0,0,1,0,0,0,1,0,1,0,0,1,0,0,0,0,0,0,0,1
KonIQ-10k IQA Database/512x384/444940162.jpg,1,0,0,0,0,1,0,0,0,1,0,1,0,0,0,1,0,0,0,0
KonIQ-10k IQA Database/512x384/4448707293.jpg,0,1,0,0,0,1,0,0,0,1,0,1,0,0,1,0,0,0,0,0
KonIQ-10k IQA Database/512x384/4456140613.jpg,0,1,0,0,0,1,0,0,1,0,0,0,1,0,0,0,0,0,0,1
KonIQ-10k IQA Database/512x384/4453069761.jpg,0,0,1,0,0,0,1,0,0,1,0,0,1,0,0,0,1,0,0,0
KonIQ-10k IQA Database/512x384/4458082894.jpg,0,1,0,0,0,0,1,0,0,0,1,0,0,1,0,0,0,1,0,0
KonIQ-10k IQA Database/512x384/4443705808.jpg,0,0,0,0,1,0,1,0,0,0,1,1,0,0,0,0,0,1,0,0
KonIQ-10k IQA Database/512x384/4456369143.jpg,0,0,0,0,1,1,0,0,0,0,1,0,1,0,0,0,0,1,0,0
KonIQ-10k IQA Database/512x384/4458877862.jpg,0,0,1,0,0,0,1,0,0,0,1,1,0,0,0,0,0,0,0,1
KonIQ-10k IQA Database/512x384/44530697616.jpg,0,0,1,0,0,0,1,0,0,1,0,0,1,0,0,0,1,0,0,0
KonIQ-10k IQA Database/512x384/445846327.jpg,0,0,1,0,0,1,0,0,1,0,0,0,1,0,0,1,0,0,0,0
KonIQ-10k IQA Database/512x384/4462477090.jpg,0,0,1,0,0,0,1,0,0,1,0,1,0,0,0,0,0,0,0,1
KonIQ-10k IQA Database/512x384/4460254023.jpg,0,0,1,0,0,0,1,0,1,0,0,0,1,0,0,0,0,0,0,1
KonIQ-10k IQA Database/512x384/4463196857.jpg,0,0,0,0,1,0,1,0,0,0,1,0,0,1,0,0,0,0,0,1
KonIQ-10k IQA Database/512x384/4459598484.jpg,0,0,1,0,0,0,1,0,0,1,0,0,1,0,0,0,1,0,0,0
KonIQ-10k IQA Database/512x384/4463467980.jpg,0,0,1,0,0,0,1,0,1,0,0,1,0,0,0,0,0,0,0,1
KonIQ-10k IQA Database/512x384/4463917829.jpg,0,0,1,0,0,0,1,0,0,1,0,0,1,0,0,0,0,0,0,1
KonIQ-10k IQA Database/512x384/4464186761.jpg,1,0,0,0,0,1,0,0,1,0,0,0,1,0,0,0,0,0,1,0
KonIQ-10k IQA Database/512x384/4468449550.jpg,0,0,0,0,1,0,1,0,0,0,1,1,0,0,0,0,0,0,0,1
KonIQ-10k IQA Database/512x384/446796521.jpg,0,0,1,0,0,0,1,0,0,0,1,1,0,0,0,0,0,0,0,1
KonIQ-10k IQA Database/512x384/4466660724.jpg,0,0,1,0,0,0,1,0,0,1,0,0,1,0,0,0,1,0,0,0
KonIQ-10k IQA Database/512x384/4469938423.jpg,0,1,0,0,0,1,0,0,0,1,0,1,0,0,1,0,0,0,0,0
KonIQ-10k IQA Database/512x384/4471526544.jpg,0,0,0,0,1,1,0,0,1,0,0,0,0,1,1,0,0,0,0,0
KonIQ-10k IQA Database/512x384/4473061240.jpg,0,0,0,0,1,0,1,0,0,0,1,1,0,0,0,0,0,0,0,1
KonIQ-10k IQA Database/512x384/4472735511.jpg,0,0,0,0,1,1,0,0,1,0,0,1,0,0,0,0,0,1,0,0
KonIQ-10k IQA Database/512x384/4468108530.jpg,0,1,0,0,0,0,1,0,0,0,1,0,1,0,0,0,0,0,0,1
KonIQ-10k IQA Database/512x384/4476029726.jpg,0,0,1,0,0,0,1,0,0,1,0,1,0,0,0,1,0,0,0,0
KonIQ-10k IQA Database/512x384/4476603465.jpg,0,0,0,1,0,1,0,0,1,0,0,1,0,0,0,1,0,0,0,0
KonIQ-10k IQA Database/512x384/4478081768.jpg,0,0,1,0,0,0,1,0,0,0,1,0,1,0,0,0,1,0,0,0
KonIQ-10k IQA Database/512x384/447697089.jpg,0,0,1,0,0,0,1,0,1,0,0,1,0,0,0,0,0,0,0,1
KonIQ-10k IQA Database/512x384/4475438101.jpg,0,0,1,0,0,0,1,0,0,1,0,1,0,0,0,0,0,0,0,1
KonIQ-10k IQA Database/512x384/447977798.jpg,0,0,0,0,1,0,1,0,0,1,0,1,0,0,0,0,0,0,0,1
KonIQ-10k IQA Database/512x384/4478237731.jpg,0,0,0,0,1,0,1,0,1,0,0,1,0,0,0,0,0,0,0,1
KonIQ-10k IQA Database/512x384/448305008.jpg,0,0,1,0,0,0,1,0,1,0,0,1,0,0,0,0,0,0,0,1
KonIQ-10k IQA Database/512x384/4484527101.jpg,0,0,1,0,0,0,1,0,0,1,0,1,0,0,0,0,0,0,0,1
KonIQ-10k IQA Database/512x384/4483151821.jpg,0,0,1,0,0,0,1,0,0,0,1,1,0,0,0,0,0,0,0,1
KonIQ-10k IQA Database/512x384/4486733557.jpg,0,0,0,0,1,0,0,0,0,1,0,1,0,0,0,0,0,0,0,1
KonIQ-10k IQA Database/512x384/4483042022.jpg,1,0,0,0,0,1,0,0,0,1,0,0,1,0,1,0,0,0,0,0
KonIQ-10k IQA Database/512x384/4480082097.jpg,0,0,1,0,0,0,1,0,0,1,0,1,0,0,0,0,0,0,0,1
KonIQ-10k IQA Database/512x384/4488104431.jpg,0,0,0,0,1,1,0,0,1,0,0,0,0,1,1,0,0,0,0,0
KonIQ-10k IQA Database/512x384/4492079346.jpg,0,0,0,0,1,0,1,0,0,0,1,0,1,0,0,0,0,0,0,1
KonIQ-10k IQA Database/512x384/4489064763.jpg,0,0,1,0,0,0,1,0,0,0,1,1,0,0,0,1,0,0,0,0
KonIQ-10k IQA Database/512x384/4490789851.jpg,0,0,0,0,1,1,0,0,1,0,0,0,0,1,1,0,0,0,0,0
KonIQ-10k IQA Database/512x384/4488491323.jpg,1,0,0,0,0,1,0,0,0,1,0,0,1,0,0,0,0,0,1,0
KonIQ-10k IQA Database/512x384/4491574274.jpg,1,0,0,0,0,1,0,0,0,1,0,0,1,0,0,1,0,0,0,0
KonIQ-10k IQA Database/512x384/4492298311.jpg,0,0,0,0,1,1,0,0,1,0,0,0,1,0,0,1,0,0,0,0
KonIQ-10k IQA Database/512x384/4489102480.jpg,0,0,1,0,0,0,1,0,0,0,1,1,0,0,0,1,0,0,0,0
KonIQ-10k IQA Database/512x384/4493244545.jpg,0,1,0,0,0,1,0,0,0,1,0,1,0,0,1,0,0,0,1,0
KonIQ-10k IQA Database/512x384/449395753.jpg,0,0,1,0,0,0,1,0,0,0,1,0,0,1,0,0,1,0,0,0
KonIQ-10k IQA Database/512x384/4495516735.jpg,1,0,0,0,0,1,0,0,0,1,0,1,0,0,0,1,0,0,0,0
KonIQ-10k IQA Database/512x384/4495630749.jpg,0,0,0,0,1,1,0,0,1,0,0,1,0,0,0,0,0,0,0,1
KonIQ-10k IQA Database/512x384/4496338663.jpg,0,0,0,0,1,0,0,0,0,0,1,0,0,1,0,0,0,0,0,1
KonIQ-10k IQA Database/512x384/4495910719.jpg,0,0,1,0,0,0,1,0,0,0,1,1,0,0,0,0,0,0,0,1
KonIQ-10k IQA Database/512x384/4497186913.jpg,0,0,0,1,0,1,0,0,1,0,0,1,0,0,1,0,1,1,0,0
KonIQ-10k IQA Database/512x384/4497739993.jpg,0,0,1,0,0,0,1,0,1,0,0,1,0,0,0,0,0,0,0,1
KonIQ-10k IQA Database/512x384/4499122119.jpg,0,0,0,0,1,0,1,0,0,1,0,0,1,0,0,1,1,0,0,0
KonIQ-10k IQA Database/512x384/449851039.jpg,0,0,0,0,1,1,0,0,0,1,0,1,0,0,0,1,0,0,0,0
KonIQ-10k IQA Database/512x384/450063799.jpg,0,0,0,0,1,1,0,0,1,0,0,1,0,0,0,0,0,0,0,1
KonIQ-10k IQA Database/512x384/45015821.jpg,0,0,0,0,1,0,0,1,1,0,0,1,0,0,0,1,1,0,0,0
KonIQ-10k IQA Database/512x384/4501585211.jpg,0,0,1,0,0,0,1,0,0,0,1,1,0,0,0,0,1,0,0,0
KonIQ-10k IQA Database/512x384/4502409601.jpg,0,0,0,1,0,0,0,0,0,0,1,1,0,0,0,0,1,0,0,0
KonIQ-10k IQA Database/512x384/4502165045.jpg,0,0,1,0,0,0,1,0,0,0,1,1,0,0,0,0,0,0,0,1
KonIQ-10k IQA Database/512x384/450407660.jpg,0,1,0,0,0,0,1,0,0,0,1,0,0,1,1,0,0,0,0,0
KonIQ-10k IQA Database/512x384/450338979.jpg,0,0,0,0,1,0,1,0,0,0,1,0,1,0,0,1,0,0,0,0
KonIQ-10k IQA Database/512x384/4504355317.jpg,0,1,0,0,0,1,0,0,0,1,0,1,0,0,1,1,0,0,0,0
KonIQ-10k IQA Database/512x384/4504786016.jpg,0,1,0,0,0,0,1,0,0,0,1,0,1,0,1,1,0,0,0,0
KonIQ-10k IQA Database/512x384/4504123530.jpg,1,0,0,0,0,1,0,0,1,0,0,1,0,0,0,1,0,0,1,0
KonIQ-10k IQA Database/512x384/4506321902.jpg,1,0,0,0,0,1,0,0,1,0,0,0,1,0,0,1,0,0,0,0
KonIQ-10k IQA Database/512x384/4509028861.jpg,0,1,0,0,0,0,1,0,0,0,1,0,1,0,0,0,0,0,0,1
KonIQ-10k IQA Database/512x384/450789020.jpg,0,0,1,0,0,0,1,0,0,1,0,1,0,0,0,0,0,0,0,1
KonIQ-10k IQA Database/512x384/4510024370.jpg,0,0,1,0,0,0,1,0,0,1,0,1,0,0,0,0,0,0,0,1
KonIQ-10k IQA Database/512x384/4511318356.jpg,1,0,0,0,0,1,0,0,0,1,0,0,1,0,0,1,0,1,0,0
KonIQ-10k IQA Database/512x384/4512474932.jpg,0,0,1,0,0,0,1,0,0,1,0,1,0,0,0,0,0,0,0,1
KonIQ-10k IQA Database/512x384/4512110934.jpg,0,0,1,0,0,0,1,0,0,1,0,1,0,0,0,0,0,0,0,1
KonIQ-10k IQA Database/512x384/4515471665.jpg,0,0,1,0,0,0,1,0,0,1,0,1,0,0,0,0,0,0,0,1
KonIQ-10k IQA Database/512x384/4513142635.jpg,0,0,1,0,0,0,1,0,0,0,1,0,1,0,0,0,0,0,0,1
KonIQ-10k IQA Database/512x384/4513570407.jpg,0,0,0,0,1,1,0,0,1,0,0,0,1,0,0,1,1,0,0,0
KonIQ-10k IQA Database/512x384/4512123861.jpg,0,0,0,1,0,1,0,0,1,0,0,1,0,0,1,0,1,0,0,0
KonIQ-10k IQA Database/512x384/4515954109.jpg,0,0,1,0,0,0,1,0,0,0,1,1,0,0,0,0,0,0,0,1
KonIQ-10k IQA Database/512x384/4518358107.jpg,1,0,0,0,0,1,0,0,0,1,0,1,0,0,0,1,0,0,0,0
KonIQ-10k IQA Database/512x384/451764144.jpg,0,0,0,0,1,1,0,0,1,0,0,1,0,0,1,0,0,0,0,0
KonIQ-10k IQA Database/512x384/4519546786.jpg,0,0,1,0,0,0,0,1,0,0,1,0,1,0,0,0,0,0,0,1
KonIQ-10k IQA Database/512x384/4518414673.jpg,0,0,0,0,1,0,1,0,1,0,0,1,0,0,0,0,0,0,0,1
KonIQ-10k IQA Database/512x384/4521235979.jpg,0,0,0,1,0,0,1,0,0,0,1,1,0,0,0,0,0,0,0,1
KonIQ-10k IQA Database/512x384/4520380552.jpg,0,0,1,0,0,1,0,0,0,1,0,1,0,0,0,0,0,0,0,1
KonIQ-10k IQA Database/512x384/4520096475.jpg,0,0,1,0,0,0,1,0,1,0,0,1,0,0,0,0,0,0,0,1
KonIQ-10k IQA Database/512x384/4522459343.jpg,0,0,1,0,0,0,1,0,1,0,0,1,0,0,0,0,0,0,0,1
KonIQ-10k IQA Database/512x384/4524543534.jpg,0,1,0,0,0,1,0,0,0,1,0,1,0,0,0,0,0,0,0,1
KonIQ-10k IQA Database/512x384/4525361026.jpg,0,0,1,0,0,0,1,0,0,1,0,1,0,0,0,0,0,0,0,1
KonIQ-10k IQA Database/512x384/4525595896.jpg,0,0,1,0,0,0,1,0,0,1,0,0,1,0,0,0,1,0,0,0
KonIQ-10k IQA Database/512x384/4525459727.jpg,1,0,0,0,0,1,0,0,1,0,0,1,0,0,0,1,0,0,1,0
KonIQ-10k IQA Database/512x384/4524766514.jpg,0,0,0,0,1,1,0,0,1,0,0,0,1,0,1,1,0,0,0,0
KonIQ-10k IQA Database/512x384/4525681285.jpg,0,0,1,0,0,0,1,0,0,1,0,0,0,1,0,0,0,0,0,1
KonIQ-10k IQA Database/512x384/4526077589.jpg,1,0,0,0,0,1,0,0,1,0,0,1,0,0,0,1,0,0,0,0
KonIQ-10k IQA Database/512x384/452715885.jpg,0,0,0,0,1,0,1,0,1,0,0,1,0,0,0,0,0,0,0,1
KonIQ-10k IQA Database/512x384/4526456137.jpg,1,0,0,0,0,1,0,0,1,0,0,0,1,0,0,0,0,1,0,0
KonIQ-10k IQA Database/512x384/452671189.jpg,0,0,1,0,0,0,1,0,0,0,1,0,1,0,0,0,0,0,0,1
KonIQ-10k IQA Database/512x384/4528580529.jpg,0,0,1,0,0,0,1,0,0,1,0,0,1,0,0,0,1,0,0,0
KonIQ-10k IQA Database/512x384/4530384020.jpg,1,0,0,0,0,1,0,0,0,1,0,0,1,0,0,0,0,1,0,0
KonIQ-10k IQA Database/512x384/4529654985.jpg,0,0,0,1,0,0,1,0,0,1,0,1,0,0,0,0,1,0,0,0
KonIQ-10k IQA Database/512x384/45323583.jpg,0,0,0,0,1,0,1,0,0,0,1,1,0,0,0,0,0,0,0,1
KonIQ-10k IQA Database/512x384/4530875549.jpg,1,0,0,0,0,1,0,0,1,0,0,1,0,0,1,1,0,0,0,0
KonIQ-10k IQA Database/512x384/4532664267.jpg,0,0,0,0,1,0,0,0,0,0,1,0,0,1,0,0,0,0,0,1
KonIQ-10k IQA Database/512x384/4535431418.jpg,0,0,1,0,0,0,1,0,0,0,1,1,0,0,0,0,0,0,0,1
KonIQ-10k IQA Database/512x384/4533734353.jpg,0,1,0,0,0,0,1,0,0,0,1,0,0,1,1,0,0,0,0,0
KonIQ-10k IQA Database/512x384/4535634069.jpg,0,0,1,0,0,0,1,0,0,1,0,1,0,0,0,0,0,0,0,1
KonIQ-10k IQA Database/512x384/4538412115.jpg,1,0,0,0,0,1,0,0,1,0,0,1,0,0,0,1,0,0,0,0
KonIQ-10k IQA Database/512x384/4537863241.jpg,0,0,1,0,0,0,0,1,0,1,0,0,1,0,0,1,0,0,0,0
KonIQ-10k IQA Database/512x384/4535544675.jpg,0,1,0,0,0,1,0,0,1,0,0,1,0,0,1,0,0,0,1,0
KonIQ-10k IQA Database/512x384/4539671181.jpg,1,0,0,0,0,1,0,0,0,1,0,0,1,0,0,1,0,0,0,0
KonIQ-10k IQA Database/512x384/4538779976.jpg,1,0,0,0,0,1,0,0,1,0,0,1,0,0,1,1,0,0,0,0
KonIQ-10k IQA Database/512x384/4539567531.jpg,0,1,0,0,0,0,1,0,0,0,1,0,1,0,0,1,0,0,0,0
KonIQ-10k IQA Database/512x384/4539089246.jpg,1,0,0,0,0,1,0,0,1,0,0,0,1,0,0,1,0,0,1,0
KonIQ-10k IQA Database/512x384/4541000790.jpg,1,0,0,0,0,1,0,0,1,0,0,0,1,0,1,0,0,1,0,0
KonIQ-10k IQA Database/512x384/4540896523.jpg,0,0,0,0,1,1,0,0,0,1,0,1,0,0,0,0,0,1,0,0
KonIQ-10k IQA Database/512x384/4542216557.jpg,0,0,1,0,0,1,0,0,1,0,0,1,0,0,0,0,0,0,0,1
KonIQ-10k IQA Database/512x384/4541090785.jpg,1,0,0,0,0,1,0,0,0,1,0,0,0,1,0,1,0,0,0,0
KonIQ-10k IQA Database/512x384/4542866851.jpg,1,0,0,0,0,1,0,0,0,1,0,0,0,1,0,0,0,1,0,0
KonIQ-10k IQA Database/512x384/4543035277.jpg,0,0,1,0,0,0,1,0,1,0,0,1,0,0,0,0,0,0,0,1
KonIQ-10k IQA Database/512x384/4545054058.jpg,0,0,1,0,0,0,1,0,0,0,1,1,0,0,0,0,1,0,0,0
KonIQ-10k IQA Database/512x384/4548596684.jpg,0,0,0,0,1,0,1,0,0,0,1,0,1,0,0,0,0,0,0,1
KonIQ-10k IQA Database/512x384/4549109010.jpg,0,1,0,0,0,1,0,0,0,1,0,0,0,1,1,1,0,1,0,0
KonIQ-10k IQA Database/512x384/4548390935.jpg,0,0,0,0,1,1,0,0,1,0,0,1,0,0,0,0,1,1,0,0
KonIQ-10k IQA Database/512x384/4550104555.jpg,0,1,0,0,0,1,0,0,0,1,0,1,0,0,1,0,0,0,0,0
KonIQ-10k IQA Database/512x384/4551121129.jpg,0,1,0,0,0,1,0,0,1,0,0,0,1,0,1,0,0,0,1,0
KonIQ-10k IQA Database/512x384/4551794095.jpg,1,0,0,0,0,1,0,0,1,0,0,0,1,0,0,1,0,0,0,0
KonIQ-10k IQA Database/512x384/4555534725.jpg,0,0,1,0,0,0,1,0,0,0,1,1,0,0,0,0,1,0,0,0
KonIQ-10k IQA Database/512x384/4549687373.jpg,0,1,0,0,0,1,0,0,1,0,0,0,1,0,1,1,0,0,0,0
KonIQ-10k IQA Database/512x384/4556962196.jpg,0,0,1,0,0,0,1,0,0,1,0,1,0,0,0,0,0,0,0,1
KonIQ-10k IQA Database/512x384/4561013937.jpg,0,0,1,0,0,0,1,0,0,0,1,0,1,0,0,0,1,0,0,0
KonIQ-10k IQA Database/512x384/4555936051.jpg,0,0,0,1,0,0,1,0,1,0,0,1,0,0,0,0,1,0,0,0
KonIQ-10k IQA Database/512x384/4562682674.jpg,0,0,0,1,0,0,1,0,0,1,0,1,0,0,0,0,1,0,0,0
KonIQ-10k IQA Database/512x384/4556815018.jpg,0,0,1,0,0,0,1,0,0,1,0,1,0,0,0,0,0,0,0,1
KonIQ-10k IQA Database/512x384/4562998069.jpg,1,0,0,0,0,1,0,0,1,0,0,0,1,0,1,1,0,0,0,0
KonIQ-10k IQA Database/512x384/456472871.jpg,0,0,1,0,0,0,1,0,0,1,0,1,0,0,0,0,0,0,0,1
KonIQ-10k IQA Database/512x384/4563172093.jpg,0,0,0,0,1,0,0,0,0,1,0,1,0,0,0,0,0,0,0,1
KonIQ-10k IQA Database/512x384/4565683087.jpg,0,0,0,0,1,0,1,0,1,0,0,1,0,0,0,0,0,0,0,1
KonIQ-10k IQA Database/512x384/4565000392.jpg,0,0,1,0,0,0,1,0,0,0,1,1,0,0,0,0,0,0,0,1
KonIQ-10k IQA Database/512x384/4567181047.jpg,1,0,0,0,0,1,0,0,1,0,0,1,0,0,0,1,0,0,0,0
KonIQ-10k IQA Database/512x384/4567762490.jpg,0,0,0,0,1,1,0,0,0,1,0,1,0,0,0,0,0,0,0,1
KonIQ-10k IQA Database/512x384/4567215412.jpg,0,0,1,0,0,0,1,0,0,1,0,1,0,0,0,0,0,0,0,1
KonIQ-10k IQA Database/512x384/4570337647.jpg,0,0,1,0,0,0,1,0,0,0,1,1,0,0,0,0,1,0,0,0
KonIQ-10k IQA Database/512x384/4568150681.jpg,0,0,1,0,0,0,1,0,1,0,0,1,0,0,0,0,0,0,0,1
KonIQ-10k IQA Database/512x384/4568018818.jpg,0,0,1,0,0,0,1,0,1,0,0,1,0,0,0,1,0,0,0,0
KonIQ-10k IQA Database/512x384/4571847379.jpg,0,0,1,0,0,0,1,0,0,0,1,0,1,0,0,0,1,0,0,0
KonIQ-10k IQA Database/512x384/4570575045.jpg,0,1,0,0,0,1,0,0,0,1,0,1,0,0,0,0,1,0,0,0
KonIQ-10k IQA Database/512x384/4573303796.jpg,0,0,1,0,0,0,1,0,1,0,0,1,0,0,0,0,0,0,0,1
KonIQ-10k IQA Database/512x384/4573273622.jpg,0,0,1,0,0,0,1,0,0,1,0,1,0,0,0,0,0,0,0,1
KonIQ-10k IQA Database/512x384/4572287798.jpg,1,0,0,0,0,1,0,0,1,0,0,0,0,1,1,0,0,0,0,0
KonIQ-10k IQA Database/512x384/4572672183.jpg,1,0,0,0,0,0,0,1,0,0,1,0,0,1,1,0,0,0,0,0
KonIQ-10k IQA Database/512x384/4571937568.jpg,0,0,1,0,0,0,1,0,0,1,0,1,0,0,0,0,0,0,0,1
KonIQ-10k IQA Database/512x384/457397602.jpg,0,0,1,0,0,0,1,0,0,0,1,1,0,0,0,0,1,0,0,0
KonIQ-10k IQA Database/512x384/4574265376.jpg,0,1,0,0,0,0,1,0,0,0,1,1,0,0,0,0,0,0,0,1
KonIQ-10k IQA Database/512x384/4576647416.jpg,0,0,1,0,0,0,1,0,1,0,0,1,0,0,0,0,1,0,0,0
KonIQ-10k IQA Database/512x384/4576844747.jpg,0,0,0,0,1,1,0,0,1,0,0,0,0,1,1,0,1,0,0,0
KonIQ-10k IQA Database/512x384/4577459748.jpg,0,0,1,0,0,0,1,0,0,1,0,1,0,0,0,0,1,0,0,0
KonIQ-10k IQA Database/512x384/4578563691.jpg,1,0,0,0,0,1,0,0,1,0,0,0,1,0,0,0,1,1,0,0
KonIQ-10k IQA Database/512x384/4578361888.jpg,1,0,0,0,0,1,0,0,1,0,0,1,0,0,0,1,0,0,0,0
KonIQ-10k IQA Database/512x384/4578965343.jpg,0,0,1,0,0,1,0,0,0,1,0,1,0,0,0,0,0,0,0,1
KonIQ-10k IQA Database/512x384/4578866514.jpg,1,0,0,0,0,1,0,0,0,1,0,1,0,0,0,1,1,0,0,0
KonIQ-10k IQA Database/512x384/4579620271.jpg,0,0,0,0,1,1,0,0,1,0,0,0,0,1,1,0,1,0,0,0
KonIQ-10k IQA Database/512x384/4582906874.jpg,0,0,1,0,0,0,1,0,0,0,1,1,0,0,0,0,1,0,0,0
KonIQ-10k IQA Database/512x384/4583413420.jpg,1,0,0,0,0,1,0,0,1,0,0,0,1,0,1,1,0,1,0,0
KonIQ-10k IQA Database/512x384/4583125138.jpg,0,0,1,0,0,0,1,0,0,1,0,1,0,0,0,0,1,0,0,0
KonIQ-10k IQA Database/512x384/4585460509.jpg,0,0,1,0,0,0,1,0,0,1,0,1,0,0,0,0,0,0,0,1
KonIQ-10k IQA Database/512x384/4585233162.jpg,0,0,0,0,1,0,0,0,0,0,1,1,0,0,0,0,0,0,0,1
KonIQ-10k IQA Database/512x384/4580698398.jpg,0,0,0,0,1,0,1,0,0,0,1,0,1,0,0,0,1,0,0,0
KonIQ-10k IQA Database/512x384/4585004484.jpg,0,0,0,0,1,0,0,0,0,0,1,1,0,0,0,1,0,0,0,0
KonIQ-10k IQA Database/512x384/4586207743.jpg,0,0,1,0,0,0,1,0,1,0,0,0,1,0,0,0,1,0,0,0
KonIQ-10k IQA Database/512x384/4586793310.jpg,0,0,1,0,0,0,1,0,0,0,1,1,0,0,0,0,0,0,0,1
KonIQ-10k IQA Database/512x384/4589538888.jpg,0,0,0,0,1,1,0,0,1,0,0,1,0,0,0,0,0,0,1,0
KonIQ-10k IQA Database/512x384/4590098379.jpg,0,0,0,0,1,0,1,0,0,0,1,1,0,0,0,1,0,0,0,0
KonIQ-10k IQA Database/512x384/4591311320.jpg,0,0,1,0,0,0,1,0,0,1,0,0,1,0,0,0,1,0,0,0
KonIQ-10k IQA Database/512x384/45917867.jpg,0,0,1,0,0,0,1,0,0,0,1,1,0,0,0,0,0,0,0,1
KonIQ-10k IQA Database/512x384/4591422965.jpg,0,0,0,0,1,1,0,0,1,0,0,0,1,0,1,1,0,1,0,0
KonIQ-10k IQA Database/512x384/4591255467.jpg,0,0,1,0,0,0,1,0,0,1,0,1,0,0,0,0,0,0,0,1
KonIQ-10k IQA Database/512x384/4594091723.jpg,0,0,0,0,1,1,0,0,1,0,0,0,0,1,1,0,0,0,0,0
KonIQ-10k IQA Database/512x384/4595899816.jpg,0,1,0,0,0,1,0,0,0,1,0,1,0,0,0,1,0,0,1,0
KonIQ-10k IQA Database/512x384/4594670956.jpg,0,0,0,0,1,0,1,0,0,0,1,1,0,0,0,0,0,0,0,1
KonIQ-10k IQA Database/512x384/4597898813.jpg,0,1,0,0,0,0,1,0,0,0,1,1,0,0,0,0,0,0,0,1
KonIQ-10k IQA Database/512x384/4596719098.jpg,1,0,0,0,0,1,0,0,1,0,0,1,0,0,1,1,0,0,0,0
KonIQ-10k IQA Database/512x384/4598047073.jpg,0,0,0,0,1,1,0,0,1,0,0,0,1,0,0,1,1,0,0,0
KonIQ-10k IQA Database/512x384/4597162839.jpg,0,1,0,0,0,1,0,0,1,0,0,1,0,0,1,0,0,0,1,0
KonIQ-10k IQA Database/512x384/4598385226.jpg,0,0,1,0,0,0,1,0,0,1,0,1,0,0,0,1,0,0,0,0
KonIQ-10k IQA Database/512x384/4599648667.jpg,0,1,0,0,0,0,1,0,0,0,1,0,0,1,1,0,0,0,0,0
KonIQ-10k IQA Database/512x384/459891743.jpg,1,0,0,0,0,1,0,0,0,1,0,0,1,0,0,1,1,0,0,0
KonIQ-10k IQA Database/512x384/4600229706.jpg,0,0,1,0,0,0,1,0,0,1,0,1,0,0,0,1,0,0,0,0
KonIQ-10k IQA Database/512x384/460148364.jpg,1,0,0,0,0,1,0,0,1,0,0,1,0,0,0,1,0,0,0,0
KonIQ-10k IQA Database/512x384/4602499723.jpg,0,0,0,0,1,1,0,0,0,1,0,1,0,0,0,1,0,0,0,0
KonIQ-10k IQA Database/512x384/4602555754.jpg,1,0,0,0,0,1,0,0,1,0,0,1,0,0,0,1,0,0,0,0
KonIQ-10k IQA Database/512x384/460276399.jpg,0,0,1,0,0,0,1,0,0,1,0,1,0,0,1,0,0,0,0,0
KonIQ-10k IQA Database/512x384/460024423.jpg,1,0,0,0,0,1,0,0,0,1,0,0,0,1,0,1,0,1,0,0
KonIQ-10k IQA Database/512x384/4602769821.jpg,0,0,0,0,1,1,0,0,1,0,0,0,1,0,0,1,1,0,0,0
KonIQ-10k IQA Database/512x384/4603364479.jpg,0,0,1,0,0,0,1,0,0,0,1,0,1,0,0,0,0,0,0,1
KonIQ-10k IQA Database/512x384/4601884206.jpg,1,0,0,0,0,1,0,0,1,0,0,1,0,0,0,1,0,0,0,0
KonIQ-10k IQA Database/512x384/4605015781.jpg,0,1,0,0,0,1,0,0,1,0,0,1,0,0,0,0,0,0,0,1
KonIQ-10k IQA Database/512x384/4605589887.jpg,0,0,1,0,0,0,1,0,0,0,1,1,0,0,0,0,0,0,0,1
KonIQ-10k IQA Database/512x384/4605356871.jpg,0,0,0,0,1,0,1,0,0,0,1,1,0,0,0,0,0,0,0,1
KonIQ-10k IQA Database/512x384/4603966605.jpg,1,0,0,0,0,1,0,0,0,1,0,0,1,0,0,1,1,0,0,0
KonIQ-10k IQA Database/512x384/4605755313.jpg,0,1,0,0,0,1,0,0,0,1,0,0,1,0,0,0,1,0,0,0
KonIQ-10k IQA Database/512x384/460737356.jpg,1,0,0,0,0,1,0,0,0,1,0,0,1,0,0,0,0,0,1,0
KonIQ-10k IQA Database/512x384/4606934450.jpg,0,0,1,0,0,0,1,0,0,0,1,1,0,0,0,0,0,0,0,1
KonIQ-10k IQA Database/512x384/4605842170.jpg,0,0,1,0,0,0,1,0,0,1,0,1,0,0,0,0,0,0,0,1
KonIQ-10k IQA Database/512x384/4607436163.jpg,0,0,0,0,1,1,0,0,1,0,0,1,0,0,0,0,0,0,1,0
KonIQ-10k IQA Database/512x384/4611014636.jpg,0,0,1,0,0,1,0,0,0,1,0,1,0,0,0,0,0,0,0,1
KonIQ-10k IQA Database/512x384/461078499.jpg,0,0,1,0,0,0,1,0,0,0,1,1,0,0,0,0,0,0,0,1
KonIQ-10k IQA Database/512x384/461213420.jpg,0,0,1,0,0,0,1,0,0,0,1,1,0,0,0,0,0,0,0,1
KonIQ-10k IQA Database/512x384/4611753437.jpg,0,1,0,0,0,0,1,0,0,0,1,1,0,0,0,0,1,0,0,0
KonIQ-10k IQA Database/512x384/46116416.jpg,0,0,1,0,0,0,1,0,1,0,0,1,0,0,0,0,0,0,0,1
KonIQ-10k IQA Database/512x384/4614592470.jpg,1,0,0,0,0,1,0,0,0,1,0,1,0,0,0,1,0,0,0,0
KonIQ-10k IQA Database/512x384/4615199637.jpg,0,0,0,0,1,1,0,0,1,0,0,1,0,0,0,0,0,0,0,1
KonIQ-10k IQA Database/512x384/4617163865.jpg,0,0,1,0,0,0,1,0,0,0,1,1,0,0,0,0,0,0,0,1
KonIQ-10k IQA Database/512x384/4622287144.jpg,0,0,0,1,0,0,1,0,1,0,0,1,0,0,0,0,1,0,0,0
KonIQ-10k IQA Database/512x384/4620749659.jpg,0,0,1,0,0,0,1,0,0,1,0,0,1,0,0,1,0,0,0,0
KonIQ-10k IQA Database/512x384/4617747913.jpg,0,0,0,0,1,1,0,0,1,0,0,0,1,0,1,0,1,0,0,0
KonIQ-10k IQA Database/512x384/4617763829.jpg,0,0,0,0,1,0,0,0,0,1,0,1,0,0,0,0,0,0,0,1
KonIQ-10k IQA Database/512x384/4610304834.jpg,0,0,0,0,1,0,0,0,0,1,0,1,0,0,0,0,0,0,0,1
KonIQ-10k IQA Database/512x384/4619633197.jpg,0,0,1,0,0,0,1,0,1,0,0,1,0,0,0,0,0,0,0,1
KonIQ-10k IQA Database/512x384/4623510365.jpg,1,0,0,0,0,1,0,0,0,1,0,1,0,0,0,1,0,0,0,0
KonIQ-10k IQA Database/512x384/4622900651.jpg,0,0,0,0,1,1,0,0,1,0,0,0,1,0,1,0,0,0,0,0
KonIQ-10k IQA Database/512x384/4625855199.jpg,1,0,0,0,0,1,0,0,0,1,0,0,1,0,1,1,0,0,0,0
KonIQ-10k IQA Database/512x384/4625946312.jpg,0,0,0,0,1,1,0,0,1,0,0,1,0,0,1,0,0,0,1,0
KonIQ-10k IQA Database/512x384/4626592042.jpg,1,0,0,0,0,1,0,0,0,1,0,0,1,0,0,0,0,1,0,0
KonIQ-10k IQA Database/512x384/4626914740.jpg,1,0,0,0,0,1,0,0,1,0,0,0,1,0,0,1,0,0,0,0
KonIQ-10k IQA Database/512x384/4630540392.jpg,1,0,0,0,0,1,0,0,0,1,0,1,0,0,0,1,0,0,0,0
KonIQ-10k IQA Database/512x384/4629048299.jpg,1,0,0,0,0,1,0,0,1,0,0,0,0,1,0,1,0,0,0,0
KonIQ-10k IQA Database/512x384/4631601517.jpg,0,0,1,0,0,1,0,0,0,1,0,1,0,0,0,0,0,0,0,1
KonIQ-10k IQA Database/512x384/4631127472.jpg,0,0,1,0,0,0,1,0,0,0,1,1,0,0,0,0,0,0,0,1
KonIQ-10k IQA Database/512x384/463199566.jpg,0,0,0,0,1,0,1,0,0,1,0,1,0,0,0,0,0,0,0,1
KonIQ-10k IQA Database/512x384/4633306112.jpg,0,0,1,0,0,0,1,0,0,1,0,1,0,0,0,0,0,0,0,1
KonIQ-10k IQA Database/512x384/4632834953.jpg,0,0,1,0,0,0,1,0,1,0,0,0,1,0,0,0,1,0,0,0
KonIQ-10k IQA Database/512x384/463426919.jpg,0,0,0,1,0,0,1,0,0,0,1,1,0,0,0,0,1,0,0,0
KonIQ-10k IQA Database/512x384/4631640521.jpg,0,0,0,0,1,1,0,0,1,0,0,1,0,0,0,1,0,0,0,0
KonIQ-10k IQA Database/512x384/4635702029.jpg,0,0,0,1,0,0,1,0,1,0,0,1,0,0,0,0,1,0,0,0
KonIQ-10k IQA Database/512x384/463525569.jpg,0,1,0,0,0,1,0,0,0,1,0,0,0,1,1,1,0,0,1,0
KonIQ-10k IQA Database/512x384/4634635214.jpg,0,0,0,0,1,0,1,0,0,1,0,1,0,0,0,0,0,0,0,1
KonIQ-10k IQA Database/512x384/4637538714.jpg,0,0,1,0,0,0,1,0,0,0,1,1,0,0,0,0,0,0,0,1
KonIQ-10k IQA Database/512x384/4638196012.jpg,0,0,0,1,0,1,0,0,1,0,0,0,1,0,1,0,1,0,0,0
KonIQ-10k IQA Database/512x384/4638773413.jpg,0,0,0,0,1,1,0,0,1,0,0,1,0,0,0,0,0,0,0,1
KonIQ-10k IQA Database/512x384/4639008494.jpg,0,0,0,0,1,0,1,0,1,0,0,1,0,0,0,0,0,0,0,1
KonIQ-10k IQA Database/512x384/4638688609.jpg,0,0,1,0,0,0,1,0,1,0,0,1,0,0,0,0,1,0,0,0
KonIQ-10k IQA Database/512x384/4639050491.jpg,0,0,0,0,1,1,0,0,1,0,0,1,0,0,0,0,0,0,0,1
KonIQ-10k IQA Database/512x384/4636057593.jpg,0,0,0,0,1,0,0,0,0,1,0,1,0,0,0,0,0,0,0,1
KonIQ-10k IQA Database/512x384/4640205988.jpg,0,0,0,0,1,1,0,0,1,0,0,1,0,0,0,0,0,0,0,1
KonIQ-10k IQA Database/512x384/464118000.jpg,0,0,0,0,1,0,0,0,0,0,1,0,1,0,0,0,0,1,0,0
KonIQ-10k IQA Database/512x384/4647732482.jpg,0,0,1,0,0,0,1,0,1,0,0,1,0,0,0,0,0,0,0,1
KonIQ-10k IQA Database/512x384/4643928912.jpg,0,0,0,0,1,1,0,0,0,1,0,0,1,0,0,1,1,0,0,0
KonIQ-10k IQA Database/512x384/4647260189.jpg,0,0,1,0,0,0,1,0,0,1,0,1,0,0,0,0,0,0,0,1
KonIQ-10k IQA Database/512x384/4643295751.jpg,0,0,1,0,0,0,1,0,0,1,0,1,0,0,0,0,0,0,0,1
KonIQ-10k IQA Database/512x384/4644879921.jpg,0,0,0,0,1,0,1,0,1,0,0,1,0,0,0,0,0,0,0,1
KonIQ-10k IQA Database/512x384/4644913731.jpg,0,0,0,0,1,1,0,0,0,1,0,1,0,0,0,0,0,0,1,0
KonIQ-10k IQA Database/512x384/4650909917.jpg,0,0,1,0,0,0,1,0,0,1,0,0,1,0,0,0,0,0,0,1
KonIQ-10k IQA Database/512x384/4651317050.jpg,1,0,0,0,0,0,1,0,0,0,1,0,0,1,1,0,0,0,0,0
KonIQ-10k IQA Database/512x384/4655744443.jpg,1,0,0,0,0,1,0,0,1,0,0,1,0,0,0,1,0,1,0,0
KonIQ-10k IQA Database/512x384/4656581279.jpg,0,0,0,0,1,1,0,0,1,0,0,0,1,0,0,1,1,0,0,0
KonIQ-10k IQA Database/512x384/4663774613.jpg,0,0,0,1,0,1,0,0,1,0,0,1,0,0,0,1,0,0,0,0
KonIQ-10k IQA Database/512x384/4656808355.jpg,0,0,0,0,1,1,0,0,1,0,0,1,0,0,1,0,0,0,0,0
KonIQ-10k IQA Database/512x384/4658471909.jpg,0,0,1,0,0,0,1,0,0,0,1,0,1,0,0,0,1,0,0,0
KonIQ-10k IQA Database/512x384/4659357736.jpg,0,0,1,0,0,0,1,0,0,0,1,1,0,0,0,0,0,0,0,1
KonIQ-10k IQA Database/512x384/466432603.jpg,0,0,1,0,0,0,1,0,0,0,1,0,1,0,0,0,0,0,0,1
KonIQ-10k IQA Database/512x384/4664658605.jpg,0,0,0,0,1,0,1,0,0,1,0,1,0,0,0,0,0,0,0,1
KonIQ-10k IQA Database/512x384/4651402324.jpg,1,0,0,0,0,1,0,0,1,0,0,0,1,0,0,1,0,0,0,0
KonIQ-10k IQA Database/512x384/4668385279.jpg,0,0,0,0,1,1,0,0,1,0,0,0,1,0,0,1,0,0,0,0
KonIQ-10k IQA Database/512x384/46667675.jpg,0,0,0,1,0,0,1,0,0,0,1,1,0,0,0,0,0,0,0,1
KonIQ-10k IQA Database/512x384/4668889560.jpg,0,0,1,0,0,0,1,0,0,1,0,1,0,0,0,0,1,0,0,0
KonIQ-10k IQA Database/512x384/4668832694.jpg,0,0,1,0,0,0,1,0,1,0,0,1,0,0,0,0,1,0,0,0
KonIQ-10k IQA Database/512x384/4668901744.jpg,0,0,1,0,0,0,1,0,0,1,0,0,1,0,0,0,1,0,0,0
KonIQ-10k IQA Database/512x384/46658329.jpg,0,0,1,0,0,0,1,0,0,1,0,1,0,0,0,0,1,0,0,0
KonIQ-10k IQA Database/512x384/4669146975.jpg,0,0,0,0,1,0,1,0,0,1,0,1,0,0,0,0,0,1,0,0
KonIQ-10k IQA Database/512x384/4670475171.jpg,0,1,0,0,0,1,0,0,0,1,0,0,1,0,0,0,1,0,0,0
KonIQ-10k IQA Database/512x384/4670590256.jpg,0,0,0,0,1,1,0,0,1,0,0,1,0,0,0,1,0,0,0,0
KonIQ-10k IQA Database/512x384/4672698013.jpg,0,0,1,0,0,0,1,0,0,1,0,1,0,0,0,0,0,0,0,1
KonIQ-10k IQA Database/512x384/4671382441.jpg,1,0,0,0,0,1,0,0,1,0,0,1,0,0,0,1,0,0,0,0
KonIQ-10k IQA Database/512x384/4671409819.jpg,0,1,0,0,0,0,1,0,0,0,1,0,0,1,0,0,0,0,0,1
KonIQ-10k IQA Database/512x384/4671787703.jpg,0,0,0,0,1,1,0,0,0,1,0,1,0,0,0,0,0,0,0,1
KonIQ-10k IQA Database/512x384/4669754441.jpg,0,0,0,0,1,1,0,0,1,0,0,0,1,0,0,0,1,1,0,0
KonIQ-10k IQA Database/512x384/4672766619.jpg,0,0,0,0,1,1,0,0,1,0,0,1,0,0,0,1,0,0,0,0
KonIQ-10k IQA Database/512x384/4673438844.jpg,0,1,0,0,0,1,0,0,1,0,0,1,0,0,0,0,0,0,0,1
KonIQ-10k IQA Database/512x384/4673878145.jpg,0,0,0,0,1,1,0,0,0,1,0,0,0,1,1,1,0,0,0,0
KonIQ-10k IQA Database/512x384/4674436980.jpg,0,0,1,0,0,1,0,0,1,0,0,1,0,0,0,0,1,0,0,0
KonIQ-10k IQA Database/512x384/4676269978.jpg,1,0,0,0,0,1,0,0,0,1,0,0,1,0,0,1,0,0,0,0
KonIQ-10k IQA Database/512x384/4676525770.jpg,0,0,0,0,1,0,0,0,0,0,1,0,0,1,0,0,0,0,0,1
KonIQ-10k IQA Database/512x384/4674790248.jpg,0,0,0,0,1,1,0,0,1,0,0,0,1,0,1,0,0,0,1,0
KonIQ-10k IQA Database/512x384/4676944717.jpg,0,0,1,0,0,0,1,0,0,1,0,1,0,0,0,0,1,0,0,0
KonIQ-10k IQA Database/512x384/4674618399.jpg,1,0,0,0,0,1,0,0,1,0,0,1,0,0,0,1,0,0,0,0
KonIQ-10k IQA Database/512x384/467724732.jpg,0,0,0,0,1,0,0,0,0,1,0,1,0,0,0,0,0,0,0,1
KonIQ-10k IQA Database/512x384/46766983.jpg,0,0,1,0,0,0,1,0,0,0,1,0,1,0,0,0,0,0,0,1
KonIQ-10k IQA Database/512x384/4679147725.jpg,0,0,0,0,1,1,0,0,1,0,0,0,1,0,0,0,1,0,0,0
KonIQ-10k IQA Database/512x384/4681215652.jpg,0,0,0,1,0,1,0,0,1,0,0,0,1,0,0,1,1,0,0,0
KonIQ-10k IQA Database/512x384/4680082599.jpg,0,0,0,0,1,1,0,0,1,0,0,0,1,0,1,1,0,0,1,0
KonIQ-10k IQA Database/512x384/4681329966.jpg,0,0,0,0,1,0,1,0,0,0,1,1,0,0,0,0,0,0,0,1
KonIQ-10k IQA Database/512x384/4682371281.jpg,0,0,0,1,0,0,0,0,0,1,0,1,0,0,0,0,0,0,0,1
KonIQ-10k IQA Database/512x384/4682349014.jpg,0,0,1,0,0,0,1,0,1,0,0,1,0,0,0,0,0,0,1,0
KonIQ-10k IQA Database/512x384/46823712813.jpg,0,0,0,1,0,0,1,0,0,1,0,1,0,0,0,0,0,0,0,1
KonIQ-10k IQA Database/512x384/468518360.jpg,1,0,0,0,0,1,0,0,1,0,0,0,1,0,0,0,1,1,0,0
KonIQ-10k IQA Database/512x384/4682743182.jpg,0,0,1,0,0,0,1,0,0,0,1,1,0,0,0,0,1,0,0,0
KonIQ-10k IQA Database/512x384/4683130999.jpg,0,0,1,0,0,0,1,0,0,1,0,1,0,0,0,0,0,0,0,1
KonIQ-10k IQA Database/512x384/46857374826.jpg,0,0,1,0,0,0,1,0,0,1,0,0,1,0,0,0,1,0,0,0
KonIQ-10k IQA Database/512x384/468574107.jpg,0,0,1,0,0,0,1,0,0,0,1,0,1,0,0,0,0,0,0,1
KonIQ-10k IQA Database/512x384/4683892759.jpg,0,0,1,0,0,0,1,0,0,1,0,1,0,0,0,0,0,0,1,0
KonIQ-10k IQA Database/512x384/4685744038.jpg,0,0,0,0,1,0,1,0,1,0,0,1,0,0,0,0,0,0,0,1
KonIQ-10k IQA Database/512x384/4685737482.jpg,0,0,1,0,0,0,1,0,0,1,0,0,1,0,0,0,1,0,0,0
KonIQ-10k IQA Database/512x384/4687542962.jpg,0,0,1,0,0,0,1,0,0,1,0,1,0,0,0,0,0,0,1,0
KonIQ-10k IQA Database/512x384/4688027801.jpg,1,0,0,0,0,1,0,0,0,1,0,0,0,1,0,0,0,1,0,0
KonIQ-10k IQA Database/512x384/468764619.jpg,0,0,1,0,0,0,1,0,0,1,0,0,1,0,0,0,0,0,0,1
KonIQ-10k IQA Database/512x384/4688672987.jpg,0,0,0,0,1,0,1,0,0,1,0,1,0,0,0,0,0,0,0,1
KonIQ-10k IQA Database/512x384/4689181626.jpg,0,0,1,0,0,0,1,0,0,0,1,0,1,0,0,0,0,0,0,1
KonIQ-10k IQA Database/512x384/4688942670.jpg,1,0,0,0,0,1,0,0,0,1,0,1,0,0,0,1,0,0,0,0
KonIQ-10k IQA Database/512x384/4689159899.jpg,0,0,1,0,0,0,1,0,0,0,1,1,0,0,0,0,1,0,0,0
KonIQ-10k IQA Database/512x384/469009898.jpg,0,0,1,0,0,0,1,0,0,1,0,1,0,0,0,0,1,0,0,0
KonIQ-10k IQA Database/512x384/4690644950.jpg,0,0,0,0,1,0,1,0,0,0,1,1,0,0,0,0,0,0,0,1
KonIQ-10k IQA Database/512x384/4690684792.jpg,0,0,0,0,1,0,0,0,0,0,1,1,0,0,0,0,0,0,0,1
KonIQ-10k IQA Database/512x384/4691907069.jpg,0,0,1,0,0,0,1,0,0,1,0,1,0,0,0,0,0,0,0,1
KonIQ-10k IQA Database/512x384/46919070695.jpg,0,0,1,0,0,0,1,0,0,1,0,1,0,0,0,0,0,0,0,1
KonIQ-10k IQA Database/512x384/4692095992.jpg,0,0,0,0,1,1,0,0,0,1,0,0,1,0,0,1,1,0,0,0
KonIQ-10k IQA Database/512x384/4691973869.jpg,0,0,0,0,1,1,0,0,1,0,0,0,1,0,1,0,0,0,0,0
KonIQ-10k IQA Database/512x384/4692485168.jpg,0,1,0,0,0,1,0,0,0,1,0,0,1,0,0,1,0,0,0,0
KonIQ-10k IQA Database/512x384/4693844054.jpg,0,0,0,0,1,1,0,0,0,1,0,0,1,0,0,1,0,0,1,0
KonIQ-10k IQA Database/512x384/4694563082.jpg,1,0,0,0,0,1,0,0,0,1,0,1,0,0,0,1,0,0,0,0
KonIQ-10k IQA Database/512x384/4696097531.jpg,0,0,1,0,0,0,1,0,1,0,0,1,0,0,0,0,0,0,0,1
KonIQ-10k IQA Database/512x384/4696642475.jpg,1,0,0,0,0,1,0,0,1,0,0,1,0,0,0,1,0,0,0,0
KonIQ-10k IQA Database/512x384/4697031191.jpg,0,0,1,0,0,0,1,0,0,1,0,1,0,0,0,0,1,0,0,0
KonIQ-10k IQA Database/512x384/4697661900.jpg,0,0,0,0,1,0,0,0,0,1,0,1,0,0,0,0,0,0,0,1
KonIQ-10k IQA Database/512x384/4696239138.jpg,0,0,0,0,1,1,0,0,0,1,0,0,1,0,0,0,0,0,1,0
KonIQ-10k IQA Database/512x384/469890496.jpg,1,0,0,0,0,1,0,0,0,1,0,1,0,0,0,1,0,0,0,0
KonIQ-10k IQA Database/512x384/4698449914.jpg,0,1,0,0,0,1,0,0,0,0,1,1,0,0,0,0,1,0,0,0
KonIQ-10k IQA Database/512x384/4698931028.jpg,0,0,1,0,0,0,1,0,1,0,0,1,0,0,0,0,1,0,0,0
KonIQ-10k IQA Database/512x384/4699352200.jpg,1,0,0,0,0,1,0,0,0,1,0,0,0,1,1,0,1,1,0,0
KonIQ-10k IQA Database/512x384/470258883.jpg,0,0,0,0,1,0,1,0,1,0,0,1,0,0,0,0,0,0,0,1
KonIQ-10k IQA Database/512x384/4702275189.jpg,0,0,0,0,1,1,0,0,0,1,0,1,0,0,0,0,0,0,1,0
KonIQ-10k IQA Database/512x384/4701833798.jpg,1,0,0,0,0,1,0,0,1,0,0,1,0,0,1,0,0,0,0,0
KonIQ-10k IQA Database/512x384/4702733058.jpg,0,1,0,0,0,1,0,0,1,0,0,1,0,0,1,1,0,0,0,0
KonIQ-10k IQA Database/512x384/4699474732.jpg,0,0,1,0,0,0,1,0,0,0,1,1,0,0,0,0,0,0,0,1
KonIQ-10k IQA Database/512x384/4704859608.jpg,0,0,1,0,0,1,0,0,1,0,0,1,0,0,0,0,0,0,0,1
KonIQ-10k IQA Database/512x384/4704193975.jpg,0,0,0,0,1,0,1,0,1,0,0,0,0,1,0,1,1,0,0,0
KonIQ-10k IQA Database/512x384/4704223777.jpg,0,0,0,0,1,0,1,0,0,1,0,1,0,0,0,1,0,0,0,0
KonIQ-10k IQA Database/512x384/4704686099.jpg,1,0,0,0,0,1,0,0,1,0,0,1,0,0,0,1,0,0,0,0
KonIQ-10k IQA Database/512x384/4702824874.jpg,0,0,1,0,0,0,1,0,0,0,1,0,1,0,0,0,0,0,0,1
KonIQ-10k IQA Database/512x384/4706726398.jpg,0,0,0,0,1,1,0,0,1,0,0,1,0,0,1,0,0,0,0,0
KonIQ-10k IQA Database/512x384/4705856366.jpg,0,0,1,0,0,0,1,0,0,1,0,1,0,0,0,0,0,0,0,1
KonIQ-10k IQA Database/512x384/4707334942.jpg,0,0,0,0,1,1,0,0,1,0,0,1,0,0,0,0,0,0,0,1
KonIQ-10k IQA Database/512x384/47095522.jpg,0,0,0,1,0,1,0,0,1,0,0,1,0,0,0,0,0,0,0,1
KonIQ-10k IQA Database/512x384/4708680413.jpg,0,0,1,0,0,0,1,0,0,1,0,0,1,0,0,0,0,0,0,1
KonIQ-10k IQA Database/512x384/4710464067.jpg,0,0,0,0,1,0,1,0,1,0,0,1,0,0,0,0,0,0,0,1
KonIQ-10k IQA Database/512x384/4712201579.jpg,1,0,0,0,0,1,0,0,0,1,0,1,0,0,0,1,0,0,0,0
KonIQ-10k IQA Database/512x384/4711939216.jpg,0,0,1,0,0,0,1,0,0,1,0,0,1,0,0,0,1,0,0,0
KonIQ-10k IQA Database/512x384/4711101546.jpg,0,0,0,0,1,1,0,0,1,0,0,0,1,0,0,1,1,0,0,0
KonIQ-10k IQA Database/512x384/4713092038.jpg,0,0,0,0,1,1,0,0,1,0,0,1,0,0,0,0,0,0,0,1
KonIQ-10k IQA Database/512x384/4714778162.jpg,1,0,0,0,0,1,0,0,0,1,0,0,0,1,0,1,0,0,0,0
KonIQ-10k IQA Database/512x384/4714961173.jpg,1,0,0,0,0,0,1,0,0,0,1,1,0,0,0,1,0,0,0,0
KonIQ-10k IQA Database/512x384/4718032191.jpg,0,0,0,1,0,0,1,0,0,1,0,1,0,0,0,0,1,0,0,0
KonIQ-10k IQA Database/512x384/4718226346.jpg,0,0,1,0,0,0,1,0,0,1,0,0,1,0,0,0,0,0,0,1
KonIQ-10k IQA Database/512x384/4718542749.jpg,0,0,1,0,0,0,1,0,0,1,0,0,1,0,0,0,1,0,0,0
KonIQ-10k IQA Database/512x384/4719558314.jpg,0,0,1,0,0,0,1,0,0,1,0,1,0,0,0,0,1,0,0,0
KonIQ-10k IQA Database/512x384/4719295519.jpg,0,0,1,0,0,0,1,0,0,1,0,1,0,0,0,0,1,0,0,0
KonIQ-10k IQA Database/512x384/4722272826.jpg,1,0,0,0,0,1,0,0,1,0,0,1,0,0,0,1,1,0,0,0
KonIQ-10k IQA Database/512x384/4722268334.jpg,0,0,0,0,1,1,0,0,0,1,0,0,1,0,0,1,1,1,0,0
KonIQ-10k IQA Database/512x384/4725890838.jpg,0,0,0,0,1,1,0,0,0,1,0,1,0,0,0,0,1,0,0,0
KonIQ-10k IQA Database/512x384/4722588778.jpg,0,0,0,0,1,0,1,0,0,1,0,1,0,0,0,1,0,0,0,0
KonIQ-10k IQA Database/512x384/4726274782.jpg,0,0,1,0,0,0,1,0,0,0,1,1,0,0,0,0,1,0,0,0
KonIQ-10k IQA Database/512x384/4725670933.jpg,0,0,0,0,1,1,0,0,1,0,0,0,1,0,0,1,0,0,0,0
KonIQ-10k IQA Database/512x384/4728497082.jpg,0,0,1,0,0,0,1,0,0,1,0,1,0,0,0,0,0,0,0,1
KonIQ-10k IQA Database/512x384/4727744330.jpg,0,1,0,0,0,1,0,0,1,0,0,1,0,0,1,0,0,0,1,0
KonIQ-10k IQA Database/512x384/4728690118.jpg,0,0,0,0,1,0,1,0,1,0,0,1,0,0,0,0,0,0,0,1
KonIQ-10k IQA Database/512x384/4728646090.jpg,0,0,1,0,0,0,1,0,0,0,1,0,1,0,0,0,1,0,0,0
KonIQ-10k IQA Database/512x384/4730781966.jpg,0,0,1,0,0,0,1,0,0,0,1,1,0,0,0,0,0,0,0,1
KonIQ-10k IQA Database/512x384/4731319039.jpg,0,0,0,0,1,0,0,0,0,1,0,1,0,0,0,0,0,1,0,0
KonIQ-10k IQA Database/512x384/4731330377.jpg,0,0,0,0,1,0,0,0,0,0,1,1,0,0,0,1,0,1,0,0
KonIQ-10k IQA Database/512x384/4730475136.jpg,0,0,1,0,0,0,1,0,0,0,1,1,0,0,0,0,0,0,0,1
KonIQ-10k IQA Database/512x384/4731015701.jpg,0,0,1,0,0,0,1,0,0,1,0,1,0,0,0,0,0,1,0,0
KonIQ-10k IQA Database/512x384/4732322374.jpg,1,0,0,0,0,1,0,0,1,0,0,0,1,0,0,1,0,0,0,0
KonIQ-10k IQA Database/512x384/4733042196.jpg,0,0,0,0,1,0,1,0,1,0,0,1,0,0,0,0,0,0,0,1
KonIQ-10k IQA Database/512x384/4733189524.jpg,1,0,0,0,0,1,0,0,1,0,0,1,0,0,0,1,0,0,0,0
KonIQ-10k IQA Database/512x384/4732496293.jpg,1,0,0,0,0,1,0,0,1,0,0,0,0,1,1,0,1,1,0,0
KonIQ-10k IQA Database/512x384/4737751146.jpg,0,0,0,0,1,1,0,0,1,0,0,0,1,0,1,0,0,0,1,0
KonIQ-10k IQA Database/512x384/473566328.jpg,0,1,0,0,0,1,0,0,0,1,0,1,0,0,0,0,0,0,0,1
KonIQ-10k IQA Database/512x384/4735563555.jpg,0,1,0,0,0,0,1,0,0,0,1,1,0,0,1,0,0,0,0,0
KonIQ-10k IQA Database/512x384/473881316.jpg,0,0,1,0,0,0,1,0,0,0,1,0,1,0,0,0,1,0,0,0
KonIQ-10k IQA Database/512x384/4737850701.jpg,0,0,0,0,1,0,0,0,0,1,0,1,0,0,0,0,0,0,0,1
KonIQ-10k IQA Database/512x384/4738960229.jpg,0,0,1,0,0,0,1,0,0,0,1,1,0,0,0,0,0,0,0,1
KonIQ-10k IQA Database/512x384/474070389.jpg,1,0,0,0,0,1,0,0,0,1,0,1,0,0,0,1,0,0,0,0
KonIQ-10k IQA Database/512x384/4742025728.jpg,0,0,0,0,1,0,1,0,1,0,0,1,0,0,0,0,0,0,1,0
KonIQ-10k IQA Database/512x384/4740901654.jpg,0,0,0,0,1,0,1,0,0,1,0,1,0,0,0,0,0,0,0,1
KonIQ-10k IQA Database/512x384/4739558783.jpg,0,0,0,0,1,0,0,0,0,1,0,1,0,0,0,0,0,0,0,1
KonIQ-10k IQA Database/512x384/4739066142.jpg,0,0,0,0,1,1,0,0,1,0,0,0,1,0,1,0,0,0,0,0
KonIQ-10k IQA Database/512x384/4743492963.jpg,0,0,1,0,0,0,1,0,0,1,0,1,0,0,0,0,1,0,1,0
KonIQ-10k IQA Database/512x384/4743830608.jpg,0,1,0,0,0,1,0,0,1,0,0,1,0,0,0,0,0,0,0,1
KonIQ-10k IQA Database/512x384/4747712670.jpg,0,1,0,0,0,1,0,0,0,1,0,0,0,1,1,0,0,1,0,0
KonIQ-10k IQA Database/512x384/4745213797.jpg,1,0,0,0,0,1,0,0,1,0,0,1,0,0,1,1,0,0,0,0
KonIQ-10k IQA Database/512x384/4746340677.jpg,1,0,0,0,0,1,0,0,1,0,0,1,0,0,0,1,0,0,0,0
KonIQ-10k IQA Database/512x384/4748697171.jpg,0,0,0,0,1,1,0,0,1,0,0,1,0,0,0,0,0,0,0,1
KonIQ-10k IQA Database/512x384/4748829159.jpg,0,0,1,0,0,0,1,0,0,1,0,1,0,0,0,0,0,0,0,1
KonIQ-10k IQA Database/512x384/4752962359.jpg,0,0,1,0,0,0,1,0,0,0,1,1,0,0,0,0,0,0,0,1
KonIQ-10k IQA Database/512x384/4750416133.jpg,0,0,0,0,1,0,1,0,0,1,0,0,0,1,0,1,1,0,0,0
KonIQ-10k IQA Database/512x384/4750521580.jpg,0,0,0,0,1,1,0,0,0,1,0,0,1,0,0,1,0,0,1,0
KonIQ-10k IQA Database/512x384/4757093692.jpg,0,0,0,0,1,1,0,0,1,0,0,0,1,0,1,0,0,0,0,0
KonIQ-10k IQA Database/512x384/4757384229.jpg,0,0,0,0,1,1,0,0,1,0,0,0,1,0,0,1,1,0,0,0
KonIQ-10k IQA Database/512x384/47612135.jpg,0,0,1,0,0,0,1,0,0,0,1,1,0,0,0,0,0,0,0,1
KonIQ-10k IQA Database/512x384/475853335.jpg,0,0,1,0,0,0,1,0,0,0,1,1,0,0,0,0,0,0,0,1
KonIQ-10k IQA Database/512x384/4761802851.jpg,0,1,0,0,0,0,1,0,0,0,1,0,1,0,0,0,0,0,0,1
KonIQ-10k IQA Database/512x384/4764407251.jpg,0,0,0,0,1,0,1,0,1,0,0,0,0,1,0,0,0,0,0,1
KonIQ-10k IQA Database/512x384/4761960995.jpg,0,0,0,0,1,1,0,0,1,0,0,0,1,0,1,0,0,0,0,0
KonIQ-10k IQA Database/512x384/4764540278.jpg,0,0,0,0,1,1,0,0,1,0,0,1,0,0,0,1,0,0,0,0
KonIQ-10k IQA Database/512x384/4765706226.jpg,1,0,0,0,0,1,0,0,0,1,0,1,0,0,0,1,0,0,0,0
KonIQ-10k IQA Database/512x384/4764809752.jpg,0,0,1,0,0,0,1,0,0,1,0,1,0,0,0,0,1,0,0,0
KonIQ-10k IQA Database/512x384/4765708291.jpg,0,0,0,0,1,0,1,0,0,0,1,0,0,1,0,0,0,0,0,1
KonIQ-10k IQA Database/512x384/476653722.jpg,0,1,0,0,0,1,0,0,1,0,0,1,0,0,1,0,0,0,0,0
KonIQ-10k IQA Database/512x384/4767640691.jpg,0,0,0,0,1,1,0,0,0,1,0,0,1,0,0,0,0,1,0,0
KonIQ-10k IQA Database/512x384/4769301151.jpg,0,0,1,0,0,0,1,0,0,0,1,0,0,1,0,0,0,0,0,1
KonIQ-10k IQA Database/512x384/4766339964.jpg,0,0,0,0,1,0,1,0,0,0,1,0,0,1,0,0,0,0,0,1
KonIQ-10k IQA Database/512x384/4770169005.jpg,0,1,0,0,0,1,0,0,1,0,0,1,0,0,0,0,1,0,0,0
KonIQ-10k IQA Database/512x384/4770545465.jpg,0,0,1,0,0,0,1,0,0,1,0,1,0,0,0,0,0,0,0,1
KonIQ-10k IQA Database/512x384/4770124841.jpg,0,0,1,0,0,0,1,0,0,1,0,0,1,0,0,0,1,0,0,0
KonIQ-10k IQA Database/512x384/4773063971.jpg,0,0,1,0,0,0,1,0,0,1,0,1,0,0,0,0,0,1,0,0
KonIQ-10k IQA Database/512x384/4771924563.jpg,0,0,1,0,0,0,1,0,1,0,0,1,0,0,0,0,1,0,0,0
KonIQ-10k IQA Database/512x384/4773302631.jpg,1,0,0,0,0,1,0,0,0,1,0,1,0,0,0,1,0,0,0,0
KonIQ-10k IQA Database/512x384/4772591404.jpg,0,0,0,0,1,0,1,0,0,0,1,1,0,0,0,0,0,0,0,1
KonIQ-10k IQA Database/512x384/4770991170.jpg,0,0,1,0,0,0,1,0,0,0,1,1,0,0,0,0,0,0,0,1
KonIQ-10k IQA Database/512x384/4774195402.jpg,0,1,0,0,0,1,0,0,1,0,0,1,0,0,0,1,0,0,0,0
KonIQ-10k IQA Database/512x384/4777018149.jpg,0,0,0,0,1,1,0,0,1,0,0,0,1,0,0,1,0,0,0,0
KonIQ-10k IQA Database/512x384/4777807371.jpg,0,0,0,0,1,1,0,0,1,0,0,1,0,0,0,0,0,0,0,1
KonIQ-10k IQA Database/512x384/4780164434.jpg,0,0,1,0,0,0,1,0,0,1,0,1,0,0,0,0,0,0,0,1
KonIQ-10k IQA Database/512x384/4778495597.jpg,0,0,1,0,0,0,1,0,0,0,1,1,0,0,0,0,0,0,0,1
KonIQ-10k IQA Database/512x384/4781142781.jpg,0,1,0,0,0,1,0,0,0,1,0,1,0,0,0,1,0,0,0,0
KonIQ-10k IQA Database/512x384/477939756.jpg,1,0,0,0,0,1,0,0,1,0,0,0,1,0,0,1,0,0,0,0
KonIQ-10k IQA Database/512x384/4780450043.jpg,1,0,0,0,0,1,0,0,0,1,0,1,0,0,0,0,0,0,0,1
KonIQ-10k IQA Database/512x384/477928479.jpg,1,0,0,0,0,1,0,0,1,0,0,1,0,0,0,1,0,0,0,0
KonIQ-10k IQA Database/512x384/4778402744.jpg,0,0,0,0,1,1,0,0,1,0,0,1,0,0,0,0,0,0,0,1
KonIQ-10k IQA Database/512x384/4781552174.jpg,0,0,0,0,1,0,0,0,1,0,0,0,1,0,1,1,0,0,0,0
KonIQ-10k IQA Database/512x384/4782546865.jpg,0,0,1,0,0,0,1,0,0,1,0,1,0,0,0,0,1,0,0,0
KonIQ-10k IQA Database/512x384/4782504809.jpg,0,0,1,0,0,0,0,1,0,1,0,0,1,0,0,0,1,0,0,0
KonIQ-10k IQA Database/512x384/4782637866.jpg,0,0,0,0,1,1,0,0,0,1,0,1,0,0,0,0,1,0,0,0
KonIQ-10k IQA Database/512x384/4784361629.jpg,0,0,0,0,1,1,0,0,1,0,0,1,0,0,0,0,0,0,0,1
KonIQ-10k IQA Database/512x384/4782608700.jpg,0,0,1,0,0,0,1,0,0,1,0,1,0,0,0,0,0,0,0,1
KonIQ-10k IQA Database/512x384/4782987041.jpg,0,0,0,0,1,1,0,0,1,0,0,1,0,0,0,1,1,0,0,0
KonIQ-10k IQA Database/512x384/4786690796.jpg,0,0,0,0,1,1,0,0,0,1,0,0,1,0,0,1,1,0,0,0
KonIQ-10k IQA Database/512x384/4787556835.jpg,0,0,1,0,0,1,0,0,1,0,0,0,1,0,1,0,0,0,0,0
KonIQ-10k IQA Database/512x384/4787504766.jpg,1,0,0,0,0,1,0,0,0,1,0,0,1,0,1,1,0,0,0,0
KonIQ-10k IQA Database/512x384/4789129778.jpg,1,0,0,0,0,1,0,0,0,1,0,1,0,0,0,1,1,0,0,0
KonIQ-10k IQA Database/512x384/4791175187.jpg,1,0,0,0,0,1,0,0,1,0,0,0,1,0,0,0,0,0,1,0
KonIQ-10k IQA Database/512x384/4788033646.jpg,0,0,0,0,1,1,0,0,1,0,0,0,1,0,0,1,1,0,0,0
KonIQ-10k IQA Database/512x384/4794298678.jpg,0,1,0,0,0,1,0,0,0,1,0,1,0,0,0,1,0,0,0,0
KonIQ-10k IQA Database/512x384/4792717107.jpg,0,0,0,0,1,1,0,0,0,1,0,0,0,1,0,0,0,0,1,0
KonIQ-10k IQA Database/512x384/4794011269.jpg,1,0,0,0,0,1,0,0,1,0,0,1,0,0,0,1,0,0,0,0
KonIQ-10k IQA Database/512x384/4794780770.jpg,0,0,0,0,1,1,0,0,1,0,0,0,1,0,1,0,0,0,0,0
KonIQ-10k IQA Database/512x384/4795531186.jpg,0,1,0,0,0,0,1,0,0,1,0,0,1,0,0,1,0,0,0,0
KonIQ-10k IQA Database/512x384/4800263969.jpg,0,0,0,0,1,0,1,0,1,0,0,1,0,0,0,0,0,0,0,1
KonIQ-10k IQA Database/512x384/4796228876.jpg,1,0,0,0,0,1,0,0,1,0,0,1,0,0,0,1,0,0,1,0
KonIQ-10k IQA Database/512x384/4801184295.jpg,0,1,0,0,0,1,0,0,1,0,0,1,0,0,1,1,0,0,0,0
KonIQ-10k IQA Database/512x384/4804088480.jpg,0,0,1,0,0,0,1,0,0,1,0,1,0,0,0,0,0,0,0,1
KonIQ-10k IQA Database/512x384/4804146129.jpg,0,0,1,0,0,0,1,0,0,0,1,1,0,0,0,0,0,0,0,1
KonIQ-10k IQA Database/512x384/4801726337.jpg,0,0,0,0,1,1,0,0,0,1,0,0,0,1,0,0,1,0,0,0
KonIQ-10k IQA Database/512x384/4803889024.jpg,1,0,0,0,0,1,0,0,1,0,0,0,1,0,0,1,0,0,0,0
KonIQ-10k IQA Database/512x384/4804146646.jpg,0,0,1,0,0,1,0,0,1,0,0,1,0,0,0,1,0,0,0,0
KonIQ-10k IQA Database/512x384/4804414192.jpg,1,0,0,0,0,1,0,0,0,1,0,0,0,1,0,0,0,1,0,0
KonIQ-10k IQA Database/512x384/4805041131.jpg,0,0,1,0,0,0,1,0,1,0,0,1,0,0,0,0,1,0,0,0
KonIQ-10k IQA Database/512x384/4805501528.jpg,0,0,0,0,1,0,1,0,1,0,0,1,0,0,0,0,0,0,0,1
KonIQ-10k IQA Database/512x384/4806110659.jpg,0,0,0,0,1,0,0,0,0,1,0,1,0,0,0,0,0,0,0,1
KonIQ-10k IQA Database/512x384/480626798.jpg,0,0,1,0,0,0,1,0,0,0,1,1,0,0,0,0,1,0,0,0
KonIQ-10k IQA Database/512x384/4806281586.jpg,0,0,1,0,0,0,1,0,0,0,1,0,1,0,0,0,0,0,0,1
KonIQ-10k IQA Database/512x384/4808255488.jpg,0,0,0,0,1,1,0,0,1,0,0,0,1,0,1,0,0,0,0,0
KonIQ-10k IQA Database/512x384/4806591146.jpg,0,0,1,0,0,0,1,0,0,1,0,1,0,0,0,0,1,0,0,0
KonIQ-10k IQA Database/512x384/4806036650.jpg,0,0,0,0,1,1,0,0,0,1,0,0,0,1,1,0,0,0,0,0
KonIQ-10k IQA Database/512x384/4814084144.jpg,1,0,0,0,0,1,0,0,1,0,0,1,0,0,0,1,0,0,0,0
KonIQ-10k IQA Database/512x384/4809080599.jpg,1,0,0,0,0,1,0,0,1,0,0,0,0,1,1,0,0,0,0,0
KonIQ-10k IQA Database/512x384/4819833644.jpg,0,0,0,0,1,1,0,0,0,1,0,0,1,0,1,1,0,1,0,0
KonIQ-10k IQA Database/512x384/4819847439.jpg,0,0,0,0,1,0,1,0,0,0,1,1,0,0,0,0,0,0,0,1
KonIQ-10k IQA Database/512x384/4815901200.jpg,0,0,0,1,0,0,1,0,1,0,0,1,0,0,0,0,0,0,0,1
KonIQ-10k IQA Database/512x384/4820110338.jpg,0,0,1,0,0,0,1,0,0,1,0,0,1,0,0,1,0,0,0,0
KonIQ-10k IQA Database/512x384/482147713.jpg,0,1,0,0,0,1,0,0,0,1,0,1,0,0,1,0,0,0,0,0
KonIQ-10k IQA Database/512x384/4822559131.jpg,1,0,0,0,0,1,0,0,0,1,0,1,0,0,0,1,0,0,0,0
KonIQ-10k IQA Database/512x384/4822674187.jpg,0,0,1,0,0,0,1,0,0,1,0,1,0,0,0,0,0,0,0,1
KonIQ-10k IQA Database/512x384/4822965011.jpg,0,0,0,0,1,1,0,0,0,1,0,0,1,0,1,1,0,0,0,0
KonIQ-10k IQA Database/512x384/4828896285.jpg,0,1,0,0,0,0,1,0,0,0,1,0,0,1,1,0,0,1,0,0
KonIQ-10k IQA Database/512x384/4826544292.jpg,0,0,1,0,0,0,1,0,0,0,1,0,1,0,0,0,1,0,0,0
KonIQ-10k IQA Database/512x384/4824776407.jpg,1,0,0,0,0,1,0,0,1,0,0,0,1,0,1,0,1,1,0,0
KonIQ-10k IQA Database/512x384/4830054430.jpg,0,1,0,0,0,1,0,0,1,0,0,0,1,0,1,1,1,0,0,0
KonIQ-10k IQA Database/512x384/4830420359.jpg,1,0,0,0,0,1,0,0,0,1,0,1,0,0,0,0,0,1,0,0
KonIQ-10k IQA Database/512x384/4828138245.jpg,0,0,0,0,1,1,0,0,1,0,0,1,0,0,1,0,1,1,0,0
KonIQ-10k IQA Database/512x384/4835865863.jpg,1,0,0,0,0,1,0,0,0,1,0,1,0,0,0,1,0,0,0,0
KonIQ-10k IQA Database/512x384/4831070004.jpg,0,0,1,0,0,0,1,0,1,0,0,1,0,0,0,0,0,0,0,1
KonIQ-10k IQA Database/512x384/483591009.jpg,0,0,0,0,1,1,0,0,1,0,0,1,0,0,0,0,0,0,0,1
KonIQ-10k IQA Database/512x384/4837135935.jpg,0,0,1,0,0,0,1,0,0,1,0,1,0,0,0,0,0,0,0,1
KonIQ-10k IQA Database/512x384/4835256174.jpg,0,0,0,0,1,1,0,0,1,0,0,0,1,0,0,1,0,0,0,0
KonIQ-10k IQA Database/512x384/483164670.jpg,0,0,0,0,1,1,0,0,1,0,0,0,0,1,1,0,0,0,0,0
KonIQ-10k IQA Database/512x384/4841257153.jpg,0,0,1,0,0,0,1,0,0,0,1,1,0,0,0,0,0,0,0,1
KonIQ-10k IQA Database/512x384/4840518597.jpg,0,0,0,0,1,0,1,0,0,0,1,0,1,0,0,0,0,0,0,1
KonIQ-10k IQA Database/512x384/4843845900.jpg,0,0,1,0,0,0,1,0,0,1,0,0,1,0,0,0,1,0,0,0
KonIQ-10k IQA Database/512x384/4838893362.jpg,0,0,0,0,1,0,1,0,0,0,1,1,0,0,0,1,0,0,0,0
KonIQ-10k IQA Database/512x384/4843346384.jpg,0,1,0,0,0,1,0,0,0,1,0,1,0,0,0,0,0,0,0,1
KonIQ-10k IQA Database/512x384/4837286609.jpg,0,0,0,1,0,0,1,0,1,0,0,1,0,0,0,0,1,0,0,0
KonIQ-10k IQA Database/512x384/4842717407.jpg,0,0,0,0,1,1,0,0,1,0,0,0,1,0,0,0,1,1,0,0
KonIQ-10k IQA Database/512x384/4845527109.jpg,0,0,1,0,0,1,0,0,1,0,0,1,0,0,0,0,0,0,0,1
KonIQ-10k IQA Database/512x384/4845155288.jpg,1,0,0,0,0,1,0,0,0,1,0,0,1,0,0,1,0,0,0,0
KonIQ-10k IQA Database/512x384/4846003639.jpg,0,0,0,0,1,1,0,0,1,0,0,0,1,0,1,0,0,0,0,0
KonIQ-10k IQA Database/512x384/4845803922.jpg,0,0,1,0,0,0,1,0,0,0,1,0,1,0,0,0,1,0,0,0
KonIQ-10k IQA Database/512x384/4847778477.jpg,0,0,0,0,1,1,0,0,1,0,0,0,1,0,1,0,0,0,0,0
KonIQ-10k IQA Database/512x384/4847844430.jpg,0,0,0,0,1,1,0,0,1,0,0,1,0,0,0,1,0,0,0,0
KonIQ-10k IQA Database/512x384/4845997437.jpg,1,0,0,0,0,1,0,0,0,1,0,0,1,0,0,0,0,1,0,0
KonIQ-10k IQA Database/512x384/4847954914.jpg,0,0,1,0,0,1,0,0,0,1,0,1,0,0,0,0,0,0,1,0
KonIQ-10k IQA Database/512x384/4848345613.jpg,1,0,0,0,0,1,0,0,0,1,0,0,1,0,0,1,0,0,0,0
KonIQ-10k IQA Database/512x384/484860366.jpg,0,0,0,0,1,1,0,0,1,0,0,1,0,0,0,0,0,0,0,1
KonIQ-10k IQA Database/512x384/4851066149.jpg,0,1,0,0,0,0,1,0,0,0,1,1,0,0,0,0,1,0,0,0
KonIQ-10k IQA Database/512x384/4850291252.jpg,0,0,0,0,1,1,0,0,0,0,1,1,0,0,0,0,1,1,0,0
KonIQ-10k IQA Database/512x384/4851467262.jpg,0,0,0,1,0,0,1,0,1,0,0,1,0,0,0,0,1,0,0,0
KonIQ-10k IQA Database/512x384/485174290.jpg,0,1,0,0,0,1,0,0,0,1,0,1,0,0,0,0,0,0,0,1
KonIQ-10k IQA Database/512x384/4851762296.jpg,0,0,1,0,0,0,1,0,1,0,0,1,0,0,0,0,0,0,1,0
KonIQ-10k IQA Database/512x384/4852968688.jpg,1,0,0,0,0,0,0,0,0,0,1,0,1,0,0,1,0,0,0,0
KonIQ-10k IQA Database/512x384/4854909641.jpg,0,0,0,0,1,1,0,0,1,0,0,1,0,0,0,0,0,0,0,1
KonIQ-10k IQA Database/512x384/4852617544.jpg,0,0,0,0,1,1,0,0,0,1,0,0,0,1,1,0,0,1,1,0
KonIQ-10k IQA Database/512x384/4856036467.jpg,0,0,0,0,1,0,1,0,1,0,0,1,0,0,0,0,0,0,0,1
KonIQ-10k IQA Database/512x384/4855511701.jpg,0,0,1,0,0,0,1,0,0,0,1,1,0,0,0,0,0,0,0,1
KonIQ-10k IQA Database/512x384/4857542718.jpg,1,0,0,0,0,1,0,0,0,1,0,0,1,0,0,1,0,0,0,0
KonIQ-10k IQA Database/512x384/4858031538.jpg,1,0,0,0,0,1,0,0,0,1,0,0,0,1,0,0,0,1,0,0
KonIQ-10k IQA Database/512x384/4858527470.jpg,1,0,0,0,0,1,0,0,0,0,1,0,1,0,0,0,0,1,0,0
KonIQ-10k IQA Database/512x384/486170909.jpg,1,0,0,0,0,1,0,0,0,1,0,1,0,0,0,1,0,0,0,0
KonIQ-10k IQA Database/512x384/486068453.jpg,0,0,0,0,1,0,1,0,0,1,0,1,0,0,0,0,0,0,0,1
KonIQ-10k IQA Database/512x384/4862615903.jpg,0,0,0,1,0,0,1,0,1,0,0,1,0,0,0,0,0,0,0,1
KonIQ-10k IQA Database/512x384/4863093063.jpg,0,0,1,0,0,0,1,0,0,0,1,1,0,0,0,0,0,0,0,1
KonIQ-10k IQA Database/512x384/4866523929.jpg,0,0,1,0,0,0,1,0,0,1,0,1,0,0,0,1,0,0,0,0
KonIQ-10k IQA Database/512x384/4864265547.jpg,0,0,0,1,0,1,0,0,1,0,0,1,0,0,0,0,1,0,0,0
KonIQ-10k IQA Database/512x384/4862383971.jpg,1,0,0,0,0,1,0,0,1,0,0,0,1,0,0,1,0,0,0,0
KonIQ-10k IQA Database/512x384/4867994945.jpg,0,1,0,0,0,1,0,0,1,0,0,1,0,0,0,0,1,0,0,0
KonIQ-10k IQA Database/512x384/4867071134.jpg,0,0,1,0,0,0,1,0,1,0,0,1,0,0,0,0,0,0,0,1
KonIQ-10k IQA Database/512x384/4867659714.jpg,1,0,0,0,0,1,0,0,1,0,0,0,1,0,0,1,0,1,0,0
KonIQ-10k IQA Database/512x384/4868558209.jpg,0,1,0,0,0,0,0,1,0,0,1,0,1,0,0,1,0,0,0,0
KonIQ-10k IQA Database/512x384/4868050690.jpg,0,1,0,0,0,1,0,0,1,0,0,1,0,0,0,0,0,0,1,0
KonIQ-10k IQA Database/512x384/4868895324.jpg,1,0,0,0,0,1,0,0,1,0,0,1,0,0,0,1,0,0,1,0
KonIQ-10k IQA Database/512x384/4870809935.jpg,0,0,0,0,1,0,1,0,1,0,0,1,0,0,0,1,0,0,0,0
KonIQ-10k IQA Database/512x384/4871159312.jpg,0,0,1,0,0,0,1,0,1,0,0,1,0,0,0,0,1,0,0,0
KonIQ-10k IQA Database/512x384/4871847706.jpg,0,0,0,0,1,1,0,0,1,0,0,0,1,0,1,0,1,1,0,0
KonIQ-10k IQA Database/512x384/4871407891.jpg,1,0,0,0,0,1,0,0,0,1,0,0,1,0,0,1,0,0,0,0
KonIQ-10k IQA Database/512x384/4873047491.jpg,0,0,0,0,1,1,0,0,1,0,0,0,1,0,1,0,1,0,0,0
KonIQ-10k IQA Database/512x384/4875993491.jpg,1,0,0,0,0,1,0,0,0,1,0,1,0,0,0,1,0,0,0,0
KonIQ-10k IQA Database/512x384/4871444135.jpg,1,0,0,0,0,1,0,0,1,0,0,1,0,0,0,1,0,0,0,0
KonIQ-10k IQA Database/512x384/4872116932.jpg,0,0,0,0,1,1,0,0,1,0,0,1,0,0,1,0,1,0,0,0
KonIQ-10k IQA Database/512x384/4877994171.jpg,0,0,0,0,1,1,0,0,1,0,0,1,0,0,0,1,0,0,0,0
KonIQ-10k IQA Database/512x384/4875935356.jpg,0,0,0,0,1,0,0,0,0,1,0,1,0,0,0,0,0,0,1,0
KonIQ-10k IQA Database/512x384/487860600.jpg,0,0,0,1,0,0,1,0,0,0,1,1,0,0,0,0,1,0,0,0
KonIQ-10k IQA Database/512x384/4880270138.jpg,0,0,0,0,1,0,1,0,1,0,0,0,1,0,0,0,1,0,0,0
KonIQ-10k IQA Database/512x384/4881913692.jpg,0,1,0,0,0,1,0,0,1,0,0,1,0,0,0,0,0,0,0,1
KonIQ-10k IQA Database/512x384/4882295000.jpg,0,0,1,0,0,0,1,0,1,0,0,1,0,0,0,0,0,0,0,1
KonIQ-10k IQA Database/512x384/4882465125.jpg,0,0,0,0,1,1,0,0,0,1,0,1,0,0,0,0,0,0,0,1
KonIQ-10k IQA Database/512x384/4882358476.jpg,0,0,0,0,1,0,1,0,1,0,0,1,0,0,0,0,0,0,0,1
KonIQ-10k IQA Database/512x384/4883939911.jpg,0,0,1,0,0,0,1,0,0,0,1,1,0,0,0,0,0,0,0,1
KonIQ-10k IQA Database/512x384/4883647933.jpg,0,0,1,0,0,0,1,0,0,1,0,1,0,0,0,0,1,0,0,0
KonIQ-10k IQA Database/512x384/4882952027.jpg,0,0,0,0,1,0,0,0,0,1,0,1,0,0,0,0,0,0,0,1
KonIQ-10k IQA Database/512x384/4883254364.jpg,0,0,0,0,1,1,0,0,1,0,0,1,0,0,0,0,0,0,0,1
KonIQ-10k IQA Database/512x384/4886153819.jpg,0,0,1,0,0,0,1,0,0,0,1,0,1,0,0,0,0,0,0,1
KonIQ-10k IQA Database/512x384/4885160336.jpg,0,0,0,0,1,0,1,0,0,1,0,1,0,0,0,1,0,0,0,0
KonIQ-10k IQA Database/512x384/4886518096.jpg,0,0,1,0,0,0,1,0,0,1,0,1,0,0,0,0,0,0,0,1
KonIQ-10k IQA Database/512x384/4885242381.jpg,0,0,0,0,1,0,1,0,0,0,1,0,0,1,0,0,0,0,0,1
KonIQ-10k IQA Database/512x384/4885928195.jpg,0,0,1,0,0,0,1,0,0,1,0,1,0,0,0,0,1,0,0,0
KonIQ-10k IQA Database/512x384/4886277173.jpg,0,0,1,0,0,0,1,0,0,0,1,1,0,0,0,0,1,0,0,0
KonIQ-10k IQA Database/512x384/4886525195.jpg,0,0,0,0,1,1,0,0,0,1,0,0,1,0,0,0,1,0,0,0
KonIQ-10k IQA Database/512x384/4887754576.jpg,0,0,1,0,0,1,0,0,1,0,0,1,0,0,0,0,1,0,0,0
KonIQ-10k IQA Database/512x384/4887400905.jpg,0,1,0,0,0,1,0,0,0,1,0,0,1,0,0,1,0,0,0,0
KonIQ-10k IQA Database/512x384/4889890723.jpg,0,0,1,0,0,0,1,0,0,1,0,1,0,0,0,0,0,0,0,1
KonIQ-10k IQA Database/512x384/488823133.jpg,0,0,0,0,1,0,0,0,0,1,0,1,0,0,0,0,0,0,0,1
KonIQ-10k IQA Database/512x384/4891468275.jpg,0,0,0,0,1,0,1,0,1,0,0,1,0,0,0,0,0,0,0,1
KonIQ-10k IQA Database/512x384/4889658118.jpg,0,0,0,0,1,1,0,0,1,0,0,0,1,0,0,1,1,1,0,0
KonIQ-10k IQA Database/512x384/4890086996.jpg,0,0,0,1,0,0,1,0,1,0,0,1,0,0,0,0,1,0,0,0
KonIQ-10k IQA Database/512x384/4893296719.jpg,0,0,1,0,0,0,1,0,0,0,1,1,0,0,0,0,0,1,0,0
KonIQ-10k IQA Database/512x384/4891817119.jpg,1,0,0,0,0,1,0,0,1,0,0,0,1,0,0,1,0,0,0,0
KonIQ-10k IQA Database/512x384/4890155523.jpg,0,0,0,0,1,1,0,0,1,0,0,0,1,0,1,1,1,0,0,0
KonIQ-10k IQA Database/512x384/4894150529.jpg,0,0,0,0,1,1,0,0,1,0,0,1,0,0,1,0,0,0,0,0
KonIQ-10k IQA Database/512x384/489975423.jpg,0,0,0,1,0,1,0,0,1,0,0,0,1,0,0,1,1,0,0,0
KonIQ-10k IQA Database/512x384/4895451556.jpg,1,0,0,0,0,1,0,0,1,0,0,0,1,0,0,1,0,0,0,0
KonIQ-10k IQA Database/512x384/4900565313.jpg,0,0,1,0,0,0,1,0,0,0,1,1,0,0,0,0,0,1,0,0
KonIQ-10k IQA Database/512x384/4900369405.jpg,1,0,0,0,0,1,0,0,0,1,0,1,0,0,1,1,0,0,0,0
KonIQ-10k IQA Database/512x384/4902129359.jpg,1,0,0,0,0,1,0,0,0,1,0,1,0,0,0,1,0,0,0,0
KonIQ-10k IQA Database/512x384/4900640591.jpg,0,0,1,0,0,0,1,0,1,0,0,1,0,0,0,1,0,0,1,0
KonIQ-10k IQA Database/512x384/4902504109.jpg,0,0,0,0,1,0,0,0,1,0,0,0,0,0,0,0,0,0,0,1
KonIQ-10k IQA Database/512x384/4901671249.jpg,0,0,1,0,0,0,1,0,0,1,0,1,0,0,0,0,0,0,0,1
KonIQ-10k IQA Database/512x384/4903418699.jpg,0,0,0,0,1,1,0,0,1,0,0,1,0,0,0,0,0,0,1,0
KonIQ-10k IQA Database/512x384/4903384785.jpg,0,0,1,0,0,0,1,0,0,0,1,1,0,0,0,0,0,0,0,1
KonIQ-10k IQA Database/512x384/4905609957.jpg,1,0,0,0,0,1,0,0,1,0,0,0,0,1,0,1,0,0,0,0
KonIQ-10k IQA Database/512x384/4906359700.jpg,0,0,0,0,1,1,0,0,0,1,0,0,1,0,0,1,0,0,0,0
KonIQ-10k IQA Database/512x384/4905995730.jpg,0,0,1,0,0,0,1,0,0,1,0,1,0,0,0,0,0,0,0,1
KonIQ-10k IQA Database/512x384/4904294830.jpg,0,0,0,1,0,1,0,0,1,0,0,0,1,0,0,0,1,0,0,0
KonIQ-10k IQA Database/512x384/4906429431.jpg,0,0,0,0,1,0,1,0,1,0,0,1,0,0,0,0,0,0,0,1
KonIQ-10k IQA Database/512x384/4906735319.jpg,1,0,0,0,0,1,0,0,0,1,0,0,1,0,0,1,0,0,0,0
KonIQ-10k IQA Database/512x384/4906902596.jpg,0,0,1,0,0,0,1,0,0,1,0,1,0,0,0,0,0,0,0,1
KonIQ-10k IQA Database/512x384/4907748522.jpg,0,0,1,0,0,0,1,0,1,0,0,1,0,0,0,0,0,0,0,1
KonIQ-10k IQA Database/512x384/4907901600.jpg,0,0,1,0,0,0,1,0,0,1,0,1,0,0,0,0,0,0,0,1
KonIQ-10k IQA Database/512x384/4908441792.jpg,0,0,0,0,1,1,0,0,0,1,0,0,0,1,0,0,0,0,1,0
KonIQ-10k IQA Database/512x384/4910377121.jpg,0,1,0,0,0,0,0,1,0,0,1,1,0,0,0,0,1,0,0,0
KonIQ-10k IQA Database/512x384/4909946838.jpg,0,1,0,0,0,1,0,0,0,1,0,1,0,0,0,0,0,0,0,1
KonIQ-10k IQA Database/512x384/4908270930.jpg,0,0,1,0,0,0,1,0,1,0,0,1,0,0,0,0,0,0,0,1
KonIQ-10k IQA Database/512x384/4911877298.jpg,1,0,0,0,0,1,0,0,0,1,0,0,1,0,0,1,0,0,0,0
KonIQ-10k IQA Database/512x384/4912317009.jpg,0,0,0,0,1,1,0,0,0,1,0,0,1,0,0,0,0,0,1,0
KonIQ-10k IQA Database/512x384/4912437730.jpg,0,0,0,0,1,0,0,0,1,0,0,1,0,0,0,0,0,0,0,1
KonIQ-10k IQA Database/512x384/4913587642.jpg,1,0,0,0,0,1,0,0,1,0,0,1,0,0,0,1,0,0,0,0
KonIQ-10k IQA Database/512x384/4911990100.jpg,0,1,0,0,0,0,1,0,0,1,0,1,0,0,0,0,1,0,0,0
KonIQ-10k IQA Database/512x384/4915971389.jpg,0,1,0,0,0,0,1,0,0,0,1,0,1,0,0,0,0,0,0,1
KonIQ-10k IQA Database/512x384/4918086314.jpg,1,0,0,0,0,1,0,0,0,1,0,0,1,0,0,1,0,0,0,0
KonIQ-10k IQA Database/512x384/4918979865.jpg,0,0,0,0,1,0,1,0,0,0,1,1,0,0,0,0,0,0,0,1
KonIQ-10k IQA Database/512x384/491839128.jpg,0,0,1,0,0,0,1,0,0,0,1,0,1,0,0,0,1,0,0,0
KonIQ-10k IQA Database/512x384/4919695267.jpg,0,0,1,0,0,0,1,0,0,0,1,0,1,0,0,0,0,0,0,1
KonIQ-10k IQA Database/512x384/4921474940.jpg,0,0,1,0,0,0,1,0,0,1,0,1,0,0,0,0,1,0,0,0
KonIQ-10k IQA Database/512x384/4920539113.jpg,1,0,0,0,0,1,0,0,1,0,0,1,0,0,0,1,1,1,0,0
KonIQ-10k IQA Database/512x384/4921721859.jpg,0,0,1,0,0,0,1,0,0,1,0,1,0,0,0,1,0,0,0,0
KonIQ-10k IQA Database/512x384/4920401436.jpg,0,0,1,0,0,0,1,0,0,0,1,1,0,0,0,0,0,0,0,1
KonIQ-10k IQA Database/512x384/4922576334.jpg,0,1,0,0,0,0,1,0,0,1,0,1,0,0,0,0,0,0,0,1
KonIQ-10k IQA Database/512x384/4921823031.jpg,0,0,0,0,1,1,0,0,0,1,0,1,0,0,0,0,0,0,0,1
KonIQ-10k IQA Database/512x384/4922516594.jpg,0,0,0,0,1,1,0,0,1,0,0,1,0,0,0,0,0,0,0,1
KonIQ-10k IQA Database/512x384/4922763994.jpg,0,0,1,0,0,0,1,0,0,1,0,1,0,0,0,0,0,0,1,0
KonIQ-10k IQA Database/512x384/4922860865.jpg,0,0,1,0,0,0,1,0,0,1,0,1,0,0,0,0,0,0,0,1
KonIQ-10k IQA Database/512x384/4923216773.jpg,0,0,0,0,1,0,0,0,0,1,0,1,0,0,0,0,0,0,0,1
KonIQ-10k IQA Database/512x384/4924398774.jpg,1,0,0,0,0,1,0,0,1,0,0,1,0,0,1,1,0,1,0,0
KonIQ-10k IQA Database/512x384/4925153617.jpg,1,0,0,0,0,1,0,0,1,0,0,0,0,1,0,1,0,0,0,0
KonIQ-10k IQA Database/512x384/4922892935.jpg,0,0,1,0,0,0,1,0,1,0,0,1,0,0,0,0,0,0,0,1
KonIQ-10k IQA Database/512x384/4923537063.jpg,0,1,0,0,0,0,1,0,0,0,1,1,0,0,0,0,0,0,0,1
KonIQ-10k IQA Database/512x384/4925344781.jpg,1,0,0,0,0,1,0,0,1,0,0,0,1,0,0,1,1,0,0,0
KonIQ-10k IQA Database/512x384/4926787829.jpg,0,0,1,0,0,0,1,0,0,1,0,1,0,0,0,0,0,1,0,0
KonIQ-10k IQA Database/512x384/4925167261.jpg,0,0,1,0,0,0,1,0,0,1,0,1,0,0,0,0,0,0,0,1
KonIQ-10k IQA Database/512x384/4926447658.jpg,0,0,1,0,0,0,1,0,0,1,0,1,0,0,0,0,0,0,1,0
KonIQ-10k IQA Database/512x384/493128717.jpg,0,0,0,0,1,1,0,0,1,0,0,0,0,1,1,0,0,0,0,0
KonIQ-10k IQA Database/512x384/492751146.jpg,0,1,0,0,0,0,1,0,0,0,1,1,0,0,1,0,0,0,0,0
KonIQ-10k IQA Database/512x384/4930262989.jpg,0,0,0,0,1,0,0,0,0,1,0,1,0,0,0,0,0,0,0,1
KonIQ-10k IQA Database/512x384/4931966065.jpg,0,0,1,0,0,0,1,0,0,0,1,1,0,0,0,0,0,0,1,0
KonIQ-10k IQA Database/512x384/4932950485.jpg,0,0,0,1,0,0,1,0,0,0,1,1,0,0,0,0,1,0,0,0
KonIQ-10k IQA Database/512x384/4932130784.jpg,0,1,0,0,0,1,0,0,0,1,0,1,0,0,0,1,0,0,0,0
KonIQ-10k IQA Database/512x384/4933863195.jpg,0,0,1,0,0,0,1,0,0,1,0,0,1,0,0,0,1,0,0,0
KonIQ-10k IQA Database/512x384/4935990245.jpg,0,0,0,0,1,1,0,0,1,0,0,1,0,0,0,0,0,0,0,1
KonIQ-10k IQA Database/512x384/4937662029.jpg,0,0,0,0,1,1,0,0,1,0,0,1,0,0,0,0,0,0,0,1
KonIQ-10k IQA Database/512x384/49383498475.jpg,0,0,0,1,0,0,1,0,1,0,0,1,0,0,0,0,1,0,0,0
KonIQ-10k IQA Database/512x384/4936086328.jpg,0,0,0,0,1,1,0,0,1,0,0,0,1,0,1,1,0,0,0,0
KonIQ-10k IQA Database/512x384/4938349847.jpg,0,0,0,1,0,0,1,0,1,0,0,1,0,0,0,0,1,0,0,0
KonIQ-10k IQA Database/512x384/4938188075.jpg,0,0,1,0,0,0,1,0,0,0,1,0,1,0,0,0,0,0,0,1
KonIQ-10k IQA Database/512x384/4940996206.jpg,0,0,1,0,0,0,1,0,0,1,0,1,0,0,0,0,0,0,0,1
KonIQ-10k IQA Database/512x384/4940371977.jpg,0,0,1,0,0,0,1,0,0,1,0,1,0,0,0,0,1,0,0,0
KonIQ-10k IQA Database/512x384/494015270.jpg,0,0,0,0,1,1,0,0,1,0,0,0,1,0,1,0,0,0,0,0
KonIQ-10k IQA Database/512x384/4941443673.jpg,0,0,1,0,0,0,1,0,0,1,0,1,0,0,0,0,0,0,0,1
KonIQ-10k IQA Database/512x384/4941076531.jpg,0,0,0,1,0,0,1,0,0,1,0,1,0,0,0,0,1,0,0,0
KonIQ-10k IQA Database/512x384/4942239073.jpg,0,0,1,0,0,0,1,0,0,0,1,1,0,0,0,0,1,0,0,0
KonIQ-10k IQA Database/512x384/4941401132.jpg,0,0,0,0,1,0,1,0,1,0,0,1,0,0,0,0,0,0,0,1
KonIQ-10k IQA Database/512x384/494236256.jpg,0,0,1,0,0,1,0,0,0,1,0,1,0,0,0,0,1,0,0,0
KonIQ-10k IQA Database/512x384/4943600012.jpg,1,0,0,0,0,1,0,0,1,0,0,0,1,0,0,0,1,1,0,0
KonIQ-10k IQA Database/512x384/4944793972.jpg,0,0,0,0,1,0,1,0,1,0,0,1,0,0,0,0,0,0,0,1
KonIQ-10k IQA Database/512x384/4945508144.jpg,0,1,0,0,0,1,0,0,0,1,0,1,0,0,0,0,0,0,0,1
KonIQ-10k IQA Database/512x384/4947244.jpg,0,1,0,0,0,0,1,0,0,0,1,1,0,0,0,0,0,0,0,1
KonIQ-10k IQA Database/512x384/4947572555.jpg,0,0,0,0,1,0,1,0,1,0,0,1,0,0,0,0,0,0,0,1
KonIQ-10k IQA Database/512x384/4948021193.jpg,1,0,0,0,0,1,0,0,1,0,0,0,1,0,1,0,0,0,0,0
KonIQ-10k IQA Database/512x384/4947500856.jpg,0,0,0,0,1,1,0,0,1,0,0,0,1,0,1,0,1,0,0,0
KonIQ-10k IQA Database/512x384/4948125167.jpg,0,0,1,0,0,0,1,0,1,0,0,0,1,0,0,0,1,0,0,0
KonIQ-10k IQA Database/512x384/4949714700.jpg,1,0,0,0,0,1,0,0,1,0,0,0,0,1,1,0,0,0,0,0
KonIQ-10k IQA Database/512x384/4950276392.jpg,0,1,0,0,0,0,1,0,0,0,1,0,1,0,0,0,1,0,0,0
KonIQ-10k IQA Database/512x384/4950643421.jpg,0,0,0,0,1,1,0,0,1,0,0,0,1,0,0,1,1,0,0,0
KonIQ-10k IQA Database/512x384/4953282690.jpg,0,0,0,0,1,0,1,0,1,0,0,1,0,0,0,0,0,0,0,1
KonIQ-10k IQA Database/512x384/4953733701.jpg,0,0,0,0,1,0,1,0,1,0,0,1,0,0,0,0,0,0,0,1
KonIQ-10k IQA Database/512x384/4952399474.jpg,1,0,0,0,0,1,0,0,1,0,0,0,1,0,0,1,1,1,0,0
KonIQ-10k IQA Database/512x384/4953755434.jpg,0,0,1,0,0,0,1,0,0,1,0,1,0,0,0,0,1,0,0,0
KonIQ-10k IQA Database/512x384/49445241.jpg,0,0,0,0,1,1,0,0,0,1,0,0,0,1,0,0,0,0,1,0
KonIQ-10k IQA Database/512x384/4954115704.jpg,1,0,0,0,0,1,0,0,1,0,0,1,0,0,1,0,0,0,0,0
KonIQ-10k IQA Database/512x384/4954209731.jpg,0,0,1,0,0,0,1,0,0,0,1,1,0,0,0,0,0,0,0,1
KonIQ-10k IQA Database/512x384/4955674278.jpg,1,0,0,0,0,1,0,0,0,1,0,1,0,0,1,1,0,0,0,0
KonIQ-10k IQA Database/512x384/4958359048.jpg,0,0,0,0,1,1,0,0,1,0,0,0,1,0,0,1,0,0,0,0
KonIQ-10k IQA Database/512x384/4955052105.jpg,0,0,0,0,1,1,0,0,0,1,0,0,1,0,0,1,0,0,0,0
KonIQ-10k IQA Database/512x384/4958737471.jpg,0,0,0,0,1,0,1,0,0,0,1,1,0,0,0,1,0,0,0,0
KonIQ-10k IQA Database/512x384/4960025889.jpg,0,0,1,0,0,0,1,0,0,1,0,0,1,0,0,0,1,0,0,0
KonIQ-10k IQA Database/512x384/4960586032.jpg,0,0,1,0,0,0,1,0,0,1,0,0,1,0,0,0,1,0,0,0
KonIQ-10k IQA Database/512x384/4960147659.jpg,1,0,0,0,0,1,0,0,1,0,0,1,0,0,0,1,0,0,0,0
KonIQ-10k IQA Database/512x384/496109303.jpg,1,0,0,0,0,1,0,0,0,1,0,1,0,0,0,1,0,0,0,0
KonIQ-10k IQA Database/512x384/4961168084.jpg,0,0,0,0,1,1,0,0,1,0,0,0,1,0,0,1,0,0,0,0
KonIQ-10k IQA Database/512x384/4961486371.jpg,0,0,0,0,1,1,0,0,0,1,0,0,1,0,0,1,1,0,0,0
KonIQ-10k IQA Database/512x384/4962117985.jpg,0,0,1,0,0,0,1,0,0,0,1,1,0,0,0,0,0,0,0,1
KonIQ-10k IQA Database/512x384/496162577.jpg,0,0,1,0,0,0,1,0,1,0,0,1,0,0,0,0,1,0,0,0
KonIQ-10k IQA Database/512x384/4965455693.jpg,0,0,0,0,1,1,0,0,1,0,0,0,1,0,0,1,1,0,0,0
KonIQ-10k IQA Database/512x384/4962875195.jpg,0,0,1,0,0,0,0,1,1,0,0,0,1,0,0,1,0,0,0,0
KonIQ-10k IQA Database/512x384/4965946284.jpg,0,0,1,0,0,0,1,0,0,0,1,1,0,0,0,0,0,0,0,1
KonIQ-10k IQA Database/512x384/4965802871.jpg,0,0,0,0,1,0,1,0,0,0,1,1,0,0,0,0,0,0,0,1
KonIQ-10k IQA Database/512x384/4966132108.jpg,0,0,1,0,0,0,1,0,0,0,1,1,0,0,0,0,0,0,0,1
KonIQ-10k IQA Database/512x384/4966811903.jpg,1,0,0,0,0,1,0,0,0,1,0,1,0,0,0,1,0,0,0,0
KonIQ-10k IQA Database/512x384/4968475623.jpg,0,0,1,0,0,0,1,0,0,1,0,1,0,0,0,0,0,0,0,1
KonIQ-10k IQA Database/512x384/4967412135.jpg,0,0,1,0,0,0,1,0,1,0,0,0,1,0,0,0,0,0,0,1
KonIQ-10k IQA Database/512x384/4969822064.jpg,0,0,1,0,0,0,1,0,0,0,1,1,0,0,0,0,1,0,0,0
KonIQ-10k IQA Database/512x384/497163401.jpg,1,0,0,0,0,1,0,0,1,0,0,0,1,0,0,1,0,0,0,0
KonIQ-10k IQA Database/512x384/49718588203.jpg,0,1,0,0,0,1,0,0,1,0,0,0,1,0,1,1,1,0,0,0
KonIQ-10k IQA Database/512x384/4971858820.jpg,0,1,0,0,0,1,0,0,1,0,0,0,1,0,0,1,1,0,0,0
KonIQ-10k IQA Database/512x384/4972378781.jpg,0,0,0,0,1,1,0,0,0,1,0,1,0,0,0,0,1,0,0,0
KonIQ-10k IQA Database/512x384/4972615412.jpg,0,0,0,1,0,0,1,0,0,0,1,1,0,0,0,0,1,0,0,0
KonIQ-10k IQA Database/512x384/4972553952.jpg,0,0,1,0,0,0,1,0,0,1,0,1,0,0,0,0,0,0,0,1
KonIQ-10k IQA Database/512x384/4975468754.jpg,0,0,0,0,1,1,0,0,1,0,0,0,1,0,1,0,0,0,0,0
KonIQ-10k IQA Database/512x384/497525662.jpg,0,0,1,0,0,0,1,0,0,0,1,1,0,0,0,0,0,1,0,0
KonIQ-10k IQA Database/512x384/4975773859.jpg,0,0,0,0,1,0,1,0,1,0,0,1,0,0,0,0,0,0,0,1
KonIQ-10k IQA Database/512x384/4975990286.jpg,1,0,0,0,0,1,0,0,0,1,0,0,0,1,1,1,0,1,0,0
KonIQ-10k IQA Database/512x384/4973124317.jpg,0,0,1,0,0,0,1,0,1,0,0,1,0,0,0,0,0,0,0,1
KonIQ-10k IQA Database/512x384/4975653682.jpg,0,0,0,0,1,1,0,0,0,1,0,0,1,0,1,1,0,0,0,0
KonIQ-10k IQA Database/512x384/4976501337.jpg,0,0,1,0,0,0,0,1,0,1,0,1,0,0,0,0,1,0,0,0
KonIQ-10k IQA Database/512x384/4976142964.jpg,0,0,1,0,0,0,1,0,0,1,0,1,0,0,0,0,1,0,0,0
KonIQ-10k IQA Database/512x384/4976232823.jpg,0,0,1,0,0,0,1,0,0,1,0,1,0,0,0,0,0,0,0,1
KonIQ-10k IQA Database/512x384/4976269857.jpg,1,0,0,0,0,1,0,0,1,0,0,1,0,0,0,1,0,0,0,0
KonIQ-10k IQA Database/512x384/4979420600.jpg,1,0,0,0,0,1,0,0,1,0,0,0,0,1,1,0,1,1,0,0
KonIQ-10k IQA Database/512x384/4978032841.jpg,0,0,1,0,0,0,1,0,0,0,1,0,1,0,0,0,1,0,0,0
KonIQ-10k IQA Database/512x384/4979581696.jpg,0,0,1,0,0,0,1,0,1,0,0,1,0,0,0,0,0,0,0,1
KonIQ-10k IQA Database/512x384/4980829250.jpg,0,1,0,0,0,1,0,0,1,0,0,0,1,0,0,0,0,1,0,0
KonIQ-10k IQA Database/512x384/4980059014.jpg,0,0,1,0,0,0,1,0,0,1,0,1,0,0,0,0,0,0,0,1
KonIQ-10k IQA Database/512x384/4982428461.jpg,1,0,0,0,0,1,0,0,0,1,0,1,0,0,0,1,0,0,0,0
KonIQ-10k IQA Database/512x384/4981184708.jpg,0,0,1,0,0,0,1,0,0,0,1,1,0,0,0,1,0,0,0,0
KonIQ-10k IQA Database/512x384/4982617348.jpg,1,0,0,0,0,1,0,0,0,1,0,0,1,0,0,0,0,1,0,0
KonIQ-10k IQA Database/512x384/4981035833.jpg,1,0,0,0,0,1,0,0,1,0,0,1,0,0,0,1,1,0,0,0
KonIQ-10k IQA Database/512x384/498265046.jpg,0,0,1,0,0,0,1,0,0,1,0,1,0,0,0,0,1,0,0,0
KonIQ-10k IQA Database/512x384/49840498398.jpg,0,0,1,0,0,0,1,0,0,1,0,1,0,0,0,0,0,0,0,1
KonIQ-10k IQA Database/512x384/4984049839.jpg,0,0,1,0,0,0,1,0,0,1,0,1,0,0,0,0,0,0,0,1
KonIQ-10k IQA Database/512x384/4984086049.jpg,0,0,0,0,1,1,0,0,1,0,0,1,0,0,0,0,0,0,0,1
KonIQ-10k IQA Database/512x384/4983471695.jpg,0,0,1,0,0,0,0,0,0,0,1,0,1,0,0,0,0,0,0,1
KonIQ-10k IQA Database/512x384/4985988258.jpg,0,0,1,0,0,0,1,0,1,0,0,1,0,0,0,0,0,0,0,1
KonIQ-10k IQA Database/512x384/4985059388.jpg,0,1,0,0,0,1,0,0,1,0,0,0,1,0,0,1,1,0,0,0
KonIQ-10k IQA Database/512x384/4985166775.jpg,0,1,0,0,0,1,0,0,0,1,0,0,0,1,1,1,0,0,0,0
KonIQ-10k IQA Database/512x384/4986510349.jpg,0,0,1,0,0,0,1,0,0,1,0,0,1,0,0,0,1,0,0,0
KonIQ-10k IQA Database/512x384/4985465789.jpg,0,0,0,0,1,0,1,0,1,0,0,1,0,0,0,0,0,0,0,1
KonIQ-10k IQA Database/512x384/4986076377.jpg,0,0,0,0,1,1,0,0,1,0,0,1,0,0,0,0,1,1,0,0
KonIQ-10k IQA Database/512x384/4986682017.jpg,0,0,1,0,0,0,1,0,0,1,0,0,1,0,0,0,1,0,0,0
KonIQ-10k IQA Database/512x384/4987072948.jpg,0,0,1,0,0,0,1,0,0,1,0,0,1,0,0,0,1,0,0,0
KonIQ-10k IQA Database/512x384/4987191446.jpg,0,0,1,0,0,0,1,0,0,0,1,0,1,0,0,0,1,0,0,0
KonIQ-10k IQA Database/512x384/4987318624.jpg,0,0,1,0,0,0,1,0,0,0,1,0,1,0,0,0,1,0,0,0
KonIQ-10k IQA Database/512x384/4988320464.jpg,1,0,0,0,0,1,0,0,1,0,0,0,1,0,0,1,0,0,0,0
KonIQ-10k IQA Database/512x384/49874259.jpg,0,0,1,0,0,0,1,0,0,1,0,1,0,0,0,0,0,0,0,1
KonIQ-10k IQA Database/512x384/4989044190.jpg,0,0,1,0,0,0,1,0,1,0,0,1,0,0,0,0,0,0,1,0
KonIQ-10k IQA Database/512x384/4989495161.jpg,0,0,1,0,0,0,1,0,0,1,0,1,0,0,0,0,0,0,0,1
KonIQ-10k IQA Database/512x384/4991407708.jpg,0,0,1,0,0,0,1,0,0,1,0,1,0,0,0,0,0,0,0,1
KonIQ-10k IQA Database/512x384/4992884384.jpg,0,0,0,0,1,1,0,0,1,0,0,0,1,0,1,0,0,0,1,0
KonIQ-10k IQA Database/512x384/4991538106.jpg,0,0,1,0,0,0,1,0,0,0,1,0,1,0,0,0,0,0,0,1
KonIQ-10k IQA Database/512x384/4991939718.jpg,0,0,0,0,1,1,0,0,1,0,0,0,1,0,1,0,0,0,0,0
KonIQ-10k IQA Database/512x384/4995010778.jpg,0,0,0,0,1,0,1,0,0,1,0,1,0,0,0,0,1,0,0,0
KonIQ-10k IQA Database/512x384/499095228.jpg,0,1,0,0,0,1,0,0,1,0,0,0,1,0,1,1,0,0,1,0
KonIQ-10k IQA Database/512x384/4994678050.jpg,0,1,0,0,0,1,0,0,1,0,0,0,1,0,0,1,1,0,0,0
KonIQ-10k IQA Database/512x384/4995119944.jpg,0,0,0,1,0,0,1,0,1,0,0,1,0,0,0,0,0,0,1,0
KonIQ-10k IQA Database/512x384/4996107093.jpg,0,0,0,0,1,1,0,0,1,0,0,1,0,0,1,0,0,0,0,0
KonIQ-10k IQA Database/512x384/4996581735.jpg,0,0,0,0,1,0,1,0,1,0,0,1,0,0,0,0,0,0,0,1
KonIQ-10k IQA Database/512x384/4996914779.jpg,0,0,0,1,0,0,1,0,1,0,0,1,0,0,0,0,1,0,0,0
KonIQ-10k IQA Database/512x384/4999850616.jpg,0,0,1,0,0,0,1,0,0,0,1,0,1,0,0,0,1,0,0,0
KonIQ-10k IQA Database/512x384/5000264687.jpg,0,0,1,0,0,0,1,0,0,0,1,0,1,0,0,0,0,0,0,1
KonIQ-10k IQA Database/512x384/5000010668.jpg,0,0,1,0,0,1,0,0,0,1,0,1,0,0,0,0,0,0,0,1
KonIQ-10k IQA Database/512x384/4996783204.jpg,1,0,0,0,0,1,0,0,1,0,0,0,1,0,0,1,0,0,0,0
KonIQ-10k IQA Database/512x384/500101169.jpg,1,0,0,0,0,1,0,0,0,1,0,1,0,0,0,1,0,0,0,0
KonIQ-10k IQA Database/512x384/50012842.jpg,1,0,0,0,0,1,0,0,1,0,0,0,1,0,1,0,0,0,1,0
KonIQ-10k IQA Database/512x384/5001067426.jpg,0,0,0,0,1,0,1,0,1,0,0,1,0,0,0,0,0,0,0,1
KonIQ-10k IQA Database/512x384/5001626870.jpg,0,0,1,0,0,0,1,0,0,0,1,1,0,0,0,0,0,0,0,1
KonIQ-10k IQA Database/512x384/5003189524.jpg,0,0,0,0,1,0,1,0,1,0,0,1,0,0,0,0,0,0,0,1
KonIQ-10k IQA Database/512x384/5001719293.jpg,0,0,1,0,0,1,0,0,1,0,0,1,0,0,0,0,1,0,0,0
KonIQ-10k IQA Database/512x384/5005406987.jpg,0,0,0,0,1,0,1,0,0,1,0,1,0,0,0,0,1,0,0,0
KonIQ-10k IQA Database/512x384/5003482891.jpg,1,0,0,0,0,1,0,0,1,0,0,0,0,1,1,0,0,1,0,0
KonIQ-10k IQA Database/512x384/5004699048.jpg,1,0,0,0,0,1,0,0,1,0,0,1,0,0,0,1,0,0,0,0
KonIQ-10k IQA Database/512x384/5001866078.jpg,0,0,0,0,1,0,1,0,0,1,0,1,0,0,0,0,1,0,0,0
KonIQ-10k IQA Database/512x384/5005558786.jpg,0,0,0,0,1,0,1,0,0,1,0,1,0,0,0,0,0,0,0,1
KonIQ-10k IQA Database/512x384/5001805928.jpg,0,0,0,0,1,1,0,0,0,1,0,1,0,0,0,1,1,0,0,0
KonIQ-10k IQA Database/512x384/5007844069.jpg,1,0,0,0,0,1,0,0,0,1,0,1,0,0,0,1,0,0,0,0
KonIQ-10k IQA Database/512x384/5005908077.jpg,1,0,0,0,0,1,0,0,0,1,0,1,0,0,0,1,0,0,0,0
KonIQ-10k IQA Database/512x384/5008940426.jpg,0,1,0,0,0,1,0,0,0,1,0,1,0,0,0,1,0,0,0,0
KonIQ-10k IQA Database/512x384/500876950.jpg,0,0,0,0,1,0,0,0,0,1,0,1,0,0,0,0,0,0,0,1
KonIQ-10k IQA Database/512x384/5010052937.jpg,1,0,0,0,0,1,0,0,1,0,0,1,0,0,1,0,0,0,0,0
KonIQ-10k IQA Database/512x384/5013129486.jpg,0,0,1,0,0,0,1,0,1,0,0,1,0,0,0,0,0,0,1,0
KonIQ-10k IQA Database/512x384/5012894248.jpg,0,0,1,0,0,0,1,0,0,1,0,1,0,0,0,0,0,0,0,1
KonIQ-10k IQA Database/512x384/5013265495.jpg,0,0,0,0,1,0,1,0,0,1,0,0,1,0,0,1,1,0,0,0
KonIQ-10k IQA Database/512x384/5016016369.jpg,0,0,1,0,0,1,0,0,1,0,0,0,1,0,0,1,0,0,0,0
KonIQ-10k IQA Database/512x384/5014551340.jpg,1,0,0,0,0,1,0,0,0,1,0,0,1,0,0,0,0,1,0,0
KonIQ-10k IQA Database/512x384/5013613228.jpg,0,0,0,0,1,1,0,0,0,1,0,1,0,0,0,1,0,0,0,0
KonIQ-10k IQA Database/512x384/501669092.jpg,0,0,0,1,0,0,1,0,0,0,1,1,0,0,0,0,1,0,0,0
KonIQ-10k IQA Database/512x384/5016657118.jpg,0,0,0,0,1,0,0,0,0,0,1,0,0,1,0,0,0,0,0,1
KonIQ-10k IQA Database/512x384/5016823142.jpg,0,0,1,0,0,0,1,0,0,0,1,0,1,0,0,0,1,0,0,0
KonIQ-10k IQA Database/512x384/5014526130.jpg,1,0,0,0,0,1,0,0,0,1,0,0,1,0,1,1,0,0,0,0
KonIQ-10k IQA Database/512x384/5016420324.jpg,0,0,0,0,1,0,0,1,0,0,1,0,0,1,1,0,0,0,0,0
KonIQ-10k IQA Database/512x384/5017205636.jpg,0,0,0,0,1,0,1,0,0,1,0,1,0,0,0,1,1,0,0,0
KonIQ-10k IQA Database/512x384/5017267795.jpg,0,0,0,0,1,0,1,0,1,0,0,1,0,0,0,0,0,0,0,1
KonIQ-10k IQA Database/512x384/5017257541.jpg,0,1,0,0,0,1,0,0,1,0,0,1,0,0,0,0,0,0,0,1
KonIQ-10k IQA Database/512x384/5022600998.jpg,1,0,0,0,0,1,0,0,1,0,0,0,1,0,0,1,0,0,0,0
KonIQ-10k IQA Database/512x384/5017618497.jpg,0,0,1,0,0,0,1,0,0,1,0,0,0,1,0,0,0,0,0,1
KonIQ-10k IQA Database/512x384/5021524796.jpg,0,0,0,1,0,0,0,1,0,1,0,1,0,0,0,0,1,0,0,0
KonIQ-10k IQA Database/512x384/502182808.jpg,0,0,0,0,1,1,0,0,1,0,0,0,1,0,1,1,0,0,0,0
KonIQ-10k IQA Database/512x384/5018846919.jpg,0,1,0,0,0,0,1,0,0,0,1,0,1,0,0,0,1,0,0,0
KonIQ-10k IQA Database/512x384/5022993325.jpg,0,0,0,0,1,0,1,0,1,0,0,0,0,1,0,0,0,0,0,1
KonIQ-10k IQA Database/512x384/502416007.jpg,0,0,1,0,0,0,1,0,0,1,0,1,0,0,0,0,0,0,0,1
KonIQ-10k IQA Database/512x384/5023353600.jpg,0,0,1,0,0,0,1,0,0,0,1,0,1,0,0,0,0,0,0,1
KonIQ-10k IQA Database/512x384/5026427468.jpg,0,0,1,0,0,0,1,0,0,1,0,1,0,0,0,1,0,0,0,0
KonIQ-10k IQA Database/512x384/5025588176.jpg,0,0,1,0,0,0,1,0,0,1,0,0,0,1,0,0,1,0,0,0
KonIQ-10k IQA Database/512x384/5027281781.jpg,0,0,0,0,1,1,0,0,1,0,0,0,1,0,1,0,0,0,0,0
KonIQ-10k IQA Database/512x384/5027216651.jpg,0,0,0,0,1,1,0,0,1,0,0,0,1,0,1,0,0,0,0,0
KonIQ-10k IQA Database/512x384/5028374263.jpg,0,1,0,0,0,0,1,0,0,0,1,0,1,0,0,0,1,0,0,0
KonIQ-10k IQA Database/512x384/5027882580.jpg,0,0,0,0,1,0,1,0,1,0,0,1,0,0,0,0,0,0,0,1
KonIQ-10k IQA Database/512x384/5024762120.jpg,0,0,0,0,1,1,0,0,1,0,0,1,0,0,0,1,0,0,0,0
KonIQ-10k IQA Database/512x384/5028389463.jpg,0,0,1,0,0,0,1,0,0,0,1,0,1,0,0,0,0,0,1,0
KonIQ-10k IQA Database/512x384/5028571969.jpg,0,0,1,0,0,0,1,0,0,1,0,1,0,0,0,0,0,0,0,1
KonIQ-10k IQA Database/512x384/5032381168.jpg,1,0,0,0,0,1,0,0,1,0,0,1,0,0,0,1,0,0,0,0
KonIQ-10k IQA Database/512x384/503291895.jpg,0,0,1,0,0,0,1,0,0,1,0,1,0,0,0,0,0,0,0,1
KonIQ-10k IQA Database/512x384/5032946224.jpg,0,0,0,0,1,0,1,0,0,0,1,1,0,0,0,0,0,0,0,1
KonIQ-10k IQA Database/512x384/503496072.jpg,0,0,1,0,0,0,1,0,0,1,0,1,0,0,0,0,1,0,0,0
KonIQ-10k IQA Database/512x384/5035645781.jpg,0,0,0,0,1,1,0,0,0,1,0,0,1,0,0,0,0,0,1,0
KonIQ-10k IQA Database/512x384/5034975248.jpg,1,0,0,0,0,1,0,0,0,1,0,1,0,0,0,1,0,0,0,0
KonIQ-10k IQA Database/512x384/5036262446.jpg,0,0,0,0,1,1,0,0,1,0,0,0,1,0,1,0,0,0,0,0
KonIQ-10k IQA Database/512x384/5037000610.jpg,0,1,0,0,0,1,0,0,0,1,0,1,0,0,0,0,0,0,0,1
KonIQ-10k IQA Database/512x384/5036806312.jpg,0,0,0,0,1,0,1,0,0,0,1,1,0,0,0,0,0,0,0,1
KonIQ-10k IQA Database/512x384/5036248276.jpg,0,0,0,0,1,1,0,0,0,1,0,0,0,1,1,1,0,1,0,0
KonIQ-10k IQA Database/512x384/5037503230.jpg,0,0,0,0,1,1,0,0,0,1,0,0,1,0,0,0,1,0,0,0
KonIQ-10k IQA Database/512x384/5040119968.jpg,0,0,1,0,0,0,1,0,0,0,1,1,0,0,0,0,0,0,0,1
KonIQ-10k IQA Database/512x384/5038604558.jpg,0,0,0,0,1,0,1,0,1,0,0,1,0,0,0,0,0,0,0,1
KonIQ-10k IQA Database/512x384/5040602393.jpg,0,0,0,0,1,0,1,0,0,1,0,1,0,0,0,0,0,0,0,1
KonIQ-10k IQA Database/512x384/5038562159.jpg,0,0,0,0,1,0,1,0,1,0,0,1,0,0,0,0,0,0,0,1
KonIQ-10k IQA Database/512x384/5041593593.jpg,0,0,1,0,0,0,1,0,0,1,0,1,0,0,0,0,0,0,0,1
KonIQ-10k IQA Database/512x384/5044457387.jpg,0,0,1,0,0,0,1,0,0,1,0,0,0,1,0,0,1,0,0,0
KonIQ-10k IQA Database/512x384/5043851130.jpg,0,0,1,0,0,0,1,0,0,0,1,1,0,0,0,0,0,0,0,1
KonIQ-10k IQA Database/512x384/5040853192.jpg,0,0,0,1,0,0,1,0,0,0,1,1,0,0,0,0,1,0,0,0
KonIQ-10k IQA Database/512x384/5050399849.jpg,0,0,0,0,1,1,0,0,0,1,0,0,1,0,0,0,1,1,0,0
KonIQ-10k IQA Database/512x384/5047082376.jpg,1,0,0,0,0,1,0,0,1,0,0,0,0,1,1,1,0,0,1,0
KonIQ-10k IQA Database/512x384/5053500577.jpg,0,0,1,0,0,0,1,0,1,0,0,1,0,0,0,0,1,0,0,0
KonIQ-10k IQA Database/512x384/5055213857.jpg,1,0,0,0,0,0,1,0,0,0,1,0,0,1,0,0,0,1,0,0
KonIQ-10k IQA Database/512x384/5051600612.jpg,1,0,0,0,0,1,0,0,1,0,0,1,0,0,0,0,0,0,1,0
KonIQ-10k IQA Database/512x384/5058312922.jpg,0,0,1,0,0,0,1,0,0,0,1,1,0,0,0,0,0,0,0,1
KonIQ-10k IQA Database/512x384/5056056125.jpg,0,0,1,0,0,1,0,0,1,0,0,0,1,0,0,0,1,0,0,0
KonIQ-10k IQA Database/512x384/5056738651.jpg,0,0,1,0,0,0,0,1,0,1,0,0,1,0,0,0,1,0,0,0
KonIQ-10k IQA Database/512x384/5059626281.jpg,0,0,1,0,0,1,0,0,0,1,0,1,0,0,0,0,0,0,0,1
KonIQ-10k IQA Database/512x384/5058695994.jpg,0,0,0,1,0,1,0,0,1,0,0,1,0,0,0,0,0,0,0,1
KonIQ-10k IQA Database/512x384/5059274251.jpg,0,0,1,0,0,1,0,0,0,0,1,1,0,0,0,0,0,0,0,1
KonIQ-10k IQA Database/512x384/5060158839.jpg,1,0,0,0,0,1,0,0,0,1,0,1,0,0,0,1,0,0,0,0
KonIQ-10k IQA Database/512x384/505961534.jpg,0,0,1,0,0,0,1,0,0,1,0,1,0,0,0,0,1,0,0,0
KonIQ-10k IQA Database/512x384/5062026548.jpg,0,0,0,0,1,0,1,0,0,0,1,1,0,0,0,0,1,0,0,0
KonIQ-10k IQA Database/512x384/5060270217.jpg,1,0,0,0,0,1,0,0,1,0,0,0,0,1,0,1,0,0,0,0
KonIQ-10k IQA Database/512x384/5060000840.jpg,1,0,0,0,0,1,0,0,1,0,0,1,0,0,0,1,0,0,0,0
KonIQ-10k IQA Database/512x384/5062110567.jpg,0,0,1,0,0,0,1,0,0,0,1,0,1,0,0,0,1,0,0,0
KonIQ-10k IQA Database/512x384/5062330348.jpg,0,0,0,0,1,1,0,0,0,1,0,0,1,0,0,0,0,0,1,0
KonIQ-10k IQA Database/512x384/5064264405.jpg,0,0,0,0,1,1,0,0,0,1,0,1,0,0,1,0,0,0,0,0
KonIQ-10k IQA Database/512x384/5064165053.jpg,0,0,0,0,1,0,1,0,1,0,0,1,0,0,0,0,0,0,0,1
KonIQ-10k IQA Database/512x384/5063711541.jpg,1,0,0,0,0,1,0,0,0,1,0,1,0,0,0,0,0,0,0,1
KonIQ-10k IQA Database/512x384/5064176245.jpg,0,0,0,0,1,0,1,0,1,0,0,1,0,0,0,0,0,0,0,1
KonIQ-10k IQA Database/512x384/5064823395.jpg,0,0,1,0,0,0,1,0,0,1,0,0,1,0,0,0,0,0,0,1
KonIQ-10k IQA Database/512x384/5064515429.jpg,1,0,0,0,0,1,0,0,1,0,0,0,1,0,0,1,0,0,0,0
KonIQ-10k IQA Database/512x384/5064578225.jpg,0,0,1,0,0,0,1,0,1,0,0,1,0,0,0,0,0,0,0,1
KonIQ-10k IQA Database/512x384/5065280073.jpg,0,0,0,1,0,0,1,0,1,0,0,1,0,0,0,0,1,0,0,0
KonIQ-10k IQA Database/512x384/50652800731.jpg,0,0,0,1,0,0,1,0,1,0,0,1,0,0,0,0,1,0,0,0
KonIQ-10k IQA Database/512x384/5066476555.jpg,0,0,0,0,1,1,0,0,1,0,0,0,0,1,1,0,0,0,0,0
KonIQ-10k IQA Database/512x384/5064418031.jpg,0,0,0,0,1,0,0,0,0,0,1,1,0,0,0,0,1,1,0,0
KonIQ-10k IQA Database/512x384/5065354809.jpg,0,0,0,0,1,1,0,0,1,0,0,0,1,0,0,0,1,0,0,0
KonIQ-10k IQA Database/512x384/5067206886.jpg,0,0,0,0,1,0,1,0,0,0,1,1,0,0,0,0,0,0,0,1
KonIQ-10k IQA Database/512x384/5069309990.jpg,0,0,1,0,0,0,1,0,0,0,1,1,0,0,0,0,0,0,0,1
KonIQ-10k IQA Database/512x384/5068225832.jpg,0,0,1,0,0,0,1,0,0,1,0,1,0,0,0,0,0,0,0,1
KonIQ-10k IQA Database/512x384/5070455487.jpg,0,0,0,1,0,0,1,0,0,1,0,1,0,0,0,0,1,0,0,0
KonIQ-10k IQA Database/512x384/5071049710.jpg,0,0,0,1,0,0,0,0,0,1,0,1,0,0,0,0,0,0,0,1
KonIQ-10k IQA Database/512x384/5071912841.jpg,0,0,0,0,1,0,0,0,0,1,0,1,0,0,0,0,0,0,0,1
KonIQ-10k IQA Database/512x384/5073500906.jpg,0,1,0,0,0,1,0,0,1,0,0,1,0,0,1,0,0,0,0,0
KonIQ-10k IQA Database/512x384/5073919092.jpg,0,0,1,0,0,0,1,0,0,1,0,1,0,0,0,0,0,1,0,0
KonIQ-10k IQA Database/512x384/5073566975.jpg,0,0,0,0,1,1,0,0,1,0,0,0,0,1,1,0,0,0,0,0
KonIQ-10k IQA Database/512x384/5074508109.jpg,0,0,1,0,0,0,1,0,1,0,0,1,0,0,0,0,0,0,0,1
KonIQ-10k IQA Database/512x384/5077869968.jpg,0,0,1,0,0,0,1,0,0,1,0,1,0,0,0,0,0,0,0,1
KonIQ-10k IQA Database/512x384/507507455.jpg,1,0,0,0,0,1,0,0,0,1,0,0,1,0,0,1,0,0,0,0
KonIQ-10k IQA Database/512x384/5076506.jpg,1,0,0,0,0,1,0,0,1,0,0,0,1,0,0,0,0,0,1,0
KonIQ-10k IQA Database/512x384/5078692396.jpg,0,0,1,0,0,0,1,0,1,0,0,0,1,0,0,0,1,0,0,0
KonIQ-10k IQA Database/512x384/5075275205.jpg,1,0,0,0,0,1,0,0,1,0,0,0,1,0,0,1,1,0,0,0
KonIQ-10k IQA Database/512x384/5081374671.jpg,0,0,1,0,0,0,1,0,0,1,0,1,0,0,0,0,0,0,0,1
KonIQ-10k IQA Database/512x384/5079448176.jpg,0,0,0,0,1,1,0,0,1,0,0,0,0,1,1,0,0,0,0,0
KonIQ-10k IQA Database/512x384/5078922181.jpg,0,1,0,0,0,0,1,0,0,1,0,0,1,0,0,0,0,0,0,1
KonIQ-10k IQA Database/512x384/5081637571.jpg,0,0,1,0,0,0,1,0,0,0,1,1,0,0,0,0,0,0,0,1
KonIQ-10k IQA Database/512x384/5083127743.jpg,0,0,1,0,0,0,1,0,0,1,0,1,0,0,0,0,0,0,0,1
KonIQ-10k IQA Database/512x384/5082552221.jpg,0,1,0,0,0,1,0,0,0,1,0,1,0,0,0,0,1,0,0,0
KonIQ-10k IQA Database/512x384/5082407583.jpg,1,0,0,0,0,1,0,0,0,1,0,1,0,0,0,1,0,0,0,0
KonIQ-10k IQA Database/512x384/5083763203.jpg,0,0,1,0,0,0,1,0,0,0,1,1,0,0,0,0,0,0,0,1
KonIQ-10k IQA Database/512x384/5086754457.jpg,0,1,0,0,0,1,0,0,0,1,0,0,1,0,0,0,0,0,0,1
KonIQ-10k IQA Database/512x384/5091406011.jpg,0,0,1,0,0,0,1,0,1,0,0,1,0,0,0,0,0,0,0,1
KonIQ-10k IQA Database/512x384/5090803058.jpg,0,0,1,0,0,0,1,0,0,1,0,1,0,0,0,0,0,1,0,0
KonIQ-10k IQA Database/512x384/5090549164.jpg,0,0,0,0,1,0,1,0,1,0,0,1,0,0,0,0,0,0,0,1
KonIQ-10k IQA Database/512x384/5090550218.jpg,0,0,0,0,1,1,0,0,0,1,0,0,1,0,0,1,0,0,0,0
KonIQ-10k IQA Database/512x384/5090174589.jpg,0,0,1,0,0,0,1,0,0,0,1,1,0,0,0,0,0,1,0,0
KonIQ-10k IQA Database/512x384/5090001239.jpg,0,0,1,0,0,0,1,0,0,0,1,0,1,0,0,0,1,0,0,0
KonIQ-10k IQA Database/512x384/5092945872.jpg,0,0,1,0,0,0,1,0,0,1,0,1,0,0,0,0,0,0,0,1
KonIQ-10k IQA Database/512x384/5091924028.jpg,0,0,1,0,0,0,1,0,0,0,1,1,0,0,0,0,0,0,0,1
KonIQ-10k IQA Database/512x384/5094262203.jpg,1,0,0,0,0,1,0,0,0,1,0,0,1,0,0,0,0,0,0,1
KonIQ-10k IQA Database/512x384/5096803300.jpg,0,0,0,0,1,1,0,0,1,0,0,0,1,0,1,0,1,0,0,0
KonIQ-10k IQA Database/512x384/5094631896.jpg,0,0,1,0,0,1,0,0,0,1,0,1,0,0,0,0,0,0,0,1
KonIQ-10k IQA Database/512x384/5095300668.jpg,0,0,0,0,1,1,0,0,1,0,0,1,0,0,0,1,0,0,0,0
KonIQ-10k IQA Database/512x384/5095808820.jpg,0,0,0,0,1,0,0,0,0,0,1,1,0,0,0,0,1,1,0,0
KonIQ-10k IQA Database/512x384/5097561600.jpg,1,0,0,0,0,1,0,0,0,1,0,1,0,0,0,1,0,0,0,0
KonIQ-10k IQA Database/512x384/5097068931.jpg,1,0,0,0,0,1,0,0,1,0,0,0,1,0,0,1,0,0,0,0
KonIQ-10k IQA Database/512x384/5098218882.jpg,0,0,0,0,1,0,1,0,0,0,1,1,0,0,0,0,0,0,0,1
KonIQ-10k IQA Database/512x384/5097621606.jpg,0,1,0,0,0,1,0,0,0,1,0,1,0,0,0,0,0,0,0,1
KonIQ-10k IQA Database/512x384/5098219464.jpg,0,0,0,0,1,0,0,0,0,0,1,0,0,1,0,0,0,0,1,0
KonIQ-10k IQA Database/512x384/5099738809.jpg,0,0,1,0,0,0,1,0,0,1,0,1,0,0,0,0,0,0,0,1
KonIQ-10k IQA Database/512x384/5101081807.jpg,0,0,0,0,1,1,0,0,1,0,0,1,0,0,0,0,0,0,1,0
KonIQ-10k IQA Database/512x384/5101108569.jpg,0,0,1,0,0,0,1,0,0,0,1,1,0,0,0,0,1,0,0,0
KonIQ-10k IQA Database/512x384/5103528737.jpg,0,1,0,0,0,1,0,0,0,1,0,0,1,0,1,0,0,0,0,0
KonIQ-10k IQA Database/512x384/5104334034.jpg,0,0,1,0,0,0,1,0,1,0,0,0,1,0,0,0,1,0,0,0
KonIQ-10k IQA Database/512x384/5105331099.jpg,0,0,0,0,1,0,1,0,0,0,1,0,1,0,0,0,0,0,0,1
KonIQ-10k IQA Database/512x384/5106008666.jpg,0,0,0,0,1,1,0,0,1,0,0,1,0,0,0,0,0,0,1,0
KonIQ-10k IQA Database/512x384/510686957.jpg,0,0,0,0,1,1,0,0,1,0,0,0,0,1,1,0,0,0,0,0
KonIQ-10k IQA Database/512x384/5107763844.jpg,0,1,0,0,0,1,0,0,0,1,0,1,0,0,0,0,0,0,1,0
KonIQ-10k IQA Database/512x384/5114869072.jpg,1,0,0,0,0,1,0,0,1,0,0,1,0,0,0,1,0,0,0,0
KonIQ-10k IQA Database/512x384/5113314470.jpg,0,0,1,0,0,0,1,0,1,0,0,1,0,0,0,0,0,0,0,1
KonIQ-10k IQA Database/512x384/5116959473.jpg,0,0,1,0,0,0,1,0,1,0,0,1,0,0,0,0,0,0,0,1
KonIQ-10k IQA Database/512x384/5115371206.jpg,1,0,0,0,0,1,0,0,1,0,0,1,0,0,0,1,0,0,0,0
KonIQ-10k IQA Database/512x384/5118419705.jpg,0,0,0,0,1,0,0,0,0,0,1,0,0,1,0,0,0,0,0,1
KonIQ-10k IQA Database/512x384/5118376207.jpg,0,0,0,0,1,0,1,0,1,0,0,1,0,0,0,1,0,0,0,0
KonIQ-10k IQA Database/512x384/5107410477.jpg,0,1,0,0,0,1,0,0,0,1,0,0,1,0,0,0,0,0,0,1
KonIQ-10k IQA Database/512x384/5117589590.jpg,0,0,1,0,0,0,1,0,0,1,0,1,0,0,0,0,1,0,0,0
KonIQ-10k IQA Database/512x384/5115968572.jpg,0,1,0,0,0,0,1,0,0,0,1,0,1,0,0,0,0,0,0,1
KonIQ-10k IQA Database/512x384/5119374431.jpg,0,0,0,0,1,0,1,0,0,0,1,1,0,0,0,0,1,0,0,0
KonIQ-10k IQA Database/512x384/5119867805.jpg,0,0,1,0,0,0,1,0,0,0,1,0,1,0,0,0,1,0,0,0
KonIQ-10k IQA Database/512x384/5120849681.jpg,0,0,1,0,0,0,1,0,0,0,1,1,0,0,0,0,1,0,0,0
KonIQ-10k IQA Database/512x384/5121229620.jpg,0,0,0,0,1,0,0,0,0,1,0,1,0,0,0,0,0,0,0,1
KonIQ-10k IQA Database/512x384/5122027937.jpg,1,0,0,0,0,1,0,0,1,0,0,0,1,0,1,1,0,0,0,0
KonIQ-10k IQA Database/512x384/5124180488.jpg,0,0,0,1,0,0,1,0,1,0,0,1,0,0,0,0,1,0,0,0
KonIQ-10k IQA Database/512x384/5121622263.jpg,0,0,0,0,1,1,0,0,1,0,0,1,0,0,0,0,0,0,1,0
KonIQ-10k IQA Database/512x384/5122879673.jpg,1,0,0,0,0,1,0,0,0,0,1,0,0,1,0,0,0,1,0,0
KonIQ-10k IQA Database/512x384/5124446081.jpg,0,0,0,1,0,0,1,0,0,1,0,1,0,0,0,0,1,0,0,0
KonIQ-10k IQA Database/512x384/5125486524.jpg,0,0,0,0,1,0,1,0,0,0,1,1,0,0,0,0,1,0,0,0
KonIQ-10k IQA Database/512x384/5125398207.jpg,1,0,0,0,0,1,0,0,1,0,0,1,0,0,0,1,0,0,0,0
KonIQ-10k IQA Database/512x384/5128756378.jpg,0,0,1,0,0,0,1,0,1,0,0,1,0,0,0,0,1,0,0,0
KonIQ-10k IQA Database/512x384/5128108683.jpg,0,0,1,0,0,0,1,0,1,0,0,1,0,0,0,0,0,0,0,1
KonIQ-10k IQA Database/512x384/5129172.jpg,0,0,1,0,0,0,1,0,0,0,1,1,0,0,0,0,0,0,0,1
KonIQ-10k IQA Database/512x384/5129080312.jpg,0,0,0,0,1,0,1,0,0,0,1,1,0,0,0,0,0,0,0,1
KonIQ-10k IQA Database/512x384/5128049833.jpg,1,0,0,0,0,1,0,0,0,1,0,1,0,0,0,1,0,0,0,0
KonIQ-10k IQA Database/512x384/5129204001.jpg,0,0,0,0,1,1,0,0,1,0,0,0,0,1,1,0,0,0,1,0
KonIQ-10k IQA Database/512x384/512935629.jpg,0,0,0,1,0,0,1,0,0,0,1,1,0,0,0,0,1,0,0,0
KonIQ-10k IQA Database/512x384/5129872416.jpg,0,0,0,1,0,1,0,0,0,1,0,1,0,0,0,1,0,0,0,0
KonIQ-10k IQA Database/512x384/5130720224.jpg,0,0,0,1,0,1,0,0,1,0,0,1,0,0,0,1,0,0,0,0
KonIQ-10k IQA Database/512x384/5130906829.jpg,1,0,0,0,0,1,0,0,1,0,0,0,0,1,0,0,0,0,1,0
KonIQ-10k IQA Database/512x384/513128907.jpg,0,0,1,0,0,1,0,0,1,0,0,0,1,0,1,0,0,1,0,0
KonIQ-10k IQA Database/512x384/5132091056.jpg,0,0,0,0,1,0,1,0,0,0,1,1,0,0,0,0,0,0,0,1
KonIQ-10k IQA Database/512x384/5133576528.jpg,0,0,0,0,1,0,1,0,0,0,1,1,0,0,0,0,0,0,0,1
KonIQ-10k IQA Database/512x384/5134748445.jpg,0,0,0,0,1,1,0,0,1,0,0,0,1,0,1,0,0,0,0,0
KonIQ-10k IQA Database/512x384/5131861392.jpg,0,0,0,0,1,0,0,0,0,1,0,1,0,0,0,1,0,0,0,0
KonIQ-10k IQA Database/512x384/5135908583.jpg,0,1,0,0,0,0,1,0,0,0,1,1,0,0,1,0,0,0,0,0
KonIQ-10k IQA Database/512x384/5136366226.jpg,0,0,0,0,1,1,0,0,0,1,0,1,0,0,0,1,0,0,0,0
KonIQ-10k IQA Database/512x384/5135958105.jpg,0,0,0,0,1,0,0,0,0,0,1,1,0,0,0,0,0,0,0,1
KonIQ-10k IQA Database/512x384/513723164.jpg,0,0,0,0,1,1,0,0,1,0,0,1,0,0,1,0,0,0,1,0
KonIQ-10k IQA Database/512x384/5137508075.jpg,0,0,1,0,0,0,1,0,1,0,0,1,0,0,0,0,1,0,0,0
KonIQ-10k IQA Database/512x384/5137221601.jpg,0,0,1,0,0,0,1,0,0,1,0,1,0,0,0,0,1,0,0,0
KonIQ-10k IQA Database/512x384/5135451445.jpg,0,0,0,0,1,0,1,0,0,0,1,1,0,0,0,1,0,0,0,0
KonIQ-10k IQA Database/512x384/5137971670.jpg,0,0,0,0,1,0,1,0,0,0,1,1,0,0,0,0,0,0,0,1
KonIQ-10k IQA Database/512x384/5138080527.jpg,0,1,0,0,0,1,0,0,0,1,0,1,0,0,1,1,0,0,0,0
KonIQ-10k IQA Database/512x384/5140426630.jpg,0,0,1,0,0,0,1,0,0,0,1,1,0,0,0,0,0,0,0,1
KonIQ-10k IQA Database/512x384/5138115166.jpg,1,0,0,0,0,0,0,0,0,1,0,1,0,0,0,1,0,0,0,0
KonIQ-10k IQA Database/512x384/5140673192.jpg,0,0,1,0,0,0,1,0,0,1,0,1,0,0,0,0,0,0,0,1
KonIQ-10k IQA Database/512x384/5139553196.jpg,1,0,0,0,0,1,0,0,0,1,0,0,1,0,1,1,0,1,0,0
KonIQ-10k IQA Database/512x384/5138308179.jpg,0,0,0,0,1,0,1,0,0,0,1,1,0,0,0,0,0,0,0,1
KonIQ-10k IQA Database/512x384/5141696799.jpg,0,0,0,0,1,0,1,0,0,1,0,1,0,0,1,1,0,0,0,0
KonIQ-10k IQA Database/512x384/5142063764.jpg,0,0,0,0,1,0,1,0,1,0,0,1,0,0,0,0,0,0,0,1
KonIQ-10k IQA Database/512x384/5142391146.jpg,0,0,0,0,1,1,0,0,1,0,0,1,0,0,1,0,1,0,0,0
KonIQ-10k IQA Database/512x384/5144117619.jpg,0,0,1,0,0,0,1,0,0,0,1,1,0,0,0,0,0,0,0,1
KonIQ-10k IQA Database/512x384/51433626.jpg,0,0,0,0,1,0,1,0,0,0,1,1,0,0,0,0,0,0,0,1
KonIQ-10k IQA Database/512x384/5143740294.jpg,0,0,1,0,0,0,1,0,0,0,1,1,0,0,0,0,1,0,0,0
KonIQ-10k IQA Database/512x384/514498047.jpg,1,0,0,0,0,1,0,0,0,1,0,0,0,1,0,0,1,0,0,0
KonIQ-10k IQA Database/512x384/5144938786.jpg,0,0,0,0,1,1,0,0,1,0,0,0,1,0,1,1,0,0,0,0
KonIQ-10k IQA Database/512x384/5147986874.jpg,0,1,0,0,0,1,0,0,1,0,0,1,0,0,0,0,0,0,0,1
KonIQ-10k IQA Database/512x384/5146611755.jpg,0,0,1,0,0,0,1,0,0,1,0,1,0,0,0,0,0,0,0,1
KonIQ-10k IQA Database/512x384/5143292163.jpg,0,0,0,0,1,1,0,0,0,0,1,0,1,0,0,0,0,1,1,0
KonIQ-10k IQA Database/512x384/5149825714.jpg,0,0,0,0,1,0,1,0,1,0,0,1,0,0,0,0,0,0,1,0
KonIQ-10k IQA Database/512x384/5146023515.jpg,1,0,0,0,0,1,0,0,0,1,0,1,0,0,0,1,0,0,0,0
KonIQ-10k IQA Database/512x384/5150999709.jpg,0,0,1,0,0,0,1,0,0,0,1,1,0,0,0,0,1,0,0,0
KonIQ-10k IQA Database/512x384/5149778996.jpg,0,0,1,0,0,0,1,0,1,0,0,1,0,0,0,1,0,0,0,0
KonIQ-10k IQA Database/512x384/5150554440.jpg,0,0,1,0,0,0,1,0,0,0,1,1,0,0,0,0,0,0,0,1
KonIQ-10k IQA Database/512x384/5153889058.jpg,0,0,0,0,1,1,0,0,0,1,0,1,0,0,0,0,0,0,0,1
KonIQ-10k IQA Database/512x384/5155188582.jpg,0,0,0,0,1,0,1,0,0,0,1,1,0,0,0,1,0,0,0,0
KonIQ-10k IQA Database/512x384/5157059497.jpg,0,0,0,0,1,1,0,0,0,1,0,0,1,0,0,0,0,0,1,0
KonIQ-10k IQA Database/512x384/5158556376.jpg,1,0,0,0,0,0,1,0,0,0,1,1,0,0,0,1,0,0,0,0
KonIQ-10k IQA Database/512x384/5156974621.jpg,0,0,1,0,0,0,1,0,1,0,0,1,0,0,0,0,0,0,0,1
KonIQ-10k IQA Database/512x384/5158391010.jpg,0,0,0,0,1,1,0,0,1,0,0,1,0,0,0,0,0,0,0,1
KonIQ-10k IQA Database/512x384/5158846580.jpg,0,0,1,0,0,0,1,0,0,0,1,1,0,0,0,0,1,0,0,0
KonIQ-10k IQA Database/512x384/5158869275.jpg,0,0,1,0,0,1,0,0,0,0,1,1,0,0,0,0,0,0,0,1
KonIQ-10k IQA Database/512x384/5153880006.jpg,0,1,0,0,0,1,0,0,1,0,0,0,1,0,0,0,0,0,0,1
KonIQ-10k IQA Database/512x384/5164262533.jpg,0,0,1,0,0,0,1,0,0,1,0,0,1,0,0,0,0,0,0,1
KonIQ-10k IQA Database/512x384/5165838001.jpg,0,0,1,0,0,0,1,0,0,1,0,1,0,0,0,0,1,0,0,0
KonIQ-10k IQA Database/512x384/5162032167.jpg,0,0,1,0,0,0,1,0,0,1,0,1,0,0,0,0,0,0,0,1
KonIQ-10k IQA Database/512x384/5159845899.jpg,1,0,0,0,0,1,0,0,0,1,0,1,0,0,0,1,0,0,0,0
KonIQ-10k IQA Database/512x384/5166185394.jpg,0,0,1,0,0,0,1,0,0,1,0,1,0,0,0,0,0,0,0,1
KonIQ-10k IQA Database/512x384/5166352802.jpg,0,0,0,0,1,0,0,0,0,0,1,0,0,1,0,0,0,0,0,1
KonIQ-10k IQA Database/512x384/5166736586.jpg,0,0,0,0,1,0,1,0,1,0,0,1,0,0,0,0,0,0,0,1
KonIQ-10k IQA Database/512x384/5167059215.jpg,1,0,0,0,0,1,0,0,1,0,0,1,0,0,0,1,0,0,0,0
KonIQ-10k IQA Database/512x384/5168834860.jpg,0,0,0,0,1,0,1,0,1,0,0,1,0,0,0,0,0,0,0,1
KonIQ-10k IQA Database/512x384/5168340748.jpg,1,0,0,0,0,0,0,0,0,0,1,1,0,0,0,1,0,0,0,0
KonIQ-10k IQA Database/512x384/5170784567.jpg,0,0,1,0,0,0,1,0,0,1,0,1,0,0,0,0,0,0,0,1
KonIQ-10k IQA Database/512x384/5170785709.jpg,0,0,1,0,0,0,1,0,0,1,0,1,0,0,0,0,0,0,0,1
KonIQ-10k IQA Database/512x384/516784418.jpg,1,0,0,0,0,1,0,0,1,0,0,1,0,0,0,1,0,0,0,0
KonIQ-10k IQA Database/512x384/5170894682.jpg,0,0,1,0,0,0,1,0,0,1,0,1,0,0,0,0,0,0,0,1
KonIQ-10k IQA Database/512x384/5170858607.jpg,0,0,1,0,0,0,1,0,1,0,0,1,0,0,0,0,0,0,0,1
KonIQ-10k IQA Database/512x384/516771790.jpg,0,1,0,0,0,0,1,0,0,0,1,1,0,0,0,0,0,0,0,1
KonIQ-10k IQA Database/512x384/5172112194.jpg,0,0,1,0,0,0,1,0,0,0,1,1,0,0,0,0,0,0,0,1
KonIQ-10k IQA Database/512x384/5172023888.jpg,0,1,0,0,0,0,1,0,0,0,1,0,1,0,0,0,0,0,0,1
KonIQ-10k IQA Database/512x384/5172565267.jpg,0,0,1,0,0,0,1,0,0,0,1,1,0,0,0,0,0,0,0,1
KonIQ-10k IQA Database/512x384/5172812012.jpg,0,0,0,0,1,1,0,0,1,0,0,1,0,0,0,0,0,0,0,1
KonIQ-10k IQA Database/512x384/5173344304.jpg,0,0,1,0,0,0,1,0,0,1,0,1,0,0,0,0,1,0,0,0
KonIQ-10k IQA Database/512x384/517369320.jpg,1,0,0,0,0,1,0,0,0,1,0,1,0,0,0,1,0,0,0,0
KonIQ-10k IQA Database/512x384/5174701484.jpg,0,0,1,0,0,0,1,0,0,0,1,1,0,0,0,0,1,0,0,0
KonIQ-10k IQA Database/512x384/5174677992.jpg,0,0,1,0,0,0,1,0,0,0,1,1,0,0,0,0,1,0,0,0
KonIQ-10k IQA Database/512x384/5176288733.jpg,0,0,0,0,1,1,0,0,0,1,0,1,0,0,0,0,0,0,0,1
KonIQ-10k IQA Database/512x384/5175429795.jpg,0,1,0,0,0,1,0,0,1,0,0,1,0,0,1,0,0,0,1,0
KonIQ-10k IQA Database/512x384/5176681750.jpg,1,0,0,0,0,1,0,0,1,0,0,0,1,0,1,1,0,0,0,0
KonIQ-10k IQA Database/512x384/51767606291.jpg,0,0,0,0,1,0,1,0,0,0,1,1,0,0,0,0,1,0,0,0
KonIQ-10k IQA Database/512x384/5176760629.jpg,0,0,0,0,1,0,1,0,0,1,0,1,0,0,0,0,1,0,0,0
KonIQ-10k IQA Database/512x384/5177150402.jpg,1,0,0,0,0,0,1,0,0,0,1,0,1,0,0,1,0,0,0,0
KonIQ-10k IQA Database/512x384/517716589.jpg,0,0,1,0,0,0,1,0,1,0,0,1,0,0,0,1,0,0,0,0
KonIQ-10k IQA Database/512x384/5177662225.jpg,1,0,0,0,0,0,0,0,0,0,1,1,0,0,0,1,0,0,0,0
KonIQ-10k IQA Database/512x384/5180032640.jpg,0,0,0,1,0,0,0,0,1,0,0,1,0,0,0,0,1,0,0,0
KonIQ-10k IQA Database/512x384/5179986164.jpg,0,1,0,0,0,0,1,0,0,0,1,0,1,0,1,0,0,0,0,0
KonIQ-10k IQA Database/512x384/5177309012.jpg,0,0,0,0,1,0,0,0,1,0,0,1,0,0,0,0,0,0,0,1
KonIQ-10k IQA Database/512x384/5180679952.jpg,0,0,0,0,1,1,0,0,1,0,0,1,0,0,0,0,0,0,0,1
KonIQ-10k IQA Database/512x384/5182390374.jpg,0,0,0,1,0,0,1,0,1,0,0,1,0,0,0,0,1,0,0,0
KonIQ-10k IQA Database/512x384/518080817.jpg,0,0,0,1,0,0,1,0,0,1,0,1,0,0,0,0,0,0,0,1
KonIQ-10k IQA Database/512x384/5183223776.jpg,1,0,0,0,0,1,0,0,0,1,0,0,1,0,1,1,0,0,0,0
KonIQ-10k IQA Database/512x384/5184506144.jpg,0,0,0,0,1,0,0,0,1,0,0,1,0,0,0,0,0,0,0,1
KonIQ-10k IQA Database/512x384/5183838812.jpg,0,0,1,0,0,0,1,0,0,0,1,1,0,0,0,0,0,0,0,1
KonIQ-10k IQA Database/512x384/5184701000.jpg,0,0,1,0,0,0,1,0,0,0,1,1,0,0,0,0,0,0,0,1
KonIQ-10k IQA Database/512x384/5185255513.jpg,0,0,1,0,0,0,1,0,1,0,0,1,0,0,0,0,0,0,0,1
KonIQ-10k IQA Database/512x384/5186117445.jpg,0,1,0,0,0,0,1,0,0,0,1,1,0,0,0,1,0,0,0,0
KonIQ-10k IQA Database/512x384/5186392915.jpg,0,0,0,0,1,0,0,0,0,1,0,1,0,0,0,0,0,0,0,1
KonIQ-10k IQA Database/512x384/5187199880.jpg,0,0,1,0,0,0,1,0,0,1,0,1,0,0,0,0,0,0,0,1
KonIQ-10k IQA Database/512x384/5189289022.jpg,0,0,0,0,1,0,0,0,0,1,0,1,0,0,0,0,0,0,0,1
KonIQ-10k IQA Database/512x384/5188165911.jpg,0,0,0,0,1,1,0,0,1,0,0,0,1,0,1,1,0,0,0,0
KonIQ-10k IQA Database/512x384/5189469288.jpg,0,0,1,0,0,0,1,0,0,0,1,1,0,0,0,0,1,0,0,0
KonIQ-10k IQA Database/512x384/518876891.jpg,0,0,1,0,0,0,1,0,0,0,1,1,0,0,0,0,0,0,0,1
KonIQ-10k IQA Database/512x384/5189402195.jpg,0,0,1,0,0,0,1,0,0,0,1,1,0,0,0,0,0,0,0,1
KonIQ-10k IQA Database/512x384/5190438831.jpg,0,0,1,0,0,0,1,0,0,1,0,1,0,0,0,0,0,0,0,1
KonIQ-10k IQA Database/512x384/5190675640.jpg,1,0,0,0,0,1,0,0,0,1,0,1,0,0,0,1,0,0,0,0
KonIQ-10k IQA Database/512x384/5189916555.jpg,0,0,0,1,0,0,1,0,0,1,0,1,0,0,0,0,0,0,0,1
KonIQ-10k IQA Database/512x384/5191833722.jpg,0,1,0,0,0,0,1,0,0,0,1,0,0,1,0,0,0,0,0,1
KonIQ-10k IQA Database/512x384/5192516842.jpg,0,0,0,0,1,1,0,0,0,1,0,1,0,0,0,0,0,0,1,0
KonIQ-10k IQA Database/512x384/5192051586.jpg,1,0,0,0,0,1,0,0,0,1,0,0,1,0,0,0,0,1,0,0
KonIQ-10k IQA Database/512x384/5192151844.jpg,0,0,0,0,1,1,0,0,1,0,0,1,0,0,1,0,0,0,0,0
KonIQ-10k IQA Database/512x384/5193876375.jpg,0,0,0,0,1,1,0,0,0,0,1,0,1,0,0,0,1,1,0,0
KonIQ-10k IQA Database/512x384/5195745450.jpg,0,0,0,1,0,0,0,0,0,1,0,1,0,0,0,0,0,0,0,1
KonIQ-10k IQA Database/512x384/5195185160.jpg,0,0,1,0,0,0,1,0,0,1,0,1,0,0,0,1,0,0,1,0
KonIQ-10k IQA Database/512x384/5197308883.jpg,0,0,0,0,1,0,0,0,0,1,0,1,0,0,0,0,0,0,0,1
KonIQ-10k IQA Database/512x384/5197338148.jpg,0,1,0,0,0,1,0,0,0,1,0,1,0,0,0,0,0,0,0,1
KonIQ-10k IQA Database/512x384/5195283750.jpg,0,0,0,0,1,0,1,0,1,0,0,1,0,0,0,0,0,0,1,0
KonIQ-10k IQA Database/512x384/5193757906.jpg,1,0,0,0,0,1,0,0,1,0,0,1,0,0,0,1,0,0,0,0
KonIQ-10k IQA Database/512x384/5196364865.jpg,1,0,0,0,0,1,0,0,0,1,0,1,0,0,0,0,0,0,0,1
KonIQ-10k IQA Database/512x384/5197644731.jpg,0,0,0,0,1,1,0,0,0,1,0,0,1,0,1,0,0,0,1,0
KonIQ-10k IQA Database/512x384/5197869977.jpg,0,0,1,0,0,0,1,0,0,0,1,0,1,0,0,0,1,0,0,0
KonIQ-10k IQA Database/512x384/5198400630.jpg,0,0,1,0,0,0,1,0,0,1,0,1,0,0,0,1,0,0,0,0
KonIQ-10k IQA Database/512x384/5200236444.jpg,0,0,0,1,0,1,0,0,1,0,0,1,0,0,0,0,1,0,0,0
KonIQ-10k IQA Database/512x384/5200584536.jpg,0,0,1,0,0,0,1,0,0,1,0,1,0,0,0,0,1,0,0,0
KonIQ-10k IQA Database/512x384/5199036142.jpg,0,0,1,0,0,0,1,0,0,0,1,0,1,0,0,0,0,0,0,1
KonIQ-10k IQA Database/512x384/5202282320.jpg,1,0,0,0,0,1,0,0,0,1,0,1,0,0,0,1,0,0,0,0
KonIQ-10k IQA Database/512x384/5198260109.jpg,0,0,1,0,0,1,0,0,0,1,0,1,0,0,0,0,0,0,0,1
KonIQ-10k IQA Database/512x384/5204128955.jpg,0,0,1,0,0,0,1,0,0,1,0,1,0,0,0,0,0,0,0,1
KonIQ-10k IQA Database/512x384/5204782737.jpg,0,0,0,0,1,1,0,0,0,1,0,1,0,0,0,0,0,0,0,1
KonIQ-10k IQA Database/512x384/5204945276.jpg,1,0,0,0,0,1,0,0,0,1,0,0,0,1,1,1,0,0,1,0
KonIQ-10k IQA Database/512x384/5205048751.jpg,1,0,0,0,0,1,0,0,0,1,0,1,0,0,0,0,0,0,0,1
KonIQ-10k IQA Database/512x384/5205821036.jpg,0,0,1,0,0,0,1,0,0,0,1,1,0,0,0,0,0,0,0,1
KonIQ-10k IQA Database/512x384/5209102120.jpg,0,0,1,0,0,0,1,0,0,1,0,0,1,0,0,0,1,0,0,0
KonIQ-10k IQA Database/512x384/5206995557.jpg,0,0,0,0,1,1,0,0,1,0,0,1,0,0,0,0,0,0,0,1
KonIQ-10k IQA Database/512x384/5209744209.jpg,0,0,0,0,1,1,0,0,1,0,0,0,1,0,1,1,0,0,0,0
KonIQ-10k IQA Database/512x384/5209757780.jpg,0,0,0,0,1,0,1,0,1,0,0,1,0,0,0,0,0,0,0,1
KonIQ-10k IQA Database/512x384/5209944633.jpg,0,0,0,0,1,1,0,0,0,1,0,0,1,0,0,0,0,1,0,0
KonIQ-10k IQA Database/512x384/5209838.jpg,0,0,1,0,0,0,1,0,1,0,0,1,0,0,0,0,0,0,0,1
KonIQ-10k IQA Database/512x384/5212871853.jpg,0,0,1,0,0,0,1,0,0,0,1,1,0,0,0,0,0,0,0,1
KonIQ-10k IQA Database/512x384/5212354067.jpg,0,0,1,0,0,0,1,0,0,0,1,1,0,0,0,0,0,0,0,1
KonIQ-10k IQA Database/512x384/5212639990.jpg,0,1,0,0,0,0,1,0,0,0,1,0,1,0,0,0,0,0,0,1
KonIQ-10k IQA Database/512x384/5211888253.jpg,0,0,0,0,1,0,1,0,1,0,0,1,0,0,0,0,0,0,0,1
KonIQ-10k IQA Database/512x384/5213032846.jpg,0,0,1,0,0,0,1,0,0,0,1,1,0,0,0,0,1,0,0,0
KonIQ-10k IQA Database/512x384/5215794269.jpg,0,1,0,0,0,0,1,0,0,0,1,1,0,0,0,0,0,0,0,1
KonIQ-10k IQA Database/512x384/5215856083.jpg,0,0,0,0,1,1,0,0,0,1,0,0,0,1,0,1,0,0,1,0
KonIQ-10k IQA Database/512x384/5216419230.jpg,0,0,1,0,0,0,1,0,0,1,0,0,1,0,0,1,0,0,0,0
KonIQ-10k IQA Database/512x384/5217550500.jpg,0,0,0,0,1,0,1,0,0,0,1,1,0,0,0,0,0,0,0,1
KonIQ-10k IQA Database/512x384/5216894561.jpg,0,1,0,0,0,1,0,0,0,1,0,0,1,0,0,1,0,0,0,0
KonIQ-10k IQA Database/512x384/5216478650.jpg,0,0,1,0,0,0,0,1,0,1,0,1,0,0,0,0,0,0,0,1
KonIQ-10k IQA Database/512x384/5216870847.jpg,0,0,0,0,1,1,0,0,0,1,0,0,1,0,1,1,0,0,0,0
KonIQ-10k IQA Database/512x384/5217753146.jpg,0,1,0,0,0,1,0,0,1,0,0,0,1,0,0,1,0,0,0,0
KonIQ-10k IQA Database/512x384/5217952997.jpg,1,0,0,0,0,1,0,0,0,1,0,1,0,0,0,1,0,0,0,0
KonIQ-10k IQA Database/512x384/5219241121.jpg,0,0,0,0,1,1,0,0,1,0,0,1,0,0,1,1,0,0,0,0
KonIQ-10k IQA Database/512x384/5219276400.jpg,0,1,0,0,0,0,0,1,0,0,1,0,1,0,0,0,0,1,0,0
KonIQ-10k IQA Database/512x384/5219524859.jpg,0,0,1,0,0,0,1,0,0,0,1,1,0,0,0,0,0,0,0,1
KonIQ-10k IQA Database/512x384/5219577819.jpg,1,0,0,0,0,1,0,0,1,0,0,1,0,0,0,0,0,0,1,0
KonIQ-10k IQA Database/512x384/52196600.jpg,0,0,0,1,0,0,1,0,0,0,1,1,0,0,0,0,1,0,0,0
KonIQ-10k IQA Database/512x384/5221875216.jpg,0,0,1,0,0,0,1,0,0,1,0,1,0,0,0,0,0,1,0,0
KonIQ-10k IQA Database/512x384/5222301193.jpg,0,0,1,0,0,0,1,0,0,0,1,1,0,0,0,0,0,0,0,1
KonIQ-10k IQA Database/512x384/5222918882.jpg,0,0,1,0,0,0,1,0,0,1,0,1,0,0,0,0,1,0,0,0
KonIQ-10k IQA Database/512x384/5224316825.jpg,0,0,1,0,0,1,0,0,1,0,0,1,0,0,0,0,0,0,0,1
KonIQ-10k IQA Database/512x384/5223615087.jpg,1,0,0,0,0,1,0,0,1,0,0,0,1,0,0,0,1,0,1,0
KonIQ-10k IQA Database/512x384/5224064761.jpg,1,0,0,0,0,1,0,0,0,1,0,1,0,0,0,1,0,1,0,0
KonIQ-10k IQA Database/512x384/522689278.jpg,0,0,0,0,1,0,0,0,0,0,1,0,0,1,0,0,0,0,0,1
KonIQ-10k IQA Database/512x384/5224440098.jpg,0,0,1,0,0,0,1,0,0,0,1,1,0,0,0,0,0,0,0,1
KonIQ-10k IQA Database/512x384/5225674723.jpg,0,0,1,0,0,0,1,0,0,1,0,1,0,0,0,1,0,0,0,0
KonIQ-10k IQA Database/512x384/5226685642.jpg,0,0,1,0,0,0,1,0,0,1,0,1,0,0,0,0,0,0,0,1
KonIQ-10k IQA Database/512x384/5227449110.jpg,0,0,0,0,1,1,0,0,0,1,0,0,1,0,0,0,0,0,1,0
KonIQ-10k IQA Database/512x384/5227846365.jpg,0,0,1,0,0,0,1,0,0,1,0,1,0,0,0,0,0,0,0,1
KonIQ-10k IQA Database/512x384/5230623311.jpg,0,0,0,0,1,0,1,0,0,1,0,1,0,0,0,0,0,0,0,1
KonIQ-10k IQA Database/512x384/5229829828.jpg,0,0,1,0,0,0,1,0,0,0,1,1,0,0,0,0,0,0,0,1
KonIQ-10k IQA Database/512x384/5228772358.jpg,1,0,0,0,0,1,0,0,1,0,0,1,0,0,1,0,0,0,0,0
KonIQ-10k IQA Database/512x384/5231173987.jpg,0,0,1,0,0,0,1,0,0,0,1,1,0,0,0,0,1,0,0,0
KonIQ-10k IQA Database/512x384/5230942989.jpg,1,0,0,0,0,0,1,0,0,0,1,0,1,0,0,1,0,0,1,0
KonIQ-10k IQA Database/512x384/523099326.jpg,0,0,0,0,1,0,0,0,1,0,0,1,0,0,0,0,0,0,0,1
KonIQ-10k IQA Database/512x384/5231773522.jpg,0,0,0,0,1,0,1,0,0,0,1,0,1,0,0,0,0,0,0,1
KonIQ-10k IQA Database/512x384/523281293.jpg,1,0,0,0,0,1,0,0,1,0,0,0,1,0,1,0,1,1,0,0
KonIQ-10k IQA Database/512x384/5233144595.jpg,0,0,0,0,1,1,0,0,1,0,0,1,0,0,1,0,0,0,0,0
KonIQ-10k IQA Database/512x384/5235142622.jpg,0,0,1,0,0,0,1,0,0,1,0,0,1,0,0,0,1,0,0,0
KonIQ-10k IQA Database/512x384/5233564371.jpg,0,0,0,0,1,1,0,0,0,1,0,1,0,0,0,1,0,0,0,0
KonIQ-10k IQA Database/512x384/5235250770.jpg,0,1,0,0,0,1,0,0,1,0,0,1,0,0,0,0,1,0,0,0
KonIQ-10k IQA Database/512x384/5233563523.jpg,1,0,0,0,0,1,0,0,0,1,0,1,0,0,0,1,0,0,0,0
KonIQ-10k IQA Database/512x384/5233734612.jpg,0,0,0,0,1,0,1,0,0,0,1,0,1,0,0,0,0,0,0,1
KonIQ-10k IQA Database/512x384/5235352004.jpg,0,0,0,0,1,1,0,0,0,1,0,0,0,1,0,1,1,0,0,0
KonIQ-10k IQA Database/512x384/5236886996.jpg,0,0,0,0,1,1,0,0,0,1,0,0,1,0,0,1,0,0,0,0
KonIQ-10k IQA Database/512x384/5236193983.jpg,1,0,0,0,0,1,0,0,1,0,0,0,1,0,1,0,1,1,0,0
KonIQ-10k IQA Database/512x384/5238246589.jpg,0,0,0,0,1,1,0,0,0,1,0,1,0,0,0,0,0,0,1,0
KonIQ-10k IQA Database/512x384/5237114997.jpg,0,0,1,0,0,0,1,0,0,0,1,1,0,0,0,1,0,0,0,0
KonIQ-10k IQA Database/512x384/5240635967.jpg,1,0,0,0,0,1,0,0,0,1,0,1,0,0,0,1,0,0,0,0
KonIQ-10k IQA Database/512x384/5239610533.jpg,0,0,0,1,0,1,0,0,1,0,0,1,0,0,0,0,1,0,0,0
KonIQ-10k IQA Database/512x384/5240740919.jpg,1,0,0,0,0,1,0,0,0,1,0,1,0,0,0,1,0,0,0,0
KonIQ-10k IQA Database/512x384/5241841036.jpg,0,0,1,0,0,0,1,0,0,1,0,1,0,0,0,1,0,0,0,0
KonIQ-10k IQA Database/512x384/5243954323.jpg,0,1,0,0,0,1,0,0,1,0,0,0,0,1,1,0,0,0,1,0
KonIQ-10k IQA Database/512x384/524406040.jpg,0,0,1,0,0,0,1,0,0,0,1,1,0,0,0,0,1,0,0,0
KonIQ-10k IQA Database/512x384/5243003019.jpg,0,0,1,0,0,0,1,0,0,1,0,1,0,0,0,0,0,0,0,1
KonIQ-10k IQA Database/512x384/5248353672.jpg,0,0,1,0,0,0,1,0,0,0,1,1,0,0,0,0,0,0,0,1
KonIQ-10k IQA Database/512x384/5247748944.jpg,0,0,1,0,0,0,1,0,0,1,0,1,0,0,0,0,0,0,0,1
KonIQ-10k IQA Database/512x384/5248577035.jpg,1,0,0,0,0,1,0,0,0,1,0,1,0,0,1,0,0,0,0,0
KonIQ-10k IQA Database/512x384/5245617824.jpg,0,0,0,0,1,1,0,0,1,0,0,0,0,1,1,0,0,0,1,0
KonIQ-10k IQA Database/512x384/5248435224.jpg,0,0,1,0,0,0,1,0,0,1,0,1,0,0,0,0,0,0,0,1
KonIQ-10k IQA Database/512x384/5250131819.jpg,0,0,1,0,0,0,0,0,0,0,1,1,0,0,0,0,0,0,0,1
KonIQ-10k IQA Database/512x384/5249052587.jpg,0,0,0,1,0,0,1,0,0,1,0,1,0,0,0,0,0,0,0,1
KonIQ-10k IQA Database/512x384/5251074570.jpg,0,0,0,0,1,0,1,0,0,1,0,1,0,0,0,0,0,0,1,0
KonIQ-10k IQA Database/512x384/5250708423.jpg,0,0,1,0,0,0,1,0,0,0,1,1,0,0,0,0,0,0,0,1
KonIQ-10k IQA Database/512x384/525227728.jpg,1,0,0,0,0,1,0,0,0,1,0,1,0,0,0,1,0,0,0,0
KonIQ-10k IQA Database/512x384/5250684478.jpg,1,0,0,0,0,1,0,0,1,0,0,0,1,0,0,0,0,0,1,0
KonIQ-10k IQA Database/512x384/5252606224.jpg,0,0,0,0,1,1,0,0,0,1,0,0,1,0,0,1,0,0,0,0
KonIQ-10k IQA Database/512x384/5251948512.jpg,1,0,0,0,0,1,0,0,0,1,0,0,1,0,1,0,0,0,1,0
KonIQ-10k IQA Database/512x384/525327952.jpg,0,0,0,0,1,1,0,0,1,0,0,0,1,0,1,0,0,0,0,0
KonIQ-10k IQA Database/512x384/5253482286.jpg,0,0,1,0,0,0,1,0,0,0,1,1,0,0,0,0,0,0,0,1
KonIQ-10k IQA Database/512x384/5254718076.jpg,0,0,1,0,0,0,1,0,0,0,1,0,1,0,0,0,0,0,0,1
KonIQ-10k IQA Database/512x384/5254421603.jpg,0,0,0,0,1,1,0,0,0,1,0,1,0,0,1,1,0,0,0,0
KonIQ-10k IQA Database/512x384/5255413716.jpg,0,1,0,0,0,0,1,0,0,1,0,0,1,0,0,0,1,0,0,0
KonIQ-10k IQA Database/512x384/52568944.jpg,0,0,1,0,0,0,1,0,0,1,0,1,0,0,0,0,1,0,0,0
KonIQ-10k IQA Database/512x384/5257307362.jpg,0,0,1,0,0,0,1,0,0,1,0,1,0,0,0,0,0,0,0,1
KonIQ-10k IQA Database/512x384/5257060848.jpg,0,0,1,0,0,0,1,0,0,0,1,0,1,0,0,0,0,0,0,1
KonIQ-10k IQA Database/512x384/5257312652.jpg,0,1,0,0,0,1,0,0,1,0,0,1,0,0,1,0,0,0,0,0
KonIQ-10k IQA Database/512x384/526016794.jpg,0,0,0,0,1,0,0,0,0,1,0,1,0,0,0,0,1,0,0,0
KonIQ-10k IQA Database/512x384/5258646457.jpg,1,0,0,0,0,1,0,0,0,1,0,1,0,0,0,1,0,0,0,0
KonIQ-10k IQA Database/512x384/5258392332.jpg,0,0,0,0,1,1,0,0,0,1,0,0,1,0,1,1,0,0,0,0
KonIQ-10k IQA Database/512x384/526020496.jpg,0,1,0,0,0,1,0,0,0,1,0,0,1,0,0,0,0,0,1,0
KonIQ-10k IQA Database/512x384/5261084727.jpg,0,0,1,0,0,0,1,0,0,1,0,1,0,0,0,0,0,0,1,0
KonIQ-10k IQA Database/512x384/5260460290.jpg,1,0,0,0,0,1,0,0,1,0,0,0,1,0,0,0,0,0,0,1
KonIQ-10k IQA Database/512x384/5261188573.jpg,0,0,0,0,1,1,0,0,1,0,0,0,1,0,0,0,1,0,1,0
KonIQ-10k IQA Database/512x384/5261364718.jpg,0,0,0,0,1,0,1,0,0,0,1,0,1,0,0,0,1,0,0,0
KonIQ-10k IQA Database/512x384/526513693.jpg,0,0,0,0,1,1,0,0,1,0,0,1,0,0,0,0,0,0,0,1
KonIQ-10k IQA Database/512x384/5263912639.jpg,0,0,1,0,0,0,1,0,0,0,1,1,0,0,0,0,1,0,0,0
KonIQ-10k IQA Database/512x384/526555735.jpg,0,1,0,0,0,1,0,0,1,0,0,1,0,0,0,0,0,0,0,1
KonIQ-10k IQA Database/512x384/5266123407.jpg,0,0,0,0,1,0,1,0,1,0,0,1,0,0,0,0,0,0,0,1
KonIQ-10k IQA Database/512x384/5266542779.jpg,0,0,1,0,0,0,1,0,0,1,0,1,0,0,0,0,1,0,0,0
KonIQ-10k IQA Database/512x384/5267121563.jpg,0,1,0,0,0,1,0,0,0,1,0,1,0,0,0,0,0,0,0,1
KonIQ-10k IQA Database/512x384/526762082.jpg,1,0,0,0,0,1,0,0,1,0,0,0,1,0,0,1,0,0,0,0
KonIQ-10k IQA Database/512x384/5265556048.jpg,0,1,0,0,0,1,0,0,0,1,0,1,0,0,0,0,0,0,1,0
KonIQ-10k IQA Database/512x384/5269040313.jpg,0,0,0,0,1,0,1,0,0,0,1,1,0,0,0,0,0,0,0,1
KonIQ-10k IQA Database/512x384/5270171351.jpg,0,0,0,0,1,0,1,0,0,0,1,1,0,0,0,0,1,0,0,0
KonIQ-10k IQA Database/512x384/5269333343.jpg,0,0,0,0,1,1,0,0,0,1,0,0,1,0,1,1,0,1,0,0
KonIQ-10k IQA Database/512x384/5272496469.jpg,0,0,1,0,0,0,1,0,0,0,1,1,0,0,0,0,0,0,0,1
KonIQ-10k IQA Database/512x384/5274682163.jpg,0,0,1,0,0,0,1,0,0,0,1,1,0,0,0,0,0,0,0,1
KonIQ-10k IQA Database/512x384/5274473740.jpg,0,0,0,0,1,1,0,0,1,0,0,0,1,0,0,1,0,0,0,0
KonIQ-10k IQA Database/512x384/5270848965.jpg,0,1,0,0,0,1,0,0,0,1,0,0,0,1,0,0,0,0,1,0
KonIQ-10k IQA Database/512x384/5271307677.jpg,0,0,1,0,0,0,1,0,0,1,0,0,1,0,0,0,1,0,0,0
KonIQ-10k IQA Database/512x384/5275524338.jpg,0,0,0,1,0,1,0,0,1,0,0,0,1,0,0,0,1,0,1,0
KonIQ-10k IQA Database/512x384/5276579774.jpg,0,1,0,0,0,0,1,0,0,0,1,0,1,0,1,0,0,0,0,0
KonIQ-10k IQA Database/512x384/5276281329.jpg,0,0,0,0,1,1,0,0,1,0,0,0,1,0,1,0,0,0,1,0
KonIQ-10k IQA Database/512x384/527633229.jpg,1,0,0,0,0,1,0,0,0,1,0,1,0,0,0,1,0,0,0,0
KonIQ-10k IQA Database/512x384/5276700957.jpg,0,0,1,0,0,0,1,0,0,0,1,1,0,0,0,0,0,0,1,0
KonIQ-10k IQA Database/512x384/5277411499.jpg,0,0,1,0,0,0,1,0,0,1,0,1,0,0,0,0,1,0,0,0
KonIQ-10k IQA Database/512x384/5277615188.jpg,0,0,0,0,1,1,0,0,1,0,0,0,1,0,0,1,0,0,0,0
KonIQ-10k IQA Database/512x384/5277655082.jpg,1,0,0,0,0,1,0,0,0,1,0,0,0,1,0,0,0,0,1,0
KonIQ-10k IQA Database/512x384/5279252148.jpg,0,0,1,0,0,0,1,0,0,0,1,0,1,0,0,0,0,0,0,1
KonIQ-10k IQA Database/512x384/5279579302.jpg,0,0,0,0,1,0,1,0,0,0,1,0,1,0,1,0,0,0,0,0
KonIQ-10k IQA Database/512x384/5286800940.jpg,0,0,0,0,1,1,0,0,1,0,0,1,0,0,0,0,0,0,0,1
KonIQ-10k IQA Database/512x384/5288273177.jpg,0,0,1,0,0,0,0,1,0,1,0,1,0,0,0,0,0,0,1,0
KonIQ-10k IQA Database/512x384/5286251169.jpg,0,0,0,0,1,0,1,0,0,1,0,1,0,0,0,0,0,0,0,1
KonIQ-10k IQA Database/512x384/5288290650.jpg,1,0,0,0,0,1,0,0,1,0,0,0,1,0,1,0,0,0,0,0
KonIQ-10k IQA Database/512x384/5286481593.jpg,1,0,0,0,0,1,0,0,0,1,0,0,1,0,1,0,0,0,1,0
KonIQ-10k IQA Database/512x384/528858440.jpg,0,0,1,0,0,0,1,0,0,0,1,1,0,0,0,0,0,0,0,1
KonIQ-10k IQA Database/512x384/5286915372.jpg,1,0,0,0,0,1,0,0,0,1,0,0,1,0,0,0,0,0,1,0
KonIQ-10k IQA Database/512x384/5289133619.jpg,0,0,1,0,0,0,1,0,0,1,0,1,0,0,0,0,0,0,0,1
KonIQ-10k IQA Database/512x384/528938817.jpg,0,1,0,0,0,0,1,0,0,0,1,1,0,0,0,0,0,0,0,1
KonIQ-10k IQA Database/512x384/528982659.jpg,0,0,1,0,0,0,1,0,0,1,0,1,0,0,0,0,0,0,0,1
KonIQ-10k IQA Database/512x384/5289896585.jpg,0,1,0,0,0,1,0,0,0,1,0,1,0,0,0,0,1,0,0,0
KonIQ-10k IQA Database/512x384/5290105717.jpg,0,0,0,0,1,0,1,0,0,0,1,1,0,0,0,1,0,0,1,0
KonIQ-10k IQA Database/512x384/5292219744.jpg,0,0,0,0,1,0,0,0,0,0,1,0,1,0,0,0,0,1,0,0
KonIQ-10k IQA Database/512x384/5291504812.jpg,0,0,1,0,0,0,1,0,1,0,0,0,1,0,0,0,1,0,0,0
KonIQ-10k IQA Database/512x384/5292802931.jpg,0,1,0,0,0,0,1,0,0,0,1,0,1,0,0,0,0,0,0,1
KonIQ-10k IQA Database/512x384/5293214322.jpg,1,0,0,0,0,1,0,0,0,1,0,1,0,0,0,1,0,0,0,0
KonIQ-10k IQA Database/512x384/5290554591.jpg,1,0,0,0,0,1,0,0,1,0,0,0,0,1,0,1,0,0,1,0
KonIQ-10k IQA Database/512x384/5293957533.jpg,1,0,0,0,0,1,0,0,1,0,0,0,1,0,0,0,0,0,1,0
KonIQ-10k IQA Database/512x384/5294012475.jpg,0,0,1,0,0,0,1,0,0,1,0,1,0,0,0,0,0,0,0,1
KonIQ-10k IQA Database/512x384/5293191802.jpg,0,0,1,0,0,0,1,0,0,1,0,1,0,0,0,0,1,0,0,0
KonIQ-10k IQA Database/512x384/5296875210.jpg,0,0,0,0,1,1,0,0,0,1,0,1,0,0,0,0,0,0,0,1
KonIQ-10k IQA Database/512x384/5294769560.jpg,0,1,0,0,0,1,0,0,0,1,0,0,1,0,1,1,0,0,0,0
KonIQ-10k IQA Database/512x384/5297588508.jpg,0,0,1,0,0,0,1,0,0,0,1,1,0,0,0,0,0,0,0,1
KonIQ-10k IQA Database/512x384/5298734322.jpg,1,0,0,0,0,1,0,0,1,0,0,1,0,0,0,0,0,0,1,0
KonIQ-10k IQA Database/512x384/5298580335.jpg,0,0,1,0,0,0,1,0,0,0,1,1,0,0,0,0,0,0,0,1
KonIQ-10k IQA Database/512x384/5301312418.jpg,0,0,0,0,1,1,0,0,1,0,0,0,0,1,1,0,0,0,0,0
KonIQ-10k IQA Database/512x384/5298103951.jpg,1,0,0,0,0,1,0,0,0,1,0,0,1,0,0,0,0,0,1,0
KonIQ-10k IQA Database/512x384/5300926101.jpg,1,0,0,0,0,1,0,0,1,0,0,1,0,0,0,0,0,0,1,0
KonIQ-10k IQA Database/512x384/5300293470.jpg,0,0,1,0,0,0,1,0,0,1,0,1,0,0,0,0,0,0,1,0
KonIQ-10k IQA Database/512x384/5302119756.jpg,0,0,1,0,0,0,1,0,0,1,0,1,0,0,0,0,0,0,0,1
KonIQ-10k IQA Database/512x384/5304364574.jpg,0,1,0,0,0,0,0,1,0,1,0,1,0,0,0,0,0,0,0,1
KonIQ-10k IQA Database/512x384/5305142351.jpg,0,0,0,0,1,0,1,0,0,0,1,1,0,0,0,0,0,0,0,1
KonIQ-10k IQA Database/512x384/5306814937.jpg,0,0,0,0,1,1,0,0,1,0,0,1,0,0,0,1,0,0,0,0
KonIQ-10k IQA Database/512x384/5306558367.jpg,0,0,0,0,1,0,0,0,1,0,0,1,0,0,0,0,0,0,0,1
KonIQ-10k IQA Database/512x384/5306390584.jpg,0,0,1,0,0,0,1,0,0,1,0,1,0,0,0,0,0,0,0,1
KonIQ-10k IQA Database/512x384/5305438208.jpg,0,0,1,0,0,1,0,0,1,0,0,1,0,0,0,0,1,0,0,0
KonIQ-10k IQA Database/512x384/5306806108.jpg,0,1,0,0,0,1,0,0,1,0,0,1,0,0,0,0,0,0,1,0
KonIQ-10k IQA Database/512x384/53065971.jpg,0,0,1,0,0,0,1,0,0,1,0,1,0,0,0,0,0,1,0,0
KonIQ-10k IQA Database/512x384/5306909990.jpg,0,0,1,0,0,0,1,0,0,1,0,1,0,0,0,0,0,0,0,1
KonIQ-10k IQA Database/512x384/5308397567.jpg,0,1,0,0,0,1,0,0,0,1,0,0,1,0,0,1,0,0,0,0
KonIQ-10k IQA Database/512x384/5309326426.jpg,0,1,0,0,0,1,0,0,1,0,0,1,0,0,0,0,0,0,1,0
KonIQ-10k IQA Database/512x384/5309538408.jpg,0,0,1,0,0,0,1,0,1,0,0,1,0,0,0,0,1,0,1,0
KonIQ-10k IQA Database/512x384/5308844734.jpg,0,0,0,0,1,1,0,0,0,1,0,1,0,0,0,0,0,0,0,1
KonIQ-10k IQA Database/512x384/5309442831.jpg,1,0,0,0,0,1,0,0,0,1,0,1,0,0,0,1,0,1,0,0
KonIQ-10k IQA Database/512x384/5314923965.jpg,0,0,0,0,1,0,0,0,0,1,0,1,0,0,0,0,0,0,0,1
KonIQ-10k IQA Database/512x384/5310307882.jpg,0,0,1,0,0,0,1,0,0,0,1,1,0,0,0,0,0,0,0,1
KonIQ-10k IQA Database/512x384/5312388504.jpg,1,0,0,0,0,1,0,0,0,1,0,1,0,0,0,0,0,0,1,0
KonIQ-10k IQA Database/512x384/5311906994.jpg,0,0,1,0,0,0,1,0,0,1,0,1,0,0,0,0,0,0,0,1
KonIQ-10k IQA Database/512x384/531477784.jpg,0,1,0,0,0,0,1,0,0,0,1,1,0,0,0,0,0,0,0,1
KonIQ-10k IQA Database/512x384/5314378959.jpg,0,0,1,0,0,0,1,0,0,0,1,1,0,0,0,0,0,0,0,1
KonIQ-10k IQA Database/512x384/5310130081.jpg,0,0,1,0,0,1,0,0,1,0,0,1,0,0,0,1,0,0,0,0
KonIQ-10k IQA Database/512x384/5314968272.jpg,1,0,0,0,0,1,0,0,1,0,0,0,1,0,1,0,0,0,1,0
KonIQ-10k IQA Database/512x384/5315386438.jpg,0,0,0,1,0,1,0,0,1,0,0,1,0,0,0,0,0,0,0,1
KonIQ-10k IQA Database/512x384/5317045814.jpg,1,0,0,0,0,1,0,0,0,1,0,1,0,0,0,1,0,0,0,0
KonIQ-10k IQA Database/512x384/5318008559.jpg,0,0,0,0,1,0,1,0,1,0,0,1,0,0,0,0,0,0,0,1
KonIQ-10k IQA Database/512x384/5316693478.jpg,1,0,0,0,0,1,0,0,0,1,0,0,1,0,0,1,0,0,0,0
KonIQ-10k IQA Database/512x384/5318520232.jpg,0,0,0,0,1,1,0,0,1,0,0,1,0,0,0,1,0,0,0,0
KonIQ-10k IQA Database/512x384/5318152871.jpg,0,0,1,0,0,0,1,0,0,1,0,1,0,0,0,0,0,0,0,1
KonIQ-10k IQA Database/512x384/5320165275.jpg,0,0,1,0,0,0,1,0,0,1,0,0,1,0,0,0,0,0,0,1
KonIQ-10k IQA Database/512x384/531889120.jpg,0,0,1,0,0,0,1,0,0,1,0,1,0,0,0,0,0,0,0,1
KonIQ-10k IQA Database/512x384/5320512069.jpg,0,0,0,0,1,0,1,0,0,0,1,1,0,0,0,0,0,0,0,1
KonIQ-10k IQA Database/512x384/5320573901.jpg,1,0,0,0,0,0,1,0,0,0,1,1,0,0,0,0,0,0,1,0
KonIQ-10k IQA Database/512x384/5321706893.jpg,1,0,0,0,0,1,0,0,0,1,0,1,0,0,0,0,0,1,0,0
KonIQ-10k IQA Database/512x384/5323028515.jpg,0,0,1,0,0,0,1,0,0,0,1,1,0,0,0,0,0,0,0,1
KonIQ-10k IQA Database/512x384/5323106663.jpg,0,1,0,0,0,0,1,0,0,0,1,1,0,0,0,0,0,0,0,1
KonIQ-10k IQA Database/512x384/5324909950.jpg,0,0,1,0,0,0,1,0,0,1,0,1,0,0,0,0,0,0,0,1
KonIQ-10k IQA Database/512x384/5323234112.jpg,0,0,1,0,0,0,1,0,0,0,1,1,0,0,0,0,1,0,0,0
KonIQ-10k IQA Database/512x384/5325140020.jpg,0,0,0,0,1,0,1,0,0,1,0,0,0,1,0,0,0,0,0,1
KonIQ-10k IQA Database/512x384/5326008096.jpg,0,0,0,0,1,1,0,0,0,1,0,1,0,0,0,0,0,0,0,1
KonIQ-10k IQA Database/512x384/5327737580.jpg,0,0,1,0,0,0,1,0,0,1,0,1,0,0,0,0,0,0,0,1
KonIQ-10k IQA Database/512x384/5328075993.jpg,1,0,0,0,0,1,0,0,0,1,0,0,1,0,0,0,1,0,1,0
KonIQ-10k IQA Database/512x384/5328147958.jpg,0,1,0,0,0,0,1,0,0,0,1,1,0,0,0,1,0,0,0,0
KonIQ-10k IQA Database/512x384/5325398566.jpg,0,0,0,0,1,1,0,0,1,0,0,0,1,0,1,0,0,0,1,0
KonIQ-10k IQA Database/512x384/5328853523.jpg,1,0,0,0,0,1,0,0,1,0,0,0,0,1,0,1,0,0,0,0
KonIQ-10k IQA Database/512x384/5333075930.jpg,1,0,0,0,0,1,0,0,1,0,0,0,1,0,0,1,0,0,0,0
KonIQ-10k IQA Database/512x384/5329734345.jpg,0,0,1,0,0,0,1,0,0,1,0,1,0,0,0,0,0,0,0,1
KonIQ-10k IQA Database/512x384/5329486988.jpg,1,0,0,0,0,1,0,0,1,0,0,0,0,1,1,0,0,0,1,0
KonIQ-10k IQA Database/512x384/5334294455.jpg,0,0,1,0,0,0,1,0,0,1,0,1,0,0,0,0,0,0,0,1
KonIQ-10k IQA Database/512x384/5333965568.jpg,1,0,0,0,0,1,0,0,1,0,0,0,1,0,0,0,1,0,0,0
KonIQ-10k IQA Database/512x384/5335866018.jpg,1,0,0,0,0,1,0,0,0,1,0,1,0,0,0,1,0,0,0,0
KonIQ-10k IQA Database/512x384/5337216786.jpg,0,1,0,0,0,1,0,0,0,1,0,0,1,0,0,0,0,0,1,0
KonIQ-10k IQA Database/512x384/5337507620.jpg,0,0,1,0,0,0,1,0,0,1,0,1,0,0,0,0,0,0,0,1
KonIQ-10k IQA Database/512x384/5338193826.jpg,0,0,1,0,0,0,1,0,0,1,0,1,0,0,0,1,0,0,0,0
KonIQ-10k IQA Database/512x384/5341341783.jpg,0,0,0,0,1,1,0,0,0,1,0,1,0,0,0,1,0,0,0,0
KonIQ-10k IQA Database/512x384/5339188116.jpg,0,0,1,0,0,0,1,0,1,0,0,1,0,0,0,0,0,0,0,1
KonIQ-10k IQA Database/512x384/5341393819.jpg,0,0,0,0,1,1,0,0,0,1,0,1,0,0,0,1,0,0,0,0
KonIQ-10k IQA Database/512x384/5342791481.jpg,1,0,0,0,0,1,0,0,0,1,0,1,0,0,0,0,0,1,0,0
KonIQ-10k IQA Database/512x384/5346690387.jpg,0,0,1,0,0,0,1,0,1,0,0,1,0,0,0,0,1,0,0,0
KonIQ-10k IQA Database/512x384/5344616817.jpg,0,0,1,0,0,0,0,1,1,0,0,0,1,0,0,0,1,0,0,0
KonIQ-10k IQA Database/512x384/5343739846.jpg,1,0,0,0,0,0,1,0,0,0,1,0,0,1,1,0,0,0,0,0
KonIQ-10k IQA Database/512x384/5347293716.jpg,0,0,1,0,0,0,1,0,0,1,0,1,0,0,0,0,1,0,0,0
KonIQ-10k IQA Database/512x384/5342778275.jpg,0,0,1,0,0,0,1,0,1,0,0,0,1,0,0,0,1,0,0,0
KonIQ-10k IQA Database/512x384/5347056182.jpg,1,0,0,0,0,1,0,0,0,1,0,0,0,1,0,1,0,0,0,0
KonIQ-10k IQA Database/512x384/5348237812.jpg,0,1,0,0,0,0,1,0,0,0,1,1,0,0,0,0,0,0,1,0
KonIQ-10k IQA Database/512x384/5352670374.jpg,0,0,1,0,0,1,0,0,1,0,0,1,0,0,0,0,0,0,0,1
KonIQ-10k IQA Database/512x384/5350540236.jpg,1,0,0,0,0,1,0,0,1,0,0,1,0,0,0,1,0,0,1,0
KonIQ-10k IQA Database/512x384/5352866440.jpg,0,0,0,0,1,1,0,0,1,0,0,0,1,0,1,0,0,0,1,0
KonIQ-10k IQA Database/512x384/5353881693.jpg,0,0,0,0,1,0,1,0,0,0,1,1,0,0,0,0,0,0,0,1
KonIQ-10k IQA Database/512x384/5353332977.jpg,0,0,0,0,1,0,0,0,0,1,0,1,0,0,0,0,0,1,0,0
KonIQ-10k IQA Database/512x384/5354068609.jpg,0,1,0,0,0,0,1,0,1,0,0,1,0,0,0,0,0,0,0,1
KonIQ-10k IQA Database/512x384/5349969174.jpg,0,0,0,1,0,0,1,0,0,0,1,1,0,0,0,0,1,0,0,0
KonIQ-10k IQA Database/512x384/535434144.jpg,0,0,1,0,0,0,0,1,1,0,0,0,0,1,0,1,0,0,0,0
KonIQ-10k IQA Database/512x384/5354173860.jpg,0,0,1,0,0,0,1,0,1,0,0,0,1,0,0,0,0,0,0,1
KonIQ-10k IQA Database/512x384/5354698.jpg,1,0,0,0,0,1,0,0,1,0,0,1,0,0,0,0,0,0,1,0
KonIQ-10k IQA Database/512x384/5358352176.jpg,1,0,0,0,0,1,0,0,1,0,0,1,0,0,0,0,0,0,1,0
KonIQ-10k IQA Database/512x384/5354741393.jpg,0,0,0,0,1,1,0,0,0,1,0,0,1,0,0,0,1,0,1,0
KonIQ-10k IQA Database/512x384/5358640896.jpg,1,0,0,0,0,1,0,0,1,0,0,1,0,0,0,0,0,0,0,1
KonIQ-10k IQA Database/512x384/5359127660.jpg,0,0,1,0,0,0,1,0,0,1,0,1,0,0,0,0,0,0,0,1
KonIQ-10k IQA Database/512x384/535787632.jpg,0,0,0,1,0,0,1,0,0,0,1,1,0,0,0,0,1,0,0,0
KonIQ-10k IQA Database/512x384/5359786621.jpg,0,0,0,0,1,0,1,0,0,0,1,1,0,0,0,0,0,0,0,1
KonIQ-10k IQA Database/512x384/5360175600.jpg,1,0,0,0,0,1,0,0,0,1,0,1,0,0,0,1,0,0,0,0
KonIQ-10k IQA Database/512x384/5360940013.jpg,0,0,1,0,0,0,1,0,0,1,0,1,0,0,0,0,1,0,0,0
KonIQ-10k IQA Database/512x384/5359274053.jpg,0,0,1,0,0,0,1,0,0,1,0,1,0,0,0,0,1,0,0,0
KonIQ-10k IQA Database/512x384/5361947887.jpg,0,0,1,0,0,0,1,0,0,1,0,0,1,0,0,0,1,0,0,0
KonIQ-10k IQA Database/512x384/5362140571.jpg,0,0,1,0,0,0,1,0,0,0,1,1,0,0,0,0,1,0,0,0
KonIQ-10k IQA Database/512x384/5362664790.jpg,0,0,0,0,1,1,0,0,1,0,0,0,0,1,1,0,0,0,0,0
KonIQ-10k IQA Database/512x384/5363058682.jpg,0,0,1,0,0,0,1,0,0,0,1,0,1,0,0,0,1,0,0,0
KonIQ-10k IQA Database/512x384/5363150332.jpg,0,0,0,0,1,0,1,0,1,0,0,1,0,0,0,0,0,0,0,1
KonIQ-10k IQA Database/512x384/5362095529.jpg,0,0,1,0,0,0,1,0,1,0,0,0,1,0,0,0,1,0,0,0
KonIQ-10k IQA Database/512x384/5363486044.jpg,0,0,0,0,1,1,0,0,0,1,0,0,1,0,1,0,0,0,0,0
KonIQ-10k IQA Database/512x384/5363442288.jpg,0,0,1,0,0,0,1,0,0,1,0,1,0,0,0,0,0,0,0,1
KonIQ-10k IQA Database/512x384/5364140480.jpg,0,0,1,0,0,0,1,0,0,0,1,1,0,0,0,0,0,0,0,1
KonIQ-10k IQA Database/512x384/5369434001.jpg,0,0,1,0,0,0,1,0,0,1,0,1,0,0,0,0,0,0,0,1
KonIQ-10k IQA Database/512x384/5364427287.jpg,0,0,1,0,0,0,1,0,1,0,0,1,0,0,0,0,0,0,0,1
KonIQ-10k IQA Database/512x384/5370538873.jpg,0,1,0,0,0,0,1,0,0,0,1,0,0,1,0,0,0,0,0,1
KonIQ-10k IQA Database/512x384/5370637046.jpg,0,0,1,0,0,0,1,0,0,1,0,0,1,0,0,0,1,0,0,0
KonIQ-10k IQA Database/512x384/5365082886.jpg,1,0,0,0,0,1,0,0,0,1,0,1,0,0,1,0,0,0,0,0
KonIQ-10k IQA Database/512x384/5365003071.jpg,0,0,1,0,0,0,1,0,0,1,0,1,0,0,0,0,0,0,0,1
KonIQ-10k IQA Database/512x384/5370690667.jpg,0,0,0,0,1,1,0,0,0,1,0,1,0,0,0,0,0,0,0,1
KonIQ-10k IQA Database/512x384/537074410.jpg,0,0,0,0,1,0,0,0,0,1,0,1,0,0,0,0,1,0,0,0
KonIQ-10k IQA Database/512x384/5371908851.jpg,0,0,1,0,0,1,0,0,1,0,0,1,0,0,1,0,0,0,0,0
KonIQ-10k IQA Database/512x384/5375536055.jpg,0,0,1,0,0,0,1,0,0,1,0,1,0,0,0,0,0,0,0,1
KonIQ-10k IQA Database/512x384/537232636.jpg,0,0,1,0,0,0,1,0,0,0,1,0,1,0,0,0,1,0,0,0
KonIQ-10k IQA Database/512x384/5367389511.jpg,0,0,0,1,0,0,0,0,1,0,0,1,0,0,0,0,1,0,0,0
KonIQ-10k IQA Database/512x384/5376223041.jpg,0,0,0,1,0,1,0,0,0,1,0,1,0,0,0,0,0,0,0,1
KonIQ-10k IQA Database/512x384/5376228237.jpg,0,1,0,0,0,1,0,0,0,1,0,1,0,0,0,0,0,0,1,0
KonIQ-10k IQA Database/512x384/5377492041.jpg,1,0,0,0,0,1,0,0,1,0,0,0,0,1,1,0,0,1,1,0
KonIQ-10k IQA Database/512x384/5378725814.jpg,0,1,0,0,0,1,0,0,1,0,0,0,1,0,1,0,0,0,0,0
KonIQ-10k IQA Database/512x384/5378235552.jpg,1,0,0,0,0,1,0,0,0,1,0,0,0,1,1,0,0,0,0,0
KonIQ-10k IQA Database/512x384/5378902324.jpg,0,0,1,0,0,1,0,0,0,1,0,1,0,0,0,0,0,0,1,0
KonIQ-10k IQA Database/512x384/5379331695.jpg,1,0,0,0,0,0,0,0,0,0,1,1,0,0,0,0,0,1,0,0
KonIQ-10k IQA Database/512x384/5382638405.jpg,1,0,0,0,0,1,0,0,1,0,0,0,0,1,0,1,0,0,0,0
KonIQ-10k IQA Database/512x384/5380064296.jpg,0,0,1,0,0,0,1,0,0,1,0,1,0,0,0,0,1,0,0,0
KonIQ-10k IQA Database/512x384/5382913872.jpg,0,0,1,0,0,0,1,0,0,0,1,1,0,0,0,0,1,0,0,0
KonIQ-10k IQA Database/512x384/5384624254.jpg,0,0,0,0,1,1,0,0,0,1,0,0,0,1,1,0,0,0,1,0
KonIQ-10k IQA Database/512x384/5384977865.jpg,1,0,0,0,0,1,0,0,0,1,0,0,0,1,1,0,0,0,0,0
KonIQ-10k IQA Database/512x384/5385663967.jpg,0,1,0,0,0,1,0,0,1,0,0,0,1,0,0,1,0,0,0,0
KonIQ-10k IQA Database/512x384/5391319632.jpg,1,0,0,0,0,1,0,0,1,0,0,1,0,0,0,0,0,0,1,0
KonIQ-10k IQA Database/512x384/5393136028.jpg,0,0,0,0,1,0,0,0,0,1,0,1,0,0,0,0,0,0,0,1
KonIQ-10k IQA Database/512x384/5386032677.jpg,0,0,1,0,0,0,1,0,0,0,1,1,0,0,0,0,0,0,0,1
KonIQ-10k IQA Database/512x384/5387093344.jpg,0,0,0,0,1,1,0,0,1,0,0,0,1,0,1,1,0,0,0,0
KonIQ-10k IQA Database/512x384/5394502414.jpg,1,0,0,0,0,1,0,0,1,0,0,1,0,0,0,0,0,0,1,0
KonIQ-10k IQA Database/512x384/539361542.jpg,1,0,0,0,0,1,0,0,1,0,0,0,1,0,1,1,0,0,0,0
KonIQ-10k IQA Database/512x384/5394508968.jpg,1,0,0,0,0,1,0,0,0,1,0,1,0,0,1,0,0,0,0,0
KonIQ-10k IQA Database/512x384/5394548782.jpg,0,0,1,0,0,0,1,0,0,1,0,1,0,0,0,0,0,0,0,1
KonIQ-10k IQA Database/512x384/5385761239.jpg,0,0,1,0,0,0,1,0,0,1,0,0,0,1,0,0,1,0,0,0
KonIQ-10k IQA Database/512x384/539524376.jpg,0,0,1,0,0,0,1,0,0,1,0,0,1,0,0,0,0,0,1,0
KonIQ-10k IQA Database/512x384/5395880951.jpg,1,0,0,0,0,1,0,0,0,1,0,0,0,1,0,1,0,0,0,0
KonIQ-10k IQA Database/512x384/5396644364.jpg,0,1,0,0,0,1,0,0,0,1,0,0,1,0,0,0,0,0,1,0
KonIQ-10k IQA Database/512x384/5395790450.jpg,1,0,0,0,0,1,0,0,0,0,1,0,1,0,1,1,0,0,0,0
KonIQ-10k IQA Database/512x384/5398199748.jpg,0,0,1,0,0,0,1,0,0,1,0,1,0,0,0,0,1,0,0,0
KonIQ-10k IQA Database/512x384/53981997489.jpg,0,0,1,0,0,0,1,0,0,0,1,1,0,0,0,0,1,0,0,0
KonIQ-10k IQA Database/512x384/539615478.jpg,0,0,0,1,0,1,0,0,1,0,0,1,0,0,0,0,1,0,0,0
KonIQ-10k IQA Database/512x384/5398457925.jpg,0,0,1,0,0,0,1,0,0,0,1,1,0,0,0,0,0,0,0,1
KonIQ-10k IQA Database/512x384/5397802120.jpg,1,0,0,0,0,1,0,0,1,0,0,1,0,0,1,0,0,0,0,0
KonIQ-10k IQA Database/512x384/5398576953.jpg,1,0,0,0,0,1,0,0,1,0,0,0,1,0,1,0,0,0,1,0
KonIQ-10k IQA Database/512x384/5399180378.jpg,1,0,0,0,0,1,0,0,0,1,0,1,0,0,0,0,0,0,0,1
KonIQ-10k IQA Database/512x384/5398610144.jpg,0,0,1,0,0,0,1,0,0,0,1,1,0,0,0,0,0,0,0,1
KonIQ-10k IQA Database/512x384/5399186343.jpg,1,0,0,0,0,1,0,0,0,1,0,0,0,1,0,0,0,1,1,0
KonIQ-10k IQA Database/512x384/5399327452.jpg,1,0,0,0,0,1,0,0,0,1,0,0,0,1,0,0,0,0,1,0
KonIQ-10k IQA Database/512x384/5399475116.jpg,0,0,0,0,1,1,0,0,1,0,0,0,0,1,1,0,0,0,0,0
KonIQ-10k IQA Database/512x384/5401046644.jpg,0,0,1,0,0,1,0,0,0,1,0,1,0,0,0,0,0,0,1,0
KonIQ-10k IQA Database/512x384/5400709579.jpg,0,0,0,0,1,1,0,0,0,1,0,0,1,0,0,0,0,0,1,0
KonIQ-10k IQA Database/512x384/540261908.jpg,0,0,0,0,1,1,0,0,1,0,0,1,0,0,1,1,0,0,0,0
KonIQ-10k IQA Database/512x384/5402777838.jpg,0,0,1,0,0,0,1,0,0,0,1,1,0,0,0,0,0,1,0,0
KonIQ-10k IQA Database/512x384/5402750878.jpg,0,0,1,0,0,0,1,0,0,1,0,1,0,0,0,0,0,1,0,0
KonIQ-10k IQA Database/512x384/5404092797.jpg,0,1,0,0,0,1,0,0,1,0,0,1,0,0,0,0,0,0,1,0
KonIQ-10k IQA Database/512x384/5403603296.jpg,0,0,1,0,0,0,1,0,0,1,0,1,0,0,0,0,0,0,0,1
KonIQ-10k IQA Database/512x384/5406869186.jpg,0,0,1,0,0,0,1,0,0,1,0,1,0,0,0,0,1,0,0,0
KonIQ-10k IQA Database/512x384/5408161730.jpg,0,0,1,0,0,0,1,0,0,0,1,0,0,1,0,0,0,0,0,1
KonIQ-10k IQA Database/512x384/5407049859.jpg,0,0,0,0,1,1,0,0,1,0,0,0,1,0,1,0,0,0,0,0
KonIQ-10k IQA Database/512x384/5407907045.jpg,0,0,1,0,0,0,1,0,0,1,0,1,0,0,0,0,1,0,0,0
KonIQ-10k IQA Database/512x384/5408602889.jpg,0,0,1,0,0,0,0,1,0,1,0,0,1,0,0,0,1,0,0,0
KonIQ-10k IQA Database/512x384/5409637634.jpg,0,0,1,0,0,0,1,0,0,0,1,1,0,0,0,0,0,0,0,1
KonIQ-10k IQA Database/512x384/5409793551.jpg,0,1,0,0,0,0,1,0,0,1,0,1,0,0,0,0,0,0,0,1
KonIQ-10k IQA Database/512x384/5407931669.jpg,1,0,0,0,0,1,0,0,0,1,0,0,1,0,0,1,0,0,0,0
KonIQ-10k IQA Database/512x384/5409841653.jpg,0,0,0,0,1,1,0,0,1,0,0,0,1,0,1,1,0,0,0,0
KonIQ-10k IQA Database/512x384/5412162988.jpg,1,0,0,0,0,1,0,0,1,0,0,0,1,0,0,1,0,0,0,0
KonIQ-10k IQA Database/512x384/5411857475.jpg,0,0,0,0,1,1,0,0,0,1,0,1,0,0,0,0,0,0,0,1
KonIQ-10k IQA Database/512x384/5409949181.jpg,0,0,0,0,1,1,0,0,1,0,0,0,1,0,1,1,0,0,0,0
KonIQ-10k IQA Database/512x384/5414089487.jpg,0,0,0,0,1,0,1,0,1,0,0,1,0,0,0,0,0,0,0,1
KonIQ-10k IQA Database/512x384/5414222209.jpg,0,0,0,0,1,0,1,0,0,1,0,1,0,0,0,0,0,0,0,1
KonIQ-10k IQA Database/512x384/5414221487.jpg,1,0,0,0,0,0,1,0,0,0,1,1,0,0,0,0,0,0,0,1
KonIQ-10k IQA Database/512x384/5413723205.jpg,0,0,0,0,1,0,1,0,1,0,0,1,0,0,0,0,0,0,0,1
KonIQ-10k IQA Database/512x384/5416465084.jpg,0,0,1,0,0,0,1,0,0,0,1,1,0,0,0,0,1,0,0,0
KonIQ-10k IQA Database/512x384/5416851305.jpg,0,1,0,0,0,0,1,0,0,0,1,0,1,0,0,1,0,0,0,0
KonIQ-10k IQA Database/512x384/5417875149.jpg,0,0,1,0,0,0,1,0,0,1,0,1,0,0,0,0,1,0,0,0
KonIQ-10k IQA Database/512x384/5418130754.jpg,1,0,0,0,0,1,0,0,1,0,0,0,0,1,1,0,1,0,0,0
KonIQ-10k IQA Database/512x384/5419570020.jpg,0,0,1,0,0,0,1,0,0,0,1,1,0,0,0,1,0,0,0,0
KonIQ-10k IQA Database/512x384/5420001635.jpg,0,0,0,1,0,0,1,0,1,0,0,1,0,0,0,0,1,0,0,0
KonIQ-10k IQA Database/512x384/5419962760.jpg,0,0,0,1,0,0,1,0,1,0,0,1,0,0,0,0,1,0,0,0
KonIQ-10k IQA Database/512x384/5420375203.jpg,1,0,0,0,0,1,0,0,1,0,0,0,1,0,0,0,1,0,0,0
KonIQ-10k IQA Database/512x384/5421015027.jpg,0,0,1,0,0,0,1,0,1,0,0,0,1,0,0,0,1,0,0,0
KonIQ-10k IQA Database/512x384/5421731776.jpg,0,0,1,0,0,0,1,0,0,1,0,1,0,0,0,0,1,0,0,0
KonIQ-10k IQA Database/512x384/5422890420.jpg,0,0,1,0,0,0,1,0,1,0,0,0,1,0,0,0,0,0,0,1
KonIQ-10k IQA Database/512x384/5422446412.jpg,0,1,0,0,0,1,0,0,0,1,0,0,1,0,0,0,0,0,1,0
KonIQ-10k IQA Database/512x384/5423246371.jpg,1,0,0,0,0,1,0,0,0,1,0,0,0,1,0,0,0,1,1,0
KonIQ-10k IQA Database/512x384/5423639636.jpg,1,0,0,0,0,1,0,0,0,1,0,0,1,0,0,0,0,0,1,0
KonIQ-10k IQA Database/512x384/5421157000.jpg,0,0,1,0,0,0,1,0,0,1,0,1,0,0,0,0,0,0,0,1
KonIQ-10k IQA Database/512x384/5423986833.jpg,0,1,0,0,0,1,0,0,1,0,0,0,1,0,1,0,0,0,0,0
KonIQ-10k IQA Database/512x384/5426100555.jpg,0,0,0,0,1,0,1,0,0,0,1,1,0,0,0,0,0,0,0,1
KonIQ-10k IQA Database/512x384/5424903451.jpg,1,0,0,0,0,1,0,0,0,0,1,1,0,0,0,1,0,0,0,0
KonIQ-10k IQA Database/512x384/5426014939.jpg,0,0,0,0,1,0,0,0,0,0,1,0,0,1,0,0,0,0,0,1
KonIQ-10k IQA Database/512x384/5431342278.jpg,0,0,1,0,0,0,1,0,0,1,0,1,0,0,0,0,0,0,0,1
KonIQ-10k IQA Database/512x384/5430572465.jpg,0,0,1,0,0,1,0,0,1,0,0,1,0,0,0,0,0,0,0,1
KonIQ-10k IQA Database/512x384/5427956048.jpg,1,0,0,0,0,1,0,0,1,0,0,0,1,0,0,1,1,0,0,0
KonIQ-10k IQA Database/512x384/5430352868.jpg,0,1,0,0,0,0,0,1,0,0,1,0,1,0,1,1,0,0,0,0
KonIQ-10k IQA Database/512x384/5432792987.jpg,0,0,1,0,0,0,1,0,0,0,1,1,0,0,0,0,1,0,0,0
KonIQ-10k IQA Database/512x384/5435410945.jpg,0,0,0,1,0,0,1,0,0,1,0,1,0,0,0,0,1,0,0,0
KonIQ-10k IQA Database/512x384/5434982423.jpg,0,0,1,0,0,0,1,0,0,0,1,1,0,0,0,0,1,0,0,0
KonIQ-10k IQA Database/512x384/5434458853.jpg,0,0,1,0,0,0,1,0,0,0,1,1,0,0,0,0,0,0,0,1
KonIQ-10k IQA Database/512x384/5436078668.jpg,1,0,0,0,0,1,0,0,1,0,0,0,1,0,1,0,0,0,0,0
KonIQ-10k IQA Database/512x384/5433364879.jpg,0,0,0,0,1,1,0,0,0,1,0,0,1,0,1,1,1,0,0,0
KonIQ-10k IQA Database/512x384/5433512452.jpg,0,1,0,0,0,1,0,0,0,1,0,1,0,0,1,1,0,0,0,0
KonIQ-10k IQA Database/512x384/5436025882.jpg,0,0,0,0,1,1,0,0,1,0,0,1,0,0,0,0,0,0,0,1
KonIQ-10k IQA Database/512x384/5436442410.jpg,1,0,0,0,0,1,0,0,1,0,0,0,1,0,1,0,0,0,1,0
KonIQ-10k IQA Database/512x384/5438289269.jpg,0,0,1,0,0,1,0,0,0,1,0,1,0,0,0,0,0,0,0,1
KonIQ-10k IQA Database/512x384/5438123525.jpg,0,0,1,0,0,0,1,0,1,0,0,0,1,0,0,0,1,0,0,0
KonIQ-10k IQA Database/512x384/5437565452.jpg,0,0,1,0,0,0,1,0,0,1,0,1,0,0,0,0,1,0,0,0
KonIQ-10k IQA Database/512x384/5437634548.jpg,1,0,0,0,0,1,0,0,0,1,0,0,1,0,1,0,0,0,1,0
KonIQ-10k IQA Database/512x384/5437097825.jpg,0,0,0,1,0,0,1,0,0,1,0,1,0,0,0,0,0,0,0,1
KonIQ-10k IQA Database/512x384/5438275650.jpg,0,0,0,0,1,0,0,0,1,0,0,1,0,0,0,0,0,0,0,1
KonIQ-10k IQA Database/512x384/5442770752.jpg,0,0,1,0,0,0,1,0,0,1,0,0,1,0,0,0,1,0,0,0
KonIQ-10k IQA Database/512x384/5441628490.jpg,0,0,0,0,1,1,0,0,1,0,0,0,1,0,1,0,0,0,0,0
KonIQ-10k IQA Database/512x384/5443343893.jpg,0,0,1,0,0,0,1,0,0,1,0,1,0,0,0,0,1,0,0,0
KonIQ-10k IQA Database/512x384/5443109303.jpg,0,0,0,0,1,0,1,0,0,1,0,1,0,0,0,0,1,0,0,0
KonIQ-10k IQA Database/512x384/5443888755.jpg,0,0,1,0,0,0,1,0,0,1,0,1,0,0,0,0,0,0,0,1
KonIQ-10k IQA Database/512x384/5444850191.jpg,0,0,0,0,1,1,0,0,1,0,0,0,1,0,1,0,0,0,0,0
KonIQ-10k IQA Database/512x384/5445781988.jpg,1,0,0,0,0,1,0,0,1,0,0,0,1,0,1,0,0,0,1,0
KonIQ-10k IQA Database/512x384/5445842177.jpg,0,0,1,0,0,0,1,0,0,1,0,1,0,0,0,0,0,0,0,1
KonIQ-10k IQA Database/512x384/5443561588.jpg,0,1,0,0,0,1,0,0,0,0,1,0,1,0,1,0,0,0,0,0
KonIQ-10k IQA Database/512x384/5446222117.jpg,0,0,0,0,1,0,0,0,1,0,0,1,0,0,0,0,0,0,0,1
KonIQ-10k IQA Database/512x384/5446650089.jpg,0,1,0,0,0,0,1,0,0,0,1,0,1,0,0,0,1,0,0,0
KonIQ-10k IQA Database/512x384/5447567442.jpg,0,0,0,0,1,0,1,0,1,0,0,1,0,0,0,0,0,0,0,1
KonIQ-10k IQA Database/512x384/5447010296.jpg,0,0,1,0,0,0,1,0,0,1,0,0,1,0,0,0,1,0,0,0
KonIQ-10k IQA Database/512x384/5447287552.jpg,1,0,0,0,0,1,0,0,1,0,0,0,1,0,1,1,0,0,1,0
KonIQ-10k IQA Database/512x384/5448376373.jpg,0,0,0,1,0,0,1,0,1,0,0,1,0,0,0,0,1,0,0,0
KonIQ-10k IQA Database/512x384/5449529114.jpg,0,0,0,0,1,0,0,0,0,1,0,1,0,0,0,0,0,0,0,1
KonIQ-10k IQA Database/512x384/545103098.jpg,0,0,0,1,0,0,0,0,1,0,0,1,0,0,0,0,1,0,0,0
KonIQ-10k IQA Database/512x384/5451071783.jpg,0,0,1,0,0,0,1,0,0,1,0,0,1,0,0,0,1,0,0,0
KonIQ-10k IQA Database/512x384/5447858710.jpg,0,0,0,0,1,1,0,0,0,1,0,0,1,0,0,0,0,0,1,0
KonIQ-10k IQA Database/512x384/5451526397.jpg,0,0,1,0,0,1,0,0,1,0,0,1,0,0,0,0,0,0,0,1
KonIQ-10k IQA Database/512x384/5453875819.jpg,0,0,1,0,0,0,1,0,0,1,0,1,0,0,0,0,0,0,0,1
KonIQ-10k IQA Database/512x384/5453819984.jpg,0,1,0,0,0,1,0,0,0,1,0,1,0,0,1,0,0,0,0,0
KonIQ-10k IQA Database/512x384/5454031554.jpg,0,0,0,0,1,1,0,0,0,1,0,0,1,0,1,0,0,0,0,0
KonIQ-10k IQA Database/512x384/5454884110.jpg,0,0,0,0,1,0,1,0,1,0,0,1,0,0,0,1,0,0,0,0
KonIQ-10k IQA Database/512x384/5454942480.jpg,0,0,1,0,0,0,1,0,0,1,0,0,1,0,0,0,1,0,0,0
KonIQ-10k IQA Database/512x384/5456329601.jpg,0,0,0,0,1,0,0,0,0,1,0,1,0,0,0,0,0,0,0,1
KonIQ-10k IQA Database/512x384/5456373866.jpg,0,0,1,0,0,0,1,0,0,0,1,1,0,0,0,0,0,0,0,1
KonIQ-10k IQA Database/512x384/5455599246.jpg,1,0,0,0,0,1,0,0,0,1,0,0,0,1,0,0,0,0,1,0
KonIQ-10k IQA Database/512x384/5458340790.jpg,0,0,1,0,0,1,0,0,0,1,0,1,0,0,0,0,0,0,0,1
KonIQ-10k IQA Database/512x384/5457535055.jpg,0,0,0,0,1,1,0,0,1,0,0,0,1,0,0,1,1,0,0,0
KonIQ-10k IQA Database/512x384/5458771275.jpg,0,0,0,0,1,1,0,0,1,0,0,1,0,0,1,0,0,0,0,0
KonIQ-10k IQA Database/512x384/5459231907.jpg,0,0,0,0,1,1,0,0,0,1,0,0,1,0,0,0,0,0,1,0
KonIQ-10k IQA Database/512x384/5459372516.jpg,0,0,0,0,1,0,1,0,0,1,0,1,0,0,0,0,0,0,0,1
KonIQ-10k IQA Database/512x384/5460394455.jpg,0,0,1,0,0,0,1,0,0,1,0,1,0,0,0,0,0,0,0,1
KonIQ-10k IQA Database/512x384/5459749774.jpg,0,0,1,0,0,0,1,0,0,0,1,1,0,0,0,0,0,0,0,1
KonIQ-10k IQA Database/512x384/5463672195.jpg,1,0,0,0,0,1,0,0,0,1,0,1,0,0,1,0,0,0,0,0
KonIQ-10k IQA Database/512x384/5461710344.jpg,1,0,0,0,0,1,0,0,0,1,0,1,0,0,1,0,0,0,0,0
KonIQ-10k IQA Database/512x384/5462153314.jpg,0,0,0,0,1,0,1,0,1,0,0,1,0,0,0,0,0,0,0,1
KonIQ-10k IQA Database/512x384/5462654627.jpg,0,1,0,0,0,1,0,0,1,0,0,0,1,0,1,1,1,0,0,0
KonIQ-10k IQA Database/512x384/5463929157.jpg,0,0,0,0,1,0,1,0,0,0,1,0,0,1,0,0,0,1,0,0
KonIQ-10k IQA Database/512x384/5464134286.jpg,0,0,0,0,1,0,1,0,0,0,1,1,0,0,0,1,0,0,0,0
KonIQ-10k IQA Database/512x384/5465127384.jpg,0,0,1,0,0,0,0,0,0,1,0,1,0,0,0,0,0,0,0,1
KonIQ-10k IQA Database/512x384/5468320493.jpg,0,0,1,0,0,0,1,0,0,1,0,1,0,0,0,0,0,0,0,1
KonIQ-10k IQA Database/512x384/5466371904.jpg,1,0,0,0,0,1,0,0,1,0,0,1,0,0,0,0,0,0,0,1
KonIQ-10k IQA Database/512x384/5464519026.jpg,0,0,0,0,1,0,1,0,0,0,1,0,0,1,0,0,0,1,0,0
KonIQ-10k IQA Database/512x384/5468577486.jpg,0,0,0,0,1,1,0,0,1,0,0,1,0,0,0,0,0,0,0,1
KonIQ-10k IQA Database/512x384/5467862729.jpg,0,0,1,0,0,0,1,0,1,0,0,1,0,0,0,1,0,0,0,0
KonIQ-10k IQA Database/512x384/5468605223.jpg,0,0,1,0,0,0,1,0,0,0,1,0,1,0,0,0,0,0,0,1
KonIQ-10k IQA Database/512x384/5468530650.jpg,0,0,1,0,0,0,1,0,1,0,0,1,0,0,0,0,1,0,0,0
KonIQ-10k IQA Database/512x384/5468768534.jpg,0,0,1,0,0,0,1,0,0,1,0,1,0,0,0,0,0,0,0,1
KonIQ-10k IQA Database/512x384/5469380265.jpg,0,0,1,0,0,0,1,0,1,0,0,1,0,0,0,0,0,0,0,1
KonIQ-10k IQA Database/512x384/5474201544.jpg,0,0,0,0,1,0,1,0,1,0,0,1,0,0,0,0,0,0,0,1
KonIQ-10k IQA Database/512x384/5470588240.jpg,0,0,0,1,0,1,0,0,1,0,0,0,1,0,0,1,1,0,0,0
KonIQ-10k IQA Database/512x384/5471871046.jpg,0,0,0,0,1,1,0,0,1,0,0,0,1,0,1,1,1,0,0,0
KonIQ-10k IQA Database/512x384/5473035889.jpg,0,0,1,0,0,0,1,0,1,0,0,1,0,0,0,1,0,0,0,0
KonIQ-10k IQA Database/512x384/5476657075.jpg,1,0,0,0,0,1,0,0,1,0,0,0,1,0,0,0,0,0,1,0
KonIQ-10k IQA Database/512x384/5474715935.jpg,0,0,0,0,1,1,0,0,1,0,0,1,0,0,1,0,0,0,0,0
KonIQ-10k IQA Database/512x384/5477401446.jpg,0,0,1,0,0,0,1,0,0,1,0,1,0,0,0,0,0,0,0,1
KonIQ-10k IQA Database/512x384/5478338784.jpg,0,0,0,0,1,1,0,0,1,0,0,0,0,1,1,0,0,0,0,0
KonIQ-10k IQA Database/512x384/5478338919.jpg,0,0,1,0,0,0,1,0,0,1,0,0,1,0,0,0,0,0,0,1
KonIQ-10k IQA Database/512x384/5478757587.jpg,0,0,0,0,1,1,0,0,1,0,0,1,0,0,0,0,1,0,0,0
KonIQ-10k IQA Database/512x384/5479751565.jpg,0,1,0,0,0,1,0,0,0,1,0,0,0,1,0,1,0,0,1,0
KonIQ-10k IQA Database/512x384/5480071347.jpg,1,0,0,0,0,1,0,0,1,0,0,0,1,0,0,1,1,0,0,0
KonIQ-10k IQA Database/512x384/5480462577.jpg,0,0,1,0,0,0,1,0,0,0,1,1,0,0,0,0,0,1,0,0
KonIQ-10k IQA Database/512x384/5479353117.jpg,1,0,0,0,0,0,0,1,0,0,1,0,0,1,1,1,0,0,0,0
KonIQ-10k IQA Database/512x384/5480545191.jpg,0,0,1,0,0,0,1,0,1,0,0,1,0,0,0,0,0,0,0,1
KonIQ-10k IQA Database/512x384/5480500661.jpg,0,0,1,0,0,0,1,0,0,0,1,1,0,0,0,1,0,0,0,0
KonIQ-10k IQA Database/512x384/5480693901.jpg,0,1,0,0,0,1,0,0,1,0,0,1,0,0,0,0,0,0,0,1
KonIQ-10k IQA Database/512x384/5480778835.jpg,0,0,0,0,1,1,0,0,1,0,0,1,0,0,0,0,0,0,1,0
KonIQ-10k IQA Database/512x384/5482033930.jpg,0,1,0,0,0,1,0,0,0,1,0,0,0,1,1,0,0,1,0,0
KonIQ-10k IQA Database/512x384/5480952207.jpg,0,0,1,0,0,0,1,0,0,0,1,1,0,0,0,0,0,0,0,1
KonIQ-10k IQA Database/512x384/5481249377.jpg,0,0,0,0,1,1,0,0,0,1,0,0,1,0,0,0,1,0,1,0
KonIQ-10k IQA Database/512x384/5482786130.jpg,0,0,0,1,0,0,1,0,1,0,0,1,0,0,0,0,1,0,0,0
KonIQ-10k IQA Database/512x384/5483224233.jpg,0,0,1,0,0,0,1,0,0,1,0,0,1,0,0,0,1,0,0,0
KonIQ-10k IQA Database/512x384/5483514140.jpg,0,0,0,0,1,1,0,0,1,0,0,1,0,0,1,0,0,0,0,0
KonIQ-10k IQA Database/512x384/5483697378.jpg,0,0,0,0,1,0,1,0,0,1,0,1,0,0,0,0,0,0,0,1
KonIQ-10k IQA Database/512x384/5483904990.jpg,0,0,1,0,0,0,1,0,0,1,0,1,0,0,0,0,1,0,0,0
KonIQ-10k IQA Database/512x384/5483567910.jpg,0,0,1,0,0,0,1,0,1,0,0,0,1,0,0,0,1,0,0,0
KonIQ-10k IQA Database/512x384/5483050895.jpg,0,0,1,0,0,0,1,0,1,0,0,0,1,0,0,0,1,0,0,0
KonIQ-10k IQA Database/512x384/5484179033.jpg,1,0,0,0,0,1,0,0,0,1,0,1,0,0,0,1,0,0,0,0
KonIQ-10k IQA Database/512x384/5484776927.jpg,0,0,0,1,0,0,1,0,1,0,0,1,0,0,0,0,1,0,0,0
KonIQ-10k IQA Database/512x384/5483273817.jpg,0,0,1,0,0,0,1,0,0,0,1,1,0,0,0,0,1,0,0,0
KonIQ-10k IQA Database/512x384/5485536219.jpg,0,0,1,0,0,0,1,0,0,1,0,1,0,0,0,0,0,0,0,1
KonIQ-10k IQA Database/512x384/5485752257.jpg,1,0,0,0,0,1,0,0,0,1,0,0,0,1,1,1,0,0,0,0
KonIQ-10k IQA Database/512x384/5487306011.jpg,0,0,0,0,1,0,1,0,0,0,1,1,0,0,0,0,0,0,0,1
KonIQ-10k IQA Database/512x384/5487845072.jpg,0,0,1,0,0,0,1,0,0,1,0,0,1,0,0,0,0,1,0,0
KonIQ-10k IQA Database/512x384/5487766524.jpg,0,0,0,0,1,1,0,0,0,1,0,1,0,0,0,1,1,0,0,0
KonIQ-10k IQA Database/512x384/5485090581.jpg,0,0,1,0,0,0,1,0,0,1,0,1,0,0,0,0,0,0,0,1
KonIQ-10k IQA Database/512x384/5489335291.jpg,0,0,0,1,0,1,0,0,1,0,0,1,0,0,0,0,0,0,0,1
KonIQ-10k IQA Database/512x384/5489343036.jpg,0,0,1,0,0,1,0,0,1,0,0,0,1,0,0,0,0,0,0,1
KonIQ-10k IQA Database/512x384/54893430365.jpg,0,0,1,0,0,1,0,0,1,0,0,0,1,0,0,0,0,0,0,1
KonIQ-10k IQA Database/512x384/5489747456.jpg,0,0,1,0,0,0,1,0,0,0,1,0,1,0,0,0,1,0,0,0
KonIQ-10k IQA Database/512x384/5491791732.jpg,0,0,1,0,0,1,0,0,1,0,0,0,1,0,0,1,0,0,0,0
KonIQ-10k IQA Database/512x384/5493295509.jpg,0,0,1,0,0,0,1,0,0,1,0,1,0,0,0,0,1,0,0,0
KonIQ-10k IQA Database/512x384/5490633123.jpg,1,0,0,0,0,1,0,0,1,0,0,0,0,1,1,1,1,1,1,0
KonIQ-10k IQA Database/512x384/5492904052.jpg,1,0,0,0,0,0,0,0,0,0,1,0,0,1,0,0,0,0,0,1
KonIQ-10k IQA Database/512x384/5492807512.jpg,0,1,0,0,0,1,0,0,0,1,0,1,0,0,0,0,0,0,0,1
KonIQ-10k IQA Database/512x384/5494614015.jpg,0,0,0,0,1,1,0,0,0,1,0,1,0,0,0,0,0,1,0,0
KonIQ-10k IQA Database/512x384/5494503911.jpg,1,0,0,0,0,1,0,0,1,0,0,0,1,0,1,0,1,0,1,0
KonIQ-10k IQA Database/512x384/5494859211.jpg,0,0,1,0,0,0,1,0,0,0,1,1,0,0,0,0,0,0,0,1
KonIQ-10k IQA Database/512x384/5498162547.jpg,1,0,0,0,0,0,0,0,0,0,1,0,0,1,0,0,0,1,0,0
KonIQ-10k IQA Database/512x384/5495551820.jpg,0,0,1,0,0,0,1,0,0,1,0,1,0,0,0,0,1,0,0,0
KonIQ-10k IQA Database/512x384/5495773051.jpg,1,0,0,0,0,0,1,0,0,0,1,0,1,0,0,0,0,0,0,1
KonIQ-10k IQA Database/512x384/5496219084.jpg,1,0,0,0,0,1,0,0,1,0,0,1,0,0,0,1,0,0,0,0
KonIQ-10k IQA Database/512x384/5496213154.jpg,1,0,0,0,0,1,0,0,0,1,0,0,1,0,0,1,0,0,1,0
KonIQ-10k IQA Database/512x384/549547230.jpg,0,0,1,0,0,0,1,0,0,1,0,1,0,0,0,0,0,0,0,1
KonIQ-10k IQA Database/512x384/5498204974.jpg,0,1,0,0,0,1,0,0,1,0,0,1,0,0,0,0,0,0,1,0
KonIQ-10k IQA Database/512x384/5498003598.jpg,1,0,0,0,0,1,0,0,0,1,0,1,0,0,0,0,0,1,0,0
KonIQ-10k IQA Database/512x384/5500159889.jpg,1,0,0,0,0,1,0,0,0,1,0,0,1,0,0,1,0,0,0,0
KonIQ-10k IQA Database/512x384/5500570132.jpg,0,0,1,0,0,0,1,0,1,0,0,1,0,0,0,0,0,0,0,1
KonIQ-10k IQA Database/512x384/5501090896.jpg,0,0,1,0,0,0,1,0,0,1,0,1,0,0,0,0,0,0,0,1
KonIQ-10k IQA Database/512x384/5502038719.jpg,0,0,1,0,0,0,1,0,0,1,0,1,0,0,0,0,0,0,0,1
KonIQ-10k IQA Database/512x384/5503983536.jpg,0,0,0,0,1,1,0,0,0,1,0,0,1,0,0,0,1,0,0,0
KonIQ-10k IQA Database/512x384/5503696409.jpg,0,0,1,0,0,0,1,0,0,1,0,0,1,0,0,0,1,0,0,0
KonIQ-10k IQA Database/512x384/5502130313.jpg,0,0,0,0,1,0,1,0,0,1,0,1,0,0,0,0,1,0,0,0
KonIQ-10k IQA Database/512x384/5504474324.jpg,0,0,1,0,0,0,1,0,0,1,0,1,0,0,0,0,1,0,0,0
KonIQ-10k IQA Database/512x384/5505953336.jpg,0,0,0,0,1,0,0,0,0,0,1,0,1,0,0,0,0,1,0,0
KonIQ-10k IQA Database/512x384/5505340753.jpg,0,0,1,0,0,0,1,0,0,1,0,1,0,0,0,0,1,0,0,0
KonIQ-10k IQA Database/512x384/5507113852.jpg,1,0,0,0,0,1,0,0,0,1,0,0,0,1,1,0,0,0,0,0
KonIQ-10k IQA Database/512x384/5506212777.jpg,0,0,1,0,0,0,1,0,0,1,0,1,0,0,0,0,0,0,0,1
KonIQ-10k IQA Database/512x384/5508053398.jpg,1,0,0,0,0,1,0,0,1,0,0,1,0,0,0,1,0,0,0,0
KonIQ-10k IQA Database/512x384/5506716444.jpg,0,0,0,0,1,1,0,0,0,1,0,0,0,1,0,0,0,0,1,0
KonIQ-10k IQA Database/512x384/5507499346.jpg,0,0,1,0,0,0,1,0,0,1,0,1,0,0,0,0,0,0,0,1
KonIQ-10k IQA Database/512x384/5508551413.jpg,0,0,1,0,0,0,1,0,0,0,1,1,0,0,0,0,0,0,0,1
KonIQ-10k IQA Database/512x384/5508282751.jpg,1,0,0,0,0,1,0,0,0,1,0,0,1,0,0,1,0,0,0,0
KonIQ-10k IQA Database/512x384/5511460602.jpg,0,0,1,0,0,0,1,0,0,1,0,1,0,0,0,0,1,0,0,0
KonIQ-10k IQA Database/512x384/5512214624.jpg,0,0,1,0,0,0,1,0,0,0,1,1,0,0,0,0,0,0,0,1
KonIQ-10k IQA Database/512x384/5512989538.jpg,0,1,0,0,0,1,0,0,0,1,0,0,1,0,1,0,0,0,1,0
KonIQ-10k IQA Database/512x384/5513852883.jpg,0,0,0,0,1,1,0,0,1,0,0,0,1,0,1,0,0,0,0,0
KonIQ-10k IQA Database/512x384/5513962677.jpg,1,0,0,0,0,1,0,0,0,1,0,0,1,0,0,1,0,0,0,0
KonIQ-10k IQA Database/512x384/5514669907.jpg,0,1,0,0,0,1,0,0,1,0,0,1,0,0,1,0,0,0,0,0
KonIQ-10k IQA Database/512x384/5513320745.jpg,0,1,0,0,0,1,0,0,1,0,0,0,1,0,1,1,0,0,0,0
KonIQ-10k IQA Database/512x384/5514988242.jpg,1,0,0,0,0,1,0,0,0,1,0,0,0,1,0,0,0,0,1,0
KonIQ-10k IQA Database/512x384/5511925995.jpg,0,0,0,0,1,1,0,0,0,1,0,1,0,0,0,0,0,0,0,1
KonIQ-10k IQA Database/512x384/5517184431.jpg,0,0,0,1,0,0,1,0,0,1,0,1,0,0,0,0,1,0,0,0
KonIQ-10k IQA Database/512x384/5517232825.jpg,0,0,1,0,0,0,1,0,1,0,0,0,1,0,0,0,1,0,0,0
KonIQ-10k IQA Database/512x384/5517472829.jpg,0,0,0,0,1,0,1,0,1,0,0,1,0,0,0,0,0,0,0,1
KonIQ-10k IQA Database/512x384/5519858461.jpg,0,1,0,0,0,1,0,0,0,1,0,0,1,0,1,0,0,0,0,0
KonIQ-10k IQA Database/512x384/5519011400.jpg,0,0,1,0,0,0,1,0,0,1,0,1,0,0,0,0,1,0,0,0
KonIQ-10k IQA Database/512x384/5519904752.jpg,0,0,1,0,0,0,1,0,0,0,1,1,0,0,0,0,0,0,0,1
KonIQ-10k IQA Database/512x384/5522198347.jpg,1,0,0,0,0,1,0,0,0,1,0,0,1,0,0,1,0,0,0,0
KonIQ-10k IQA Database/512x384/5520092588.jpg,0,0,1,0,0,0,1,0,0,0,1,1,0,0,0,0,0,0,1,0
KonIQ-10k IQA Database/512x384/5524014245.jpg,1,0,0,0,0,1,0,0,0,1,0,1,0,0,1,1,0,0,0,0
KonIQ-10k IQA Database/512x384/5525531268.jpg,0,0,0,1,0,0,1,0,0,0,1,1,0,0,0,0,1,0,0,0
KonIQ-10k IQA Database/512x384/552629141.jpg,0,0,0,0,1,1,0,0,1,0,0,0,0,1,1,0,0,0,0,0
KonIQ-10k IQA Database/512x384/5526408007.jpg,0,0,0,0,1,1,0,0,1,0,0,0,1,0,0,0,1,1,0,0
KonIQ-10k IQA Database/512x384/5527632049.jpg,0,0,0,0,1,0,1,0,0,1,0,1,0,0,0,0,0,0,0,1
KonIQ-10k IQA Database/512x384/5527745877.jpg,0,0,1,0,0,0,1,0,1,0,0,1,0,0,0,0,0,0,0,1
KonIQ-10k IQA Database/512x384/5527892107.jpg,0,1,0,0,0,1,0,0,1,0,0,1,0,0,1,0,0,0,0,0
KonIQ-10k IQA Database/512x384/5525979481.jpg,0,0,1,0,0,0,1,0,0,1,0,1,0,0,0,0,1,0,0,0
KonIQ-10k IQA Database/512x384/5528731780.jpg,0,0,1,0,0,0,1,0,0,1,0,1,0,0,0,0,0,0,0,1
KonIQ-10k IQA Database/512x384/5529240672.jpg,0,0,1,0,0,0,1,0,0,0,1,0,1,0,0,0,0,0,0,1
KonIQ-10k IQA Database/512x384/5529298204.jpg,0,0,1,0,0,0,1,0,0,1,0,1,0,0,0,0,1,0,0,0
KonIQ-10k IQA Database/512x384/5529999885.jpg,0,0,0,0,1,1,0,0,1,0,0,0,0,1,1,0,0,0,0,0
KonIQ-10k IQA Database/512x384/5530579735.jpg,0,0,1,0,0,0,1,0,0,0,1,0,1,0,0,0,0,0,0,1
KonIQ-10k IQA Database/512x384/5530039463.jpg,1,0,0,0,0,1,0,0,1,0,0,1,0,0,0,0,0,0,1,0
KonIQ-10k IQA Database/512x384/5531274580.jpg,0,0,0,0,1,1,0,0,0,1,0,0,1,0,0,1,1,0,0,0
KonIQ-10k IQA Database/512x384/5531191792.jpg,0,0,1,0,0,0,1,0,0,0,1,1,0,0,0,0,1,0,0,0
KonIQ-10k IQA Database/512x384/5533236075.jpg,0,0,0,0,1,0,1,0,1,0,0,1,0,0,0,0,0,0,0,1
KonIQ-10k IQA Database/512x384/5533853499.jpg,0,0,1,0,0,0,1,0,0,1,0,0,1,0,0,0,0,0,0,1
KonIQ-10k IQA Database/512x384/5534328979.jpg,1,0,0,0,0,1,0,0,1,0,0,1,0,0,0,1,0,0,0,0
KonIQ-10k IQA Database/512x384/5534680063.jpg,0,0,0,0,1,1,0,0,1,0,0,1,0,0,0,0,0,0,0,1
KonIQ-10k IQA Database/512x384/5532612839.jpg,0,0,1,0,0,1,0,0,1,0,0,1,0,0,0,0,0,0,0,1
KonIQ-10k IQA Database/512x384/5533176494.jpg,0,0,0,0,1,0,1,0,0,1,0,1,0,0,0,0,0,0,0,1
KonIQ-10k IQA Database/512x384/5535054309.jpg,0,0,1,0,0,0,1,0,0,0,1,1,0,0,0,0,0,0,0,1
KonIQ-10k IQA Database/512x384/5535937496.jpg,0,0,0,0,1,1,0,0,0,1,0,0,1,0,0,1,1,0,0,0
KonIQ-10k IQA Database/512x384/5536150022.jpg,0,0,1,0,0,0,1,0,0,0,1,1,0,0,0,0,0,0,0,1
KonIQ-10k IQA Database/512x384/5536798233.jpg,0,0,1,0,0,0,1,0,0,0,1,1,0,0,0,0,0,0,0,1
KonIQ-10k IQA Database/512x384/5536900966.jpg,1,0,0,0,0,1,0,0,0,1,0,1,0,0,0,0,0,1,0,0
KonIQ-10k IQA Database/512x384/5536240490.jpg,0,0,1,0,0,0,1,0,1,0,0,1,0,0,0,0,1,0,0,0
KonIQ-10k IQA Database/512x384/5537272633.jpg,0,0,1,0,0,0,1,0,0,0,1,1,0,0,0,0,0,0,0,1
KonIQ-10k IQA Database/512x384/5536386046.jpg,0,1,0,0,0,1,0,0,0,1,0,0,1,0,0,0,0,0,1,0
KonIQ-10k IQA Database/512x384/5537911913.jpg,0,0,1,0,0,0,1,0,0,1,0,0,1,0,0,0,1,0,0,0
KonIQ-10k IQA Database/512x384/5538859369.jpg,1,0,0,0,0,1,0,0,0,1,0,1,0,0,0,1,0,0,0,0
KonIQ-10k IQA Database/512x384/5540702638.jpg,0,0,0,0,1,1,0,0,0,1,0,0,1,0,0,1,0,0,1,0
KonIQ-10k IQA Database/512x384/5542509126.jpg,0,0,0,0,1,1,0,0,1,0,0,0,1,0,1,0,0,0,1,0
KonIQ-10k IQA Database/512x384/5538586634.jpg,1,0,0,0,0,1,0,0,1,0,0,0,1,0,1,1,0,0,0,0
KonIQ-10k IQA Database/512x384/5539522093.jpg,0,0,0,0,1,1,0,0,0,1,0,0,1,0,1,1,0,0,0,0
KonIQ-10k IQA Database/512x384/5540094499.jpg,0,0,1,0,0,0,1,0,0,1,0,0,1,0,0,0,1,0,0,0
KonIQ-10k IQA Database/512x384/5543296873.jpg,0,0,0,0,1,1,0,0,1,0,0,1,0,0,0,0,0,0,0,1
KonIQ-10k IQA Database/512x384/5541438392.jpg,1,0,0,0,0,0,1,0,0,0,1,0,0,1,1,0,0,1,0,0
KonIQ-10k IQA Database/512x384/5543037671.jpg,1,0,0,0,0,1,0,0,1,0,0,0,1,0,0,1,1,0,0,0
KonIQ-10k IQA Database/512x384/5544109408.jpg,0,0,1,0,0,1,0,0,1,0,0,1,0,0,0,0,0,0,0,1
KonIQ-10k IQA Database/512x384/5543308408.jpg,0,0,1,0,0,0,1,0,1,0,0,1,0,0,0,0,0,0,0,1
KonIQ-10k IQA Database/512x384/5544820783.jpg,0,0,1,0,0,0,1,0,0,1,0,1,0,0,0,0,0,0,0,1
KonIQ-10k IQA Database/512x384/5546833927.jpg,0,0,0,0,1,1,0,0,0,1,0,1,0,0,0,0,0,0,0,1
KonIQ-10k IQA Database/512x384/5546979604.jpg,1,0,0,0,0,1,0,0,0,1,0,1,0,0,0,1,0,1,0,0
KonIQ-10k IQA Database/512x384/5547599151.jpg,1,0,0,0,0,0,0,0,0,0,1,0,0,1,0,0,0,0,0,1
KonIQ-10k IQA Database/512x384/5545551375.jpg,0,0,1,0,0,0,1,0,0,1,0,1,0,0,0,0,0,0,0,1
KonIQ-10k IQA Database/512x384/5550230387.jpg,0,0,0,0,1,1,0,0,1,0,0,0,1,0,0,0,0,0,0,1
KonIQ-10k IQA Database/512x384/5551470289.jpg,0,0,0,0,1,0,1,0,0,1,0,1,0,0,0,0,0,0,0,1
KonIQ-10k IQA Database/512x384/555190426.jpg,0,0,0,0,1,0,1,0,0,0,1,1,0,0,0,0,0,0,0,1
KonIQ-10k IQA Database/512x384/5552453199.jpg,1,0,0,0,0,1,0,0,0,1,0,1,0,0,1,1,0,0,0,0
KonIQ-10k IQA Database/512x384/5554016525.jpg,0,0,0,0,1,0,1,0,1,0,0,1,0,0,0,0,0,0,0,1
KonIQ-10k IQA Database/512x384/5552904756.jpg,1,0,0,0,0,1,0,0,1,0,0,1,0,0,1,0,0,0,0,0
KonIQ-10k IQA Database/512x384/5553150523.jpg,0,0,0,0,1,0,0,0,1,0,0,1,0,0,0,0,0,0,0,1
KonIQ-10k IQA Database/512x384/5554808879.jpg,0,0,1,0,0,0,1,0,1,0,0,1,0,0,0,0,0,0,0,1
KonIQ-10k IQA Database/512x384/5554551412.jpg,1,0,0,0,0,1,0,0,0,1,0,0,1,0,0,1,0,0,1,0
KonIQ-10k IQA Database/512x384/5554413140.jpg,1,0,0,0,0,1,0,0,0,1,0,1,0,0,0,1,0,0,0,0
KonIQ-10k IQA Database/512x384/5557351990.jpg,0,0,0,0,1,1,0,0,0,1,0,1,0,0,0,0,0,0,0,1
KonIQ-10k IQA Database/512x384/5559771526.jpg,1,0,0,0,0,1,0,0,1,0,0,1,0,0,0,0,0,0,0,1
KonIQ-10k IQA Database/512x384/5558342101.jpg,0,0,1,0,0,0,1,0,1,0,0,1,0,0,0,0,0,0,0,1
KonIQ-10k IQA Database/512x384/5560114332.jpg,0,0,1,0,0,0,1,0,0,0,1,1,0,0,0,0,1,0,0,0
KonIQ-10k IQA Database/512x384/5557571977.jpg,0,0,1,0,0,0,1,0,0,0,1,1,0,0,0,0,1,0,0,0
KonIQ-10k IQA Database/512x384/5561303733.jpg,0,0,1,0,0,0,0,0,0,1,0,1,0,0,0,0,0,0,0,1
KonIQ-10k IQA Database/512x384/5561556380.jpg,0,1,0,0,0,1,0,0,1,0,0,1,0,0,0,0,0,0,0,1
KonIQ-10k IQA Database/512x384/5561541116.jpg,0,0,1,0,0,0,1,0,0,1,0,0,1,0,0,0,0,0,0,1
KonIQ-10k IQA Database/512x384/5562631980.jpg,0,0,0,0,1,1,0,0,1,0,0,1,0,0,1,0,0,0,0,0
KonIQ-10k IQA Database/512x384/5562990409.jpg,0,0,1,0,0,1,0,0,0,1,0,1,0,0,0,0,1,0,0,0
KonIQ-10k IQA Database/512x384/5561903765.jpg,1,0,0,0,0,1,0,0,0,1,0,0,1,0,0,1,1,0,0,0
KonIQ-10k IQA Database/512x384/5564289750.jpg,0,1,0,0,0,1,0,0,0,1,0,1,0,0,0,0,0,0,1,0
KonIQ-10k IQA Database/512x384/5564925519.jpg,0,1,0,0,0,0,1,0,0,0,1,1,0,0,0,0,0,0,0,1
KonIQ-10k IQA Database/512x384/5563391138.jpg,0,0,1,0,0,0,1,0,0,0,1,1,0,0,0,0,0,0,1,0
KonIQ-10k IQA Database/512x384/5564762599.jpg,0,0,0,0,1,1,0,0,1,0,0,0,1,0,1,1,0,0,0,0
KonIQ-10k IQA Database/512x384/5564570846.jpg,0,1,0,0,0,1,0,0,1,0,0,0,1,0,1,0,0,0,0,0
KonIQ-10k IQA Database/512x384/5565514955.jpg,0,0,0,0,1,0,0,0,1,0,0,1,0,0,0,0,0,0,0,1
KonIQ-10k IQA Database/512x384/5566203819.jpg,0,0,0,0,1,0,1,0,0,1,0,1,0,0,0,0,0,0,0,1
KonIQ-10k IQA Database/512x384/5565922078.jpg,0,0,1,0,0,0,1,0,0,1,0,1,0,0,0,0,0,0,0,1
KonIQ-10k IQA Database/512x384/5569562301.jpg,0,0,0,0,1,0,0,0,0,1,0,1,0,0,0,0,0,0,0,1
KonIQ-10k IQA Database/512x384/5568534829.jpg,0,0,0,0,1,1,0,0,1,0,0,0,0,1,1,0,0,0,1,0
KonIQ-10k IQA Database/512x384/556649487.jpg,0,0,1,0,0,0,1,0,1,0,0,0,1,0,0,0,1,0,0,0
KonIQ-10k IQA Database/512x384/5569285371.jpg,1,0,0,0,0,1,0,0,1,0,0,1,0,0,1,1,0,0,0,0
KonIQ-10k IQA Database/512x384/5569876905.jpg,0,0,1,0,0,0,1,0,0,0,1,0,1,0,0,0,1,0,0,0
KonIQ-10k IQA Database/512x384/5571835679.jpg,0,0,1,0,0,0,1,0,0,0,1,1,0,0,0,0,1,0,0,0
KonIQ-10k IQA Database/512x384/5571768533.jpg,0,0,1,0,0,0,1,0,0,0,1,0,1,0,0,0,0,0,0,1
KonIQ-10k IQA Database/512x384/5572325411.jpg,0,0,0,1,0,0,1,0,1,0,0,0,1,0,0,0,1,0,0,0
KonIQ-10k IQA Database/512x384/5570837854.jpg,0,0,1,0,0,0,1,0,1,0,0,0,1,0,0,0,1,0,0,0
KonIQ-10k IQA Database/512x384/5573315618.jpg,0,1,0,0,0,0,1,0,0,0,1,0,1,0,0,0,0,0,0,1
KonIQ-10k IQA Database/512x384/5571612935.jpg,0,0,1,0,0,0,1,0,0,0,1,1,0,0,0,0,0,0,0,1
KonIQ-10k IQA Database/512x384/5573453953.jpg,0,0,1,0,0,0,1,0,0,1,0,1,0,0,0,0,0,0,0,1
KonIQ-10k IQA Database/512x384/5573505825.jpg,0,1,0,0,0,1,0,0,0,1,0,0,1,0,1,1,0,0,0,0
KonIQ-10k IQA Database/512x384/5572898913.jpg,0,0,1,0,0,0,1,0,0,0,1,0,1,0,0,0,0,0,0,1
KonIQ-10k IQA Database/512x384/5574048372.jpg,0,0,1,0,0,0,1,0,0,1,0,1,0,0,0,0,0,0,0,1
KonIQ-10k IQA Database/512x384/5573708083.jpg,0,0,1,0,0,0,1,0,0,0,1,1,0,0,0,0,0,0,0,1
KonIQ-10k IQA Database/512x384/5575057872.jpg,0,0,0,0,1,0,0,1,0,1,0,0,1,0,0,0,1,0,0,0
KonIQ-10k IQA Database/512x384/5577238906.jpg,0,0,0,0,1,1,0,0,0,1,0,1,0,0,0,0,0,0,0,1
KonIQ-10k IQA Database/512x384/5575661562.jpg,0,1,0,0,0,1,0,0,1,0,0,0,1,0,0,0,1,0,0,0
KonIQ-10k IQA Database/512x384/5577299644.jpg,0,0,1,0,0,0,1,0,0,1,0,1,0,0,0,0,0,0,0,1
KonIQ-10k IQA Database/512x384/5580400310.jpg,0,0,1,0,0,0,1,0,0,0,1,0,1,0,0,0,0,0,0,1
KonIQ-10k IQA Database/512x384/5580904626.jpg,0,0,0,0,1,0,0,0,0,1,0,1,0,0,0,0,0,0,0,1
KonIQ-10k IQA Database/512x384/5578143578.jpg,1,0,0,0,0,1,0,0,1,0,0,0,1,0,1,0,0,0,0,0
KonIQ-10k IQA Database/512x384/5577977748.jpg,0,0,0,1,0,0,0,1,0,0,1,1,0,0,0,0,1,0,0,0
KonIQ-10k IQA Database/512x384/55811639.jpg,0,1,0,0,0,0,1,0,0,0,1,1,0,0,0,0,0,0,0,1
KonIQ-10k IQA Database/512x384/5585956743.jpg,0,0,0,0,1,0,0,0,0,0,1,1,0,0,0,0,0,0,0,1
KonIQ-10k IQA Database/512x384/5583866722.jpg,0,0,0,0,1,1,0,0,1,0,0,1,0,0,0,1,0,0,0,0
KonIQ-10k IQA Database/512x384/5581852297.jpg,0,0,1,0,0,0,1,0,0,1,0,1,0,0,0,0,1,0,0,0
KonIQ-10k IQA Database/512x384/558820165.jpg,1,0,0,0,0,1,0,0,1,0,0,0,1,0,0,0,0,1,0,0
KonIQ-10k IQA Database/512x384/5586890749.jpg,0,1,0,0,0,1,0,0,1,0,0,1,0,0,1,0,0,0,1,0
KonIQ-10k IQA Database/512x384/5586376319.jpg,0,0,0,0,1,0,0,0,0,1,0,1,0,0,1,1,0,0,1,0
KonIQ-10k IQA Database/512x384/5588234773.jpg,0,0,1,0,0,0,1,0,0,0,1,1,0,0,0,0,0,0,0,1
KonIQ-10k IQA Database/512x384/5588363134.jpg,0,0,0,0,1,1,0,0,1,0,0,0,1,0,1,0,0,0,0,0
KonIQ-10k IQA Database/512x384/5588569639.jpg,0,0,0,0,1,1,0,0,1,0,0,1,0,0,0,0,0,0,0,1
KonIQ-10k IQA Database/512x384/5588623277.jpg,0,0,0,0,1,0,1,0,0,1,0,1,0,0,0,0,0,0,0,1
KonIQ-10k IQA Database/512x384/5590319772.jpg,1,0,0,0,0,1,0,0,0,1,0,0,1,0,0,0,0,1,0,0
KonIQ-10k IQA Database/512x384/5589406824.jpg,0,0,1,0,0,0,1,0,0,1,0,1,0,0,0,0,0,0,0,1
KonIQ-10k IQA Database/512x384/5590179803.jpg,0,0,1,0,0,0,1,0,0,1,0,1,0,0,0,0,1,0,0,0
KonIQ-10k IQA Database/512x384/5592031827.jpg,1,0,0,0,0,1,0,0,1,0,0,0,1,0,1,1,1,0,0,0
KonIQ-10k IQA Database/512x384/5588665887.jpg,1,0,0,0,0,1,0,0,0,1,0,1,0,0,0,1,0,0,0,0
KonIQ-10k IQA Database/512x384/5592040758.jpg,1,0,0,0,0,1,0,0,0,1,0,0,1,0,1,1,0,0,0,0
KonIQ-10k IQA Database/512x384/5592471041.jpg,0,0,0,0,1,1,0,0,0,1,0,1,0,0,0,0,0,0,0,1
KonIQ-10k IQA Database/512x384/5592815589.jpg,0,0,1,0,0,0,1,0,0,1,0,1,0,0,0,0,1,0,0,0
KonIQ-10k IQA Database/512x384/5593028853.jpg,0,0,1,0,0,0,1,0,0,0,1,1,0,0,0,0,0,0,0,1
KonIQ-10k IQA Database/512x384/5594109805.jpg,0,0,1,0,0,0,1,0,0,1,0,0,1,0,0,0,0,0,0,1
KonIQ-10k IQA Database/512x384/5593982816.jpg,0,0,1,0,0,0,1,0,0,1,0,1,0,0,0,0,1,0,0,0
KonIQ-10k IQA Database/512x384/5594639206.jpg,0,0,0,0,1,0,1,0,0,0,1,0,1,0,0,0,0,1,0,0
KonIQ-10k IQA Database/512x384/5594349841.jpg,0,1,0,0,0,1,0,0,1,0,0,0,0,1,1,0,0,0,1,0
KonIQ-10k IQA Database/512x384/5594332636.jpg,0,0,0,0,1,1,0,0,1,0,0,0,1,0,1,0,1,0,0,0
KonIQ-10k IQA Database/512x384/5594665184.jpg,0,1,0,0,0,1,0,0,1,0,0,0,1,0,0,0,0,0,1,0
KonIQ-10k IQA Database/512x384/5596136215.jpg,1,0,0,0,0,1,0,0,0,1,0,1,0,0,0,1,0,0,0,0
KonIQ-10k IQA Database/512x384/5597029310.jpg,0,0,1,0,0,0,1,0,0,1,0,1,0,0,0,1,0,0,0,0
KonIQ-10k IQA Database/512x384/5597221402.jpg,0,0,1,0,0,0,1,0,1,0,0,1,0,0,0,0,1,0,0,0
KonIQ-10k IQA Database/512x384/5596270310.jpg,0,0,0,0,1,1,0,0,0,1,0,0,0,1,1,0,0,0,0,0
KonIQ-10k IQA Database/512x384/5597328203.jpg,0,0,1,0,0,0,1,0,0,0,1,0,1,0,0,0,1,0,0,0
KonIQ-10k IQA Database/512x384/5599500585.jpg,0,0,0,0,1,1,0,0,1,0,0,0,1,0,1,0,1,1,0,0
KonIQ-10k IQA Database/512x384/5599655175.jpg,0,0,1,0,0,0,1,0,1,0,0,0,1,0,0,0,0,0,0,1
KonIQ-10k IQA Database/512x384/560054684.jpg,0,0,1,0,0,0,1,0,0,0,1,1,0,0,0,0,0,0,0,1
KonIQ-10k IQA Database/512x384/5598111719.jpg,0,0,0,0,1,1,0,0,1,0,0,0,1,0,0,1,0,0,0,0
KonIQ-10k IQA Database/512x384/5599685670.jpg,0,0,0,0,1,0,0,0,0,1,0,1,0,0,0,0,1,0,0,0
KonIQ-10k IQA Database/512x384/5601711871.jpg,0,0,0,0,1,1,0,0,0,1,0,0,1,0,0,0,1,1,0,0
KonIQ-10k IQA Database/512x384/5602088551.jpg,0,0,1,0,0,0,1,0,0,1,0,1,0,0,0,0,0,0,0,1
KonIQ-10k IQA Database/512x384/5602195949.jpg,0,0,1,0,0,0,1,0,0,1,0,1,0,0,0,0,0,0,0,1
KonIQ-10k IQA Database/512x384/5602472061.jpg,0,0,0,0,1,1,0,0,0,1,0,1,0,0,0,0,0,0,0,1
KonIQ-10k IQA Database/512x384/5604745238.jpg,0,0,1,0,0,0,1,0,0,0,1,1,0,0,0,0,0,0,0,1
KonIQ-10k IQA Database/512x384/5602672763.jpg,1,0,0,0,0,1,0,0,0,1,0,1,0,0,0,1,0,0,0,0
KonIQ-10k IQA Database/512x384/5605845677.jpg,0,0,0,0,1,0,0,0,1,0,0,1,0,0,0,0,0,0,0,1
KonIQ-10k IQA Database/512x384/5602815566.jpg,1,0,0,0,0,1,0,0,1,0,0,1,0,0,0,1,0,0,0,0
KonIQ-10k IQA Database/512x384/5606263347.jpg,0,0,0,0,1,0,1,0,0,0,1,1,0,0,0,0,1,0,0,0
KonIQ-10k IQA Database/512x384/5606634799.jpg,1,0,0,0,0,1,0,0,0,1,0,0,1,0,0,0,0,0,1,0
KonIQ-10k IQA Database/512x384/5607542951.jpg,1,0,0,0,0,1,0,0,0,1,0,1,0,0,0,0,0,0,1,0
KonIQ-10k IQA Database/512x384/5606693622.jpg,0,0,0,0,1,1,0,0,1,0,0,1,0,0,0,0,0,0,0,1
KonIQ-10k IQA Database/512x384/5609386026.jpg,0,1,0,0,0,0,1,0,0,0,1,0,1,0,0,0,0,0,1,0
KonIQ-10k IQA Database/512x384/5611315745.jpg,0,0,1,0,0,0,1,0,0,1,0,1,0,0,0,0,0,0,0,1
KonIQ-10k IQA Database/512x384/5611311337.jpg,0,0,1,0,0,0,1,0,0,1,0,1,0,0,0,0,0,0,0,1
KonIQ-10k IQA Database/512x384/561215186.jpg,1,0,0,0,0,1,0,0,0,1,0,0,1,0,0,0,0,0,1,0
KonIQ-10k IQA Database/512x384/5612537234.jpg,0,0,0,0,1,1,0,0,0,1,0,0,1,0,0,1,0,0,1,0
KonIQ-10k IQA Database/512x384/5616548747.jpg,0,0,0,0,1,1,0,0,0,1,0,0,1,0,0,1,0,0,0,0
KonIQ-10k IQA Database/512x384/5613166397.jpg,1,0,0,0,0,1,0,0,0,0,1,0,0,1,0,0,0,1,0,0
KonIQ-10k IQA Database/512x384/5613119527.jpg,0,0,0,0,1,1,0,0,0,1,0,0,1,0,0,0,1,0,0,0
KonIQ-10k IQA Database/512x384/5615226673.jpg,0,0,1,0,0,0,1,0,0,1,0,0,1,0,0,0,1,0,0,0
KonIQ-10k IQA Database/512x384/5617741019.jpg,0,0,1,0,0,0,1,0,0,0,1,1,0,0,0,0,0,0,0,1
KonIQ-10k IQA Database/512x384/5617865491.jpg,0,0,1,0,0,0,1,0,0,0,1,1,0,0,0,0,0,0,0,1
KonIQ-10k IQA Database/512x384/5619348479.jpg,1,0,0,0,0,1,0,0,0,1,0,0,1,0,0,0,0,1,0,0
KonIQ-10k IQA Database/512x384/5619807447.jpg,0,0,0,0,1,0,1,0,1,0,0,1,0,0,0,0,0,0,0,1
KonIQ-10k IQA Database/512x384/5621947330.jpg,0,0,0,0,1,1,0,0,1,0,0,0,1,0,0,1,1,0,0,0
KonIQ-10k IQA Database/512x384/5622280405.jpg,0,0,1,0,0,0,1,0,0,0,1,1,0,0,0,1,0,0,0,0
KonIQ-10k IQA Database/512x384/5621762674.jpg,1,0,0,0,0,0,1,0,0,1,0,1,0,0,0,1,0,0,0,0
KonIQ-10k IQA Database/512x384/5625316207.jpg,1,0,0,0,0,1,0,0,0,1,0,1,0,0,0,0,0,0,1,0
KonIQ-10k IQA Database/512x384/5623266706.jpg,1,0,0,0,0,1,0,0,0,1,0,1,0,0,1,0,0,1,0,0
KonIQ-10k IQA Database/512x384/5625825104.jpg,0,1,0,0,0,1,0,0,1,0,0,0,1,0,1,0,1,0,0,0
KonIQ-10k IQA Database/512x384/5626243539.jpg,1,0,0,0,0,0,0,0,0,0,1,0,0,1,0,0,0,0,1,0
KonIQ-10k IQA Database/512x384/5622618497.jpg,0,1,0,0,0,1,0,0,0,1,0,0,0,1,1,0,0,0,0,0
KonIQ-10k IQA Database/512x384/56278886.jpg,0,0,0,1,0,0,1,0,0,0,1,1,0,0,0,0,1,0,0,0
KonIQ-10k IQA Database/512x384/5627315065.jpg,1,0,0,0,0,1,0,0,1,0,0,1,0,0,0,1,0,0,0,0
KonIQ-10k IQA Database/512x384/5627914510.jpg,0,0,0,0,1,1,0,0,1,0,0,0,0,1,1,1,0,0,0,0
KonIQ-10k IQA Database/512x384/5628057241.jpg,0,0,1,0,0,0,1,0,0,1,0,1,0,0,0,0,0,0,0,1
KonIQ-10k IQA Database/512x384/5628498882.jpg,1,0,0,0,0,1,0,0,1,0,0,1,0,0,0,1,0,0,0,0
KonIQ-10k IQA Database/512x384/5628766419.jpg,0,1,0,0,0,0,1,0,0,0,1,0,1,0,1,0,0,0,0,0
KonIQ-10k IQA Database/512x384/5629171325.jpg,0,1,0,0,0,1,0,0,1,0,0,1,0,0,1,0,0,0,0,0
KonIQ-10k IQA Database/512x384/562942809.jpg,0,0,1,0,0,0,1,0,0,0,1,0,1,0,0,0,0,0,0,1
KonIQ-10k IQA Database/512x384/5628676220.jpg,0,0,0,1,0,0,1,0,1,0,0,1,0,0,0,0,1,0,0,0
KonIQ-10k IQA Database/512x384/5628885328.jpg,0,0,0,0,1,1,0,0,1,0,0,0,1,0,0,0,1,1,0,0
KonIQ-10k IQA Database/512x384/5630657407.jpg,0,0,0,0,1,1,0,0,1,0,0,0,1,0,0,1,1,0,0,0
KonIQ-10k IQA Database/512x384/5631644954.jpg,0,0,1,0,0,0,1,0,0,1,0,0,1,0,0,0,0,0,0,1
KonIQ-10k IQA Database/512x384/5631740117.jpg,0,0,0,0,1,1,0,0,1,0,0,0,1,0,1,0,0,0,0,0
KonIQ-10k IQA Database/512x384/5633412794.jpg,0,0,0,0,1,0,1,0,1,0,0,1,0,0,0,0,0,0,1,0
KonIQ-10k IQA Database/512x384/5632060967.jpg,0,0,0,0,1,1,0,0,1,0,0,0,1,0,0,0,1,0,0,0
KonIQ-10k IQA Database/512x384/5631242230.jpg,0,0,0,0,1,1,0,0,1,0,0,1,0,0,0,1,0,0,0,0
KonIQ-10k IQA Database/512x384/563363297.jpg,1,0,0,0,0,1,0,0,0,1,0,0,0,1,0,0,0,1,0,0
KonIQ-10k IQA Database/512x384/5630751358.jpg,1,0,0,0,0,1,0,0,1,0,0,1,0,0,0,1,0,0,0,0
KonIQ-10k IQA Database/512x384/5634507491.jpg,0,0,1,0,0,0,1,0,0,0,1,0,1,0,0,0,0,0,0,1
KonIQ-10k IQA Database/512x384/5634844318.jpg,0,0,0,0,1,1,0,0,0,0,1,0,1,0,0,0,0,1,0,0
KonIQ-10k IQA Database/512x384/563494328.jpg,0,0,1,0,0,0,1,0,0,0,1,0,1,0,0,0,0,1,0,0
KonIQ-10k IQA Database/512x384/5635139040.jpg,0,1,0,0,0,1,0,0,0,1,0,1,0,0,1,0,0,0,1,0
KonIQ-10k IQA Database/512x384/5610005411.jpg,0,0,0,0,1,1,0,0,1,0,0,1,0,0,1,0,0,0,0,0
KonIQ-10k IQA Database/512x384/5637731734.jpg,0,0,1,0,0,0,1,0,0,1,0,1,0,0,0,0,1,0,0,0
KonIQ-10k IQA Database/512x384/5642132751.jpg,0,0,1,0,0,0,1,0,0,0,1,1,0,0,0,0,0,0,0,1
KonIQ-10k IQA Database/512x384/5636641388.jpg,0,1,0,0,0,1,0,0,0,1,0,1,0,0,0,0,0,0,1,0
KonIQ-10k IQA Database/512x384/5642698379.jpg,1,0,0,0,0,1,0,0,0,1,0,0,0,1,0,0,0,0,1,0
KonIQ-10k IQA Database/512x384/5643887824.jpg,0,0,0,0,1,1,0,0,1,0,0,1,0,0,1,0,0,0,0,0
KonIQ-10k IQA Database/512x384/5643675511.jpg,0,0,1,0,0,0,1,0,0,0,1,1,0,0,0,0,1,0,0,0
KonIQ-10k IQA Database/512x384/5643888483.jpg,0,0,0,0,1,1,0,0,1,0,0,0,0,1,1,0,0,0,0,0
KonIQ-10k IQA Database/512x384/5644640425.jpg,0,0,1,0,0,0,1,0,0,1,0,1,0,0,0,0,0,0,0,1
KonIQ-10k IQA Database/512x384/5644548369.jpg,0,0,0,1,0,0,1,0,1,0,0,1,0,0,0,0,1,0,0,0
KonIQ-10k IQA Database/512x384/5645210616.jpg,0,0,0,0,1,1,0,0,0,1,0,0,1,0,0,1,0,0,1,0
KonIQ-10k IQA Database/512x384/5644717504.jpg,1,0,0,0,0,1,0,0,0,1,0,0,1,0,0,0,1,1,0,0
KonIQ-10k IQA Database/512x384/5645356042.jpg,0,0,1,0,0,0,1,0,0,1,0,0,1,0,0,0,1,0,0,0
KonIQ-10k IQA Database/512x384/5645276165.jpg,0,0,1,0,0,1,0,0,1,0,0,1,0,0,0,0,0,0,0,1
KonIQ-10k IQA Database/512x384/5645503965.jpg,0,0,0,1,0,1,0,0,0,1,0,1,0,0,0,0,1,1,0,0
KonIQ-10k IQA Database/512x384/5645568177.jpg,1,0,0,0,0,1,0,0,0,1,0,1,0,0,0,0,0,1,0,0
KonIQ-10k IQA Database/512x384/5645669819.jpg,0,0,0,0,1,1,0,0,0,1,0,1,0,0,0,0,1,1,0,0
KonIQ-10k IQA Database/512x384/5645990670.jpg,0,0,0,0,1,1,0,0,0,0,1,0,1,0,0,0,1,1,0,0
KonIQ-10k IQA Database/512x384/5646094610.jpg,1,0,0,0,0,1,0,0,0,1,0,1,0,0,0,0,0,1,0,0
KonIQ-10k IQA Database/512x384/5646738672.jpg,0,0,1,0,0,0,1,0,0,1,0,1,0,0,0,0,0,0,0,1
KonIQ-10k IQA Database/512x384/5647243489.jpg,0,0,1,0,0,0,1,0,0,0,1,1,0,0,0,0,0,0,0,1
KonIQ-10k IQA Database/512x384/5647215115.jpg,0,0,0,0,1,1,0,0,1,0,0,0,1,0,1,0,0,0,0,0
KonIQ-10k IQA Database/512x384/5646137718.jpg,1,0,0,0,0,1,0,0,0,1,0,1,0,0,0,1,0,0,0,0
KonIQ-10k IQA Database/512x384/5648003529.jpg,1,0,0,0,0,1,0,0,0,1,0,1,0,0,0,1,0,0,0,0
KonIQ-10k IQA Database/512x384/564783596.jpg,0,0,1,0,0,1,0,0,1,0,0,1,0,0,0,0,0,0,1,0
KonIQ-10k IQA Database/512x384/5649238461.jpg,0,0,1,0,0,0,1,0,0,0,1,1,0,0,0,0,0,0,0,1
KonIQ-10k IQA Database/512x384/5650628470.jpg,1,0,0,0,0,1,0,0,0,1,0,1,0,0,0,1,0,1,0,0
KonIQ-10k IQA Database/512x384/5651165439.jpg,1,0,0,0,0,1,0,0,0,1,0,1,0,0,0,1,0,0,0,0
KonIQ-10k IQA Database/512x384/5651460875.jpg,0,0,0,0,1,1,0,0,0,1,0,1,0,0,0,0,0,0,1,0
KonIQ-10k IQA Database/512x384/5652034742.jpg,0,0,0,0,1,1,0,0,1,0,0,0,0,1,1,0,0,0,0,0
KonIQ-10k IQA Database/512x384/5651646348.jpg,1,0,0,0,0,1,0,0,0,1,0,0,1,0,0,0,0,1,0,0
KonIQ-10k IQA Database/512x384/5652671086.jpg,0,0,1,0,0,0,1,0,0,1,0,1,0,0,0,0,0,0,0,1
KonIQ-10k IQA Database/512x384/5656494008.jpg,0,0,0,0,1,1,0,0,0,1,0,1,0,0,1,0,0,0,0,0
KonIQ-10k IQA Database/512x384/5650073370.jpg,1,0,0,0,0,1,0,0,0,1,0,1,0,0,0,1,0,0,0,0
KonIQ-10k IQA Database/512x384/5657214180.jpg,0,1,0,0,0,1,0,0,0,1,0,0,1,0,1,0,1,0,0,0
KonIQ-10k IQA Database/512x384/5655651548.jpg,0,0,1,0,0,0,1,0,0,1,0,1,0,0,0,0,0,1,0,0
KonIQ-10k IQA Database/512x384/5656752407.jpg,0,1,0,0,0,1,0,0,1,0,0,1,0,0,0,0,1,0,0,0
KonIQ-10k IQA Database/512x384/5657622409.jpg,0,0,1,0,0,0,1,0,0,1,0,0,1,0,0,0,1,0,0,0
KonIQ-10k IQA Database/512x384/5657799294.jpg,0,1,0,0,0,1,0,0,0,1,0,0,1,0,0,0,0,0,1,0
KonIQ-10k IQA Database/512x384/5659520017.jpg,0,0,1,0,0,0,1,0,0,1,0,1,0,0,0,0,0,0,0,1
KonIQ-10k IQA Database/512x384/5657790806.jpg,0,0,0,1,0,0,1,0,0,0,1,1,0,0,0,0,1,0,0,0
KonIQ-10k IQA Database/512x384/5660281772.jpg,0,0,1,0,0,0,1,0,0,0,1,1,0,0,0,0,0,0,1,0
KonIQ-10k IQA Database/512x384/5658520618.jpg,0,0,0,0,1,1,0,0,1,0,0,0,0,1,1,0,0,0,0,0
KonIQ-10k IQA Database/512x384/5660186741.jpg,0,0,0,1,0,1,0,0,1,0,0,1,0,0,0,1,1,0,0,0
KonIQ-10k IQA Database/512x384/5663852709.jpg,0,1,0,0,0,1,0,0,0,1,0,1,0,0,0,0,0,0,0,1
KonIQ-10k IQA Database/512x384/5661464368.jpg,0,0,1,0,0,0,1,0,1,0,0,1,0,0,0,0,0,0,0,1
KonIQ-10k IQA Database/512x384/5660004991.jpg,0,0,0,0,1,0,0,0,0,0,1,1,0,0,0,0,0,1,0,0
KonIQ-10k IQA Database/512x384/5664036497.jpg,0,0,1,0,0,0,1,0,0,1,0,1,0,0,0,1,0,0,0,0
KonIQ-10k IQA Database/512x384/5664282389.jpg,0,0,1,0,0,0,1,0,0,0,1,0,1,0,0,0,0,0,0,1
KonIQ-10k IQA Database/512x384/5665181716.jpg,0,0,0,1,0,0,1,0,0,0,1,1,0,0,0,0,0,0,0,1
KonIQ-10k IQA Database/512x384/5666479112.jpg,1,0,0,0,0,1,0,0,0,1,0,1,0,0,0,1,0,0,0,0
KonIQ-10k IQA Database/512x384/5664632199.jpg,0,0,0,0,1,0,0,0,0,0,1,0,0,1,0,0,0,0,0,1
KonIQ-10k IQA Database/512x384/5666081630.jpg,0,0,0,0,1,1,0,0,1,0,0,0,1,0,0,1,0,0,0,0
KonIQ-10k IQA Database/512x384/5669528587.jpg,0,0,1,0,0,0,1,0,0,1,0,1,0,0,0,0,0,0,0,1
KonIQ-10k IQA Database/512x384/5665436785.jpg,0,1,0,0,0,1,0,0,0,1,0,1,0,0,0,1,0,0,0,0
KonIQ-10k IQA Database/512x384/5667961686.jpg,0,0,0,0,1,1,0,0,0,1,0,1,0,0,0,0,0,0,1,0
KonIQ-10k IQA Database/512x384/5667464271.jpg,0,0,0,0,1,1,0,0,1,0,0,0,1,0,1,0,0,0,0,0
KonIQ-10k IQA Database/512x384/5669626699.jpg,0,0,1,0,0,0,1,0,0,1,0,1,0,0,0,0,1,0,0,0
KonIQ-10k IQA Database/512x384/56696266993.jpg,0,0,1,0,0,0,1,0,0,0,1,1,0,0,0,0,1,0,0,0
KonIQ-10k IQA Database/512x384/5669648365.jpg,0,1,0,0,0,1,0,0,0,0,1,1,0,0,1,1,0,0,0,0
KonIQ-10k IQA Database/512x384/5670774641.jpg,0,0,0,0,1,1,0,0,1,0,0,1,0,0,0,0,1,1,0,0
KonIQ-10k IQA Database/512x384/5670925520.jpg,1,0,0,0,0,1,0,0,1,0,0,1,0,0,0,1,0,0,0,0
KonIQ-10k IQA Database/512x384/5671199285.jpg,0,0,1,0,0,0,1,0,0,1,0,1,0,0,0,0,1,0,0,0
KonIQ-10k IQA Database/512x384/5671373340.jpg,1,0,0,0,0,1,0,0,0,1,0,1,0,0,0,1,0,0,0,0
KonIQ-10k IQA Database/512x384/5671581323.jpg,0,0,0,0,1,1,0,0,1,0,0,1,0,0,1,0,0,0,0,0
KonIQ-10k IQA Database/512x384/5673447503.jpg,0,0,0,0,1,1,0,0,0,1,0,0,1,0,0,0,0,0,0,1
KonIQ-10k IQA Database/512x384/5671296107.jpg,0,0,1,0,0,0,1,0,0,1,0,1,0,0,0,1,0,0,0,0
KonIQ-10k IQA Database/512x384/5673514295.jpg,0,0,1,0,0,0,1,0,1,0,0,1,0,0,0,0,0,0,1,0
KonIQ-10k IQA Database/512x384/5674214513.jpg,1,0,0,0,0,1,0,0,1,0,0,0,1,0,1,0,0,0,0,0
KonIQ-10k IQA Database/512x384/5674445474.jpg,0,0,1,0,0,0,1,0,0,1,0,1,0,0,0,0,1,0,0,0
KonIQ-10k IQA Database/512x384/5675336678.jpg,0,0,0,0,1,1,0,0,1,0,0,1,0,0,0,1,0,0,0,0
KonIQ-10k IQA Database/512x384/56753366787.jpg,1,0,0,0,0,1,0,0,1,0,0,0,1,0,0,1,0,0,0,0
KonIQ-10k IQA Database/512x384/5678053727.jpg,0,1,0,0,0,1,0,0,0,1,0,1,0,0,1,0,0,0,0,0
KonIQ-10k IQA Database/512x384/5676561526.jpg,0,0,0,0,1,1,0,0,0,1,0,1,0,0,0,1,0,0,0,0
KonIQ-10k IQA Database/512x384/5677087869.jpg,0,1,0,0,0,1,0,0,1,0,0,0,1,0,1,1,0,0,0,0
KonIQ-10k IQA Database/512x384/5679420644.jpg,0,0,0,0,1,1,0,0,1,0,0,0,1,0,1,0,0,0,0,0
KonIQ-10k IQA Database/512x384/5678174838.jpg,1,0,0,0,0,1,0,0,1,0,0,0,1,0,0,1,1,0,0,0
KonIQ-10k IQA Database/512x384/5677116051.jpg,0,0,0,0,1,1,0,0,1,0,0,1,0,0,0,0,0,0,0,1
KonIQ-10k IQA Database/512x384/5679411319.jpg,0,0,0,0,1,1,0,0,0,1,0,1,0,0,0,1,0,0,0,0
KonIQ-10k IQA Database/512x384/5679431462.jpg,0,0,1,0,0,1,0,0,1,0,0,1,0,0,0,0,0,0,0,1
KonIQ-10k IQA Database/512x384/5680237187.jpg,0,0,1,0,0,0,1,0,1,0,0,1,0,0,0,0,1,0,0,0
KonIQ-10k IQA Database/512x384/5680314396.jpg,0,0,0,0,1,1,0,0,0,1,0,1,0,0,0,1,0,0,0,0
KonIQ-10k IQA Database/512x384/5681342957.jpg,0,0,1,0,0,0,1,0,0,1,0,0,1,0,0,0,0,0,0,1
KonIQ-10k IQA Database/512x384/5680571645.jpg,0,1,0,0,0,1,0,0,0,1,0,0,1,0,0,0,0,1,0,0
KonIQ-10k IQA Database/512x384/5680623261.jpg,1,0,0,0,0,1,0,0,1,0,0,0,1,0,0,1,0,0,0,0
KonIQ-10k IQA Database/512x384/5681154520.jpg,1,0,0,0,0,1,0,0,0,1,0,0,0,1,1,1,0,1,0,0
KonIQ-10k IQA Database/512x384/5682778748.jpg,0,0,1,0,0,0,1,0,0,0,1,1,0,0,0,0,0,0,0,1
KonIQ-10k IQA Database/512x384/5682574149.jpg,1,0,0,0,0,0,1,0,0,0,1,0,1,0,1,0,0,0,0,0
KonIQ-10k IQA Database/512x384/5683736894.jpg,0,1,0,0,0,0,1,0,0,0,1,0,1,0,0,0,1,0,0,0
KonIQ-10k IQA Database/512x384/5681785926.jpg,0,0,1,0,0,0,1,0,0,1,0,1,0,0,0,0,1,0,0,0
KonIQ-10k IQA Database/512x384/5683735781.jpg,0,1,0,0,0,1,0,0,0,1,0,0,1,0,0,0,1,1,0,0
KonIQ-10k IQA Database/512x384/5681801478.jpg,0,1,0,0,0,1,0,0,1,0,0,0,1,0,1,1,0,0,0,0
KonIQ-10k IQA Database/512x384/5681482199.jpg,0,0,1,0,0,0,1,0,0,1,0,1,0,0,0,0,1,0,0,0
KonIQ-10k IQA Database/512x384/5684082265.jpg,0,1,0,0,0,1,0,0,1,0,0,0,1,0,0,0,0,0,1,0
KonIQ-10k IQA Database/512x384/5684894057.jpg,1,0,0,0,0,1,0,0,0,1,0,1,0,0,0,1,0,0,0,0
KonIQ-10k IQA Database/512x384/5685134916.jpg,1,0,0,0,0,1,0,0,1,0,0,1,0,0,0,1,0,0,0,0
KonIQ-10k IQA Database/512x384/5684960466.jpg,0,1,0,0,0,1,0,0,1,0,0,1,0,0,0,1,0,0,0,0
KonIQ-10k IQA Database/512x384/5685822958.jpg,0,0,0,1,0,1,0,0,0,1,0,1,0,0,0,1,0,0,0,0
KonIQ-10k IQA Database/512x384/5685877023.jpg,0,1,0,0,0,0,1,0,0,0,1,0,0,1,0,0,0,0,0,1
KonIQ-10k IQA Database/512x384/5684508410.jpg,0,0,1,0,0,0,0,1,1,0,0,0,1,0,0,0,1,0,0,0
KonIQ-10k IQA Database/512x384/5687490427.jpg,0,0,1,0,0,0,1,0,0,0,1,1,0,0,0,0,0,0,0,1
KonIQ-10k IQA Database/512x384/5689072971.jpg,0,0,0,1,0,1,0,0,1,0,0,0,1,0,0,0,1,0,0,0
KonIQ-10k IQA Database/512x384/5690945868.jpg,1,0,0,0,0,1,0,0,1,0,0,1,0,0,0,1,0,0,0,0
KonIQ-10k IQA Database/512x384/5690703973.jpg,0,0,1,0,0,0,1,0,0,0,1,0,1,0,0,0,1,0,0,0
KonIQ-10k IQA Database/512x384/5690961665.jpg,0,0,1,0,0,0,1,0,0,1,0,0,1,0,0,0,1,0,0,0
KonIQ-10k IQA Database/512x384/5692339429.jpg,0,0,0,0,1,0,1,0,1,0,0,1,0,0,0,0,0,0,0,1
KonIQ-10k IQA Database/512x384/5692807668.jpg,0,1,0,0,0,0,1,0,0,0,1,0,1,0,0,0,0,0,0,1
KonIQ-10k IQA Database/512x384/5692933688.jpg,0,0,0,0,1,0,1,0,1,0,0,1,0,0,0,0,0,0,0,1
KonIQ-10k IQA Database/512x384/5692969991.jpg,0,0,1,0,0,0,1,0,0,1,0,0,1,0,0,0,1,0,0,0
KonIQ-10k IQA Database/512x384/5693602630.jpg,0,0,1,0,0,0,1,0,0,1,0,1,0,0,0,0,0,0,0,1
KonIQ-10k IQA Database/512x384/5695511111.jpg,0,0,1,0,0,0,1,0,0,1,0,0,1,0,0,0,1,0,0,0
KonIQ-10k IQA Database/512x384/5691962850.jpg,0,1,0,0,0,0,1,0,0,1,0,1,0,0,0,0,0,0,1,0
KonIQ-10k IQA Database/512x384/5694228883.jpg,0,1,0,0,0,1,0,0,1,0,0,0,1,0,1,1,0,0,0,0
KonIQ-10k IQA Database/512x384/5698690184.jpg,0,0,1,0,0,0,1,0,0,1,0,1,0,0,0,0,1,0,0,0
KonIQ-10k IQA Database/512x384/5699749992.jpg,0,1,0,0,0,1,0,0,0,1,0,1,0,0,0,1,0,0,1,0
KonIQ-10k IQA Database/512x384/5700146083.jpg,1,0,0,0,0,1,0,0,1,0,0,1,0,0,0,1,0,0,0,0
KonIQ-10k IQA Database/512x384/5699762014.jpg,0,0,1,0,0,1,0,0,0,1,0,1,0,0,0,0,0,0,0,1
KonIQ-10k IQA Database/512x384/5700592133.jpg,0,1,0,0,0,1,0,0,1,0,0,0,1,0,0,1,1,0,0,0
KonIQ-10k IQA Database/512x384/5701016184.jpg,0,0,0,0,1,0,0,0,0,0,1,1,0,0,0,0,0,0,0,1
KonIQ-10k IQA Database/512x384/5700224418.jpg,0,0,0,0,1,1,0,0,1,0,0,1,0,0,0,1,0,0,0,0
KonIQ-10k IQA Database/512x384/5701314350.jpg,1,0,0,0,0,1,0,0,1,0,0,0,1,0,1,1,0,0,0,0
KonIQ-10k IQA Database/512x384/5705716016.jpg,1,0,0,0,0,1,0,0,0,1,0,1,0,0,0,1,0,0,0,0
KonIQ-10k IQA Database/512x384/5700803236.jpg,0,1,0,0,0,1,0,0,1,0,0,0,0,1,1,0,0,0,1,0
KonIQ-10k IQA Database/512x384/570171486.jpg,0,0,0,0,1,0,0,0,1,0,0,1,0,0,0,0,0,0,0,1
KonIQ-10k IQA Database/512x384/5706720351.jpg,0,0,1,0,0,0,1,0,0,0,1,1,0,0,0,0,1,0,0,0
KonIQ-10k IQA Database/512x384/5702257196.jpg,0,0,1,0,0,0,1,0,0,1,0,1,0,0,0,0,0,0,0,1
KonIQ-10k IQA Database/512x384/5706891854.jpg,0,0,0,0,1,0,1,0,1,0,0,1,0,0,0,0,0,0,0,1
KonIQ-10k IQA Database/512x384/5707035849.jpg,0,1,0,0,0,1,0,0,1,0,0,0,1,0,0,0,1,0,0,0
KonIQ-10k IQA Database/512x384/5707373155.jpg,0,0,1,0,0,0,1,0,1,0,0,0,1,0,0,0,1,0,0,0
KonIQ-10k IQA Database/512x384/5707521864.jpg,0,1,0,0,0,1,0,0,0,1,0,1,0,0,0,0,1,0,0,0
KonIQ-10k IQA Database/512x384/5708496664.jpg,0,0,1,0,0,0,0,1,0,1,0,1,0,0,0,1,0,0,0,0
KonIQ-10k IQA Database/512x384/5707149624.jpg,0,0,0,1,0,0,1,0,1,0,0,0,1,0,0,0,1,0,0,0
KonIQ-10k IQA Database/512x384/5709659001.jpg,0,1,0,0,0,0,1,0,0,0,1,1,0,0,0,0,1,0,0,0
KonIQ-10k IQA Database/512x384/5711022887.jpg,0,0,1,0,0,0,1,0,0,1,0,1,0,0,0,0,1,0,0,0
KonIQ-10k IQA Database/512x384/5712901839.jpg,0,1,0,0,0,0,0,0,0,0,1,1,0,0,0,0,1,0,0,0
KonIQ-10k IQA Database/512x384/5714331882.jpg,0,0,1,0,0,0,0,1,0,1,0,0,1,0,0,0,0,0,0,1
KonIQ-10k IQA Database/512x384/5713375255.jpg,0,0,1,0,0,0,1,0,0,0,1,0,1,0,0,0,1,0,0,0
KonIQ-10k IQA Database/512x384/5717976598.jpg,0,0,1,0,0,1,0,0,0,0,1,0,1,0,0,1,0,0,0,0
KonIQ-10k IQA Database/512x384/5716274912.jpg,1,0,0,0,0,1,0,0,1,0,0,0,1,0,0,0,1,1,0,0
KonIQ-10k IQA Database/512x384/5715854575.jpg,0,0,0,0,1,1,0,0,1,0,0,0,1,0,0,1,1,0,0,0
KonIQ-10k IQA Database/512x384/5718858871.jpg,0,0,0,0,1,1,0,0,0,1,0,0,1,0,1,1,1,0,0,0
KonIQ-10k IQA Database/512x384/5719070301.jpg,0,0,1,0,0,0,1,0,0,0,1,1,0,0,0,0,1,0,0,0
KonIQ-10k IQA Database/512x384/5723599109.jpg,0,0,1,0,0,0,1,0,0,0,1,0,1,0,0,0,0,0,0,1
KonIQ-10k IQA Database/512x384/5724255636.jpg,0,1,0,0,0,0,1,0,0,0,1,0,1,0,0,1,0,0,0,0
KonIQ-10k IQA Database/512x384/5720139957.jpg,1,0,0,0,0,1,0,0,0,1,0,0,1,0,0,1,0,0,0,0
KonIQ-10k IQA Database/512x384/5719459427.jpg,1,0,0,0,0,1,0,0,1,0,0,0,1,0,1,1,0,0,0,0
KonIQ-10k IQA Database/512x384/5720446079.jpg,1,0,0,0,0,1,0,0,0,1,0,1,0,0,0,1,0,0,0,0
KonIQ-10k IQA Database/512x384/5719653094.jpg,0,0,1,0,0,0,1,0,0,0,1,1,0,0,0,0,0,0,0,1
KonIQ-10k IQA Database/512x384/5724656586.jpg,0,0,1,0,0,0,1,0,0,0,1,1,0,0,0,0,1,0,0,0
KonIQ-10k IQA Database/512x384/5726241150.jpg,0,0,1,0,0,0,1,0,0,1,0,0,1,0,0,0,1,0,0,0
KonIQ-10k IQA Database/512x384/5727031782.jpg,0,0,1,0,0,0,1,0,0,1,0,1,0,0,0,0,0,0,0,1
KonIQ-10k IQA Database/512x384/5727760730.jpg,0,0,1,0,0,0,1,0,0,1,0,0,1,0,0,0,1,0,0,0
KonIQ-10k IQA Database/512x384/5725492383.jpg,0,0,1,0,0,0,1,0,1,0,0,1,0,0,0,0,0,0,0,1
KonIQ-10k IQA Database/512x384/5726507119.jpg,0,0,0,0,1,1,0,0,1,0,0,1,0,0,0,1,0,0,0,0
KonIQ-10k IQA Database/512x384/5731936449.jpg,0,0,0,0,1,0,1,0,1,0,0,1,0,0,0,0,0,0,0,1
KonIQ-10k IQA Database/512x384/5727908818.jpg,0,0,0,1,0,1,0,0,0,1,0,1,0,0,0,1,1,0,0,0
KonIQ-10k IQA Database/512x384/5730689688.jpg,0,0,0,1,0,1,0,0,1,0,0,1,0,0,0,1,0,0,0,0
KonIQ-10k IQA Database/512x384/5732196042.jpg,0,0,1,0,0,0,1,0,0,1,0,1,0,0,0,1,0,0,0,0
KonIQ-10k IQA Database/512x384/5732256845.jpg,0,0,1,0,0,0,1,0,0,0,1,0,1,0,0,0,1,0,0,0
KonIQ-10k IQA Database/512x384/5734758076.jpg,1,0,0,0,0,1,0,0,0,1,0,1,0,0,0,1,0,0,0,0
KonIQ-10k IQA Database/512x384/5734064610.jpg,0,0,0,0,1,1,0,0,1,0,0,0,0,1,1,0,0,0,0,0
KonIQ-10k IQA Database/512x384/5734560437.jpg,0,0,0,0,1,0,0,0,1,0,0,1,0,0,0,0,0,0,0,1
KonIQ-10k IQA Database/512x384/5737344773.jpg,0,0,0,1,0,0,1,0,1,0,0,1,0,0,0,0,1,0,0,0
KonIQ-10k IQA Database/512x384/5737901450.jpg,0,0,0,1,0,0,1,0,1,0,0,1,0,0,0,0,1,0,0,0
KonIQ-10k IQA Database/512x384/5739537678.jpg,0,1,0,0,0,0,1,0,0,0,1,1,0,0,0,0,0,0,0,1
KonIQ-10k IQA Database/512x384/5740000928.jpg,0,0,1,0,0,0,1,0,0,1,0,1,0,0,0,0,0,0,0,1
KonIQ-10k IQA Database/512x384/5741757504.jpg,0,0,1,0,0,0,1,0,0,0,1,1,0,0,0,0,0,0,0,1
KonIQ-10k IQA Database/512x384/5740846112.jpg,0,0,0,0,1,0,1,0,0,1,0,1,0,0,0,0,1,0,0,0
KonIQ-10k IQA Database/512x384/5741853020.jpg,0,0,1,0,0,0,1,0,0,1,0,1,0,0,0,0,0,0,0,1
KonIQ-10k IQA Database/512x384/5745624995.jpg,0,0,0,0,1,1,0,0,1,0,0,1,0,0,1,0,0,0,0,0
KonIQ-10k IQA Database/512x384/5746249801.jpg,0,0,0,0,1,1,0,0,0,1,0,0,0,1,1,0,0,0,0,0
KonIQ-10k IQA Database/512x384/5743028880.jpg,0,0,0,0,1,1,0,0,1,0,0,1,0,0,0,0,0,0,0,1
KonIQ-10k IQA Database/512x384/5748221179.jpg,0,0,1,0,0,0,1,0,0,1,0,1,0,0,0,0,0,0,0,1
KonIQ-10k IQA Database/512x384/5747013682.jpg,0,0,1,0,0,0,1,0,0,1,0,1,0,0,0,0,0,0,1,0
KonIQ-10k IQA Database/512x384/5748824865.jpg,0,0,1,0,0,0,1,0,1,0,0,1,0,0,0,0,1,0,0,0
KonIQ-10k IQA Database/512x384/5748929912.jpg,0,0,1,0,0,0,1,0,0,0,1,0,1,0,0,0,0,0,0,1
KonIQ-10k IQA Database/512x384/5746784745.jpg,0,0,1,0,0,0,1,0,0,1,0,1,0,0,0,0,1,0,0,0
KonIQ-10k IQA Database/512x384/5748977191.jpg,1,0,0,0,0,1,0,0,0,1,0,1,0,0,0,1,0,0,0,0
KonIQ-10k IQA Database/512x384/5748620149.jpg,0,0,1,0,0,0,1,0,1,0,0,0,1,0,0,0,1,0,0,0
KonIQ-10k IQA Database/512x384/57501165.jpg,0,0,0,0,1,0,1,0,0,0,1,1,0,0,0,0,0,0,0,1
KonIQ-10k IQA Database/512x384/5750644508.jpg,1,0,0,0,0,1,0,0,0,1,0,0,0,1,0,0,0,1,0,0
KonIQ-10k IQA Database/512x384/5752256334.jpg,0,0,0,0,1,0,0,0,0,1,0,1,0,0,0,0,0,0,0,1
KonIQ-10k IQA Database/512x384/5752124692.jpg,0,0,0,1,0,0,1,0,1,0,0,1,0,0,0,0,1,0,0,0
KonIQ-10k IQA Database/512x384/5756343761.jpg,0,0,0,0,1,1,0,0,1,0,0,1,0,0,0,1,0,0,0,0
KonIQ-10k IQA Database/512x384/5751931658.jpg,0,0,1,0,0,0,1,0,0,0,1,1,0,0,0,0,1,0,0,0
KonIQ-10k IQA Database/512x384/5756631011.jpg,0,0,1,0,0,0,1,0,0,1,0,0,1,0,0,0,1,0,0,0
KonIQ-10k IQA Database/512x384/575661539.jpg,0,0,1,0,0,0,1,0,0,1,0,1,0,0,0,0,1,0,0,0
KonIQ-10k IQA Database/512x384/5756615394.jpg,0,0,1,0,0,0,1,0,0,1,0,1,0,0,0,0,1,0,0,0
KonIQ-10k IQA Database/512x384/5759402144.jpg,0,0,0,1,0,0,1,0,1,0,0,0,1,0,0,0,1,0,0,0
KonIQ-10k IQA Database/512x384/5761420767.jpg,0,0,1,0,0,0,0,1,0,1,0,0,0,1,0,0,0,0,0,1
KonIQ-10k IQA Database/512x384/5756854423.jpg,0,0,1,0,0,0,0,0,0,0,1,1,0,0,0,0,0,0,0,1
KonIQ-10k IQA Database/512x384/5763062464.jpg,0,1,0,0,0,1,0,0,1,0,0,1,0,0,0,1,0,0,0,0
KonIQ-10k IQA Database/512x384/5762320263.jpg,0,0,0,0,1,1,0,0,0,1,0,1,0,0,0,0,1,0,0,0
KonIQ-10k IQA Database/512x384/5763573511.jpg,0,0,1,0,0,0,1,0,0,0,1,1,0,0,0,0,0,0,0,1
KonIQ-10k IQA Database/512x384/5761873238.jpg,0,0,1,0,0,0,1,0,0,1,0,1,0,0,0,0,0,0,0,1
KonIQ-10k IQA Database/512x384/5764115414.jpg,0,0,1,0,0,0,1,0,0,1,0,1,0,0,0,0,0,0,0,1
KonIQ-10k IQA Database/512x384/5764514076.jpg,0,1,0,0,0,0,1,0,0,0,1,0,1,0,0,0,1,0,0,0
KonIQ-10k IQA Database/512x384/5765859594.jpg,0,0,1,0,0,0,1,0,0,1,0,0,1,0,0,0,1,0,0,0
KonIQ-10k IQA Database/512x384/5771711136.jpg,0,0,1,0,0,0,1,0,0,1,0,1,0,0,0,0,0,0,0,1
KonIQ-10k IQA Database/512x384/5766806996.jpg,0,0,0,0,1,0,1,0,0,1,0,1,0,0,0,1,1,0,0,0
KonIQ-10k IQA Database/512x384/5770080490.jpg,0,0,0,0,1,1,0,0,1,0,0,0,1,0,1,0,0,0,0,0
KonIQ-10k IQA Database/512x384/5768167934.jpg,0,0,0,0,1,1,0,0,1,0,0,1,0,0,0,1,0,0,0,0
KonIQ-10k IQA Database/512x384/5771887382.jpg,1,0,0,0,0,1,0,0,0,0,1,0,0,1,0,1,0,0,0,0
KonIQ-10k IQA Database/512x384/5765377670.jpg,0,1,0,0,0,1,0,0,0,1,0,1,0,0,0,0,0,0,0,1
KonIQ-10k IQA Database/512x384/5773170451.jpg,1,0,0,0,0,1,0,0,0,1,0,1,0,0,0,0,0,1,0,0
KonIQ-10k IQA Database/512x384/5777168643.jpg,0,0,1,0,0,0,1,0,0,0,1,0,1,0,0,0,0,0,0,1
KonIQ-10k IQA Database/512x384/5780360656.jpg,0,0,0,0,1,1,0,0,1,0,0,0,1,0,0,0,1,0,0,0
KonIQ-10k IQA Database/512x384/5780359774.jpg,1,0,0,0,0,1,0,0,1,0,0,0,1,0,1,1,1,0,0,0
KonIQ-10k IQA Database/512x384/5773721595.jpg,1,0,0,0,0,1,0,0,0,1,0,0,1,0,0,1,1,1,0,0
KonIQ-10k IQA Database/512x384/5775598450.jpg,0,0,0,0,1,0,1,0,1,0,0,1,0,0,0,0,0,0,0,1
KonIQ-10k IQA Database/512x384/5777912776.jpg,1,0,0,0,0,1,0,0,0,1,0,0,1,0,0,1,1,0,0,0
KonIQ-10k IQA Database/512x384/5782679543.jpg,0,1,0,0,0,0,1,0,0,1,0,1,0,0,0,0,0,0,0,1
KonIQ-10k IQA Database/512x384/5782928744.jpg,1,0,0,0,0,1,0,0,1,0,0,0,1,0,0,0,0,0,1,0
KonIQ-10k IQA Database/512x384/5782924074.jpg,1,0,0,0,0,1,0,0,1,0,0,1,0,0,0,1,0,0,0,0
KonIQ-10k IQA Database/512x384/5784673341.jpg,0,0,0,0,1,0,1,0,1,0,0,1,0,0,0,0,0,0,0,1
KonIQ-10k IQA Database/512x384/5783124720.jpg,0,0,0,1,0,0,1,0,0,0,1,1,0,0,0,0,0,0,0,1
KonIQ-10k IQA Database/512x384/5786083032.jpg,0,0,1,0,0,0,1,0,0,1,0,1,0,0,0,0,0,0,0,1
KonIQ-10k IQA Database/512x384/5786468844.jpg,0,0,1,0,0,0,1,0,1,0,0,1,0,0,0,0,0,0,0,1
KonIQ-10k IQA Database/512x384/5784134624.jpg,0,0,1,0,0,1,0,0,1,0,0,1,0,0,0,0,0,0,0,1
KonIQ-10k IQA Database/512x384/5785719824.jpg,0,0,1,0,0,0,1,0,0,0,1,1,0,0,0,0,1,0,0,0
KonIQ-10k IQA Database/512x384/5786557550.jpg,0,0,1,0,0,0,1,0,0,1,0,1,0,0,0,0,1,0,0,0
KonIQ-10k IQA Database/512x384/5788614098.jpg,0,0,0,0,1,0,0,0,0,1,0,1,0,0,0,1,0,0,0,0
KonIQ-10k IQA Database/512x384/5789601551.jpg,0,0,1,0,0,0,1,0,1,0,0,1,0,0,0,0,0,0,0,1
KonIQ-10k IQA Database/512x384/5790219836.jpg,0,0,1,0,0,0,1,0,1,0,0,1,0,0,0,0,1,0,0,0
KonIQ-10k IQA Database/512x384/5788815207.jpg,0,0,1,0,0,0,1,0,0,1,0,0,1,0,0,0,1,0,0,0
KonIQ-10k IQA Database/512x384/5791107273.jpg,1,0,0,0,0,1,0,0,1,0,0,1,0,0,0,1,0,0,0,0
KonIQ-10k IQA Database/512x384/5794649659.jpg,1,0,0,0,0,1,0,0,1,0,0,1,0,0,0,0,0,0,0,1
KonIQ-10k IQA Database/512x384/5793101915.jpg,1,0,0,0,0,1,0,0,1,0,0,1,0,0,0,1,0,0,0,0
KonIQ-10k IQA Database/512x384/5795183898.jpg,0,0,0,0,1,1,0,0,1,0,0,1,0,0,0,1,0,0,0,0
KonIQ-10k IQA Database/512x384/5796436033.jpg,0,0,1,0,0,0,1,0,0,0,1,1,0,0,0,0,0,0,0,1
KonIQ-10k IQA Database/512x384/5791949308.jpg,1,0,0,0,0,0,1,0,0,0,1,0,1,0,0,1,0,0,0,0
KonIQ-10k IQA Database/512x384/5794758875.jpg,0,1,0,0,0,1,0,0,1,0,0,1,0,0,0,1,0,0,0,0
KonIQ-10k IQA Database/512x384/5796923587.jpg,0,0,0,0,1,1,0,0,1,0,0,0,0,1,1,0,0,0,0,0
KonIQ-10k IQA Database/512x384/5798200461.jpg,1,0,0,0,0,1,0,0,0,1,0,1,0,0,0,1,0,0,0,0
KonIQ-10k IQA Database/512x384/5796747370.jpg,1,0,0,0,0,1,0,0,1,0,0,0,1,0,0,1,0,0,0,0
KonIQ-10k IQA Database/512x384/5797735856.jpg,1,0,0,0,0,1,0,0,1,0,0,0,0,1,0,1,0,0,0,0
KonIQ-10k IQA Database/512x384/5798775388.jpg,0,0,1,0,0,0,1,0,0,1,0,1,0,0,0,0,0,1,0,0
KonIQ-10k IQA Database/512x384/5802112389.jpg,0,0,0,0,1,1,0,0,1,0,0,0,1,0,1,0,0,0,0,0
KonIQ-10k IQA Database/512x384/5799422140.jpg,0,1,0,0,0,1,0,0,0,1,0,0,1,0,1,1,1,0,0,0
KonIQ-10k IQA Database/512x384/5802569891.jpg,0,0,0,0,1,1,0,0,1,0,0,0,1,0,0,0,1,0,0,0
KonIQ-10k IQA Database/512x384/5803562101.jpg,0,0,0,0,1,1,0,0,1,0,0,0,1,0,0,0,1,1,0,0
KonIQ-10k IQA Database/512x384/5803914327.jpg,0,0,0,0,1,1,0,0,0,1,0,1,0,0,0,0,0,1,0,0
KonIQ-10k IQA Database/512x384/5804325450.jpg,0,0,1,0,0,0,1,0,0,1,0,1,0,0,0,0,0,0,0,1
KonIQ-10k IQA Database/512x384/5804399322.jpg,1,0,0,0,0,1,0,0,0,1,0,1,0,0,0,1,0,0,0,0
KonIQ-10k IQA Database/512x384/5804026649.jpg,1,0,0,0,0,1,0,0,1,0,0,0,1,0,1,0,0,1,0,0
KonIQ-10k IQA Database/512x384/5807050277.jpg,0,0,1,0,0,0,1,0,0,1,0,1,0,0,0,0,0,0,0,1
KonIQ-10k IQA Database/512x384/5805954950.jpg,0,0,0,0,1,1,0,0,1,0,0,1,0,0,0,0,0,0,0,1
KonIQ-10k IQA Database/512x384/5805622077.jpg,0,1,0,0,0,1,0,0,1,0,0,1,0,0,0,0,1,0,0,0
KonIQ-10k IQA Database/512x384/5807318968.jpg,0,0,0,0,1,1,0,0,1,0,0,1,0,0,1,0,0,0,0,0
KonIQ-10k IQA Database/512x384/5807238153.jpg,0,1,0,0,0,1,0,0,0,1,0,1,0,0,0,0,0,0,0,1
KonIQ-10k IQA Database/512x384/5809947698.jpg,0,0,0,1,0,0,1,0,0,0,1,1,0,0,0,0,1,0,0,0
KonIQ-10k IQA Database/512x384/5812785774.jpg,1,0,0,0,0,1,0,0,1,0,0,1,0,0,0,1,0,0,0,0
KonIQ-10k IQA Database/512x384/5812840397.jpg,0,0,1,0,0,0,1,0,0,1,0,0,1,0,0,0,1,0,0,0
KonIQ-10k IQA Database/512x384/5808715060.jpg,0,0,1,0,0,0,1,0,0,1,0,1,0,0,0,0,0,0,1,0
KonIQ-10k IQA Database/512x384/5813266787.jpg,0,0,1,0,0,0,1,0,0,0,1,1,0,0,0,0,0,0,0,1
KonIQ-10k IQA Database/512x384/5813122725.jpg,0,0,1,0,0,0,1,0,0,1,0,0,1,0,0,0,1,0,0,0
KonIQ-10k IQA Database/512x384/5817880168.jpg,0,0,0,0,1,1,0,0,1,0,0,1,0,0,0,1,0,0,0,0
KonIQ-10k IQA Database/512x384/5815446993.jpg,0,0,0,0,1,1,0,0,0,1,0,1,0,0,1,0,0,0,0,0
KonIQ-10k IQA Database/512x384/5819286075.jpg,0,0,0,0,1,1,0,0,1,0,0,1,0,0,0,0,0,0,0,1
KonIQ-10k IQA Database/512x384/5820186062.jpg,0,0,1,0,0,0,1,0,0,1,0,0,1,0,0,0,1,0,0,0
KonIQ-10k IQA Database/512x384/582148952.jpg,1,0,0,0,0,1,0,0,1,0,0,0,1,0,1,1,0,0,0,0
KonIQ-10k IQA Database/512x384/5821113845.jpg,0,0,0,0,1,0,1,0,1,0,0,1,0,0,0,0,0,0,0,1
KonIQ-10k IQA Database/512x384/5821971629.jpg,1,0,0,0,0,0,0,1,0,0,1,0,1,0,0,1,1,0,0,0
KonIQ-10k IQA Database/512x384/5822039641.jpg,1,0,0,0,0,1,0,0,1,0,0,0,1,0,1,1,0,0,0,0
KonIQ-10k IQA Database/512x384/5822093825.jpg,0,0,0,0,1,1,0,0,1,0,0,1,0,0,0,0,0,0,0,1
KonIQ-10k IQA Database/512x384/5825243642.jpg,0,0,1,0,0,0,1,0,0,0,1,1,0,0,0,0,1,0,0,0
KonIQ-10k IQA Database/512x384/5824082232.jpg,0,1,0,0,0,1,0,0,1,0,0,0,0,1,1,0,0,0,0,0
KonIQ-10k IQA Database/512x384/5822768427.jpg,0,0,0,0,1,1,0,0,1,0,0,0,1,0,0,1,0,0,0,0
KonIQ-10k IQA Database/512x384/5825508500.jpg,0,0,1,0,0,0,1,0,0,1,0,1,0,0,0,0,1,0,0,0
KonIQ-10k IQA Database/512x384/5827032065.jpg,0,0,0,0,1,0,1,0,0,0,1,1,0,0,0,0,0,0,0,1
KonIQ-10k IQA Database/512x384/5828251146.jpg,0,0,0,0,1,0,1,0,0,0,1,1,0,0,0,0,0,0,0,1
KonIQ-10k IQA Database/512x384/5825939601.jpg,0,1,0,0,0,1,0,0,1,0,0,1,0,0,0,0,0,0,0,1
KonIQ-10k IQA Database/512x384/5829241861.jpg,0,0,1,0,0,0,1,0,0,1,0,0,1,0,0,0,1,0,0,0
KonIQ-10k IQA Database/512x384/5828254727.jpg,1,0,0,0,0,1,0,0,0,1,0,1,0,0,0,1,0,0,0,0
KonIQ-10k IQA Database/512x384/5827460813.jpg,0,0,1,0,0,0,1,0,0,0,1,1,0,0,0,0,0,0,0,1
KonIQ-10k IQA Database/512x384/5829966131.jpg,0,0,1,0,0,0,1,0,0,0,1,0,1,0,0,0,0,0,0,1
KonIQ-10k IQA Database/512x384/5830228003.jpg,0,1,0,0,0,1,0,0,0,1,0,1,0,0,0,0,0,0,0,1
KonIQ-10k IQA Database/512x384/5831302222.jpg,0,0,1,0,0,0,1,0,0,0,1,1,0,0,0,0,0,0,0,1
KonIQ-10k IQA Database/512x384/5830956184.jpg,0,1,0,0,0,0,1,0,1,0,0,1,0,0,0,0,0,0,0,1
KonIQ-10k IQA Database/512x384/5834781945.jpg,0,0,0,0,1,1,0,0,1,0,0,0,1,0,1,0,0,0,0,0
KonIQ-10k IQA Database/512x384/5832751066.jpg,0,0,0,1,0,0,1,0,1,0,0,0,1,0,0,0,1,0,0,0
KonIQ-10k IQA Database/512x384/5835525141.jpg,0,0,0,0,1,1,0,0,1,0,0,0,0,1,1,0,0,0,0,0
KonIQ-10k IQA Database/512x384/5831366691.jpg,0,0,1,0,0,0,1,0,0,1,0,1,0,0,0,0,0,0,0,1
KonIQ-10k IQA Database/512x384/5833229623.jpg,0,0,1,0,0,0,0,1,1,0,0,0,1,0,0,0,0,0,0,1
KonIQ-10k IQA Database/512x384/5837969940.jpg,0,1,0,0,0,1,0,0,1,0,0,1,0,0,0,0,0,0,0,1
KonIQ-10k IQA Database/512x384/5836498446.jpg,0,1,0,0,0,1,0,0,1,0,0,0,0,1,1,1,1,0,0,0
KonIQ-10k IQA Database/512x384/5838329706.jpg,0,0,1,0,0,1,0,0,0,1,0,1,0,0,0,0,0,0,0,1
KonIQ-10k IQA Database/512x384/5838518725.jpg,1,0,0,0,0,1,0,0,0,1,0,1,0,0,0,1,0,0,0,0
KonIQ-10k IQA Database/512x384/5839623776.jpg,0,0,1,0,0,1,0,0,0,1,0,1,0,0,0,0,0,0,0,1
KonIQ-10k IQA Database/512x384/5839793009.jpg,1,0,0,0,0,1,0,0,1,0,0,1,0,0,0,1,0,0,0,0
KonIQ-10k IQA Database/512x384/5838794545.jpg,0,1,0,0,0,1,0,0,0,1,0,0,1,0,1,0,0,0,0,0
KonIQ-10k IQA Database/512x384/5842574442.jpg,0,0,0,1,0,0,0,0,0,1,0,1,0,0,0,0,0,0,0,1
KonIQ-10k IQA Database/512x384/5842712003.jpg,0,0,1,0,0,0,1,0,0,1,0,0,1,0,0,0,0,0,0,1
KonIQ-10k IQA Database/512x384/5842931891.jpg,1,0,0,0,0,1,0,0,1,0,0,0,1,0,0,1,0,0,0,0
KonIQ-10k IQA Database/512x384/5844813103.jpg,0,0,1,0,0,0,1,0,0,0,1,1,0,0,0,0,1,0,0,0
KonIQ-10k IQA Database/512x384/5844622887.jpg,0,1,0,0,0,0,1,0,0,0,1,1,0,0,0,1,0,0,0,0
KonIQ-10k IQA Database/512x384/5846011911.jpg,0,0,1,0,0,0,1,0,0,0,1,0,1,0,0,0,1,0,0,0
KonIQ-10k IQA Database/512x384/58449294.jpg,0,0,1,0,0,0,1,0,0,0,1,1,0,0,0,0,1,0,0,0
KonIQ-10k IQA Database/512x384/5844921100.jpg,1,0,0,0,0,1,0,0,0,1,0,1,0,0,0,1,0,0,0,0
KonIQ-10k IQA Database/512x384/5847384440.jpg,0,0,0,0,1,1,0,0,0,1,0,1,0,0,0,0,0,0,0,1
KonIQ-10k IQA Database/512x384/5846078806.jpg,0,0,0,0,1,1,0,0,0,1,0,1,0,0,0,1,1,0,0,0
KonIQ-10k IQA Database/512x384/5847946773.jpg,0,0,1,0,0,0,1,0,0,1,0,1,0,0,0,0,1,0,0,0
KonIQ-10k IQA Database/512x384/5848411050.jpg,0,1,0,0,0,1,0,0,1,0,0,1,0,0,0,0,0,0,0,1
KonIQ-10k IQA Database/512x384/5849166675.jpg,0,0,1,0,0,0,1,0,0,1,0,1,0,0,0,0,0,0,0,1
KonIQ-10k IQA Database/512x384/5849249346.jpg,0,0,0,0,1,1,0,0,1,0,0,1,0,0,0,0,0,0,0,1
KonIQ-10k IQA Database/512x384/5847408057.jpg,0,0,0,0,1,1,0,0,0,1,0,1,0,0,0,0,0,0,0,1
KonIQ-10k IQA Database/512x384/5849666747.jpg,0,0,0,1,0,1,0,0,1,0,0,1,0,0,0,0,0,0,0,1
KonIQ-10k IQA Database/512x384/5850096725.jpg,0,0,1,0,0,0,1,0,0,0,1,0,1,0,0,0,1,0,0,0
KonIQ-10k IQA Database/512x384/58539330668.jpg,1,0,0,0,0,1,0,0,1,0,0,1,0,0,1,0,0,0,0,0
KonIQ-10k IQA Database/512x384/5853933066.jpg,1,0,0,0,0,1,0,0,1,0,0,1,0,0,1,1,0,0,0,0
KonIQ-10k IQA Database/512x384/5849271016.jpg,0,0,1,0,0,0,1,0,0,1,0,1,0,0,0,0,0,0,0,1
KonIQ-10k IQA Database/512x384/5854130158.jpg,0,0,1,0,0,1,0,0,0,1,0,1,0,0,1,0,0,0,0,0
KonIQ-10k IQA Database/512x384/5856115357.jpg,0,0,0,0,1,0,1,0,0,0,1,1,0,0,0,0,0,1,0,0
KonIQ-10k IQA Database/512x384/5853259008.jpg,0,1,0,0,0,1,0,0,0,1,0,0,1,0,1,0,0,1,0,0
KonIQ-10k IQA Database/512x384/5856265647.jpg,0,0,1,0,0,0,1,0,0,1,0,0,1,0,0,0,1,0,0,0
KonIQ-10k IQA Database/512x384/5859309993.jpg,0,0,1,0,0,0,1,0,0,1,0,0,1,0,0,0,1,0,0,0
KonIQ-10k IQA Database/512x384/5863209284.jpg,0,0,1,0,0,0,1,0,0,1,0,1,0,0,0,0,0,0,0,1
KonIQ-10k IQA Database/512x384/5864866052.jpg,0,0,1,0,0,0,1,0,0,1,0,0,1,0,0,1,1,0,0,0
KonIQ-10k IQA Database/512x384/5858971250.jpg,0,0,0,0,1,0,1,0,0,1,0,1,0,0,0,0,1,1,0,0
KonIQ-10k IQA Database/512x384/5864167034.jpg,1,0,0,0,0,0,1,0,0,0,1,1,0,0,0,1,0,0,0,0
KonIQ-10k IQA Database/512x384/5865132229.jpg,0,1,0,0,0,0,1,0,0,0,1,1,0,0,0,1,0,0,0,0
KonIQ-10k IQA Database/512x384/5867990992.jpg,0,0,0,0,1,1,0,0,1,0,0,1,0,0,0,0,0,0,1,0
KonIQ-10k IQA Database/512x384/5866448510.jpg,0,0,0,0,1,1,0,0,0,1,0,0,1,0,0,0,0,1,1,0
KonIQ-10k IQA Database/512x384/5868900850.jpg,1,0,0,0,0,1,0,0,1,0,0,0,1,0,0,0,0,1,0,0
KonIQ-10k IQA Database/512x384/5869585652.jpg,1,0,0,0,0,1,0,0,1,0,0,1,0,0,0,1,0,0,0,0
KonIQ-10k IQA Database/512x384/5869276624.jpg,1,0,0,0,0,1,0,0,1,0,0,0,1,0,1,1,0,0,0,0
KonIQ-10k IQA Database/512x384/5869591890.jpg,0,0,0,0,1,1,0,0,1,0,0,1,0,0,0,0,0,0,0,1
KonIQ-10k IQA Database/512x384/5866763424.jpg,1,0,0,0,0,1,0,0,1,0,0,0,1,0,0,1,0,0,0,0
KonIQ-10k IQA Database/512x384/5870955720.jpg,0,0,1,0,0,0,1,0,1,0,0,1,0,0,0,0,0,0,0,1
KonIQ-10k IQA Database/512x384/5871068150.jpg,0,0,1,0,0,0,1,0,0,1,0,1,0,0,0,0,1,0,0,0
KonIQ-10k IQA Database/512x384/5871213191.jpg,1,0,0,0,0,1,0,0,1,0,0,1,0,0,1,1,0,0,0,0
KonIQ-10k IQA Database/512x384/5870845920.jpg,0,0,1,0,0,0,1,0,0,1,0,0,0,1,0,0,1,0,0,0
KonIQ-10k IQA Database/512x384/5871593028.jpg,0,1,0,0,0,1,0,0,1,0,0,0,1,0,1,0,0,0,1,0
KonIQ-10k IQA Database/512x384/5873610214.jpg,0,0,1,0,0,0,1,0,0,1,0,1,0,0,0,0,1,0,0,0
KonIQ-10k IQA Database/512x384/5871779223.jpg,0,0,1,0,0,0,1,0,0,0,1,1,0,0,0,0,0,0,0,1
KonIQ-10k IQA Database/512x384/5875925963.jpg,0,0,1,0,0,0,1,0,0,0,1,0,1,0,0,0,1,0,0,0
KonIQ-10k IQA Database/512x384/5876597412.jpg,0,0,1,0,0,0,1,0,0,0,1,0,1,0,0,0,1,0,0,0
KonIQ-10k IQA Database/512x384/5877192304.jpg,0,0,0,0,1,0,1,0,1,0,0,1,0,0,0,0,0,0,0,1
KonIQ-10k IQA Database/512x384/5876722447.jpg,0,1,0,0,0,1,0,0,1,0,0,0,0,1,1,0,0,0,0,0
KonIQ-10k IQA Database/512x384/5876051594.jpg,0,0,1,0,0,0,1,0,0,1,0,1,0,0,0,0,0,0,0,1
KonIQ-10k IQA Database/512x384/5877272501.jpg,0,0,1,0,0,0,1,0,0,1,0,0,1,0,0,0,0,0,0,1
KonIQ-10k IQA Database/512x384/5876691783.jpg,1,0,0,0,0,1,0,0,0,1,0,1,0,0,0,1,0,0,0,0
KonIQ-10k IQA Database/512x384/5879690252.jpg,0,0,1,0,0,0,1,0,0,1,0,1,0,0,0,0,0,0,0,1
KonIQ-10k IQA Database/512x384/5879706162.jpg,0,0,1,0,0,0,1,0,1,0,0,1,0,0,0,0,1,0,0,0
KonIQ-10k IQA Database/512x384/5880149356.jpg,0,0,1,0,0,0,1,0,0,0,1,1,0,0,0,0,0,0,0,1
KonIQ-10k IQA Database/512x384/5880662445.jpg,0,0,1,0,0,0,1,0,0,0,1,0,1,0,0,0,1,0,0,0
KonIQ-10k IQA Database/512x384/5884382109.jpg,0,0,1,0,0,1,0,0,1,0,0,1,0,0,0,0,0,0,0,1
KonIQ-10k IQA Database/512x384/5884343005.jpg,0,1,0,0,0,1,0,0,1,0,0,1,0,0,1,0,0,1,0,0
KonIQ-10k IQA Database/512x384/5881856929.jpg,0,0,1,0,0,0,1,0,0,1,0,0,1,0,0,0,1,0,0,0
KonIQ-10k IQA Database/512x384/5880272825.jpg,1,0,0,0,0,1,0,0,0,1,0,0,0,1,0,1,1,1,0,0
KonIQ-10k IQA Database/512x384/5881048001.jpg,0,0,1,0,0,0,1,0,0,1,0,1,0,0,0,0,0,0,0,1
KonIQ-10k IQA Database/512x384/5884690824.jpg,0,0,1,0,0,0,1,0,0,1,0,1,0,0,0,0,1,0,0,0
KonIQ-10k IQA Database/512x384/5884745280.jpg,0,0,1,0,0,0,1,0,1,0,0,1,0,0,0,0,0,0,1,0
KonIQ-10k IQA Database/512x384/5885686436.jpg,0,0,0,0,1,1,0,0,1,0,0,0,0,1,1,0,0,0,0,0
KonIQ-10k IQA Database/512x384/5886086971.jpg,0,0,1,0,0,0,1,0,0,0,1,1,0,0,0,0,0,0,0,1
KonIQ-10k IQA Database/512x384/5886060405.jpg,0,0,1,0,0,0,1,0,0,1,0,1,0,0,0,0,0,0,0,1
KonIQ-10k IQA Database/512x384/5886709832.jpg,1,0,0,0,0,1,0,0,1,0,0,1,0,0,0,1,0,0,0,0
KonIQ-10k IQA Database/512x384/5884906716.jpg,0,1,0,0,0,1,0,0,1,0,0,0,1,0,1,0,1,0,0,0
KonIQ-10k IQA Database/512x384/5887130142.jpg,0,0,1,0,0,0,1,0,0,0,1,0,1,0,0,0,1,0,0,0
KonIQ-10k IQA Database/512x384/5887175840.jpg,1,0,0,0,0,0,0,0,0,0,1,0,0,1,0,0,0,0,0,1
KonIQ-10k IQA Database/512x384/5889219072.jpg,1,0,0,0,0,1,0,0,0,1,0,1,0,0,1,1,0,0,0,0
KonIQ-10k IQA Database/512x384/5890423400.jpg,1,0,0,0,0,1,0,0,0,1,0,1,0,0,0,0,0,1,0,0
KonIQ-10k IQA Database/512x384/5888106239.jpg,0,0,1,0,0,0,1,0,0,1,0,0,1,0,0,0,1,0,0,0
KonIQ-10k IQA Database/512x384/5887936508.jpg,0,0,0,0,1,1,0,0,1,0,0,0,1,0,1,0,0,0,0,0
KonIQ-10k IQA Database/512x384/5890294263.jpg,0,0,1,0,0,0,1,0,1,0,0,1,0,0,0,0,0,0,0,1
KonIQ-10k IQA Database/512x384/5890838382.jpg,0,0,0,0,1,0,1,0,1,0,0,1,0,0,0,0,0,0,0,1
KonIQ-10k IQA Database/512x384/5890641011.jpg,1,0,0,0,0,1,0,0,0,1,0,1,0,0,0,1,0,0,0,0
KonIQ-10k IQA Database/512x384/5891304676.jpg,0,0,0,1,0,0,1,0,0,0,1,1,0,0,0,0,1,0,0,0
KonIQ-10k IQA Database/512x384/5891409099.jpg,0,0,1,0,0,0,1,0,0,1,0,0,1,0,0,0,1,0,0,0
KonIQ-10k IQA Database/512x384/5891437045.jpg,0,0,1,0,0,0,1,0,0,0,1,1,0,0,0,0,0,0,0,1
KonIQ-10k IQA Database/512x384/5893291303.jpg,0,0,1,0,0,0,1,0,0,1,0,1,0,0,0,0,0,0,0,1
KonIQ-10k IQA Database/512x384/5893652818.jpg,0,0,1,0,0,0,1,0,0,0,1,1,0,0,0,0,0,0,0,1
KonIQ-10k IQA Database/512x384/5892461244.jpg,0,0,0,0,1,0,1,0,1,0,0,1,0,0,0,0,0,0,0,1
KonIQ-10k IQA Database/512x384/5891588921.jpg,0,0,0,0,1,0,1,0,1,0,0,1,0,0,0,0,0,0,1,0
KonIQ-10k IQA Database/512x384/5894107324.jpg,1,0,0,0,0,1,0,0,0,1,0,0,1,0,1,0,0,0,0,0
KonIQ-10k IQA Database/512x384/5894875244.jpg,0,0,0,0,1,1,0,0,1,0,0,1,0,0,0,0,1,0,0,0
KonIQ-10k IQA Database/512x384/5895424608.jpg,0,0,0,0,1,1,0,0,1,0,0,0,1,0,1,0,0,0,0,0
KonIQ-10k IQA Database/512x384/5895477446.jpg,0,0,1,0,0,0,1,0,0,1,0,1,0,0,0,0,0,0,0,1
KonIQ-10k IQA Database/512x384/5897660924.jpg,0,0,1,0,0,0,1,0,0,1,0,1,0,0,0,0,0,0,0,1
KonIQ-10k IQA Database/512x384/5897145842.jpg,0,0,1,0,0,0,1,0,0,0,1,1,0,0,0,0,1,0,0,0
KonIQ-10k IQA Database/512x384/5898928772.jpg,1,0,0,0,0,1,0,0,0,1,0,1,0,0,0,1,0,0,0,0
KonIQ-10k IQA Database/512x384/5899684696.jpg,0,0,1,0,0,0,1,0,0,1,0,1,0,0,0,0,1,0,0,0
KonIQ-10k IQA Database/512x384/5899300375.jpg,0,0,0,0,1,0,1,0,0,0,1,1,0,0,0,0,0,0,0,1
KonIQ-10k IQA Database/512x384/5901488995.jpg,1,0,0,0,0,1,0,0,0,1,0,1,0,0,0,1,0,0,0,0
KonIQ-10k IQA Database/512x384/5900853532.jpg,1,0,0,0,0,1,0,0,0,1,0,0,1,0,0,1,1,0,0,0
KonIQ-10k IQA Database/512x384/5896106502.jpg,0,0,0,0,1,1,0,0,0,1,0,1,0,0,0,0,0,0,0,1
KonIQ-10k IQA Database/512x384/5901783769.jpg,0,0,0,0,1,1,0,0,1,0,0,0,1,0,0,1,0,0,0,0
KonIQ-10k IQA Database/512x384/5902359095.jpg,0,1,0,0,0,1,0,0,0,1,0,1,0,0,1,0,0,0,0,0
KonIQ-10k IQA Database/512x384/5903525428.jpg,0,0,0,0,1,1,0,0,1,0,0,0,1,0,0,1,0,0,0,0
KonIQ-10k IQA Database/512x384/5903878980.jpg,0,0,0,0,1,0,1,0,0,0,1,0,0,1,0,0,0,0,0,1
KonIQ-10k IQA Database/512x384/5903930781.jpg,0,0,0,0,1,0,1,0,0,0,1,0,0,1,0,0,0,0,0,1
KonIQ-10k IQA Database/512x384/590233260.jpg,0,1,0,0,0,1,0,0,1,0,0,0,0,1,1,0,0,0,0,0
KonIQ-10k IQA Database/512x384/5904145977.jpg,1,0,0,0,0,1,0,0,1,0,0,0,0,1,1,1,0,1,0,0
KonIQ-10k IQA Database/512x384/5904230612.jpg,0,1,0,0,0,0,1,0,0,0,1,0,0,1,1,0,0,0,0,0
KonIQ-10k IQA Database/512x384/5904148188.jpg,0,1,0,0,0,1,0,0,1,0,0,1,0,0,1,1,0,0,1,0
KonIQ-10k IQA Database/512x384/5905146921.jpg,0,0,0,0,1,1,0,0,0,1,0,0,0,1,0,0,0,0,1,0
KonIQ-10k IQA Database/512x384/5906517609.jpg,0,1,0,0,0,1,0,0,1,0,0,1,0,0,1,0,0,0,0,0
KonIQ-10k IQA Database/512x384/5906327236.jpg,0,0,0,0,1,0,1,0,1,0,0,1,0,0,0,0,1,0,0,0
KonIQ-10k IQA Database/512x384/5905277829.jpg,0,0,0,0,1,1,0,0,0,1,0,0,1,0,0,0,0,0,1,0
KonIQ-10k IQA Database/512x384/5906203942.jpg,0,0,1,0,0,0,1,0,0,1,0,1,0,0,0,0,0,0,0,1
KonIQ-10k IQA Database/512x384/5906582267.jpg,0,0,0,0,1,0,1,0,0,0,1,0,0,1,0,0,0,0,0,1
KonIQ-10k IQA Database/512x384/5906624117.jpg,0,0,0,0,1,0,1,0,0,1,0,0,0,1,0,1,0,0,0,0
KonIQ-10k IQA Database/512x384/5907004909.jpg,0,0,0,0,1,0,1,0,0,0,1,0,0,0,0,0,0,0,0,1
KonIQ-10k IQA Database/512x384/5909804133.jpg,1,0,0,0,0,1,0,0,0,0,1,0,0,1,0,0,0,1,0,0
KonIQ-10k IQA Database/512x384/5909836930.jpg,0,0,1,0,0,0,1,0,0,1,0,1,0,0,0,0,0,1,0,0
KonIQ-10k IQA Database/512x384/5910545670.jpg,0,0,0,0,1,1,0,0,0,1,0,0,0,1,0,1,1,0,0,0
KonIQ-10k IQA Database/512x384/5908187685.jpg,1,0,0,0,0,1,0,0,0,1,0,1,0,0,1,0,0,0,0,0
KonIQ-10k IQA Database/512x384/5906952351.jpg,0,0,0,0,1,1,0,0,0,1,0,1,0,0,0,0,1,0,0,0
KonIQ-10k IQA Database/512x384/5910732650.jpg,0,0,1,0,0,0,1,0,0,0,1,1,0,0,0,0,1,0,0,0
KonIQ-10k IQA Database/512x384/5912436872.jpg,0,0,1,0,0,0,1,0,0,1,0,1,0,0,0,0,0,0,0,1
KonIQ-10k IQA Database/512x384/5912070942.jpg,0,0,1,0,0,0,1,0,0,0,1,1,0,0,0,0,0,0,0,1
KonIQ-10k IQA Database/512x384/5913526574.jpg,0,0,0,0,1,1,0,0,1,0,0,0,1,0,1,0,0,1,0,0
KonIQ-10k IQA Database/512x384/5913086401.jpg,0,0,0,1,0,0,1,0,0,0,1,1,0,0,0,0,1,0,0,0
KonIQ-10k IQA Database/512x384/5912451823.jpg,0,0,1,0,0,0,1,0,1,0,0,1,0,0,0,0,1,0,1,0
KonIQ-10k IQA Database/512x384/5912584970.jpg,0,0,0,1,0,1,0,0,1,0,0,1,0,0,0,0,1,0,0,0
KonIQ-10k IQA Database/512x384/5914023763.jpg,0,0,1,0,0,0,1,0,1,0,0,1,0,0,0,0,0,0,0,1
KonIQ-10k IQA Database/512x384/5914304035.jpg,0,0,1,0,0,0,1,0,1,0,0,1,0,0,0,0,1,0,0,0
KonIQ-10k IQA Database/512x384/5914413530.jpg,0,0,0,0,1,1,0,0,1,0,0,1,0,0,0,0,0,0,0,1
KonIQ-10k IQA Database/512x384/5914417617.jpg,0,1,0,0,0,1,0,0,1,0,0,1,0,0,1,1,1,0,0,0
KonIQ-10k IQA Database/512x384/5915008700.jpg,0,0,0,1,0,1,0,0,1,0,0,1,0,0,0,0,0,0,0,1
KonIQ-10k IQA Database/512x384/5914848066.jpg,0,0,1,0,0,0,1,0,1,0,0,1,0,0,0,0,1,0,0,0
KonIQ-10k IQA Database/512x384/5914999740.jpg,0,0,1,0,0,0,1,0,0,1,0,1,0,0,0,0,0,0,1,0
KonIQ-10k IQA Database/512x384/5915252762.jpg,0,0,0,0,1,1,0,0,1,0,0,0,1,0,0,1,1,0,0,0
KonIQ-10k IQA Database/512x384/5914426709.jpg,0,0,1,0,0,1,0,0,1,0,0,1,0,0,0,0,0,0,1,0
KonIQ-10k IQA Database/512x384/5917296642.jpg,0,0,1,0,0,0,1,0,0,0,1,0,1,0,0,0,1,0,0,0
KonIQ-10k IQA Database/512x384/5916873718.jpg,0,0,0,0,1,0,0,0,0,0,1,0,0,1,0,0,0,0,0,1
KonIQ-10k IQA Database/512x384/5920736883.jpg,0,0,0,0,1,1,0,0,0,1,0,0,0,1,0,1,0,0,0,0
KonIQ-10k IQA Database/512x384/5919706356.jpg,0,0,0,0,1,1,0,0,0,1,0,0,1,0,0,1,0,0,0,0
KonIQ-10k IQA Database/512x384/5920168142.jpg,0,0,1,0,0,0,1,0,1,0,0,1,0,0,0,0,0,0,1,0
KonIQ-10k IQA Database/512x384/5921291430.jpg,0,0,0,0,1,1,0,0,1,0,0,0,0,1,1,0,0,0,0,0
KonIQ-10k IQA Database/512x384/5920883206.jpg,0,0,1,0,0,1,0,0,0,1,0,0,0,1,1,0,0,0,0,0
KonIQ-10k IQA Database/512x384/5919030075.jpg,0,0,0,0,1,1,0,0,1,0,0,0,0,1,1,0,0,0,1,0
KonIQ-10k IQA Database/512x384/5922077897.jpg,0,0,0,0,1,1,0,0,0,1,0,0,1,0,0,0,0,0,1,0
KonIQ-10k IQA Database/512x384/5922538133.jpg,0,0,1,0,0,0,0,0,0,1,0,1,0,0,0,0,0,0,0,1
KonIQ-10k IQA Database/512x384/5922588235.jpg,0,0,0,0,1,1,0,0,1,0,0,1,0,0,0,0,0,0,1,0
KonIQ-10k IQA Database/512x384/5921674068.jpg,1,0,0,0,0,1,0,0,1,0,0,0,1,0,0,1,1,0,0,0
KonIQ-10k IQA Database/512x384/5923029266.jpg,0,1,0,0,0,1,0,0,1,0,0,1,0,0,0,0,1,0,0,0
KonIQ-10k IQA Database/512x384/5924110639.jpg,1,0,0,0,0,1,0,0,0,1,0,1,0,0,0,1,0,0,0,0
KonIQ-10k IQA Database/512x384/5923067948.jpg,0,1,0,0,0,1,0,0,0,1,0,0,1,0,0,0,0,0,0,1
KonIQ-10k IQA Database/512x384/5925110976.jpg,0,0,0,0,1,1,0,0,1,0,0,1,0,0,0,0,0,0,1,0
KonIQ-10k IQA Database/512x384/5925314446.jpg,0,0,0,1,0,1,0,0,0,1,0,1,0,0,0,1,0,0,0,0
KonIQ-10k IQA Database/512x384/5925658885.jpg,0,0,1,0,0,0,1,0,0,0,1,1,0,0,0,0,0,0,0,1
KonIQ-10k IQA Database/512x384/5930701704.jpg,0,0,1,0,0,0,1,0,0,1,0,1,0,0,0,0,0,0,0,1
KonIQ-10k IQA Database/512x384/5926348208.jpg,0,0,1,0,0,0,1,0,1,0,0,1,0,0,0,0,0,0,0,1
KonIQ-10k IQA Database/512x384/5928144781.jpg,0,0,1,0,0,0,1,0,0,1,0,1,0,0,0,0,0,0,0,1
KonIQ-10k IQA Database/512x384/5927112319.jpg,1,0,0,0,0,1,0,0,1,0,0,1,0,0,0,1,0,0,0,0
KonIQ-10k IQA Database/512x384/5932454750.jpg,0,1,0,0,0,1,0,0,1,0,0,0,1,0,1,1,0,0,0,0
KonIQ-10k IQA Database/512x384/5933359823.jpg,0,0,1,0,0,0,1,0,0,0,1,0,1,0,0,0,0,0,0,1
KonIQ-10k IQA Database/512x384/5932591132.jpg,0,1,0,0,0,0,1,0,0,0,1,0,0,1,0,0,0,0,0,1
KonIQ-10k IQA Database/512x384/5934416034.jpg,0,0,0,0,1,1,0,0,0,1,0,1,0,0,0,0,0,0,0,1
KonIQ-10k IQA Database/512x384/5930876150.jpg,0,0,1,0,0,0,1,0,0,1,0,0,1,0,0,0,1,0,0,0
KonIQ-10k IQA Database/512x384/5933439918.jpg,0,0,1,0,0,0,1,0,0,1,0,1,0,0,0,0,0,0,0,1
KonIQ-10k IQA Database/512x384/5932756634.jpg,1,0,0,0,0,1,0,0,1,0,0,0,1,0,1,1,0,0,0,0
KonIQ-10k IQA Database/512x384/5932521378.jpg,0,0,1,0,0,0,1,0,0,0,1,1,0,0,0,0,1,0,0,0
KonIQ-10k IQA Database/512x384/5935217683.jpg,0,0,1,0,0,0,1,0,0,0,1,1,0,0,1,1,0,1,0,0
KonIQ-10k IQA Database/512x384/5935609907.jpg,0,0,1,0,0,0,1,0,0,1,0,1,0,0,0,0,1,0,0,0
KonIQ-10k IQA Database/512x384/5935910099.jpg,0,0,1,0,0,0,1,0,0,1,0,1,0,0,0,0,0,1,0,0
KonIQ-10k IQA Database/512x384/5936087565.jpg,0,0,1,0,0,0,1,0,0,1,0,1,0,0,0,0,1,0,0,0
KonIQ-10k IQA Database/512x384/5936297940.jpg,0,0,1,0,0,0,1,0,0,1,0,0,1,0,0,0,1,0,0,0
KonIQ-10k IQA Database/512x384/5936466945.jpg,0,0,0,1,0,1,0,0,0,1,0,1,0,0,0,0,1,0,0,0
KonIQ-10k IQA Database/512x384/5937141958.jpg,1,0,0,0,0,1,0,0,0,1,0,0,0,1,0,0,0,1,0,0
KonIQ-10k IQA Database/512x384/5936518143.jpg,0,0,1,0,0,0,1,0,0,1,0,0,1,0,0,0,1,0,0,0
KonIQ-10k IQA Database/512x384/5936667753.jpg,0,0,0,0,1,1,0,0,1,0,0,0,1,0,1,1,0,0,0,0
KonIQ-10k IQA Database/512x384/5939994525.jpg,0,0,1,0,0,0,1,0,0,1,0,0,1,0,0,0,1,0,0,0
KonIQ-10k IQA Database/512x384/594061158.jpg,0,0,1,0,0,1,0,0,1,0,0,1,0,0,0,1,0,0,0,0
KonIQ-10k IQA Database/512x384/5938961229.jpg,0,0,1,0,0,0,1,0,0,0,1,1,0,0,0,0,0,0,0,1
KonIQ-10k IQA Database/512x384/5941759615.jpg,0,0,1,0,0,0,1,0,0,1,0,1,0,0,0,0,0,0,0,1
KonIQ-10k IQA Database/512x384/5941719690.jpg,0,0,0,0,1,0,1,0,0,1,0,0,1,0,0,1,1,0,0,0
KonIQ-10k IQA Database/512x384/5942438965.jpg,0,0,1,0,0,0,1,0,0,1,0,1,0,0,0,0,1,0,0,0
KonIQ-10k IQA Database/512x384/5943227958.jpg,0,0,0,0,1,1,0,0,0,1,0,1,0,0,0,1,0,0,0,0
KonIQ-10k IQA Database/512x384/5945639421.jpg,0,0,1,0,0,1,0,0,1,0,0,1,0,0,0,0,0,0,1,0
KonIQ-10k IQA Database/512x384/5944469044.jpg,1,0,0,0,0,1,0,0,0,1,0,1,0,0,0,1,0,0,0,0
KonIQ-10k IQA Database/512x384/5947239727.jpg,0,0,0,0,1,1,0,0,0,1,0,1,0,0,0,0,0,0,0,1
KonIQ-10k IQA Database/512x384/5946379420.jpg,0,0,0,0,1,1,0,0,0,1,0,0,0,1,0,0,0,0,1,0
KonIQ-10k IQA Database/512x384/5948128813.jpg,0,0,1,0,0,0,1,0,1,0,0,1,0,0,0,0,0,0,0,1
KonIQ-10k IQA Database/512x384/5948378050.jpg,0,0,1,0,0,0,1,0,1,0,0,1,0,0,0,0,1,0,0,0
KonIQ-10k IQA Database/512x384/5950051723.jpg,0,0,1,0,0,0,1,0,0,1,0,1,0,0,0,0,0,0,0,1
KonIQ-10k IQA Database/512x384/5949374499.jpg,0,1,0,0,0,1,0,0,0,1,0,1,0,0,0,0,0,0,0,1
KonIQ-10k IQA Database/512x384/5948782020.jpg,0,0,0,0,1,0,0,0,0,0,1,1,0,0,0,0,0,0,0,1
KonIQ-10k IQA Database/512x384/5950764081.jpg,1,0,0,0,0,1,0,0,1,0,0,0,1,0,0,1,0,0,0,0
KonIQ-10k IQA Database/512x384/5950379360.jpg,1,0,0,0,0,1,0,0,0,1,0,1,0,0,0,1,0,0,0,0
KonIQ-10k IQA Database/512x384/5952909406.jpg,1,0,0,0,0,1,0,0,1,0,0,1,0,0,0,1,0,0,0,0
KonIQ-10k IQA Database/512x384/5952914370.jpg,0,0,0,0,1,0,1,0,1,0,0,1,0,0,0,0,0,0,0,1
KonIQ-10k IQA Database/512x384/5951267818.jpg,1,0,0,0,0,1,0,0,1,0,0,0,1,0,1,0,0,1,0,0
KonIQ-10k IQA Database/512x384/5955805991.jpg,1,0,0,0,0,1,0,0,1,0,0,0,1,0,0,0,0,0,1,0
KonIQ-10k IQA Database/512x384/5952977231.jpg,1,0,0,0,0,1,0,0,0,1,0,1,0,0,0,1,0,1,0,0
KonIQ-10k IQA Database/512x384/5955759351.jpg,0,0,0,0,1,1,0,0,1,0,0,0,0,1,1,0,0,0,0,0
KonIQ-10k IQA Database/512x384/5952945336.jpg,0,0,0,0,1,1,0,0,1,0,0,0,1,0,0,1,1,0,0,0
KonIQ-10k IQA Database/512x384/5956264742.jpg,1,0,0,0,0,1,0,0,0,1,0,1,0,0,0,0,0,1,0,0
KonIQ-10k IQA Database/512x384/5955821366.jpg,1,0,0,0,0,1,0,0,0,1,0,0,0,1,0,1,0,0,0,0
KonIQ-10k IQA Database/512x384/5956733523.jpg,1,0,0,0,0,1,0,0,0,1,0,0,1,0,1,1,0,1,0,0
KonIQ-10k IQA Database/512x384/5956532834.jpg,0,0,0,0,1,0,1,0,0,0,1,1,0,0,0,0,0,0,0,1
KonIQ-10k IQA Database/512x384/5957529687.jpg,0,0,0,0,1,1,0,0,1,0,0,0,1,0,0,1,1,0,0,0
KonIQ-10k IQA Database/512x384/5958950790.jpg,0,0,1,0,0,0,1,0,0,0,1,1,0,0,0,0,0,0,0,1
KonIQ-10k IQA Database/512x384/5958527369.jpg,0,1,0,0,0,1,0,0,0,1,0,1,0,0,0,1,0,0,0,0
KonIQ-10k IQA Database/512x384/5959178118.jpg,0,0,1,0,0,0,1,0,1,0,0,1,0,0,0,0,0,0,0,1
KonIQ-10k IQA Database/512x384/5958225311.jpg,1,0,0,0,0,1,0,0,0,1,0,1,0,0,0,1,0,0,0,0
KonIQ-10k IQA Database/512x384/5959274849.jpg,1,0,0,0,0,1,0,0,0,1,0,0,1,0,0,0,0,1,0,0
KonIQ-10k IQA Database/512x384/5959668491.jpg,1,0,0,0,0,1,0,0,1,0,0,0,1,0,0,1,0,0,0,0
KonIQ-10k IQA Database/512x384/5960283649.jpg,0,0,0,0,1,0,0,0,0,0,1,1,0,0,0,0,0,1,0,0
KonIQ-10k IQA Database/512x384/5961150371.jpg,0,0,0,1,0,0,1,0,0,1,0,1,0,0,0,0,0,0,0,1
KonIQ-10k IQA Database/512x384/5961872098.jpg,0,0,1,0,0,0,1,0,0,0,1,0,0,1,0,0,1,0,0,0
KonIQ-10k IQA Database/512x384/5962747.jpg,0,0,0,0,1,1,0,0,0,1,0,1,0,0,0,0,0,1,0,0
KonIQ-10k IQA Database/512x384/5963098166.jpg,1,0,0,0,0,1,0,0,0,0,1,0,0,1,0,0,0,0,1,0
KonIQ-10k IQA Database/512x384/5963776272.jpg,0,0,1,0,0,0,1,0,0,0,1,0,1,0,0,0,0,1,0,0
KonIQ-10k IQA Database/512x384/5964504987.jpg,0,0,0,0,1,1,0,0,1,0,0,1,0,0,0,1,0,1,0,0
KonIQ-10k IQA Database/512x384/5965102816.jpg,0,0,0,0,1,1,0,0,0,1,0,0,1,0,0,0,0,1,0,0
KonIQ-10k IQA Database/512x384/5964655534.jpg,0,0,1,0,0,0,1,0,1,0,0,1,0,0,0,0,0,0,0,1
KonIQ-10k IQA Database/512x384/5965181934.jpg,0,0,0,0,1,0,0,0,0,0,1,1,0,0,0,0,0,0,0,1
KonIQ-10k IQA Database/512x384/5965591233.jpg,0,0,1,0,0,0,1,0,0,1,0,1,0,0,0,0,0,1,0,0
KonIQ-10k IQA Database/512x384/5965133754.jpg,0,0,1,0,0,0,1,0,0,1,0,1,0,0,0,0,1,0,0,0
KonIQ-10k IQA Database/512x384/596587243.jpg,1,0,0,0,0,1,0,0,1,0,0,1,0,0,0,1,0,0,0,0
KonIQ-10k IQA Database/512x384/5966496820.jpg,0,0,0,0,1,1,0,0,0,1,0,0,0,1,1,1,0,0,0,0
KonIQ-10k IQA Database/512x384/5966712198.jpg,1,0,0,0,0,1,0,0,0,1,0,0,0,1,1,0,0,1,0,0
KonIQ-10k IQA Database/512x384/5967293937.jpg,0,0,1,0,0,0,1,0,1,0,0,1,0,0,0,0,0,0,0,1
KonIQ-10k IQA Database/512x384/5967167167.jpg,1,0,0,0,0,1,0,0,1,0,0,1,0,0,0,1,0,0,0,0
KonIQ-10k IQA Database/512x384/5966778623.jpg,0,0,1,0,0,0,1,0,0,0,1,0,1,0,0,0,1,0,0,0
KonIQ-10k IQA Database/512x384/5968252137.jpg,0,0,0,0,1,1,0,0,0,1,0,0,1,0,1,0,0,0,0,0
KonIQ-10k IQA Database/512x384/5968558261.jpg,0,0,1,0,0,1,0,0,1,0,0,1,0,0,0,1,0,0,0,0
KonIQ-10k IQA Database/512x384/5968485889.jpg,0,0,0,1,0,1,0,0,0,1,0,1,0,0,0,0,1,0,0,0
KonIQ-10k IQA Database/512x384/5969471767.jpg,1,0,0,0,0,1,0,0,1,0,0,1,0,0,0,0,0,0,1,0
KonIQ-10k IQA Database/512x384/5971260303.jpg,0,0,1,0,0,0,1,0,0,1,0,1,0,0,0,0,0,0,0,1
KonIQ-10k IQA Database/512x384/5970029392.jpg,1,0,0,0,0,1,0,0,0,1,0,0,1,0,0,0,1,0,1,0
KonIQ-10k IQA Database/512x384/5971597371.jpg,0,0,0,0,1,1,0,0,1,0,0,0,0,1,1,0,0,0,0,0
KonIQ-10k IQA Database/512x384/5971762123.jpg,1,0,0,0,0,1,0,0,0,1,0,0,1,0,0,0,0,1,0,0
KonIQ-10k IQA Database/512x384/5973089672.jpg,0,1,0,0,0,1,0,0,1,0,0,0,1,0,1,1,0,0,0,0
KonIQ-10k IQA Database/512x384/5973304617.jpg,0,0,0,0,1,0,1,0,0,0,1,0,0,1,0,0,0,0,0,1
KonIQ-10k IQA Database/512x384/5973209084.jpg,0,0,0,0,1,0,0,1,0,1,0,1,0,0,0,1,0,0,0,0
KonIQ-10k IQA Database/512x384/5974147290.jpg,0,0,1,0,0,0,1,0,0,0,1,0,1,0,0,0,1,0,0,0
KonIQ-10k IQA Database/512x384/5974844404.jpg,0,0,1,0,0,0,1,0,1,0,0,1,0,0,0,0,0,0,1,0
KonIQ-10k IQA Database/512x384/5975565227.jpg,0,0,1,0,0,0,1,0,0,0,1,0,1,0,0,0,0,0,0,1
KonIQ-10k IQA Database/512x384/5976052920.jpg,0,0,0,0,1,1,0,0,1,0,0,0,0,1,1,0,0,0,1,0
KonIQ-10k IQA Database/512x384/5977893194.jpg,0,0,1,0,0,0,1,0,0,1,0,1,0,0,0,0,0,0,0,1
KonIQ-10k IQA Database/512x384/5977841815.jpg,1,0,0,0,0,1,0,0,1,0,0,1,0,0,1,1,0,0,0,0
KonIQ-10k IQA Database/512x384/5979005595.jpg,0,0,0,0,1,0,1,0,1,0,0,1,0,0,0,0,0,0,0,1
KonIQ-10k IQA Database/512x384/5976377870.jpg,0,0,1,0,0,0,1,0,0,0,1,0,1,0,0,0,0,0,0,1
KonIQ-10k IQA Database/512x384/5979159909.jpg,0,0,0,0,1,1,0,0,1,0,0,1,0,0,0,0,0,0,0,1
KonIQ-10k IQA Database/512x384/5974719661.jpg,0,0,0,0,1,0,1,0,0,0,1,1,0,0,0,0,0,0,0,1
KonIQ-10k IQA Database/512x384/5980262015.jpg,0,0,1,0,0,0,1,0,0,0,1,1,0,0,0,0,0,0,0,1
KonIQ-10k IQA Database/512x384/5980068668.jpg,0,0,1,0,0,0,1,0,0,1,0,0,1,0,0,0,1,0,0,0
KonIQ-10k IQA Database/512x384/5979161459.jpg,0,0,1,0,0,0,0,1,0,0,1,1,0,0,0,0,1,0,0,0
KonIQ-10k IQA Database/512x384/5982393408.jpg,1,0,0,0,0,1,0,0,1,0,0,1,0,0,0,1,0,0,0,0
KonIQ-10k IQA Database/512x384/5984121563.jpg,0,0,0,0,1,0,1,0,0,0,1,1,0,0,0,0,0,0,0,1
KonIQ-10k IQA Database/512x384/5984140443.jpg,0,1,0,0,0,1,0,0,0,1,0,0,1,0,0,1,0,0,1,0
KonIQ-10k IQA Database/512x384/5987364665.jpg,0,0,1,0,0,0,1,0,0,1,0,1,0,0,0,0,0,0,0,1
KonIQ-10k IQA Database/512x384/5986724634.jpg,0,0,1,0,0,0,1,0,0,1,0,1,0,0,0,0,0,1,0,0
KonIQ-10k IQA Database/512x384/5987658762.jpg,0,1,0,0,0,1,0,0,0,1,0,1,0,0,0,0,0,0,0,1
KonIQ-10k IQA Database/512x384/5985353334.jpg,0,0,0,0,1,1,0,0,0,1,0,1,0,0,0,0,0,0,0,1
KonIQ-10k IQA Database/512x384/5987384542.jpg,1,0,0,0,0,1,0,0,0,1,0,1,0,0,0,1,0,0,0,0
KonIQ-10k IQA Database/512x384/5991710179.jpg,0,0,0,0,1,0,0,1,0,0,1,0,1,0,0,1,0,0,0,0
KonIQ-10k IQA Database/512x384/5993545370.jpg,0,0,0,0,1,1,0,0,1,0,0,1,0,0,1,0,0,0,1,0
KonIQ-10k IQA Database/512x384/5990072932.jpg,0,0,1,0,0,0,1,0,0,0,1,0,1,0,0,0,0,0,0,1
KonIQ-10k IQA Database/512x384/5992863973.jpg,0,0,0,1,0,1,0,0,1,0,0,1,0,0,0,0,0,0,1,0
KonIQ-10k IQA Database/512x384/5994370430.jpg,0,0,0,0,1,0,1,0,0,0,1,0,0,1,0,0,0,0,0,1
KonIQ-10k IQA Database/512x384/5993929800.jpg,0,0,0,0,1,1,0,0,1,0,0,0,1,0,0,1,0,0,0,0
KonIQ-10k IQA Database/512x384/5994198578.jpg,1,0,0,0,0,1,0,0,1,0,0,1,0,0,0,1,0,0,0,0
KonIQ-10k IQA Database/512x384/5993869890.jpg,1,0,0,0,0,1,0,0,1,0,0,0,1,0,0,1,1,0,0,0
KonIQ-10k IQA Database/512x384/5995809590.jpg,0,0,1,0,0,0,1,0,0,0,1,1,0,0,0,0,0,0,0,1
KonIQ-10k IQA Database/512x384/5995083892.jpg,1,0,0,0,0,1,0,0,0,0,1,1,0,0,0,1,0,0,0,0
KonIQ-10k IQA Database/512x384/5995040588.jpg,1,0,0,0,0,1,0,0,1,0,0,0,1,0,0,1,0,0,0,0
KonIQ-10k IQA Database/512x384/5996266717.jpg,0,1,0,0,0,1,0,0,0,1,0,1,0,0,0,0,1,0,0,0
KonIQ-10k IQA Database/512x384/5996648026.jpg,0,0,1,0,0,0,0,1,0,1,0,1,0,0,0,0,1,0,0,0
KonIQ-10k IQA Database/512x384/5996293393.jpg,0,0,0,0,1,1,0,0,1,0,0,0,1,0,0,0,1,1,0,0
KonIQ-10k IQA Database/512x384/5999140032.jpg,0,0,0,0,1,0,1,0,0,1,0,1,0,0,0,0,0,0,0,1
KonIQ-10k IQA Database/512x384/5998921543.jpg,0,0,0,0,1,0,1,0,0,0,1,0,1,0,0,0,1,0,0,0
KonIQ-10k IQA Database/512x384/5999303076.jpg,0,0,1,0,0,0,1,0,0,1,0,1,0,0,0,0,0,0,0,1
KonIQ-10k IQA Database/512x384/5996831643.jpg,0,0,0,1,0,1,0,0,1,0,0,1,0,0,0,0,1,0,0,0
KonIQ-10k IQA Database/512x384/5997968998.jpg,0,0,0,0,1,1,0,0,1,0,0,0,1,0,0,1,1,0,0,0
KonIQ-10k IQA Database/512x384/5999450318.jpg,0,0,1,0,0,0,1,0,0,0,1,1,0,0,0,0,0,0,0,1
KonIQ-10k IQA Database/512x384/6000377344.jpg,0,0,0,0,1,0,0,0,0,0,1,0,0,1,1,0,0,0,0,0
KonIQ-10k IQA Database/512x384/6000347443.jpg,0,0,1,0,0,0,0,0,0,1,0,1,0,0,0,0,0,0,0,1
KonIQ-10k IQA Database/512x384/6000772290.jpg,0,0,1,0,0,0,0,1,1,0,0,0,1,0,0,0,0,0,0,1
KonIQ-10k IQA Database/512x384/6000896987.jpg,0,0,0,0,1,1,0,0,1,0,0,0,1,0,0,0,1,1,0,0
KonIQ-10k IQA Database/512x384/6001214984.jpg,0,0,1,0,0,0,1,0,0,1,0,0,1,0,0,0,0,0,0,1
KonIQ-10k IQA Database/512x384/6001258616.jpg,0,0,1,0,0,0,1,0,0,1,0,1,0,0,0,0,1,0,0,0
KonIQ-10k IQA Database/512x384/5999962453.jpg,0,0,0,0,1,1,0,0,0,1,0,1,0,0,1,1,0,0,0,0
KonIQ-10k IQA Database/512x384/6001045244.jpg,0,0,0,0,1,0,1,0,1,0,0,1,0,0,0,0,1,0,0,0
KonIQ-10k IQA Database/512x384/6001444866.jpg,0,0,1,0,0,0,1,0,0,0,1,0,1,0,0,0,0,0,0,1
KonIQ-10k IQA Database/512x384/6001560793.jpg,0,0,1,0,0,0,1,0,0,0,1,1,0,0,0,0,0,0,0,1
KonIQ-10k IQA Database/512x384/6002788833.jpg,0,0,0,0,1,0,1,0,0,1,0,1,0,0,0,0,1,0,0,0
KonIQ-10k IQA Database/512x384/6001836316.jpg,0,0,0,0,1,1,0,0,1,0,0,1,0,0,0,0,1,1,0,0
KonIQ-10k IQA Database/512x384/6002391220.jpg,1,0,0,0,0,1,0,0,1,0,0,0,1,0,1,1,0,0,1,0
KonIQ-10k IQA Database/512x384/6003444578.jpg,1,0,0,0,0,1,0,0,0,1,0,1,0,0,0,1,0,0,0,0
KonIQ-10k IQA Database/512x384/6003830397.jpg,0,0,0,0,1,1,0,0,0,1,0,0,0,1,0,0,0,0,1,0
KonIQ-10k IQA Database/512x384/6003925442.jpg,0,0,0,0,1,1,0,0,0,1,0,1,0,0,0,0,0,0,0,1
KonIQ-10k IQA Database/512x384/6004179446.jpg,0,0,1,0,0,0,1,0,0,0,1,1,0,0,0,0,0,0,0,1
KonIQ-10k IQA Database/512x384/6004662053.jpg,0,1,0,0,0,0,0,1,1,0,0,0,1,0,0,1,0,0,0,0
KonIQ-10k IQA Database/512x384/6006544496.jpg,0,1,0,0,0,1,0,0,1,0,0,0,1,0,0,0,0,0,0,1
KonIQ-10k IQA Database/512x384/6007032209.jpg,0,0,0,0,1,1,0,0,1,0,0,0,0,1,1,0,0,0,0,0
KonIQ-10k IQA Database/512x384/6005119430.jpg,0,0,0,0,1,1,0,0,1,0,0,0,1,0,0,1,1,0,0,0
KonIQ-10k IQA Database/512x384/6008267730.jpg,0,1,0,0,0,1,0,0,0,1,0,0,1,0,0,0,0,0,0,1
KonIQ-10k IQA Database/512x384/6011182310.jpg,0,0,1,0,0,0,1,0,0,0,1,1,0,0,0,0,0,0,0,1
KonIQ-10k IQA Database/512x384/6008172185.jpg,0,0,1,0,0,0,1,0,1,0,0,1,0,0,0,0,0,0,1,0
KonIQ-10k IQA Database/512x384/6011321842.jpg,0,0,1,0,0,0,1,0,0,1,0,1,0,0,0,0,0,0,0,1
KonIQ-10k IQA Database/512x384/6010335101.jpg,1,0,0,0,0,1,0,0,1,0,0,1,0,0,1,0,0,0,1,0
KonIQ-10k IQA Database/512x384/6011443641.jpg,0,0,1,0,0,0,1,0,0,0,1,1,0,0,0,0,1,0,0,0
KonIQ-10k IQA Database/512x384/6013203590.jpg,0,0,1,0,0,0,1,0,0,0,1,0,1,0,0,0,1,0,0,0
KonIQ-10k IQA Database/512x384/6015802455.jpg,0,0,1,0,0,0,1,0,1,0,0,0,1,0,0,0,1,0,0,0
KonIQ-10k IQA Database/512x384/6015806731.jpg,1,0,0,0,0,1,0,0,0,1,0,0,1,0,1,0,0,0,0,0
KonIQ-10k IQA Database/512x384/6015032576.jpg,0,0,1,0,0,0,1,0,0,0,1,1,0,0,0,0,0,0,0,1
KonIQ-10k IQA Database/512x384/6014996044.jpg,0,0,1,0,0,0,1,0,0,0,1,1,0,0,0,0,1,0,0,0
KonIQ-10k IQA Database/512x384/6015497423.jpg,0,0,0,0,1,1,0,0,0,1,0,0,1,0,0,1,1,0,0,0
KonIQ-10k IQA Database/512x384/6012494248.jpg,0,0,1,0,0,0,1,0,0,0,1,1,0,0,0,0,1,0,0,0
KonIQ-10k IQA Database/512x384/6016351794.jpg,1,0,0,0,0,1,0,0,0,1,0,0,1,0,1,0,0,0,0,0
KonIQ-10k IQA Database/512x384/6015956857.jpg,0,0,1,0,0,0,1,0,0,1,0,1,0,0,0,0,1,0,0,0
KonIQ-10k IQA Database/512x384/6018292739.jpg,0,0,1,0,0,0,1,0,1,0,0,1,0,0,0,0,0,0,0,1
KonIQ-10k IQA Database/512x384/6016403844.jpg,0,0,1,0,0,0,1,0,1,0,0,1,0,0,0,0,0,0,0,1
KonIQ-10k IQA Database/512x384/6018954377.jpg,0,0,0,0,1,1,0,0,0,1,0,1,0,0,0,1,0,0,0,0
KonIQ-10k IQA Database/512x384/6019255824.jpg,0,0,1,0,0,0,1,0,0,0,1,0,1,0,0,0,1,0,0,0
KonIQ-10k IQA Database/512x384/6019043810.jpg,0,0,1,0,0,0,1,0,0,1,0,0,1,0,0,0,1,0,0,0
KonIQ-10k IQA Database/512x384/6019945837.jpg,0,0,0,0,1,1,0,0,1,0,0,1,0,0,0,1,0,0,0,0
KonIQ-10k IQA Database/512x384/6018448805.jpg,0,0,1,0,0,0,1,0,0,1,0,0,1,0,0,0,1,0,0,0
KonIQ-10k IQA Database/512x384/6021411453.jpg,0,0,0,1,0,1,0,0,0,1,0,1,0,0,0,1,0,0,0,0
KonIQ-10k IQA Database/512x384/6021031344.jpg,0,0,1,0,0,0,1,0,0,0,1,0,1,0,0,0,1,0,0,0
KonIQ-10k IQA Database/512x384/6019634729.jpg,0,0,0,0,1,0,1,0,1,0,0,0,1,0,0,0,1,0,0,0
KonIQ-10k IQA Database/512x384/6021481506.jpg,0,0,1,0,0,0,1,0,0,0,1,0,1,0,0,0,0,1,0,0
KonIQ-10k IQA Database/512x384/6022378177.jpg,1,0,0,0,0,1,0,0,1,0,0,1,0,0,1,1,0,0,0,0
KonIQ-10k IQA Database/512x384/6022867548.jpg,0,1,0,0,0,0,1,0,0,0,1,0,1,0,0,0,1,0,0,0
KonIQ-10k IQA Database/512x384/6024552297.jpg,0,0,1,0,0,0,1,0,1,0,0,0,1,0,0,0,0,0,0,1
KonIQ-10k IQA Database/512x384/6022545118.jpg,1,0,0,0,0,0,1,0,0,0,1,0,1,0,1,1,0,0,0,0
KonIQ-10k IQA Database/512x384/6025425827.jpg,0,0,0,0,1,0,1,0,1,0,0,1,0,0,0,0,0,0,0,1
KonIQ-10k IQA Database/512x384/6024842797.jpg,0,0,0,1,0,0,1,0,0,0,1,1,0,0,0,0,1,0,0,0
KonIQ-10k IQA Database/512x384/6026326925.jpg,0,1,0,0,0,1,0,0,1,0,0,0,1,0,0,1,1,0,0,0
KonIQ-10k IQA Database/512x384/6026252669.jpg,0,0,1,0,0,0,1,0,1,0,0,0,1,0,0,0,1,0,0,0
KonIQ-10k IQA Database/512x384/6026481577.jpg,1,0,0,0,0,1,0,0,1,0,0,1,0,0,0,1,0,0,0,0
KonIQ-10k IQA Database/512x384/6027079771.jpg,0,0,0,0,1,0,1,0,0,0,1,0,1,0,0,0,1,0,0,0
KonIQ-10k IQA Database/512x384/6027104916.jpg,0,0,0,0,1,0,0,0,0,1,0,1,0,0,0,0,0,0,0,1
KonIQ-10k IQA Database/512x384/6028150139.jpg,0,0,0,0,1,0,1,0,1,0,0,0,0,1,0,0,0,0,0,1
KonIQ-10k IQA Database/512x384/6027700445.jpg,0,0,0,0,1,0,0,0,0,0,1,0,0,1,0,0,0,0,0,1
KonIQ-10k IQA Database/512x384/6028637115.jpg,0,0,0,1,0,0,1,0,0,0,1,1,0,0,0,0,1,0,0,0
KonIQ-10k IQA Database/512x384/6027592169.jpg,0,0,0,1,0,0,1,0,0,1,0,1,0,0,0,0,1,0,0,0
KonIQ-10k IQA Database/512x384/6029121560.jpg,0,1,0,0,0,1,0,0,1,0,0,0,1,0,0,0,1,0,0,0
KonIQ-10k IQA Database/512x384/6029275021.jpg,0,0,0,0,1,1,0,0,1,0,0,0,0,1,1,0,0,0,0,0
KonIQ-10k IQA Database/512x384/6031428768.jpg,0,0,0,0,1,1,0,0,1,0,0,0,1,0,1,0,0,0,0,0
KonIQ-10k IQA Database/512x384/6030949586.jpg,0,0,1,0,0,0,0,1,0,1,0,1,0,0,0,0,0,0,0,1
KonIQ-10k IQA Database/512x384/6030228496.jpg,0,0,0,1,0,1,0,0,0,1,0,1,0,0,0,1,1,0,0,0
KonIQ-10k IQA Database/512x384/6031843630.jpg,0,0,1,0,0,0,1,0,0,1,0,0,1,0,0,0,1,0,0,0
KonIQ-10k IQA Database/512x384/6031659162.jpg,1,0,0,0,0,1,0,0,1,0,0,1,0,0,0,1,0,1,0,0
KonIQ-10k IQA Database/512x384/6033104227.jpg,1,0,0,0,0,1,0,0,1,0,0,1,0,0,1,0,0,0,0,0
KonIQ-10k IQA Database/512x384/6032331327.jpg,0,0,1,0,0,0,1,0,1,0,0,1,0,0,0,0,0,0,1,0
KonIQ-10k IQA Database/512x384/6034206796.jpg,1,0,0,0,0,1,0,0,0,1,0,1,0,0,0,0,0,1,0,0
KonIQ-10k IQA Database/512x384/6034305010.jpg,1,0,0,0,0,0,0,0,0,0,1,0,0,1,0,0,0,0,0,1
KonIQ-10k IQA Database/512x384/6035124340.jpg,0,0,0,0,1,1,0,0,1,0,0,0,1,0,1,0,0,0,0,0
KonIQ-10k IQA Database/512x384/6038209414.jpg,1,0,0,0,0,1,0,0,0,1,0,0,1,0,0,1,0,0,0,0
KonIQ-10k IQA Database/512x384/6038295974.jpg,1,0,0,0,0,1,0,0,1,0,0,1,0,0,0,1,0,0,0,0
KonIQ-10k IQA Database/512x384/6035849303.jpg,0,0,1,0,0,0,1,0,1,0,0,0,1,0,0,0,1,0,0,0
KonIQ-10k IQA Database/512x384/6037494854.jpg,0,0,0,0,1,1,0,0,1,0,0,0,1,0,1,1,0,0,0,0
KonIQ-10k IQA Database/512x384/6038701648.jpg,1,0,0,0,0,0,1,0,0,0,1,1,0,0,0,0,0,1,0,0
KonIQ-10k IQA Database/512x384/6036947560.jpg,0,0,0,0,1,1,0,0,1,0,0,1,0,0,0,1,0,0,0,0
KonIQ-10k IQA Database/512x384/6039986831.jpg,0,1,0,0,0,0,0,1,0,0,1,0,0,1,0,0,0,1,0,0
KonIQ-10k IQA Database/512x384/6039555736.jpg,0,0,0,0,1,1,0,0,1,0,0,0,0,1,1,0,0,0,1,0
KonIQ-10k IQA Database/512x384/6041797981.jpg,0,0,0,0,1,1,0,0,1,0,0,1,0,0,0,0,0,0,0,1
KonIQ-10k IQA Database/512x384/6040260022.jpg,0,0,1,0,0,0,1,0,0,0,1,1,0,0,0,0,0,0,0,1
KonIQ-10k IQA Database/512x384/6043711166.jpg,0,1,0,0,0,1,0,0,1,0,0,1,0,0,0,0,0,0,1,0
KonIQ-10k IQA Database/512x384/6042672092.jpg,0,0,0,0,1,1,0,0,0,1,0,1,0,0,0,1,1,0,0,0
KonIQ-10k IQA Database/512x384/6044839741.jpg,1,0,0,0,0,1,0,0,0,1,0,0,0,1,1,1,0,0,0,0
KonIQ-10k IQA Database/512x384/604326350.jpg,0,1,0,0,0,1,0,0,1,0,0,0,1,0,0,0,0,0,0,1
KonIQ-10k IQA Database/512x384/6044933517.jpg,0,0,0,0,1,0,1,0,1,0,0,1,0,0,0,0,0,0,0,1
KonIQ-10k IQA Database/512x384/6045753888.jpg,0,0,0,0,1,0,1,0,0,1,0,0,0,1,0,0,0,0,0,1
KonIQ-10k IQA Database/512x384/6045595814.jpg,0,0,1,0,0,0,1,0,0,0,1,1,0,0,0,0,1,0,0,0
KonIQ-10k IQA Database/512x384/6046933267.jpg,1,0,0,0,0,1,0,0,0,1,0,0,1,0,0,1,0,0,0,0
KonIQ-10k IQA Database/512x384/6046652289.jpg,0,0,0,0,1,0,1,0,1,0,0,1,0,0,0,0,0,0,0,1
KonIQ-10k IQA Database/512x384/6047228959.jpg,0,0,1,0,0,0,1,0,1,0,0,1,0,0,0,0,0,0,0,1
KonIQ-10k IQA Database/512x384/6048178491.jpg,0,0,1,0,0,0,1,0,0,0,1,1,0,0,0,0,1,0,0,0
KonIQ-10k IQA Database/512x384/6048377722.jpg,0,0,0,0,1,1,0,0,0,1,0,1,0,0,0,1,0,0,0,0
KonIQ-10k IQA Database/512x384/6050570749.jpg,1,0,0,0,0,1,0,0,0,1,0,1,0,0,0,1,0,0,0,0
KonIQ-10k IQA Database/512x384/6051776132.jpg,0,0,0,0,1,1,0,0,1,0,0,1,0,0,0,1,0,0,0,0
KonIQ-10k IQA Database/512x384/6052522172.jpg,0,1,0,0,0,0,0,1,0,0,1,0,1,0,0,0,0,0,0,1
KonIQ-10k IQA Database/512x384/6052669253.jpg,0,0,0,0,1,0,0,0,0,1,0,1,0,0,0,0,0,0,0,1
KonIQ-10k IQA Database/512x384/6052980564.jpg,0,0,0,0,1,0,1,0,1,0,0,1,0,0,0,0,0,0,0,1
KonIQ-10k IQA Database/512x384/6052981024.jpg,0,0,0,0,1,0,1,0,0,0,1,0,0,1,0,0,0,0,0,1
KonIQ-10k IQA Database/512x384/6053711143.jpg,0,0,0,0,1,0,0,1,1,0,0,1,0,0,0,0,1,0,0,0
KonIQ-10k IQA Database/512x384/6054384333.jpg,0,1,0,0,0,1,0,0,0,1,0,1,0,0,0,0,1,0,0,0
KonIQ-10k IQA Database/512x384/6055173386.jpg,1,0,0,0,0,1,0,0,1,0,0,0,0,1,1,1,0,0,0,0
KonIQ-10k IQA Database/512x384/6059213593.jpg,0,0,1,0,0,0,1,0,0,0,1,1,0,0,0,0,1,0,0,0
KonIQ-10k IQA Database/512x384/6056249968.jpg,1,0,0,0,0,1,0,0,0,1,0,1,0,0,0,1,0,0,0,0
KonIQ-10k IQA Database/512x384/6059439026.jpg,0,0,0,0,1,0,0,0,0,1,0,1,0,0,0,1,0,0,0,0
KonIQ-10k IQA Database/512x384/6059364561.jpg,0,0,0,1,0,0,1,0,0,1,0,1,0,0,0,0,1,0,0,0
KonIQ-10k IQA Database/512x384/6059676315.jpg,1,0,0,0,0,1,0,0,1,0,0,1,0,0,0,1,0,0,0,0
KonIQ-10k IQA Database/512x384/6060968148.jpg,0,0,1,0,0,0,1,0,0,1,0,1,0,0,0,0,0,0,0,1
KonIQ-10k IQA Database/512x384/6061619361.jpg,1,0,0,0,0,1,0,0,0,1,0,1,0,0,0,1,0,0,0,0
KonIQ-10k IQA Database/512x384/6062434084.jpg,0,0,0,0,1,0,0,0,0,0,1,0,1,0,0,0,0,0,0,1
KonIQ-10k IQA Database/512x384/6061284714.jpg,0,0,1,0,0,1,0,0,1,0,0,1,0,0,0,0,0,0,0,1
KonIQ-10k IQA Database/512x384/6064738730.jpg,0,0,1,0,0,0,1,0,0,1,0,0,1,0,0,0,0,0,0,1
KonIQ-10k IQA Database/512x384/6065678020.jpg,0,1,0,0,0,0,0,1,0,1,0,1,0,0,0,0,0,0,0,1
KonIQ-10k IQA Database/512x384/6063249330.jpg,0,0,0,0,1,0,0,0,0,0,1,0,0,1,0,0,0,0,0,1
KonIQ-10k IQA Database/512x384/6063545051.jpg,0,0,1,0,0,0,1,0,0,1,0,1,0,0,0,0,1,0,0,0
KonIQ-10k IQA Database/512x384/6065704403.jpg,1,0,0,0,0,1,0,0,0,1,0,1,0,0,0,1,0,0,1,0
KonIQ-10k IQA Database/512x384/6066096952.jpg,0,0,0,0,1,0,0,0,0,0,1,1,0,0,0,0,0,1,0,0
KonIQ-10k IQA Database/512x384/6066179576.jpg,1,0,0,0,0,1,0,0,0,1,0,0,1,0,0,0,0,0,1,0
KonIQ-10k IQA Database/512x384/6068598546.jpg,0,0,1,0,0,0,0,1,1,0,0,1,0,0,0,0,1,0,0,0
KonIQ-10k IQA Database/512x384/6066562802.jpg,1,0,0,0,0,1,0,0,0,1,0,1,0,0,0,1,0,0,0,0
KonIQ-10k IQA Database/512x384/6067656779.jpg,1,0,0,0,0,1,0,0,0,1,0,1,0,0,0,0,0,1,1,0
KonIQ-10k IQA Database/512x384/6067571211.jpg,0,0,1,0,0,0,1,0,1,0,0,0,1,0,0,0,0,1,0,0
KonIQ-10k IQA Database/512x384/6068776554.jpg,1,0,0,0,0,1,0,0,0,1,0,1,0,0,0,0,0,0,0,1
KonIQ-10k IQA Database/512x384/6070920773.jpg,0,0,0,0,1,1,0,0,1,0,0,0,1,0,1,0,0,0,0,0
KonIQ-10k IQA Database/512x384/6070993297.jpg,1,0,0,0,0,1,0,0,1,0,0,0,0,1,1,1,1,1,0,0
KonIQ-10k IQA Database/512x384/6071037995.jpg,1,0,0,0,0,1,0,0,0,1,0,0,1,0,0,0,1,0,1,0
KonIQ-10k IQA Database/512x384/6072006649.jpg,0,1,0,0,0,0,1,0,0,1,0,1,0,0,0,0,1,0,0,0
KonIQ-10k IQA Database/512x384/6071930227.jpg,0,0,1,0,0,0,1,0,0,0,1,1,0,0,0,0,0,1,0,0
KonIQ-10k IQA Database/512x384/6072373526.jpg,0,0,1,0,0,0,1,0,0,1,0,1,0,0,0,0,1,0,0,0
KonIQ-10k IQA Database/512x384/6073381897.jpg,0,0,0,0,1,1,0,0,0,1,0,0,1,0,0,1,0,0,0,0
KonIQ-10k IQA Database/512x384/6072752880.jpg,0,0,1,0,0,0,1,0,1,0,0,1,0,0,0,1,0,0,0,0
KonIQ-10k IQA Database/512x384/6074442813.jpg,0,0,0,0,1,1,0,0,1,0,0,1,0,0,0,0,0,0,0,1
KonIQ-10k IQA Database/512x384/6073506056.jpg,0,0,0,0,1,0,1,0,0,0,1,1,0,0,0,0,0,0,0,1
KonIQ-10k IQA Database/512x384/6074911475.jpg,0,0,1,0,0,0,1,0,0,1,0,1,0,0,1,0,0,0,0,0
KonIQ-10k IQA Database/512x384/6075825527.jpg,0,0,1,0,0,0,1,0,1,0,0,1,0,0,0,0,0,0,0,1
KonIQ-10k IQA Database/512x384/6077061574.jpg,1,0,0,0,0,1,0,0,1,0,0,0,1,0,0,1,1,0,0,0
KonIQ-10k IQA Database/512x384/6077930890.jpg,0,0,0,0,1,0,0,0,0,0,1,0,0,1,1,0,0,0,0,0
KonIQ-10k IQA Database/512x384/6077250722.jpg,1,0,0,0,0,1,0,0,1,0,0,0,1,0,0,0,0,1,0,0
KonIQ-10k IQA Database/512x384/6078472527.jpg,0,1,0,0,0,1,0,0,1,0,0,1,0,0,0,1,0,0,0,0
KonIQ-10k IQA Database/512x384/6080237953.jpg,0,0,0,0,1,1,0,0,1,0,0,1,0,0,0,1,0,0,0,0
KonIQ-10k IQA Database/512x384/6078173140.jpg,0,0,0,0,1,1,0,0,0,1,0,1,0,0,1,1,0,0,0,0
KonIQ-10k IQA Database/512x384/6080350914.jpg,0,0,0,1,0,1,0,0,0,1,0,1,0,0,0,0,1,0,1,0
KonIQ-10k IQA Database/512x384/6079223986.jpg,0,0,1,0,0,0,1,0,0,0,1,1,0,0,0,1,0,0,1,0
KonIQ-10k IQA Database/512x384/6080905239.jpg,1,0,0,0,0,1,0,0,1,0,0,1,0,0,0,1,1,0,0,0
KonIQ-10k IQA Database/512x384/6081414146.jpg,0,0,1,0,0,0,1,0,0,1,0,1,0,0,0,0,0,0,1,0
KonIQ-10k IQA Database/512x384/6082438802.jpg,0,0,0,0,1,1,0,0,0,1,0,0,1,0,0,1,0,0,1,0
KonIQ-10k IQA Database/512x384/6087235314.jpg,0,0,1,0,0,0,1,0,0,1,0,0,1,0,0,0,1,0,0,0
KonIQ-10k IQA Database/512x384/6084731334.jpg,0,0,1,0,0,0,1,0,0,1,0,0,1,0,0,0,1,0,0,0
KonIQ-10k IQA Database/512x384/6088173087.jpg,1,0,0,0,0,1,0,0,0,1,0,0,1,0,0,1,0,0,0,0
KonIQ-10k IQA Database/512x384/6087844508.jpg,0,0,0,1,0,0,0,0,0,1,0,1,0,0,0,0,0,0,0,1
KonIQ-10k IQA Database/512x384/6087381283.jpg,1,0,0,0,0,1,0,0,0,1,0,1,0,0,0,1,0,0,0,0
KonIQ-10k IQA Database/512x384/6088627872.jpg,0,0,0,0,1,1,0,0,1,0,0,1,0,0,0,0,0,1,0,0
KonIQ-10k IQA Database/512x384/6088697532.jpg,0,0,1,0,0,0,1,0,0,1,0,1,0,0,0,0,0,0,1,0
KonIQ-10k IQA Database/512x384/6088929536.jpg,0,0,0,0,1,1,0,0,1,0,0,1,0,0,0,0,0,0,0,1
KonIQ-10k IQA Database/512x384/6091930648.jpg,0,0,0,0,1,1,0,0,1,0,0,1,0,0,0,0,0,0,0,1
KonIQ-10k IQA Database/512x384/6092502687.jpg,0,0,1,0,0,0,1,0,0,1,0,1,0,0,0,0,0,0,0,1
KonIQ-10k IQA Database/512x384/6090586494.jpg,1,0,0,0,0,1,0,0,1,0,0,0,1,0,0,1,1,0,0,0
KonIQ-10k IQA Database/512x384/6093133362.jpg,0,0,0,1,0,0,1,0,0,0,1,0,1,0,0,0,1,0,0,0
KonIQ-10k IQA Database/512x384/6092043977.jpg,1,0,0,0,0,1,0,0,0,1,0,1,0,0,0,1,0,0,0,0
KonIQ-10k IQA Database/512x384/6092350487.jpg,0,0,0,0,1,1,0,0,1,0,0,0,1,0,1,1,1,0,0,0
KonIQ-10k IQA Database/512x384/6094279767.jpg,1,0,0,0,0,1,0,0,1,0,0,0,1,0,0,1,0,0,0,0
KonIQ-10k IQA Database/512x384/6095633645.jpg,0,0,1,0,0,0,1,0,0,1,0,1,0,0,0,0,0,0,0,1
KonIQ-10k IQA Database/512x384/6098070477.jpg,0,0,0,0,1,0,1,0,0,1,0,0,0,1,0,0,1,0,0,0
KonIQ-10k IQA Database/512x384/6095610288.jpg,0,1,0,0,0,0,1,0,0,0,1,1,0,0,0,0,0,0,0,1
KonIQ-10k IQA Database/512x384/6096713881.jpg,0,0,0,0,1,1,0,0,0,1,0,0,0,1,1,0,0,0,1,0
KonIQ-10k IQA Database/512x384/6093527262.jpg,0,1,0,0,0,1,0,0,1,0,0,1,0,0,1,1,0,0,0,0
KonIQ-10k IQA Database/512x384/6096610009.jpg,1,0,0,0,0,1,0,0,1,0,0,0,1,0,0,1,0,0,0,0
KonIQ-10k IQA Database/512x384/6098120607.jpg,0,0,1,0,0,0,1,0,0,0,1,0,1,0,0,0,0,0,0,1
KonIQ-10k IQA Database/512x384/6098945608.jpg,0,0,0,1,0,1,0,0,0,1,0,1,0,0,0,0,1,0,0,0
KonIQ-10k IQA Database/512x384/6098553690.jpg,1,0,0,0,0,1,0,0,0,1,0,0,1,0,0,1,0,1,0,0
KonIQ-10k IQA Database/512x384/6100280225.jpg,0,0,0,0,1,1,0,0,0,1,0,1,0,0,0,1,0,0,0,0
KonIQ-10k IQA Database/512x384/6098953309.jpg,0,0,1,0,0,0,1,0,0,1,0,1,0,0,0,0,0,0,0,1
KonIQ-10k IQA Database/512x384/6099389158.jpg,1,0,0,0,0,1,0,0,0,1,0,0,0,1,0,0,0,1,0,0
KonIQ-10k IQA Database/512x384/6102774302.jpg,0,0,1,0,0,0,1,0,0,0,1,1,0,0,0,0,0,0,0,1
KonIQ-10k IQA Database/512x384/6100334587.jpg,1,0,0,0,0,1,0,0,0,1,0,1,0,0,0,1,0,0,0,0
KonIQ-10k IQA Database/512x384/6104666546.jpg,0,0,0,1,0,1,0,0,1,0,0,1,0,0,0,0,0,0,0,1
KonIQ-10k IQA Database/512x384/610496828.jpg,0,0,0,0,1,1,0,0,1,0,0,0,1,0,1,0,0,0,0,0
KonIQ-10k IQA Database/512x384/6103897334.jpg,0,0,0,0,1,0,1,0,1,0,0,1,0,0,0,0,0,0,0,1
KonIQ-10k IQA Database/512x384/6105670251.jpg,0,0,1,0,0,0,1,0,0,1,0,1,0,0,0,0,0,0,0,1
KonIQ-10k IQA Database/512x384/6106478357.jpg,1,0,0,0,0,1,0,0,0,1,0,1,0,0,0,1,0,0,0,0
KonIQ-10k IQA Database/512x384/6106890458.jpg,0,0,0,1,0,0,1,0,1,0,0,1,0,0,0,0,0,0,0,1
KonIQ-10k IQA Database/512x384/6106078585.jpg,0,0,1,0,0,1,0,0,1,0,0,1,0,0,0,0,0,0,0,1
KonIQ-10k IQA Database/512x384/6107409429.jpg,1,0,0,0,0,1,0,0,1,0,0,1,0,0,1,1,0,0,0,0
KonIQ-10k IQA Database/512x384/6107838272.jpg,0,0,1,0,0,0,1,0,0,1,0,1,0,0,0,0,1,0,0,0
KonIQ-10k IQA Database/512x384/6109808754.jpg,1,0,0,0,0,1,0,0,0,1,0,1,0,0,0,1,0,1,0,0
KonIQ-10k IQA Database/512x384/6107208468.jpg,0,0,0,0,1,1,0,0,1,0,0,0,1,0,1,1,0,0,0,0
KonIQ-10k IQA Database/512x384/6110951544.jpg,1,0,0,0,0,1,0,0,1,0,0,1,0,0,0,1,0,0,0,0
KonIQ-10k IQA Database/512x384/6112534853.jpg,0,0,0,0,1,1,0,0,1,0,0,0,0,1,1,0,0,0,0,0
KonIQ-10k IQA Database/512x384/6112454258.jpg,0,0,1,0,0,0,1,0,0,1,0,1,0,0,0,1,0,0,0,0
KonIQ-10k IQA Database/512x384/6112607748.jpg,0,0,0,0,1,0,1,0,0,1,0,0,0,1,0,0,0,0,0,1
KonIQ-10k IQA Database/512x384/611264152.jpg,0,0,0,0,1,0,1,0,0,1,0,1,0,0,0,0,0,0,0,1
KonIQ-10k IQA Database/512x384/6111148526.jpg,0,0,1,0,0,0,1,0,0,1,0,0,1,0,0,0,1,0,0,0
KonIQ-10k IQA Database/512x384/6112648095.jpg,0,0,0,0,1,1,0,0,0,1,0,0,1,0,1,0,0,0,0,0
KonIQ-10k IQA Database/512x384/6113347868.jpg,1,0,0,0,0,1,0,0,0,0,1,0,0,1,1,1,0,0,0,0
KonIQ-10k IQA Database/512x384/6113677746.jpg,0,1,0,0,0,1,0,0,1,0,0,0,1,0,1,0,0,0,0,0
KonIQ-10k IQA Database/512x384/6113689999.jpg,0,0,0,0,1,0,1,0,1,0,0,1,0,0,0,0,0,0,0,1
KonIQ-10k IQA Database/512x384/6114724699.jpg,0,0,1,0,0,0,1,0,0,0,1,1,0,0,0,0,1,0,0,0
KonIQ-10k IQA Database/512x384/6114886448.jpg,1,0,0,0,0,1,0,0,0,1,0,0,1,0,0,0,1,1,0,0
KonIQ-10k IQA Database/512x384/6114847662.jpg,0,0,0,0,1,1,0,0,1,0,0,0,1,0,0,1,1,0,0,0
KonIQ-10k IQA Database/512x384/6114016805.jpg,0,1,0,0,0,1,0,0,1,0,0,1,0,0,1,0,0,0,0,0
KonIQ-10k IQA Database/512x384/6115396985.jpg,0,1,0,0,0,1,0,0,1,0,0,0,1,0,0,1,1,0,0,0
KonIQ-10k IQA Database/512x384/6115480209.jpg,0,0,0,0,1,0,0,0,0,1,0,1,0,0,0,0,1,0,0,0
KonIQ-10k IQA Database/512x384/6116188135.jpg,0,0,0,0,1,1,0,0,1,0,0,0,1,0,1,1,0,0,0,0
KonIQ-10k IQA Database/512x384/6118735934.jpg,0,0,0,0,1,1,0,0,0,1,0,1,0,0,0,1,0,0,0,0
KonIQ-10k IQA Database/512x384/6118739597.jpg,0,0,1,0,0,0,1,0,0,1,0,0,1,0,0,0,0,0,0,1
KonIQ-10k IQA Database/512x384/6117273943.jpg,1,0,0,0,0,1,0,0,0,1,0,1,0,0,0,0,0,1,0,0
KonIQ-10k IQA Database/512x384/611785273.jpg,0,0,1,0,0,0,1,0,0,0,1,1,0,0,0,0,0,0,0,1
KonIQ-10k IQA Database/512x384/6118760299.jpg,1,0,0,0,0,1,0,0,1,0,0,1,0,0,0,1,0,0,0,0
KonIQ-10k IQA Database/512x384/6119101323.jpg,1,0,0,0,0,1,0,0,0,1,0,1,0,0,0,1,0,0,0,0
KonIQ-10k IQA Database/512x384/6119560603.jpg,1,0,0,0,0,1,0,0,1,0,0,1,0,0,0,1,0,0,0,0
KonIQ-10k IQA Database/512x384/6120678876.jpg,1,0,0,0,0,1,0,0,1,0,0,1,0,0,0,1,0,0,0,0
KonIQ-10k IQA Database/512x384/6119482341.jpg,0,0,1,0,0,0,0,1,0,1,0,1,0,0,0,0,0,0,0,1
KonIQ-10k IQA Database/512x384/6121503317.jpg,0,1,0,0,0,1,0,0,0,1,0,1,0,0,0,0,1,0,0,0
KonIQ-10k IQA Database/512x384/6121672426.jpg,0,0,0,0,1,0,1,0,0,0,1,0,1,0,0,0,1,0,0,0
KonIQ-10k IQA Database/512x384/6121771164.jpg,1,0,0,0,0,1,0,0,1,0,0,0,0,1,1,0,0,0,0,0
KonIQ-10k IQA Database/512x384/6122580003.jpg,0,0,0,0,1,0,1,0,0,0,1,0,0,1,0,0,0,0,0,1
KonIQ-10k IQA Database/512x384/6121783761.jpg,1,0,0,0,0,1,0,0,0,1,0,0,1,0,0,0,0,1,1,0
KonIQ-10k IQA Database/512x384/6124044226.jpg,0,0,1,0,0,0,1,0,0,1,0,1,0,0,0,0,0,0,0,1
KonIQ-10k IQA Database/512x384/6123127594.jpg,0,0,0,0,1,1,0,0,1,0,0,0,1,0,0,1,0,1,0,0
KonIQ-10k IQA Database/512x384/6124674840.jpg,1,0,0,0,0,1,0,0,1,0,0,0,0,1,1,1,0,0,0,0
KonIQ-10k IQA Database/512x384/6125004754.jpg,0,1,0,0,0,1,0,0,1,0,0,1,0,0,1,0,0,1,1,0
KonIQ-10k IQA Database/512x384/6123909061.jpg,1,0,0,0,0,1,0,0,1,0,0,0,1,0,1,1,0,0,1,0
KonIQ-10k IQA Database/512x384/6125799438.jpg,1,0,0,0,0,1,0,0,0,1,0,0,1,0,0,1,1,0,0,0
KonIQ-10k IQA Database/512x384/6127748837.jpg,0,0,1,0,0,0,1,0,0,1,0,1,0,0,0,0,1,0,0,0
KonIQ-10k IQA Database/512x384/6128487555.jpg,1,0,0,0,0,1,0,0,0,1,0,0,1,0,0,0,0,1,0,0
KonIQ-10k IQA Database/512x384/6128176020.jpg,0,0,1,0,0,0,1,0,0,1,0,1,0,0,0,0,0,0,0,1
KonIQ-10k IQA Database/512x384/6128600017.jpg,0,0,0,0,1,1,0,0,1,0,0,0,1,0,1,1,0,0,0,0
KonIQ-10k IQA Database/512x384/6128851294.jpg,0,0,0,0,1,1,0,0,0,1,0,1,0,0,0,0,0,1,0,0
KonIQ-10k IQA Database/512x384/6127342377.jpg,0,0,0,1,0,0,1,0,0,1,0,1,0,0,0,0,1,0,0,0
KonIQ-10k IQA Database/512x384/6128722390.jpg,0,0,1,0,0,0,1,0,0,0,1,1,0,0,0,0,1,0,0,0
KonIQ-10k IQA Database/512x384/6130471976.jpg,0,0,1,0,0,0,1,0,0,0,1,1,0,0,0,0,1,0,0,0
KonIQ-10k IQA Database/512x384/6129702417.jpg,0,0,0,1,0,0,0,0,0,1,0,1,0,0,0,0,1,0,0,0
KonIQ-10k IQA Database/512x384/6131302144.jpg,0,1,0,0,0,1,0,0,1,0,0,1,0,0,1,0,0,0,0,0
KonIQ-10k IQA Database/512x384/6131345309.jpg,0,0,0,1,0,1,0,0,1,0,0,0,1,0,1,0,1,1,0,0
KonIQ-10k IQA Database/512x384/6132687106.jpg,1,0,0,0,0,1,0,0,0,1,0,0,1,0,0,1,0,0,0,0
KonIQ-10k IQA Database/512x384/6132687448.jpg,1,0,0,0,0,1,0,0,0,1,0,1,0,0,0,1,0,0,0,0
KonIQ-10k IQA Database/512x384/6133227550.jpg,0,0,1,0,0,0,1,0,0,1,0,1,0,0,0,0,0,0,1,0
KonIQ-10k IQA Database/512x384/6132160018.jpg,0,0,1,0,0,0,1,0,0,0,1,1,0,0,0,0,0,0,0,1
KonIQ-10k IQA Database/512x384/6133915607.jpg,0,0,1,0,0,0,1,0,0,1,0,1,0,0,0,1,0,0,0,0
KonIQ-10k IQA Database/512x384/6136695263.jpg,0,0,1,0,0,1,0,0,0,0,1,1,0,0,0,0,0,0,0,1
KonIQ-10k IQA Database/512x384/6139148199.jpg,1,0,0,0,0,0,0,0,0,0,1,0,0,1,1,0,0,0,1,0
KonIQ-10k IQA Database/512x384/6135085548.jpg,1,0,0,0,0,1,0,0,0,1,0,0,1,0,0,1,0,1,0,0
KonIQ-10k IQA Database/512x384/6138227307.jpg,1,0,0,0,0,1,0,0,1,0,0,0,1,0,0,1,0,0,0,0
KonIQ-10k IQA Database/512x384/6141644899.jpg,1,0,0,0,0,1,0,0,1,0,0,0,1,0,0,1,0,0,0,0
KonIQ-10k IQA Database/512x384/6138545533.jpg,0,0,1,0,0,0,1,0,0,1,0,1,0,0,0,0,1,0,0,0
KonIQ-10k IQA Database/512x384/6138363884.jpg,0,0,1,0,0,0,1,0,0,1,0,0,1,0,0,0,1,0,0,0
KonIQ-10k IQA Database/512x384/6141827403.jpg,0,0,0,0,1,1,0,0,1,0,0,0,1,0,0,0,0,0,1,0
KonIQ-10k IQA Database/512x384/6142185721.jpg,0,0,1,0,0,0,1,0,0,0,1,0,1,0,0,0,1,0,0,0
KonIQ-10k IQA Database/512x384/6142750214.jpg,0,0,0,0,1,0,1,0,0,1,0,0,0,1,0,0,1,0,0,0
KonIQ-10k IQA Database/512x384/6143005598.jpg,0,0,1,0,0,0,1,0,0,0,1,1,0,0,0,0,0,0,0,1
KonIQ-10k IQA Database/512x384/6143020134.jpg,1,0,0,0,0,1,0,0,0,1,0,1,0,0,0,1,0,0,0,0
KonIQ-10k IQA Database/512x384/6142852545.jpg,1,0,0,0,0,0,0,0,0,0,1,1,0,0,0,1,0,0,0,0
KonIQ-10k IQA Database/512x384/6142593562.jpg,0,0,1,0,0,0,1,0,0,1,0,1,0,0,0,1,0,0,0,0
KonIQ-10k IQA Database/512x384/6143633711.jpg,0,0,1,0,0,0,1,0,0,1,0,1,0,0,0,0,1,0,0,0
KonIQ-10k IQA Database/512x384/6143698715.jpg,1,0,0,0,0,1,0,0,0,1,0,1,0,0,0,1,0,0,1,0
KonIQ-10k IQA Database/512x384/6143211622.jpg,1,0,0,0,0,1,0,0,1,0,0,1,0,0,0,1,1,0,0,0
KonIQ-10k IQA Database/512x384/6144141675.jpg,0,0,0,0,1,0,0,0,0,0,1,0,0,1,0,0,0,0,0,1
KonIQ-10k IQA Database/512x384/6144182512.jpg,0,0,1,0,0,1,0,0,1,0,0,0,1,0,0,0,1,0,0,0
KonIQ-10k IQA Database/512x384/6144690260.jpg,0,0,0,0,1,0,1,0,1,0,0,0,0,1,0,0,0,0,0,1
KonIQ-10k IQA Database/512x384/6144702078.jpg,0,1,0,0,0,1,0,0,0,1,0,0,1,0,0,1,0,0,0,0
KonIQ-10k IQA Database/512x384/6146146023.jpg,0,0,0,0,1,0,1,0,1,0,0,1,0,0,0,1,0,0,0,0
KonIQ-10k IQA Database/512x384/6146595160.jpg,1,0,0,0,0,1,0,0,0,1,0,1,0,0,0,1,0,0,0,0
KonIQ-10k IQA Database/512x384/6147028264.jpg,0,0,0,0,1,1,0,0,1,0,0,1,0,0,0,0,0,0,0,1
KonIQ-10k IQA Database/512x384/6148781935.jpg,0,0,0,1,0,0,1,0,1,0,0,1,0,0,0,0,1,0,0,0
KonIQ-10k IQA Database/512x384/6149089572.jpg,0,0,0,0,1,0,1,0,0,0,1,0,1,0,0,0,0,0,0,1
KonIQ-10k IQA Database/512x384/6147756679.jpg,0,0,0,0,1,0,1,0,0,0,1,1,0,0,0,0,0,0,0,1
KonIQ-10k IQA Database/512x384/6147638271.jpg,1,0,0,0,0,1,0,0,1,0,0,0,1,0,0,1,0,0,0,0
KonIQ-10k IQA Database/512x384/6149327841.jpg,0,1,0,0,0,1,0,0,0,1,0,0,1,0,0,0,1,0,1,0
KonIQ-10k IQA Database/512x384/6149786725.jpg,0,0,0,0,1,1,0,0,0,1,0,1,0,0,0,1,0,0,0,0
KonIQ-10k IQA Database/512x384/615034576.jpg,0,0,1,0,0,0,1,0,0,0,1,1,0,0,0,0,1,0,0,0
KonIQ-10k IQA Database/512x384/6153674206.jpg,0,1,0,0,0,1,0,0,1,0,0,1,0,0,1,0,0,0,0,0
KonIQ-10k IQA Database/512x384/6151722057.jpg,1,0,0,0,0,1,0,0,1,0,0,1,0,0,0,1,0,0,0,0
KonIQ-10k IQA Database/512x384/6153962968.jpg,0,0,1,0,0,0,1,0,0,0,1,0,1,0,0,0,1,0,0,0
KonIQ-10k IQA Database/512x384/6153807982.jpg,1,0,0,0,0,1,0,0,0,1,0,0,1,0,0,1,1,1,0,0
KonIQ-10k IQA Database/512x384/6153987026.jpg,0,0,0,1,0,0,1,0,1,0,0,0,1,0,0,0,1,0,0,0
KonIQ-10k IQA Database/512x384/6150431643.jpg,0,0,1,0,0,0,1,0,0,0,1,1,0,0,0,0,0,0,0,1
KonIQ-10k IQA Database/512x384/6153984860.jpg,0,0,1,0,0,0,1,0,0,0,1,0,1,0,0,0,1,0,0,0
KonIQ-10k IQA Database/512x384/6154151584.jpg,1,0,0,0,0,1,0,0,0,0,1,0,0,1,0,0,0,1,0,0
KonIQ-10k IQA Database/512x384/6156825791.jpg,0,0,0,0,1,1,0,0,1,0,0,1,0,0,0,1,1,0,0,0
KonIQ-10k IQA Database/512x384/6154682169.jpg,0,0,0,0,1,0,0,0,0,1,0,1,0,0,0,0,0,0,0,1
KonIQ-10k IQA Database/512x384/6154181656.jpg,0,0,1,0,0,0,1,0,0,0,1,0,1,0,0,0,1,0,0,0
KonIQ-10k IQA Database/512x384/6157377531.jpg,0,1,0,0,0,1,0,0,1,0,0,0,1,0,1,0,0,1,0,0
KonIQ-10k IQA Database/512x384/6158806771.jpg,0,0,1,0,0,0,1,0,1,0,0,1,0,0,0,0,1,0,0,0
KonIQ-10k IQA Database/512x384/6160181184.jpg,0,0,0,0,1,1,0,0,1,0,0,0,1,0,1,0,0,0,0,0
KonIQ-10k IQA Database/512x384/6157269517.jpg,0,0,0,0,1,1,0,0,0,1,0,1,0,0,0,1,0,0,0,0
KonIQ-10k IQA Database/512x384/6160253188.jpg,1,0,0,0,0,1,0,0,0,1,0,0,0,1,0,1,0,0,1,0
KonIQ-10k IQA Database/512x384/6162806548.jpg,0,0,0,0,1,0,1,0,1,0,0,1,0,0,0,0,0,0,0,1
KonIQ-10k IQA Database/512x384/6160450342.jpg,0,0,1,0,0,0,1,0,0,0,1,1,0,0,0,0,1,0,0,0
KonIQ-10k IQA Database/512x384/6160448268.jpg,0,0,1,0,0,0,1,0,0,0,1,0,1,0,0,0,1,0,0,0
KonIQ-10k IQA Database/512x384/61630921.jpg,0,0,1,0,0,0,1,0,0,1,0,1,0,0,0,0,0,0,0,1
KonIQ-10k IQA Database/512x384/6162845121.jpg,0,0,0,0,1,0,1,0,1,0,0,1,0,0,0,0,0,0,0,1
KonIQ-10k IQA Database/512x384/6163494059.jpg,1,0,0,0,0,1,0,0,1,0,0,1,0,0,0,1,0,0,0,0
KonIQ-10k IQA Database/512x384/6163563949.jpg,0,0,0,0,1,1,0,0,0,1,0,1,0,0,1,1,0,0,0,0
KonIQ-10k IQA Database/512x384/6162009461.jpg,0,0,0,0,1,0,1,0,0,0,1,0,1,0,0,1,1,0,0,0
KonIQ-10k IQA Database/512x384/6163642388.jpg,1,0,0,0,0,1,0,0,1,0,0,0,1,0,0,1,0,0,0,0
KonIQ-10k IQA Database/512x384/6163576407.jpg,1,0,0,0,0,1,0,0,1,0,0,1,0,0,0,1,0,0,0,0
KonIQ-10k IQA Database/512x384/6164110615.jpg,0,0,1,0,0,0,1,0,0,1,0,1,0,0,0,0,0,0,0,1
KonIQ-10k IQA Database/512x384/6166445475.jpg,0,0,0,0,1,0,1,0,0,0,1,1,0,0,0,0,0,0,0,1
KonIQ-10k IQA Database/512x384/6163705024.jpg,0,0,0,1,0,0,1,0,1,0,0,1,0,0,0,0,1,0,1,0
KonIQ-10k IQA Database/512x384/6164643779.jpg,0,1,0,0,0,1,0,0,0,1,0,1,0,0,0,0,0,0,0,1
KonIQ-10k IQA Database/512x384/6166626410.jpg,0,0,1,0,0,0,0,1,0,1,0,1,0,0,0,1,0,0,0,0
KonIQ-10k IQA Database/512x384/6166766826.jpg,0,0,0,0,1,1,0,0,1,0,0,0,1,0,1,1,0,0,1,0
KonIQ-10k IQA Database/512x384/616692637.jpg,0,1,0,0,0,0,1,0,0,0,1,0,1,0,0,0,1,0,0,0
KonIQ-10k IQA Database/512x384/6167276187.jpg,0,1,0,0,0,0,1,0,0,0,1,0,0,1,1,0,0,0,0,0
KonIQ-10k IQA Database/512x384/6167489115.jpg,0,0,0,1,0,0,1,0,1,0,0,1,0,0,0,0,1,0,0,0
KonIQ-10k IQA Database/512x384/6167876275.jpg,0,0,1,0,0,0,1,0,0,1,0,1,0,0,0,0,0,0,0,1
KonIQ-10k IQA Database/512x384/6168174174.jpg,0,0,1,0,0,0,1,0,0,0,1,0,1,0,0,0,1,0,0,0
KonIQ-10k IQA Database/512x384/6169499538.jpg,0,0,0,0,1,1,0,0,1,0,0,0,1,0,0,0,1,1,0,0
KonIQ-10k IQA Database/512x384/6170767458.jpg,0,0,0,0,1,0,0,0,0,1,0,1,0,0,0,0,0,0,0,1
KonIQ-10k IQA Database/512x384/6170589548.jpg,0,0,0,1,0,1,0,0,1,0,0,0,1,0,1,1,1,0,0,0
KonIQ-10k IQA Database/512x384/6169751513.jpg,0,0,0,0,1,1,0,0,1,0,0,0,1,0,0,1,0,0,0,0
KonIQ-10k IQA Database/512x384/6171193930.jpg,0,0,1,0,0,0,1,0,0,0,1,1,0,0,0,0,1,0,0,0
KonIQ-10k IQA Database/512x384/6171792130.jpg,0,1,0,0,0,1,0,0,0,1,0,1,0,0,0,0,1,0,0,0
KonIQ-10k IQA Database/512x384/6171205916.jpg,0,0,0,0,1,1,0,0,1,0,0,0,0,1,1,0,0,0,1,0
KonIQ-10k IQA Database/512x384/6172964730.jpg,1,0,0,0,0,1,0,0,0,1,0,0,1,0,0,1,0,0,0,0
KonIQ-10k IQA Database/512x384/6172349199.jpg,1,0,0,0,0,1,0,0,0,1,0,1,0,0,0,1,0,0,0,0
KonIQ-10k IQA Database/512x384/6173003449.jpg,0,0,0,0,1,1,0,0,1,0,0,1,0,0,0,0,0,0,1,0
KonIQ-10k IQA Database/512x384/6175048748.jpg,1,0,0,0,0,1,0,0,1,0,0,0,0,1,0,0,1,0,0,0
KonIQ-10k IQA Database/512x384/61745002.jpg,0,0,1,0,0,0,1,0,0,0,1,1,0,0,0,0,1,0,0,0
KonIQ-10k IQA Database/512x384/6175384810.jpg,0,0,0,0,1,0,1,0,0,0,1,0,1,0,0,0,1,0,0,0
KonIQ-10k IQA Database/512x384/6175206335.jpg,0,0,0,1,0,1,0,0,1,0,0,0,1,0,0,1,1,0,0,0
KonIQ-10k IQA Database/512x384/6176401677.jpg,1,0,0,0,0,0,0,0,0,0,1,0,0,1,0,0,0,0,1,0
KonIQ-10k IQA Database/512x384/6175479501.jpg,0,0,0,0,1,0,1,0,0,1,0,1,0,0,0,0,1,0,0,0
KonIQ-10k IQA Database/512x384/6177166693.jpg,1,0,0,0,0,1,0,0,1,0,0,0,1,0,1,0,1,0,0,0
KonIQ-10k IQA Database/512x384/6177663697.jpg,1,0,0,0,0,1,0,0,1,0,0,0,0,1,0,1,0,0,0,0
KonIQ-10k IQA Database/512x384/6178467080.jpg,0,0,1,0,0,0,1,0,1,0,0,1,0,0,0,0,1,0,0,0
KonIQ-10k IQA Database/512x384/6177131907.jpg,1,0,0,0,0,1,0,0,0,1,0,0,1,0,0,0,1,1,0,0
KonIQ-10k IQA Database/512x384/6179066994.jpg,1,0,0,0,0,1,0,0,0,1,0,1,0,0,0,1,0,0,0,0
KonIQ-10k IQA Database/512x384/6178888063.jpg,0,1,0,0,0,1,0,0,1,0,0,0,1,0,0,0,0,0,0,1
KonIQ-10k IQA Database/512x384/6180251027.jpg,0,0,0,0,1,1,0,0,0,1,0,1,0,0,1,0,0,0,0,0
KonIQ-10k IQA Database/512x384/6180360861.jpg,0,0,1,0,0,0,1,0,0,1,0,1,0,0,0,0,0,0,0,1
KonIQ-10k IQA Database/512x384/6180327231.jpg,1,0,0,0,0,1,0,0,1,0,0,1,0,0,0,1,0,0,0,0
KonIQ-10k IQA Database/512x384/6182410940.jpg,0,0,1,0,0,0,1,0,1,0,0,0,1,0,0,0,1,0,0,0
KonIQ-10k IQA Database/512x384/6185806763.jpg,1,0,0,0,0,1,0,0,0,1,0,1,0,0,0,0,0,0,0,1
KonIQ-10k IQA Database/512x384/6181551181.jpg,1,0,0,0,0,1,0,0,1,0,0,1,0,0,0,1,0,0,0,0
KonIQ-10k IQA Database/512x384/6183915148.jpg,1,0,0,0,0,1,0,0,0,1,0,1,0,0,0,0,0,1,0,0
KonIQ-10k IQA Database/512x384/6184879643.jpg,0,0,0,0,1,0,0,0,0,1,0,1,0,0,0,1,0,0,0,0
KonIQ-10k IQA Database/512x384/6186480885.jpg,1,0,0,0,0,1,0,0,0,1,0,1,0,0,0,1,0,0,0,0
KonIQ-10k IQA Database/512x384/6186608340.jpg,1,0,0,0,0,1,0,0,0,1,0,0,0,1,0,0,0,0,0,1
KonIQ-10k IQA Database/512x384/6188110673.jpg,0,0,1,0,0,0,1,0,1,0,0,1,0,0,0,0,1,0,0,0
KonIQ-10k IQA Database/512x384/6188375845.jpg,0,0,0,0,1,0,0,0,1,0,0,1,0,0,0,0,0,0,1,0
KonIQ-10k IQA Database/512x384/6189434531.jpg,1,0,0,0,0,1,0,0,1,0,0,1,0,0,0,1,0,0,0,0
KonIQ-10k IQA Database/512x384/6190472459.jpg,1,0,0,0,0,1,0,0,0,1,0,1,0,0,0,1,0,0,0,0
KonIQ-10k IQA Database/512x384/6190085634.jpg,0,0,1,0,0,0,1,0,0,1,0,1,0,0,0,0,1,0,0,0
KonIQ-10k IQA Database/512x384/6190639250.jpg,0,0,0,1,0,0,1,0,0,1,0,1,0,0,0,0,1,0,0,0
KonIQ-10k IQA Database/512x384/6190643783.jpg,0,0,1,0,0,0,1,0,1,0,0,1,0,0,0,1,0,0,0,0
KonIQ-10k IQA Database/512x384/6191653562.jpg,0,1,0,0,0,1,0,0,1,0,0,0,1,0,1,0,0,0,0,0
KonIQ-10k IQA Database/512x384/6192180077.jpg,0,0,0,1,0,1,0,0,1,0,0,1,0,0,0,0,0,0,0,1
KonIQ-10k IQA Database/512x384/6192537618.jpg,0,0,0,0,1,1,0,0,0,1,0,0,1,0,0,1,0,0,0,0
KonIQ-10k IQA Database/512x384/6194607609.jpg,0,1,0,0,0,1,0,0,1,0,0,0,1,0,1,0,0,0,0,0
KonIQ-10k IQA Database/512x384/6194409059.jpg,0,1,0,0,0,1,0,0,1,0,0,0,1,0,1,0,0,0,0,0
KonIQ-10k IQA Database/512x384/6193425785.jpg,1,0,0,0,0,1,0,0,1,0,0,0,1,0,1,0,0,0,0,0
KonIQ-10k IQA Database/512x384/6194753185.jpg,1,0,0,0,0,1,0,0,0,1,0,0,1,0,0,0,0,1,0,0
KonIQ-10k IQA Database/512x384/6197628088.jpg,1,0,0,0,0,1,0,0,1,0,0,0,1,0,0,1,0,0,0,0
KonIQ-10k IQA Database/512x384/6198870834.jpg,0,0,1,0,0,0,1,0,0,1,0,1,0,0,0,0,1,0,0,0
KonIQ-10k IQA Database/512x384/6198414386.jpg,0,1,0,0,0,1,0,0,1,0,0,0,1,0,0,1,1,0,0,0
KonIQ-10k IQA Database/512x384/6199129652.jpg,1,0,0,0,0,1,0,0,0,1,0,1,0,0,0,0,0,1,0,0
KonIQ-10k IQA Database/512x384/6199370121.jpg,1,0,0,0,0,1,0,0,1,0,0,1,0,0,0,1,0,0,0,0
KonIQ-10k IQA Database/512x384/6200906518.jpg,0,0,1,0,0,0,1,0,1,0,0,1,0,0,0,0,0,0,0,1
KonIQ-10k IQA Database/512x384/6201330007.jpg,0,0,0,0,1,0,1,0,0,0,1,0,0,1,0,0,0,0,0,1
KonIQ-10k IQA Database/512x384/6199923383.jpg,0,1,0,0,0,1,0,0,0,1,0,0,0,1,0,0,0,0,0,1
KonIQ-10k IQA Database/512x384/6201290598.jpg,0,0,1,0,0,0,1,0,0,1,0,0,1,0,0,0,1,0,0,0
KonIQ-10k IQA Database/512x384/6202357240.jpg,0,0,1,0,0,0,1,0,0,0,1,0,1,0,0,0,0,0,0,1
KonIQ-10k IQA Database/512x384/6201268474.jpg,0,0,0,0,1,0,1,0,0,0,1,0,0,1,0,0,0,0,0,1
KonIQ-10k IQA Database/512x384/6204572206.jpg,1,0,0,0,0,1,0,0,0,1,0,0,1,0,0,0,0,1,1,0
KonIQ-10k IQA Database/512x384/62049415.jpg,0,0,0,0,1,1,0,0,0,1,0,0,1,0,0,0,1,1,0,0
KonIQ-10k IQA Database/512x384/6202637984.jpg,0,0,0,0,1,1,0,0,1,0,0,0,1,0,1,1,0,0,0,0
KonIQ-10k IQA Database/512x384/6205007970.jpg,1,0,0,0,0,1,0,0,1,0,0,1,0,0,0,1,0,0,0,0
KonIQ-10k IQA Database/512x384/6206537563.jpg,0,0,0,0,1,0,1,0,0,0,1,0,1,0,0,0,1,0,0,0
KonIQ-10k IQA Database/512x384/6205974624.jpg,0,0,1,0,0,0,1,0,0,1,0,1,0,0,0,0,1,0,0,0
KonIQ-10k IQA Database/512x384/6206641810.jpg,0,0,0,0,1,1,0,0,1,0,0,0,0,1,1,0,0,0,0,0
KonIQ-10k IQA Database/512x384/6207546656.jpg,0,0,1,0,0,0,0,0,0,0,1,0,1,0,0,0,0,0,0,1
KonIQ-10k IQA Database/512x384/6208184332.jpg,0,0,1,0,0,0,1,0,0,1,0,1,0,0,0,0,0,0,0,1
KonIQ-10k IQA Database/512x384/6208522710.jpg,0,0,0,0,1,0,1,0,0,1,0,1,0,0,0,0,0,0,0,1
KonIQ-10k IQA Database/512x384/6210021795.jpg,0,0,0,0,1,0,1,0,1,0,0,1,0,0,0,0,1,0,0,0
KonIQ-10k IQA Database/512x384/6210494281.jpg,0,0,0,0,1,0,0,0,0,0,1,1,0,0,0,0,0,0,0,1
KonIQ-10k IQA Database/512x384/6208981295.jpg,0,0,1,0,0,1,0,0,1,0,0,1,0,0,0,0,0,0,0,1
KonIQ-10k IQA Database/512x384/6209362711.jpg,0,0,0,0,1,1,0,0,1,0,0,1,0,0,1,0,0,0,0,0
KonIQ-10k IQA Database/512x384/6211550250.jpg,0,0,0,0,1,0,1,0,0,1,0,1,0,0,0,0,0,0,0,1
KonIQ-10k IQA Database/512x384/6210436753.jpg,0,0,0,0,1,0,1,0,0,0,1,1,0,0,0,0,0,0,0,1
KonIQ-10k IQA Database/512x384/6214101646.jpg,0,1,0,0,0,0,1,0,0,1,0,1,0,0,0,0,0,0,0,1
KonIQ-10k IQA Database/512x384/6211562802.jpg,0,0,1,0,0,0,1,0,0,1,0,1,0,0,0,0,0,0,0,1
KonIQ-10k IQA Database/512x384/6216628901.jpg,1,0,0,0,0,1,0,0,1,0,0,1,0,0,0,1,0,0,0,0
KonIQ-10k IQA Database/512x384/6219475255.jpg,0,0,0,0,1,1,0,0,1,0,0,1,0,0,0,0,0,0,0,1
KonIQ-10k IQA Database/512x384/6216457478.jpg,0,0,1,0,0,1,0,0,0,1,0,1,0,0,0,0,0,0,1,0
KonIQ-10k IQA Database/512x384/6220511513.jpg,0,0,0,0,1,1,0,0,1,0,0,0,1,0,0,1,0,0,0,0
KonIQ-10k IQA Database/512x384/6218336714.jpg,0,0,0,0,1,1,0,0,0,1,0,1,0,0,1,0,0,0,0,0
KonIQ-10k IQA Database/512x384/6220758013.jpg,1,0,0,0,0,1,0,0,0,1,0,0,1,0,1,1,0,0,0,0
KonIQ-10k IQA Database/512x384/6221634862.jpg,0,0,1,0,0,0,1,0,0,1,0,1,0,0,0,0,1,0,0,0
KonIQ-10k IQA Database/512x384/6224567547.jpg,0,0,0,0,1,0,1,0,0,0,1,1,0,0,0,0,0,0,0,1
KonIQ-10k IQA Database/512x384/6224309834.jpg,0,0,0,0,1,0,1,0,0,0,1,0,0,1,0,0,0,0,0,1
KonIQ-10k IQA Database/512x384/6222011944.jpg,0,0,0,0,1,1,0,0,1,0,0,0,1,0,1,1,1,0,0,0
KonIQ-10k IQA Database/512x384/6224584485.jpg,0,0,0,0,1,0,0,0,0,0,1,0,1,0,0,0,0,1,0,0
KonIQ-10k IQA Database/512x384/6222668667.jpg,0,0,1,0,0,0,1,0,0,1,0,1,0,0,0,0,0,0,0,1
KonIQ-10k IQA Database/512x384/6224117679.jpg,0,0,1,0,0,0,1,0,0,1,0,1,0,0,0,0,0,0,0,1
KonIQ-10k IQA Database/512x384/6225839332.jpg,0,0,0,0,1,0,0,0,0,1,0,1,0,0,0,0,0,0,0,1
KonIQ-10k IQA Database/512x384/6225884368.jpg,0,0,1,0,0,0,1,0,0,0,1,1,0,0,0,0,1,0,0,0
KonIQ-10k IQA Database/512x384/6226545880.jpg,0,0,0,0,1,1,0,0,1,0,0,0,0,1,1,0,0,0,0,0
KonIQ-10k IQA Database/512x384/6226958482.jpg,1,0,0,0,0,1,0,0,0,1,0,1,0,0,0,1,0,0,0,0
KonIQ-10k IQA Database/512x384/6226065978.jpg,1,0,0,0,0,1,0,0,0,1,0,1,0,0,0,1,0,0,0,0
KonIQ-10k IQA Database/512x384/6226355668.jpg,1,0,0,0,0,1,0,0,0,1,0,1,0,0,0,1,0,0,0,0
KonIQ-10k IQA Database/512x384/6227646726.jpg,0,0,0,1,0,1,0,0,0,1,0,1,0,0,0,0,0,0,0,1
KonIQ-10k IQA Database/512x384/6227862554.jpg,0,1,0,0,0,1,0,0,1,0,0,1,0,0,1,1,0,0,0,0
KonIQ-10k IQA Database/512x384/6227951538.jpg,0,0,0,1,0,0,1,0,1,0,0,1,0,0,0,0,1,0,0,0
KonIQ-10k IQA Database/512x384/6228278450.jpg,0,0,0,1,0,1,0,0,1,0,0,1,0,0,0,1,0,0,0,0
KonIQ-10k IQA Database/512x384/6229984844.jpg,1,0,0,0,0,1,0,0,0,1,0,1,0,0,0,1,0,0,0,0
KonIQ-10k IQA Database/512x384/6230011878.jpg,0,0,1,0,0,0,1,0,0,1,0,1,0,0,0,0,0,0,0,1
KonIQ-10k IQA Database/512x384/6228740926.jpg,1,0,0,0,0,1,0,0,1,0,0,0,1,0,1,1,0,1,0,0
KonIQ-10k IQA Database/512x384/6232083444.jpg,1,0,0,0,0,1,0,0,0,1,0,0,1,0,0,1,0,0,0,0
KonIQ-10k IQA Database/512x384/6228242896.jpg,0,0,1,0,0,0,1,0,1,0,0,1,0,0,0,0,1,0,0,0
KonIQ-10k IQA Database/512x384/6232031392.jpg,0,0,0,1,0,0,1,0,0,1,0,1,0,0,0,0,0,0,0,1
KonIQ-10k IQA Database/512x384/6233076325.jpg,0,0,0,0,1,1,0,0,1,0,0,0,1,0,0,0,0,0,0,1
KonIQ-10k IQA Database/512x384/6233367790.jpg,0,0,1,0,0,0,0,1,0,0,1,0,0,1,0,0,0,0,0,1
KonIQ-10k IQA Database/512x384/6235008903.jpg,1,0,0,0,0,1,0,0,1,0,0,1,0,0,0,1,0,0,0,0
KonIQ-10k IQA Database/512x384/6237051127.jpg,0,0,1,0,0,0,1,0,1,0,0,1,0,0,0,0,0,0,1,0
KonIQ-10k IQA Database/512x384/6235266506.jpg,0,0,1,0,0,0,1,0,0,0,1,0,1,0,0,0,0,0,0,1
KonIQ-10k IQA Database/512x384/62339435.jpg,0,0,1,0,0,0,1,0,0,1,0,1,0,0,0,0,0,1,0,0
KonIQ-10k IQA Database/512x384/6236533476.jpg,1,0,0,0,0,1,0,0,1,0,0,0,1,0,1,1,0,0,0,0
KonIQ-10k IQA Database/512x384/6237039351.jpg,0,0,0,0,1,1,0,0,1,0,0,0,1,0,1,0,0,1,1,0
KonIQ-10k IQA Database/512x384/6237170971.jpg,1,0,0,0,0,1,0,0,1,0,0,1,0,0,0,1,0,0,0,0
KonIQ-10k IQA Database/512x384/6237287200.jpg,0,0,1,0,0,0,1,0,0,0,1,0,1,0,0,0,1,0,0,0
KonIQ-10k IQA Database/512x384/6238087656.jpg,0,0,0,0,1,0,0,0,0,1,0,1,0,0,0,0,0,0,0,1
KonIQ-10k IQA Database/512x384/6238203210.jpg,0,0,0,0,1,0,1,0,0,0,1,1,0,0,0,0,0,0,0,1
KonIQ-10k IQA Database/512x384/6237907286.jpg,0,0,0,0,1,1,0,0,1,0,0,0,1,0,1,1,0,0,0,0
KonIQ-10k IQA Database/512x384/6238543010.jpg,1,0,0,0,0,1,0,0,1,0,0,1,0,0,1,1,0,0,0,0
KonIQ-10k IQA Database/512x384/6238346062.jpg,1,0,0,0,0,1,0,0,0,1,0,0,1,0,0,1,0,0,0,0
KonIQ-10k IQA Database/512x384/6239620274.jpg,1,0,0,0,0,1,0,0,0,1,0,1,0,0,0,1,0,0,0,0
KonIQ-10k IQA Database/512x384/6238988012.jpg,1,0,0,0,0,1,0,0,0,1,0,1,0,0,0,1,0,0,1,0
KonIQ-10k IQA Database/512x384/6239374380.jpg,0,0,0,0,1,1,0,0,1,0,0,0,1,0,1,0,0,0,0,0
KonIQ-10k IQA Database/512x384/6239948477.jpg,0,0,1,0,0,0,1,0,0,1,0,1,0,0,0,0,1,0,0,0
KonIQ-10k IQA Database/512x384/6243575043.jpg,0,0,0,1,0,0,1,0,0,1,0,1,0,0,0,0,1,0,0,0
KonIQ-10k IQA Database/512x384/6243772733.jpg,0,0,0,1,0,0,1,0,0,1,0,1,0,0,0,0,1,0,0,0
KonIQ-10k IQA Database/512x384/6245095836.jpg,0,0,1,0,0,0,1,0,0,0,1,1,0,0,0,0,0,0,0,1
KonIQ-10k IQA Database/512x384/6244943274.jpg,0,0,0,0,1,0,1,0,0,0,1,1,0,0,0,0,0,0,0,1
KonIQ-10k IQA Database/512x384/6245654215.jpg,1,0,0,0,0,1,0,0,1,0,0,0,1,0,0,1,0,0,0,0
KonIQ-10k IQA Database/512x384/6245438349.jpg,1,0,0,0,0,1,0,0,1,0,0,0,1,0,1,1,1,1,0,0
KonIQ-10k IQA Database/512x384/6245749984.jpg,0,0,0,0,1,0,0,0,0,1,0,1,0,0,0,0,0,0,0,1
KonIQ-10k IQA Database/512x384/6246977871.jpg,0,0,1,0,0,0,1,0,0,0,1,0,1,0,0,0,0,0,1,0
KonIQ-10k IQA Database/512x384/62458506.jpg,0,0,1,0,0,0,1,0,0,1,0,1,0,0,0,0,0,0,1,0
KonIQ-10k IQA Database/512x384/62480371.jpg,1,0,0,0,0,1,0,0,1,0,0,0,1,0,0,1,0,0,1,0
KonIQ-10k IQA Database/512x384/6248527465.jpg,1,0,0,0,0,1,0,0,0,1,0,1,0,0,0,0,0,1,0,0
KonIQ-10k IQA Database/512x384/6249554399.jpg,0,0,1,0,0,1,0,0,1,0,0,1,0,0,0,0,0,0,0,1
KonIQ-10k IQA Database/512x384/6249766642.jpg,0,1,0,0,0,1,0,0,0,1,0,0,1,0,0,0,0,0,1,0
KonIQ-10k IQA Database/512x384/62503983.jpg,0,0,1,0,0,0,1,0,0,0,1,0,1,0,0,0,0,0,0,1
KonIQ-10k IQA Database/512x384/6250057202.jpg,0,0,0,0,1,1,0,0,1,0,0,0,1,0,0,1,0,0,0,0
KonIQ-10k IQA Database/512x384/6251598886.jpg,0,0,1,0,0,0,1,0,0,0,1,1,0,0,0,0,0,0,0,1
KonIQ-10k IQA Database/512x384/6251689254.jpg,0,0,0,0,1,1,0,0,1,0,0,1,0,0,1,0,1,1,0,0
KonIQ-10k IQA Database/512x384/6252006096.jpg,1,0,0,0,0,1,0,0,0,1,0,0,0,1,0,0,0,1,0,0
KonIQ-10k IQA Database/512x384/6252132752.jpg,0,0,0,0,1,1,0,0,0,1,0,0,0,1,0,0,0,0,1,0
KonIQ-10k IQA Database/512x384/6252195920.jpg,1,0,0,0,0,1,0,0,1,0,0,0,1,0,0,1,0,0,0,0
KonIQ-10k IQA Database/512x384/6252279555.jpg,1,0,0,0,0,1,0,0,1,0,0,1,0,0,0,1,0,0,0,0
KonIQ-10k IQA Database/512x384/6252497829.jpg,0,0,0,0,1,1,0,0,1,0,0,1,0,0,0,1,0,0,0,0
KonIQ-10k IQA Database/512x384/6251795586.jpg,1,0,0,0,0,1,0,0,1,0,0,0,1,0,0,1,0,1,0,0
KonIQ-10k IQA Database/512x384/6253604200.jpg,1,0,0,0,0,1,0,0,1,0,0,1,0,0,0,1,0,0,0,0
KonIQ-10k IQA Database/512x384/6252913864.jpg,0,0,0,0,1,0,0,0,0,0,1,0,1,0,0,0,0,0,0,1
KonIQ-10k IQA Database/512x384/6253185409.jpg,0,1,0,0,0,0,1,0,0,0,1,1,0,0,0,0,1,0,0,0
KonIQ-10k IQA Database/512x384/6253829392.jpg,1,0,0,0,0,1,0,0,0,1,0,1,0,0,0,1,0,0,0,0
KonIQ-10k IQA Database/512x384/6255404207.jpg,0,0,0,0,1,0,1,0,1,0,0,1,0,0,0,0,0,0,0,1
KonIQ-10k IQA Database/512x384/6255855320.jpg,0,0,1,0,0,0,1,0,0,1,0,1,0,0,0,0,0,0,0,1
KonIQ-10k IQA Database/512x384/6255399920.jpg,1,0,0,0,0,1,0,0,0,1,0,0,1,0,0,1,1,0,0,0
KonIQ-10k IQA Database/512x384/6256521905.jpg,0,0,0,0,1,1,0,0,1,0,0,0,1,0,1,0,0,0,0,0
KonIQ-10k IQA Database/512x384/6254765942.jpg,1,0,0,0,0,1,0,0,1,0,0,1,0,0,0,1,0,0,1,0
KonIQ-10k IQA Database/512x384/6256829619.jpg,0,0,0,0,1,0,1,0,1,0,0,1,0,0,0,0,0,0,0,1
KonIQ-10k IQA Database/512x384/6255414433.jpg,0,0,1,0,0,0,1,0,1,0,0,0,1,0,0,0,1,1,0,0
KonIQ-10k IQA Database/512x384/6256953359.jpg,0,1,0,0,0,1,0,0,0,1,0,1,0,0,0,1,0,0,0,0
KonIQ-10k IQA Database/512x384/6257550303.jpg,0,0,1,0,0,0,1,0,0,1,0,1,0,0,0,0,0,0,0,1
KonIQ-10k IQA Database/512x384/6258118545.jpg,1,0,0,0,0,1,0,0,0,1,0,0,0,1,1,0,0,0,0,0
KonIQ-10k IQA Database/512x384/6257507740.jpg,0,0,0,0,1,1,0,0,1,0,0,0,0,1,1,0,0,0,1,0
KonIQ-10k IQA Database/512x384/6258336058.jpg,0,0,1,0,0,0,1,0,0,0,1,0,1,0,0,0,0,0,0,1
KonIQ-10k IQA Database/512x384/6257410462.jpg,0,0,1,0,0,0,1,0,1,0,0,1,0,0,0,0,0,0,0,1
KonIQ-10k IQA Database/512x384/6259041958.jpg,0,0,1,0,0,0,1,0,1,0,0,0,1,0,0,0,1,0,0,0
KonIQ-10k IQA Database/512x384/6258120264.jpg,0,0,0,0,1,1,0,0,1,0,0,1,0,0,0,0,0,0,0,1
KonIQ-10k IQA Database/512x384/6259163279.jpg,1,0,0,0,0,1,0,0,1,0,0,1,0,0,0,1,0,0,0,0
KonIQ-10k IQA Database/512x384/6264153932.jpg,0,0,1,0,0,0,1,0,0,0,1,1,0,0,0,0,1,0,0,0
KonIQ-10k IQA Database/512x384/6261187277.jpg,0,0,1,0,0,0,1,0,0,1,0,1,0,0,0,0,1,0,0,0
KonIQ-10k IQA Database/512x384/6264326921.jpg,0,0,0,1,0,0,1,0,0,1,0,1,0,0,0,0,1,0,0,0
KonIQ-10k IQA Database/512x384/6259804978.jpg,1,0,0,0,0,0,0,0,0,0,1,0,0,1,0,0,0,0,0,1
KonIQ-10k IQA Database/512x384/6264868738.jpg,0,0,0,0,1,0,0,0,0,1,0,1,0,0,0,0,0,0,0,1
KonIQ-10k IQA Database/512x384/6264359892.jpg,1,0,0,0,0,1,0,0,0,1,0,1,0,0,0,1,0,0,0,0
KonIQ-10k IQA Database/512x384/6265723593.jpg,0,0,0,0,1,1,0,0,1,0,0,1,0,0,1,0,0,0,0,0
KonIQ-10k IQA Database/512x384/6266190688.jpg,0,0,1,0,0,0,1,0,0,1,0,1,0,0,0,0,0,0,0,1
KonIQ-10k IQA Database/512x384/6268918476.jpg,1,0,0,0,0,1,0,0,0,1,0,0,1,0,0,1,0,0,0,0
KonIQ-10k IQA Database/512x384/6267962364.jpg,0,1,0,0,0,1,0,0,1,0,0,0,1,0,0,1,1,0,0,0
KonIQ-10k IQA Database/512x384/6269063819.jpg,1,0,0,0,0,1,0,0,1,0,0,1,0,0,0,1,0,0,0,0
KonIQ-10k IQA Database/512x384/6267817145.jpg,0,1,0,0,0,1,0,0,0,1,0,0,1,0,0,1,1,0,0,0
KonIQ-10k IQA Database/512x384/6272061393.jpg,1,0,0,0,0,1,0,0,1,0,0,1,0,0,0,1,0,0,0,0
KonIQ-10k IQA Database/512x384/6268176546.jpg,0,0,0,1,0,1,0,0,0,1,0,1,0,0,0,0,0,0,0,1
KonIQ-10k IQA Database/512x384/6272882973.jpg,0,0,1,0,0,0,1,0,0,0,1,1,0,0,0,0,0,0,0,1
KonIQ-10k IQA Database/512x384/6272884743.jpg,1,0,0,0,0,0,1,0,0,1,0,0,1,0,0,0,0,0,0,1
KonIQ-10k IQA Database/512x384/6273772448.jpg,0,0,0,0,1,1,0,0,0,1,0,0,1,0,0,1,1,0,0,0
KonIQ-10k IQA Database/512x384/6275395379.jpg,0,0,1,0,0,0,1,0,1,0,0,0,1,0,0,0,0,0,0,1
KonIQ-10k IQA Database/512x384/6274128274.jpg,0,0,1,0,0,0,1,0,0,1,0,1,0,0,0,0,0,0,0,1
KonIQ-10k IQA Database/512x384/6275790989.jpg,0,0,0,0,1,0,0,0,0,1,0,1,0,0,0,0,0,0,0,1
KonIQ-10k IQA Database/512x384/6274950285.jpg,0,0,0,0,1,1,0,0,1,0,0,0,1,0,1,0,0,0,0,0
KonIQ-10k IQA Database/512x384/6273784733.jpg,0,0,0,0,1,0,1,0,0,0,1,0,1,0,0,0,1,0,0,0
KonIQ-10k IQA Database/512x384/6276334186.jpg,0,1,0,0,0,1,0,0,1,0,0,1,0,0,1,1,0,0,0,0
KonIQ-10k IQA Database/512x384/6277079135.jpg,1,0,0,0,0,1,0,0,0,1,0,1,0,0,0,1,0,0,0,0
KonIQ-10k IQA Database/512x384/6279173860.jpg,0,1,0,0,0,0,0,1,1,0,0,1,0,0,0,0,0,0,0,1
KonIQ-10k IQA Database/512x384/6282202152.jpg,0,0,1,0,0,0,1,0,1,0,0,1,0,0,0,0,1,0,0,0
KonIQ-10k IQA Database/512x384/6279019362.jpg,0,0,1,0,0,0,1,0,1,0,0,0,1,0,0,0,1,0,0,0
KonIQ-10k IQA Database/512x384/6279975735.jpg,0,0,1,0,0,0,1,0,0,1,0,1,0,0,0,0,1,0,0,0
KonIQ-10k IQA Database/512x384/6278202326.jpg,0,0,1,0,0,0,1,0,0,0,1,0,0,1,0,0,0,0,0,1
KonIQ-10k IQA Database/512x384/6280923250.jpg,0,0,0,0,1,1,0,0,1,0,0,0,1,0,1,1,0,0,0,0
KonIQ-10k IQA Database/512x384/6283537466.jpg,0,0,1,0,0,0,1,0,1,0,0,0,0,1,0,0,1,0,0,0
KonIQ-10k IQA Database/512x384/6283627097.jpg,0,0,0,0,1,0,0,0,0,0,1,1,0,0,0,0,0,0,0,1
KonIQ-10k IQA Database/512x384/6286044979.jpg,0,0,1,0,0,0,1,0,1,0,0,0,1,0,0,0,1,0,0,0
KonIQ-10k IQA Database/512x384/6285601097.jpg,0,1,0,0,0,1,0,0,1,0,0,0,1,0,0,0,1,0,0,0
KonIQ-10k IQA Database/512x384/6284871746.jpg,0,0,1,0,0,0,1,0,0,0,1,0,0,1,0,0,0,0,0,1
KonIQ-10k IQA Database/512x384/6287889158.jpg,1,0,0,0,0,1,0,0,1,0,0,1,0,0,0,1,0,0,0,0
KonIQ-10k IQA Database/512x384/6285698915.jpg,0,0,0,0,1,0,1,0,1,0,0,0,1,0,0,0,0,0,0,1
KonIQ-10k IQA Database/512x384/6285772617.jpg,0,0,0,0,1,0,1,0,0,0,1,1,0,0,0,0,0,0,0,1
KonIQ-10k IQA Database/512x384/6289164461.jpg,0,0,1,0,0,0,1,0,0,0,1,1,0,0,0,0,0,0,0,1
KonIQ-10k IQA Database/512x384/628981585.jpg,0,0,0,0,1,1,0,0,1,0,0,1,0,0,0,0,0,0,0,1
KonIQ-10k IQA Database/512x384/6290063091.jpg,0,0,1,0,0,1,0,0,0,1,0,1,0,0,0,0,0,0,0,1
KonIQ-10k IQA Database/512x384/6291431070.jpg,1,0,0,0,0,1,0,0,1,0,0,1,0,0,0,1,0,0,0,0
KonIQ-10k IQA Database/512x384/6290479072.jpg,1,0,0,0,0,1,0,0,1,0,0,1,0,0,1,1,0,0,0,0
KonIQ-10k IQA Database/512x384/6292365384.jpg,0,0,1,0,0,0,1,0,0,0,1,1,0,0,0,0,0,0,0,1
KonIQ-10k IQA Database/512x384/6293184375.jpg,0,0,1,0,0,0,1,0,0,1,0,1,0,0,1,0,0,0,0,0
KonIQ-10k IQA Database/512x384/6290086775.jpg,1,0,0,0,0,1,0,0,1,0,0,1,0,0,0,1,0,0,0,0
KonIQ-10k IQA Database/512x384/6293629106.jpg,0,0,0,1,0,0,1,0,0,0,1,1,0,0,0,0,1,0,0,0
KonIQ-10k IQA Database/512x384/6294378978.jpg,0,1,0,0,0,1,0,0,0,1,0,0,1,0,0,1,0,0,0,0
KonIQ-10k IQA Database/512x384/629401204.jpg,1,0,0,0,0,1,0,0,0,1,0,0,1,0,0,1,0,0,1,0
KonIQ-10k IQA Database/512x384/6294913930.jpg,0,0,1,0,0,0,1,0,0,1,0,0,1,0,0,0,1,0,0,0
KonIQ-10k IQA Database/512x384/6297143428.jpg,0,0,1,0,0,0,1,0,0,1,0,0,1,0,0,0,1,0,0,0
KonIQ-10k IQA Database/512x384/6295098733.jpg,1,0,0,0,0,1,0,0,1,0,0,0,1,0,1,1,0,1,0,0
KonIQ-10k IQA Database/512x384/6298978484.jpg,0,0,1,0,0,0,1,0,0,0,1,0,1,0,0,0,0,0,0,1
KonIQ-10k IQA Database/512x384/6296603222.jpg,0,0,0,0,1,1,0,0,1,0,0,0,1,0,1,1,0,0,0,0
KonIQ-10k IQA Database/512x384/6299847089.jpg,1,0,0,0,0,1,0,0,1,0,0,0,0,1,1,1,0,1,0,0
KonIQ-10k IQA Database/512x384/6301607249.jpg,1,0,0,0,0,1,0,0,0,0,1,1,0,0,0,0,0,0,0,1
KonIQ-10k IQA Database/512x384/6301736669.jpg,1,0,0,0,0,1,0,0,0,1,0,1,0,0,0,1,0,1,0,0
KonIQ-10k IQA Database/512x384/6302067502.jpg,1,0,0,0,0,1,0,0,0,1,0,1,0,0,0,1,0,0,0,0
KonIQ-10k IQA Database/512x384/6302152017.jpg,0,0,1,0,0,0,1,0,0,1,0,1,0,0,0,0,0,0,0,1
KonIQ-10k IQA Database/512x384/6303415659.jpg,0,0,1,0,0,0,1,0,0,1,0,1,0,0,0,0,1,0,0,0
KonIQ-10k IQA Database/512x384/6302283687.jpg,0,0,1,0,0,0,1,0,0,1,0,0,1,0,0,0,1,0,0,0
KonIQ-10k IQA Database/512x384/6303418704.jpg,0,0,1,0,0,0,1,0,0,0,1,1,0,0,0,0,0,0,0,1
KonIQ-10k IQA Database/512x384/6303626544.jpg,0,1,0,0,0,1,0,0,1,0,0,1,0,0,1,0,0,0,1,0
KonIQ-10k IQA Database/512x384/6304784314.jpg,0,1,0,0,0,0,1,0,0,0,1,0,0,1,0,0,0,0,0,1
KonIQ-10k IQA Database/512x384/6303893419.jpg,0,0,1,0,0,0,1,0,0,1,0,1,0,0,0,0,0,0,0,1
KonIQ-10k IQA Database/512x384/6305410399.jpg,1,0,0,0,0,1,0,0,1,0,0,1,0,0,0,1,0,0,0,0
KonIQ-10k IQA Database/512x384/6305294695.jpg,0,1,0,0,0,0,1,0,0,1,0,0,1,0,0,0,1,0,0,0
KonIQ-10k IQA Database/512x384/6305224063.jpg,0,0,0,1,0,0,1,0,0,0,1,1,0,0,0,0,1,0,0,0
KonIQ-10k IQA Database/512x384/6305619763.jpg,0,0,1,0,0,0,1,0,0,1,0,1,0,0,0,0,0,0,0,1
KonIQ-10k IQA Database/512x384/6305573914.jpg,0,0,1,0,0,0,1,0,0,0,1,1,0,0,0,0,1,0,0,0
KonIQ-10k IQA Database/512x384/6305935130.jpg,0,0,0,0,1,1,0,0,0,1,0,0,1,0,0,1,0,0,0,0
KonIQ-10k IQA Database/512x384/6306859998.jpg,0,0,1,0,0,0,1,0,0,1,0,1,0,0,0,1,0,0,0,0
KonIQ-10k IQA Database/512x384/6307302399.jpg,1,0,0,0,0,1,0,0,0,1,0,1,0,0,0,1,0,1,0,0
KonIQ-10k IQA Database/512x384/6308479233.jpg,0,0,0,0,1,0,0,0,0,0,1,1,0,0,0,0,1,1,0,0
KonIQ-10k IQA Database/512x384/6308697965.jpg,0,0,1,0,0,0,1,0,0,0,1,0,1,0,0,0,1,0,0,0
KonIQ-10k IQA Database/512x384/6308614891.jpg,0,0,1,0,0,0,1,0,0,1,0,0,1,0,0,0,1,0,0,0
KonIQ-10k IQA Database/512x384/6309109435.jpg,0,0,0,0,1,1,0,0,0,1,0,0,1,0,0,0,1,0,0,0
KonIQ-10k IQA Database/512x384/6309436752.jpg,0,0,0,0,1,1,0,0,0,1,0,0,1,0,0,0,0,1,0,0
KonIQ-10k IQA Database/512x384/6310649828.jpg,1,0,0,0,0,1,0,0,1,0,0,1,0,0,1,1,0,0,0,0
KonIQ-10k IQA Database/512x384/6311708784.jpg,0,0,0,0,1,0,1,0,1,0,0,1,0,0,1,0,0,0,1,0
KonIQ-10k IQA Database/512x384/6316913705.jpg,1,0,0,0,0,1,0,0,1,0,0,0,1,0,0,1,1,0,0,0
KonIQ-10k IQA Database/512x384/6312611820.jpg,0,0,1,0,0,0,1,0,1,0,0,0,1,0,0,0,1,0,0,0
KonIQ-10k IQA Database/512x384/6317232957.jpg,0,0,0,0,1,0,1,0,0,1,0,0,1,0,0,0,1,0,0,0
KonIQ-10k IQA Database/512x384/6317292405.jpg,1,0,0,0,0,0,1,0,0,0,1,1,0,0,0,0,0,0,0,1
KonIQ-10k IQA Database/512x384/63121245.jpg,0,0,0,0,1,1,0,0,0,1,0,1,0,0,0,0,0,0,0,1
KonIQ-10k IQA Database/512x384/6317074483.jpg,0,0,1,0,0,0,1,0,0,1,0,0,1,0,0,0,1,0,0,0
KonIQ-10k IQA Database/512x384/6318820907.jpg,0,0,0,0,1,0,1,0,1,0,0,0,1,0,0,0,1,0,0,0
KonIQ-10k IQA Database/512x384/6318611647.jpg,1,0,0,0,0,1,0,0,0,1,0,0,1,0,0,0,0,0,1,0
KonIQ-10k IQA Database/512x384/6319992606.jpg,0,0,1,0,0,0,0,0,0,0,1,0,1,0,0,0,0,0,0,1
KonIQ-10k IQA Database/512x384/6321269427.jpg,0,0,1,0,0,0,1,0,0,0,1,1,0,0,0,0,1,0,0,0
KonIQ-10k IQA Database/512x384/6319935355.jpg,0,0,0,0,1,1,0,0,0,1,0,0,1,0,0,1,0,0,1,0
KonIQ-10k IQA Database/512x384/6320692581.jpg,0,0,0,0,1,1,0,0,1,0,0,1,0,0,0,0,1,0,0,0
KonIQ-10k IQA Database/512x384/6321219958.jpg,0,1,0,0,0,1,0,0,1,0,0,0,1,0,1,1,0,0,0,0
KonIQ-10k IQA Database/512x384/6321752444.jpg,0,0,0,0,1,1,0,0,1,0,0,0,1,0,0,0,1,0,0,0
KonIQ-10k IQA Database/512x384/6321717266.jpg,1,0,0,0,0,1,0,0,0,1,0,1,0,0,0,1,0,0,0,0
KonIQ-10k IQA Database/512x384/632270898.jpg,0,0,0,0,1,0,1,0,0,1,0,1,0,0,0,0,0,0,0,1
KonIQ-10k IQA Database/512x384/6323869799.jpg,0,1,0,0,0,1,0,0,1,0,0,1,0,0,1,0,0,0,0,0
KonIQ-10k IQA Database/512x384/6324713970.jpg,0,0,0,0,1,0,1,0,1,0,0,1,0,0,0,0,0,0,0,1
KonIQ-10k IQA Database/512x384/6325240412.jpg,0,0,0,1,0,1,0,0,1,0,0,1,0,0,0,1,0,0,0,0
KonIQ-10k IQA Database/512x384/6326442580.jpg,0,0,0,0,1,0,1,0,0,0,1,1,0,0,0,0,0,1,0,0
KonIQ-10k IQA Database/512x384/6326811967.jpg,0,0,1,0,0,0,1,0,0,0,1,1,0,0,0,0,0,0,0,1
KonIQ-10k IQA Database/512x384/6326886913.jpg,0,0,0,1,0,0,1,0,0,1,0,1,0,0,0,0,0,0,0,1
KonIQ-10k IQA Database/512x384/6327903295.jpg,0,0,0,0,1,1,0,0,0,1,0,1,0,0,0,0,0,1,0,0
KonIQ-10k IQA Database/512x384/6328014889.jpg,0,0,0,0,1,0,0,0,0,0,1,1,0,0,0,0,0,1,0,0
KonIQ-10k IQA Database/512x384/6326902733.jpg,0,0,0,0,1,0,0,0,0,1,0,1,0,0,0,0,0,0,0,1
KonIQ-10k IQA Database/512x384/6328697192.jpg,0,0,1,0,0,0,1,0,0,1,0,1,0,0,0,0,0,0,0,1
KonIQ-10k IQA Database/512x384/6329144585.jpg,0,0,1,0,0,0,1,0,0,0,1,1,0,0,0,0,1,0,0,0
KonIQ-10k IQA Database/512x384/6331865739.jpg,0,0,0,1,0,1,0,0,0,1,0,1,0,0,0,0,0,0,0,1
KonIQ-10k IQA Database/512x384/6329859114.jpg,0,0,1,0,0,0,1,0,0,0,1,1,0,0,0,0,0,0,0,1
KonIQ-10k IQA Database/512x384/6332564856.jpg,0,0,0,0,1,1,0,0,1,0,0,1,0,0,0,0,0,0,1,0
KonIQ-10k IQA Database/512x384/6332883956.jpg,0,0,1,0,0,0,1,0,0,0,1,1,0,0,0,0,0,1,0,0
KonIQ-10k IQA Database/512x384/6332554758.jpg,0,0,1,0,0,0,1,0,0,1,0,0,1,0,0,0,1,0,0,0
KonIQ-10k IQA Database/512x384/6333581509.jpg,0,0,1,0,0,0,1,0,0,1,0,0,1,0,0,0,1,0,0,0
KonIQ-10k IQA Database/512x384/6333112690.jpg,1,0,0,0,0,1,0,0,0,1,0,1,0,0,0,1,0,0,0,0
KonIQ-10k IQA Database/512x384/6332978018.jpg,0,0,0,0,1,1,0,0,0,1,0,0,1,0,0,1,0,0,0,0
KonIQ-10k IQA Database/512x384/6333620590.jpg,0,1,0,0,0,1,0,0,0,1,0,0,1,0,0,0,0,0,1,0
KonIQ-10k IQA Database/512x384/6335908367.jpg,1,0,0,0,0,0,1,0,0,0,1,1,0,0,0,0,0,0,0,1
KonIQ-10k IQA Database/512x384/6339286279.jpg,0,0,0,1,0,0,1,0,0,1,0,1,0,0,0,0,1,0,0,0
KonIQ-10k IQA Database/512x384/6336463501.jpg,0,0,0,1,0,0,1,0,0,0,1,1,0,0,0,0,1,0,0,0
KonIQ-10k IQA Database/512x384/6337822588.jpg,0,0,0,0,1,1,0,0,1,0,0,0,0,1,0,0,0,0,1,0
KonIQ-10k IQA Database/512x384/6340836746.jpg,0,0,1,0,0,0,1,0,0,0,1,0,0,1,0,0,1,0,0,0
KonIQ-10k IQA Database/512x384/6340619552.jpg,1,0,0,0,0,0,1,0,0,0,1,0,0,1,1,0,0,0,0,0
KonIQ-10k IQA Database/512x384/6341153287.jpg,0,0,1,0,0,0,1,0,0,1,0,1,0,0,0,0,0,0,0,1
KonIQ-10k IQA Database/512x384/6339141620.jpg,0,0,1,0,0,0,1,0,0,0,1,0,1,0,0,0,0,0,0,1
KonIQ-10k IQA Database/512x384/6342206102.jpg,0,0,0,0,1,1,0,0,1,0,0,1,0,0,0,1,0,0,0,0
KonIQ-10k IQA Database/512x384/6343807770.jpg,0,0,1,0,0,0,1,0,0,1,0,1,0,0,0,0,0,0,0,1
KonIQ-10k IQA Database/512x384/6343064519.jpg,0,0,1,0,0,0,1,0,1,0,0,1,0,0,0,0,0,0,1,0
KonIQ-10k IQA Database/512x384/6344902938.jpg,1,0,0,0,0,1,0,0,0,1,0,0,1,0,0,0,0,1,0,0
KonIQ-10k IQA Database/512x384/6345193023.jpg,1,0,0,0,0,1,0,0,0,1,0,0,1,0,1,0,0,0,0,0
KonIQ-10k IQA Database/512x384/6344257116.jpg,0,1,0,0,0,1,0,0,0,1,0,0,1,0,0,0,0,0,0,1
KonIQ-10k IQA Database/512x384/6345505389.jpg,0,0,0,1,0,1,0,0,0,1,0,1,0,0,0,1,1,1,0,0
KonIQ-10k IQA Database/512x384/6345773491.jpg,0,0,1,0,0,0,1,0,1,0,0,1,0,0,0,0,1,0,0,0
KonIQ-10k IQA Database/512x384/63461007532.jpg,0,0,0,0,1,0,1,0,1,0,0,1,0,0,0,0,0,0,0,1
KonIQ-10k IQA Database/512x384/6344881273.jpg,0,0,1,0,0,0,1,0,1,0,0,1,0,0,0,0,1,0,0,0
KonIQ-10k IQA Database/512x384/6346100753.jpg,0,0,0,0,1,0,1,0,1,0,0,1,0,0,0,0,0,0,0,1
KonIQ-10k IQA Database/512x384/6346260646.jpg,1,0,0,0,0,1,0,0,0,1,0,0,1,0,0,0,0,0,1,0
KonIQ-10k IQA Database/512x384/6346767698.jpg,0,0,1,0,0,0,1,0,0,1,0,0,1,0,0,0,1,0,0,0
KonIQ-10k IQA Database/512x384/6346994570.jpg,0,0,0,0,1,1,0,0,1,0,0,0,0,1,1,0,0,0,0,0
KonIQ-10k IQA Database/512x384/6347069171.jpg,0,1,0,0,0,0,1,0,0,0,1,1,0,0,0,0,0,0,0,1
KonIQ-10k IQA Database/512x384/6350199154.jpg,0,1,0,0,0,1,0,0,1,0,0,0,1,0,0,1,1,0,0,0
KonIQ-10k IQA Database/512x384/6351773844.jpg,0,0,0,0,1,0,0,0,0,0,1,1,0,0,0,0,1,1,0,0
KonIQ-10k IQA Database/512x384/6352194993.jpg,0,0,1,0,0,0,1,0,1,0,0,1,0,0,0,0,0,0,0,1
KonIQ-10k IQA Database/512x384/6350910177.jpg,0,0,0,0,1,1,0,0,1,0,0,0,1,0,1,0,0,0,0,0
KonIQ-10k IQA Database/512x384/6352599641.jpg,0,0,0,0,1,1,0,0,0,1,0,0,1,0,1,0,0,0,0,0
KonIQ-10k IQA Database/512x384/6354614287.jpg,0,0,1,0,0,0,1,0,0,1,0,1,0,0,0,0,1,0,0,0
KonIQ-10k IQA Database/512x384/6360259167.jpg,0,0,0,1,0,0,1,0,1,0,0,1,0,0,0,0,0,0,0,1
KonIQ-10k IQA Database/512x384/6366256547.jpg,1,0,0,0,0,1,0,0,0,1,0,0,1,0,0,1,0,0,0,0
KonIQ-10k IQA Database/512x384/6366296433.jpg,0,0,1,0,0,0,1,0,0,1,0,1,0,0,0,0,0,0,0,1
KonIQ-10k IQA Database/512x384/6366516291.jpg,1,0,0,0,0,1,0,0,0,1,0,1,0,0,0,1,0,0,1,0
KonIQ-10k IQA Database/512x384/6363131561.jpg,1,0,0,0,0,1,0,0,0,1,0,0,0,1,1,0,0,0,1,0
KonIQ-10k IQA Database/512x384/6366361319.jpg,0,0,0,1,0,0,1,0,0,1,0,1,0,0,0,0,1,0,0,0
KonIQ-10k IQA Database/512x384/6366586615.jpg,0,0,0,0,1,0,0,0,0,0,1,0,0,1,1,0,0,0,1,0
KonIQ-10k IQA Database/512x384/6367495079.jpg,0,0,1,0,0,0,1,0,0,0,1,1,0,0,0,0,0,0,0,1
KonIQ-10k IQA Database/512x384/6371973185.jpg,0,0,0,1,0,1,0,0,1,0,0,1,0,0,0,0,0,0,0,1
KonIQ-10k IQA Database/512x384/6368218585.jpg,1,0,0,0,0,1,0,0,1,0,0,0,1,0,1,1,0,0,0,0
KonIQ-10k IQA Database/512x384/6372460147.jpg,0,0,1,0,0,0,1,0,0,1,0,1,0,0,0,0,0,0,0,1
KonIQ-10k IQA Database/512x384/6378298689.jpg,0,0,1,0,0,0,1,0,0,1,0,1,0,0,0,0,1,0,0,0
KonIQ-10k IQA Database/512x384/6376701103.jpg,0,0,1,0,0,0,1,0,0,1,0,0,1,0,0,0,1,0,0,0
KonIQ-10k IQA Database/512x384/6373766117.jpg,1,0,0,0,0,1,0,0,0,1,0,1,0,0,0,0,0,0,0,1
KonIQ-10k IQA Database/512x384/6379014005.jpg,0,0,0,0,1,0,1,0,0,0,1,1,0,0,0,0,0,0,0,1
KonIQ-10k IQA Database/512x384/6383007575.jpg,0,0,1,0,0,0,1,0,1,0,0,1,0,0,0,0,0,0,0,1
KonIQ-10k IQA Database/512x384/6379443681.jpg,0,0,1,0,0,0,1,0,0,0,1,0,1,0,0,0,1,0,0,0
KonIQ-10k IQA Database/512x384/6385141033.jpg,1,0,0,0,0,1,0,0,0,0,1,0,1,0,1,1,0,0,0,0
KonIQ-10k IQA Database/512x384/6385461657.jpg,0,0,1,0,0,0,1,0,1,0,0,1,0,0,0,0,1,0,0,0
KonIQ-10k IQA Database/512x384/63888840.jpg,0,0,1,0,0,0,1,0,0,0,1,1,0,0,0,0,0,0,0,1
KonIQ-10k IQA Database/512x384/6386599471.jpg,0,0,1,0,0,0,1,0,0,1,0,1,0,0,0,0,0,0,0,1
KonIQ-10k IQA Database/512x384/6391919133.jpg,0,0,0,1,0,1,0,0,1,0,0,1,0,0,0,1,0,0,0,0
KonIQ-10k IQA Database/512x384/63920904.jpg,0,0,0,0,1,1,0,0,0,1,0,1,0,0,0,0,1,1,0,0
KonIQ-10k IQA Database/512x384/6389008737.jpg,1,0,0,0,0,1,0,0,0,1,0,0,0,1,0,1,0,0,0,0
KonIQ-10k IQA Database/512x384/6391074279.jpg,0,0,1,0,0,0,1,0,1,0,0,1,0,0,0,0,0,0,0,1
KonIQ-10k IQA Database/512x384/6394609023.jpg,0,1,0,0,0,0,0,0,0,0,1,1,0,0,0,0,0,0,0,1
KonIQ-10k IQA Database/512x384/6395582961.jpg,0,0,1,0,0,0,1,0,1,0,0,1,0,0,0,0,0,0,0,1
KonIQ-10k IQA Database/512x384/6396984107.jpg,0,0,1,0,0,0,1,0,0,1,0,1,0,0,0,0,0,0,0,1
KonIQ-10k IQA Database/512x384/6398001637.jpg,0,0,1,0,0,0,1,0,1,0,0,1,0,0,0,0,1,0,0,0
KonIQ-10k IQA Database/512x384/6403149971.jpg,0,0,0,0,1,0,1,0,0,0,1,1,0,0,0,0,0,0,0,1
KonIQ-10k IQA Database/512x384/640351831.jpg,0,0,1,0,0,1,0,0,1,0,0,1,0,0,1,0,0,0,0,0
KonIQ-10k IQA Database/512x384/6407770545.jpg,0,1,0,0,0,1,0,0,1,0,0,1,0,0,0,0,0,0,0,1
KonIQ-10k IQA Database/512x384/6407934435.jpg,0,0,1,0,0,0,1,0,1,0,0,1,0,0,0,0,0,0,0,1
KonIQ-10k IQA Database/512x384/6399276439.jpg,0,0,1,0,0,0,1,0,0,1,0,1,0,0,0,0,0,0,0,1
KonIQ-10k IQA Database/512x384/6408799339.jpg,0,0,1,0,0,0,1,0,0,1,0,1,0,0,0,0,1,0,0,0
KonIQ-10k IQA Database/512x384/6408708033.jpg,0,0,1,0,0,0,1,0,0,0,1,0,1,0,0,0,0,0,0,1
KonIQ-10k IQA Database/512x384/6408985463.jpg,0,0,0,0,1,0,1,0,0,0,1,0,0,1,0,0,0,0,0,1
KonIQ-10k IQA Database/512x384/6411216741.jpg,0,0,1,0,0,0,1,0,0,1,0,0,1,0,0,0,1,0,0,0
KonIQ-10k IQA Database/512x384/6411944553.jpg,0,0,0,0,1,0,0,0,0,0,1,1,0,0,0,0,0,0,0,1
KonIQ-10k IQA Database/512x384/6412693303.jpg,0,0,0,0,1,0,0,0,0,0,1,0,1,0,0,0,0,1,0,0
KonIQ-10k IQA Database/512x384/6415648509.jpg,0,0,1,0,0,0,1,0,1,0,0,1,0,0,0,0,0,0,0,1
KonIQ-10k IQA Database/512x384/6410507631.jpg,0,1,0,0,0,1,0,0,0,1,0,0,1,0,0,1,0,0,0,0
KonIQ-10k IQA Database/512x384/641595598.jpg,0,0,0,0,1,1,0,0,1,0,0,0,1,0,0,1,0,0,0,0
KonIQ-10k IQA Database/512x384/6419135601.jpg,0,0,0,0,1,1,0,0,1,0,0,0,1,0,0,0,1,1,0,0
KonIQ-10k IQA Database/512x384/6419593777.jpg,0,0,1,0,0,0,1,0,1,0,0,1,0,0,0,0,0,0,0,1
KonIQ-10k IQA Database/512x384/6422846525.jpg,1,0,0,0,0,1,0,0,1,0,0,0,1,0,0,0,0,1,0,0
KonIQ-10k IQA Database/512x384/6419047435.jpg,1,0,0,0,0,1,0,0,1,0,0,0,0,1,1,1,0,0,1,0
KonIQ-10k IQA Database/512x384/6423969851.jpg,0,0,0,1,0,0,0,0,0,0,1,1,0,0,0,0,1,0,0,0
KonIQ-10k IQA Database/512x384/6424074571.jpg,0,0,0,0,1,0,0,0,0,0,1,1,0,0,0,0,0,1,0,0
KonIQ-10k IQA Database/512x384/6427589897.jpg,1,0,0,0,0,0,0,0,0,0,1,0,0,1,0,0,0,0,1,0
KonIQ-10k IQA Database/512x384/6431960911.jpg,0,1,0,0,0,0,1,0,0,0,1,0,1,0,0,0,1,0,0,0
KonIQ-10k IQA Database/512x384/6430851513.jpg,0,0,1,0,0,0,1,0,0,0,1,1,0,0,0,0,1,0,0,0
KonIQ-10k IQA Database/512x384/6433692937.jpg,0,0,1,0,0,0,1,0,1,0,0,1,0,0,0,0,0,0,0,1
KonIQ-10k IQA Database/512x384/6434043361.jpg,1,0,0,0,0,1,0,0,0,1,0,0,1,0,0,0,0,0,1,0
KonIQ-10k IQA Database/512x384/6434876963.jpg,0,0,1,0,0,0,1,0,0,0,1,1,0,0,0,0,0,0,0,1
KonIQ-10k IQA Database/512x384/6435747701.jpg,1,0,0,0,0,1,0,0,0,1,0,1,0,0,0,1,0,0,0,0
KonIQ-10k IQA Database/512x384/6438830749.jpg,0,0,0,0,1,1,0,0,1,0,0,1,0,0,0,0,1,0,0,0
KonIQ-10k IQA Database/512x384/6439148467.jpg,0,0,1,0,0,0,1,0,0,0,1,1,0,0,0,0,0,0,0,1
KonIQ-10k IQA Database/512x384/6439499095.jpg,0,0,1,0,0,0,1,0,0,1,0,1,0,0,0,0,0,0,0,1
KonIQ-10k IQA Database/512x384/6440356973.jpg,0,1,0,0,0,1,0,0,0,1,0,1,0,0,0,0,0,1,0,0
KonIQ-10k IQA Database/512x384/6437207759.jpg,1,0,0,0,0,1,0,0,0,1,0,1,0,0,0,1,0,0,0,0
KonIQ-10k IQA Database/512x384/6440541263.jpg,0,0,1,0,0,0,1,0,0,1,0,1,0,0,0,0,0,0,0,1
KonIQ-10k IQA Database/512x384/6441383857.jpg,0,1,0,0,0,0,0,1,0,1,0,0,1,0,0,1,1,0,0,0
KonIQ-10k IQA Database/512x384/6441809623.jpg,0,0,1,0,0,0,1,0,0,1,0,1,0,0,0,0,1,0,0,0
KonIQ-10k IQA Database/512x384/6443396365.jpg,0,1,0,0,0,1,0,0,0,0,1,0,1,0,1,1,0,0,0,0
KonIQ-10k IQA Database/512x384/6443711585.jpg,0,0,1,0,0,0,1,0,1,0,0,1,0,0,0,0,0,0,0,1
KonIQ-10k IQA Database/512x384/6443379565.jpg,1,0,0,0,0,1,0,0,0,1,0,1,0,0,0,1,0,0,0,0
KonIQ-10k IQA Database/512x384/6449745557.jpg,0,0,0,0,1,1,0,0,1,0,0,0,1,0,1,0,0,0,0,0
KonIQ-10k IQA Database/512x384/6445980191.jpg,0,0,0,0,1,1,0,0,1,0,0,1,0,0,0,1,0,0,0,0
KonIQ-10k IQA Database/512x384/6451339307.jpg,0,0,1,0,0,0,1,0,0,1,0,0,1,0,0,0,1,0,0,0
KonIQ-10k IQA Database/512x384/6450022679.jpg,0,1,0,0,0,1,0,0,1,0,0,1,0,0,0,0,1,0,0,0
KonIQ-10k IQA Database/512x384/6450302367.jpg,0,0,0,0,1,1,0,0,0,1,0,1,0,0,0,0,0,0,0,1
KonIQ-10k IQA Database/512x384/6452060589.jpg,0,0,1,0,0,0,1,0,0,1,0,0,1,0,0,0,1,0,0,0
KonIQ-10k IQA Database/512x384/6452613567.jpg,0,0,1,0,0,0,1,0,1,0,0,1,0,0,0,0,1,0,0,0
KonIQ-10k IQA Database/512x384/6452529101.jpg,0,0,0,0,1,1,0,0,0,1,0,1,0,0,0,1,0,0,0,0
KonIQ-10k IQA Database/512x384/6453831461.jpg,0,0,0,0,1,0,0,0,0,0,1,1,0,0,0,0,0,0,0,1
KonIQ-10k IQA Database/512x384/6458056243.jpg,0,0,1,0,0,0,1,0,0,0,1,1,0,0,0,0,0,0,0,1
KonIQ-10k IQA Database/512x384/6459542105.jpg,0,0,1,0,0,0,1,0,0,0,1,1,0,0,0,0,0,0,0,1
KonIQ-10k IQA Database/512x384/6453185751.jpg,0,0,0,0,1,0,1,0,0,0,1,0,0,1,0,0,1,0,0,0
KonIQ-10k IQA Database/512x384/6458754563.jpg,1,0,0,0,0,1,0,0,0,1,0,1,0,0,0,1,0,0,0,0
KonIQ-10k IQA Database/512x384/6459811757.jpg,0,0,1,0,0,0,0,1,0,1,0,1,0,0,1,0,0,0,0,0
KonIQ-10k IQA Database/512x384/6462502847.jpg,0,0,1,0,0,0,1,0,0,1,0,1,0,0,0,0,0,0,0,1
KonIQ-10k IQA Database/512x384/6461549237.jpg,0,0,1,0,0,0,1,0,0,0,1,1,0,0,0,0,1,0,0,0
KonIQ-10k IQA Database/512x384/6462096609.jpg,0,1,0,0,0,0,0,1,0,1,0,1,0,0,0,0,1,0,0,0
KonIQ-10k IQA Database/512x384/6464291091.jpg,0,0,0,0,1,1,0,0,1,0,0,1,0,0,0,1,1,0,0,0
KonIQ-10k IQA Database/512x384/6464821041.jpg,0,0,0,1,0,1,0,0,1,0,0,0,1,0,0,1,1,0,0,0
KonIQ-10k IQA Database/512x384/6465089945.jpg,0,0,1,0,0,0,0,1,0,1,0,0,1,0,0,0,1,0,0,0
KonIQ-10k IQA Database/512x384/6465343643.jpg,0,0,0,0,1,1,0,0,0,1,0,0,1,0,0,0,1,0,0,0
KonIQ-10k IQA Database/512x384/6467546565.jpg,0,0,1,0,0,0,1,0,0,0,1,0,1,0,0,0,0,0,0,1
KonIQ-10k IQA Database/512x384/6469390735.jpg,0,0,1,0,0,0,1,0,0,1,0,1,0,0,0,0,0,0,0,1
KonIQ-10k IQA Database/512x384/6470955539.jpg,0,0,1,0,0,0,1,0,0,1,0,1,0,0,0,0,0,0,0,1
KonIQ-10k IQA Database/512x384/6471980333.jpg,0,0,0,0,1,0,1,0,0,0,1,1,0,0,0,0,1,0,0,0
KonIQ-10k IQA Database/512x384/6468297341.jpg,0,0,1,0,0,0,1,0,0,1,0,1,0,0,0,1,1,0,0,0
KonIQ-10k IQA Database/512x384/6473904775.jpg,0,0,0,0,1,0,1,0,0,0,1,1,0,0,0,0,0,0,0,1
KonIQ-10k IQA Database/512x384/6474704871.jpg,0,0,0,1,0,0,1,0,1,0,0,1,0,0,0,0,1,0,0,0
KonIQ-10k IQA Database/512x384/6469192803.jpg,0,0,0,0,1,0,0,0,0,1,0,1,0,0,0,0,0,0,0,1
KonIQ-10k IQA Database/512x384/6475916177.jpg,0,0,1,0,0,0,1,0,0,1,0,1,0,0,0,0,0,0,0,1
KonIQ-10k IQA Database/512x384/6475932467.jpg,0,0,1,0,0,0,1,0,0,1,0,1,0,0,0,0,0,0,0,1
KonIQ-10k IQA Database/512x384/6479556701.jpg,0,0,0,0,1,0,0,0,0,1,0,1,0,0,0,0,0,0,0,1
KonIQ-10k IQA Database/512x384/6476406225.jpg,0,1,0,0,0,1,0,0,1,0,0,0,1,0,1,0,0,0,1,0
KonIQ-10k IQA Database/512x384/6479303397.jpg,0,0,0,0,1,1,0,0,1,0,0,0,0,1,1,0,0,0,0,0
KonIQ-10k IQA Database/512x384/6480739257.jpg,0,0,1,0,0,0,1,0,0,0,1,1,0,0,0,0,0,0,0,1
KonIQ-10k IQA Database/512x384/6476717611.jpg,1,0,0,0,0,1,0,0,1,0,0,0,1,0,0,0,0,0,0,1
KonIQ-10k IQA Database/512x384/6483140329.jpg,0,0,1,0,0,0,1,0,0,0,1,1,0,0,0,0,0,0,0,1
KonIQ-10k IQA Database/512x384/6481674971.jpg,0,0,1,0,0,1,0,0,0,1,0,1,0,0,0,0,0,0,1,0
KonIQ-10k IQA Database/512x384/6486906969.jpg,0,1,0,0,0,0,1,0,0,0,1,0,0,1,0,0,0,0,0,1
KonIQ-10k IQA Database/512x384/6486375983.jpg,1,0,0,0,0,1,0,0,0,1,0,0,0,1,1,1,0,0,0,0
KonIQ-10k IQA Database/512x384/6489144861.jpg,0,0,1,0,0,0,1,0,0,1,0,1,0,0,0,0,1,0,0,0
KonIQ-10k IQA Database/512x384/6489257695.jpg,0,0,0,1,0,0,1,0,0,0,1,1,0,0,0,0,0,0,1,0
KonIQ-10k IQA Database/512x384/6486604889.jpg,0,0,1,0,0,0,1,0,1,0,0,1,0,0,0,0,0,0,0,1
KonIQ-10k IQA Database/512x384/6490629733.jpg,0,0,0,0,1,1,0,0,1,0,0,0,1,0,0,1,0,1,0,0
KonIQ-10k IQA Database/512x384/6493285057.jpg,0,1,0,0,0,1,0,0,1,0,0,0,1,0,0,0,1,0,0,0
KonIQ-10k IQA Database/512x384/6491835829.jpg,1,0,0,0,0,1,0,0,0,1,0,1,0,0,0,1,0,0,0,0
KonIQ-10k IQA Database/512x384/6494527059.jpg,0,0,1,0,0,0,1,0,0,0,1,1,0,0,0,0,0,0,0,1
KonIQ-10k IQA Database/512x384/6496266341.jpg,0,0,1,0,0,0,1,0,0,1,0,1,0,0,0,0,0,1,0,0
KonIQ-10k IQA Database/512x384/6493347009.jpg,0,0,1,0,0,1,0,0,0,1,0,1,0,0,0,0,0,0,0,1
KonIQ-10k IQA Database/512x384/6497142149.jpg,0,0,0,1,0,0,0,0,0,1,0,1,0,0,0,0,1,0,0,0
KonIQ-10k IQA Database/512x384/6495386031.jpg,0,0,1,0,0,0,1,0,0,1,0,1,0,0,0,0,1,0,0,0
KonIQ-10k IQA Database/512x384/649761301.jpg,0,0,1,0,0,0,1,0,0,0,1,1,0,0,0,0,0,0,0,1
KonIQ-10k IQA Database/512x384/6493679161.jpg,1,0,0,0,0,1,0,0,0,1,0,0,1,0,1,0,0,0,0,0
KonIQ-10k IQA Database/512x384/6498451617.jpg,1,0,0,0,0,1,0,0,0,0,1,0,1,0,1,0,0,0,0,0
KonIQ-10k IQA Database/512x384/6500646971.jpg,0,0,1,0,0,0,1,0,1,0,0,1,0,0,0,0,1,0,0,0
KonIQ-10k IQA Database/512x384/6508138341.jpg,0,0,1,0,0,0,1,0,0,0,1,1,0,0,0,0,1,0,0,0
KonIQ-10k IQA Database/512x384/6504283859.jpg,0,0,1,0,0,0,1,0,0,0,1,1,0,0,0,0,0,0,0,1
KonIQ-10k IQA Database/512x384/6512617013.jpg,0,0,0,1,0,1,0,0,0,1,0,0,1,0,0,0,1,0,1,0
KonIQ-10k IQA Database/512x384/6512960549.jpg,0,0,1,0,0,0,1,0,0,0,1,1,0,0,0,0,1,0,0,0
KonIQ-10k IQA Database/512x384/6511236583.jpg,0,0,0,0,1,0,1,0,1,0,0,1,0,0,0,0,0,0,0,1
KonIQ-10k IQA Database/512x384/6512316735.jpg,0,0,0,0,1,1,0,0,0,1,0,0,1,0,0,0,0,0,0,1
KonIQ-10k IQA Database/512x384/6513274589.jpg,1,0,0,0,0,1,0,0,0,1,0,1,0,0,0,0,0,0,1,0
KonIQ-10k IQA Database/512x384/6517362491.jpg,0,0,1,0,0,0,1,0,1,0,0,1,0,0,0,1,0,0,0,0
KonIQ-10k IQA Database/512x384/6513828853.jpg,0,0,1,0,0,0,1,0,0,1,0,1,0,0,0,0,1,0,0,0
KonIQ-10k IQA Database/512x384/6515985695.jpg,0,0,1,0,0,0,1,0,0,0,1,1,0,0,0,0,1,0,0,0
KonIQ-10k IQA Database/512x384/6521723915.jpg,0,0,1,0,0,0,1,0,0,1,0,1,0,0,1,0,0,0,0,0
KonIQ-10k IQA Database/512x384/6517732881.jpg,0,1,0,0,0,1,0,0,1,0,0,1,0,0,0,0,0,0,0,1
KonIQ-10k IQA Database/512x384/6520839597.jpg,0,0,1,0,0,0,1,0,0,0,1,1,0,0,0,0,0,0,0,1
KonIQ-10k IQA Database/512x384/6521275803.jpg,0,1,0,0,0,0,1,0,0,0,1,0,1,0,0,1,0,0,0,0
KonIQ-10k IQA Database/512x384/6522952765.jpg,0,0,0,1,0,0,1,0,0,1,0,1,0,0,0,0,0,0,0,1
KonIQ-10k IQA Database/512x384/6523676619.jpg,0,0,1,0,0,0,1,0,0,1,0,1,0,0,0,0,1,0,0,0
KonIQ-10k IQA Database/512x384/6526093429.jpg,0,0,1,0,0,0,1,0,1,0,0,0,1,0,0,0,0,0,0,1
KonIQ-10k IQA Database/512x384/6527460609.jpg,0,0,0,0,1,1,0,0,1,0,0,0,1,0,0,1,0,0,0,0
KonIQ-10k IQA Database/512x384/6530075543.jpg,0,0,0,0,1,1,0,0,1,0,0,0,1,0,1,0,0,0,0,0
KonIQ-10k IQA Database/512x384/6530161213.jpg,0,0,1,0,0,0,1,0,0,1,0,0,1,0,0,0,0,0,0,1
KonIQ-10k IQA Database/512x384/6531551463.jpg,0,0,1,0,0,0,1,0,0,1,0,1,0,0,0,0,0,0,0,1
KonIQ-10k IQA Database/512x384/6533123895.jpg,0,1,0,0,0,0,1,0,0,1,0,1,0,0,0,0,0,0,0,1
KonIQ-10k IQA Database/512x384/6534182163.jpg,0,1,0,0,0,0,1,0,0,0,1,0,1,0,0,0,1,0,0,0
KonIQ-10k IQA Database/512x384/6534779805.jpg,0,0,0,0,1,1,0,0,0,1,0,1,0,0,0,1,0,0,0,0
KonIQ-10k IQA Database/512x384/6537150655.jpg,1,0,0,0,0,1,0,0,0,1,0,1,0,0,0,1,0,0,0,0
KonIQ-10k IQA Database/512x384/6537249483.jpg,0,0,1,0,0,0,1,0,1,0,0,1,0,0,0,0,0,0,0,1
KonIQ-10k IQA Database/512x384/6534801331.jpg,0,0,1,0,0,0,1,0,1,0,0,1,0,0,0,0,1,0,0,0
KonIQ-10k IQA Database/512x384/6537543865.jpg,0,0,1,0,0,0,1,0,0,1,0,1,0,0,0,0,0,0,0,1
KonIQ-10k IQA Database/512x384/6540737111.jpg,0,0,0,0,1,0,0,0,0,1,0,1,0,0,0,0,0,0,0,1
KonIQ-10k IQA Database/512x384/6538847583.jpg,0,0,0,0,1,1,0,0,1,0,0,0,1,0,0,0,1,0,0,0
KonIQ-10k IQA Database/512x384/6543602941.jpg,0,0,1,0,0,0,1,0,1,0,0,1,0,0,0,0,0,0,1,0
KonIQ-10k IQA Database/512x384/6550772311.jpg,0,0,1,0,0,0,1,0,1,0,0,1,0,0,0,0,1,0,0,0
KonIQ-10k IQA Database/512x384/6543370923.jpg,0,0,1,0,0,0,1,0,0,1,0,0,0,1,0,0,1,0,0,0
KonIQ-10k IQA Database/512x384/6551619395.jpg,0,0,1,0,0,0,1,0,0,1,0,1,0,0,0,0,0,0,0,1
KonIQ-10k IQA Database/512x384/6544670475.jpg,1,0,0,0,0,1,0,0,1,0,0,0,1,0,1,1,0,0,0,0
KonIQ-10k IQA Database/512x384/6553742481.jpg,0,0,0,0,1,0,1,0,0,1,0,0,0,1,0,1,1,0,0,0
KonIQ-10k IQA Database/512x384/6558436183.jpg,0,1,0,0,0,1,0,0,0,1,0,1,0,0,0,0,0,0,1,0
KonIQ-10k IQA Database/512x384/6555285779.jpg,0,0,0,0,1,1,0,0,0,1,0,0,1,0,0,0,0,0,1,0
KonIQ-10k IQA Database/512x384/6560010177.jpg,0,0,1,0,0,0,1,0,0,0,1,0,1,0,0,0,1,0,0,0
KonIQ-10k IQA Database/512x384/6563980965.jpg,0,0,1,0,0,0,1,0,1,0,0,1,0,0,0,0,0,0,1,0
KonIQ-10k IQA Database/512x384/6561794905.jpg,0,0,1,0,0,0,1,0,0,0,1,1,0,0,0,0,0,0,0,1
KonIQ-10k IQA Database/512x384/6563196289.jpg,0,0,0,0,1,0,1,0,0,0,1,1,0,0,0,1,0,0,0,0
KonIQ-10k IQA Database/512x384/6564623827.jpg,0,0,0,0,1,0,0,0,0,1,0,1,0,0,0,0,0,0,0,1
KonIQ-10k IQA Database/512x384/6564941395.jpg,0,0,0,0,1,1,0,0,0,1,0,1,0,0,0,0,1,0,0,0
KonIQ-10k IQA Database/512x384/6568238645.jpg,0,0,1,0,0,0,1,0,0,1,0,1,0,0,0,0,1,0,0,0
KonIQ-10k IQA Database/512x384/6569563105.jpg,0,0,1,0,0,0,1,0,0,0,1,1,0,0,0,0,0,0,0,1
KonIQ-10k IQA Database/512x384/6569780821.jpg,0,0,1,0,0,0,1,0,0,1,0,1,0,0,0,0,0,0,0,1
KonIQ-10k IQA Database/512x384/656718644.jpg,0,0,1,0,0,0,1,0,0,1,0,1,0,0,0,0,0,0,1,0
KonIQ-10k IQA Database/512x384/6569878593.jpg,0,0,1,0,0,0,1,0,1,0,0,1,0,0,0,0,0,0,0,1
KonIQ-10k IQA Database/512x384/6568691361.jpg,1,0,0,0,0,1,0,0,0,1,0,0,0,1,1,1,0,0,0,0
KonIQ-10k IQA Database/512x384/657099880.jpg,0,1,0,0,0,1,0,0,1,0,0,1,0,0,0,0,1,0,0,0
KonIQ-10k IQA Database/512x384/6573749079.jpg,0,0,0,0,1,1,0,0,0,1,0,1,0,0,1,0,0,1,0,0
KonIQ-10k IQA Database/512x384/6576363795.jpg,0,0,0,0,1,0,1,0,0,0,1,1,0,0,0,0,0,0,0,1
KonIQ-10k IQA Database/512x384/6577277115.jpg,0,1,0,0,0,1,0,0,0,1,0,1,0,0,1,0,0,0,0,0
KonIQ-10k IQA Database/512x384/6577912541.jpg,1,0,0,0,0,1,0,0,0,1,0,1,0,0,0,1,0,0,0,0
KonIQ-10k IQA Database/512x384/6579913923.jpg,0,0,1,0,0,0,0,1,0,1,0,1,0,0,0,1,0,0,0,0
KonIQ-10k IQA Database/512x384/6579889887.jpg,0,0,1,0,0,0,1,0,0,1,0,0,1,0,0,0,1,0,0,0
KonIQ-10k IQA Database/512x384/6578628541.jpg,0,0,0,0,1,1,0,0,1,0,0,0,1,0,1,1,0,0,0,0
KonIQ-10k IQA Database/512x384/6576807711.jpg,0,0,0,0,1,1,0,0,0,1,0,1,0,0,0,1,1,0,0,0
KonIQ-10k IQA Database/512x384/6585039061.jpg,0,0,0,0,1,0,1,0,0,0,1,0,0,0,0,0,0,0,0,1
KonIQ-10k IQA Database/512x384/6585714605.jpg,0,0,0,0,1,1,0,0,0,1,0,1,0,0,0,0,0,0,0,1
KonIQ-10k IQA Database/512x384/6584540793.jpg,1,0,0,0,0,1,0,0,0,1,0,1,0,0,0,1,0,0,0,0
KonIQ-10k IQA Database/512x384/6587673561.jpg,0,1,0,0,0,0,1,0,0,0,1,0,0,1,1,0,0,0,0,0
KonIQ-10k IQA Database/512x384/6587178245.jpg,0,0,0,1,0,0,1,0,1,0,0,1,0,0,0,0,1,0,0,0
KonIQ-10k IQA Database/512x384/6590042471.jpg,0,1,0,0,0,0,1,0,0,1,0,1,0,0,0,0,1,0,0,0
KonIQ-10k IQA Database/512x384/6591706349.jpg,0,1,0,0,0,1,0,0,1,0,0,0,1,0,1,0,0,0,0,0
KonIQ-10k IQA Database/512x384/6593133897.jpg,0,0,0,1,0,0,1,0,1,0,0,1,0,0,0,0,1,0,0,0
KonIQ-10k IQA Database/512x384/6593145547.jpg,0,0,0,1,0,0,1,0,1,0,0,1,0,0,0,0,1,0,0,0
KonIQ-10k IQA Database/512x384/6594506719.jpg,0,0,1,0,0,0,1,0,0,1,0,1,0,0,0,0,0,0,0,1
KonIQ-10k IQA Database/512x384/6595488751.jpg,0,1,0,0,0,1,0,0,0,1,0,1,0,0,0,0,0,0,0,1
KonIQ-10k IQA Database/512x384/6585164875.jpg,1,0,0,0,0,1,0,0,1,0,0,0,0,1,1,0,0,1,1,0
KonIQ-10k IQA Database/512x384/6596085063.jpg,1,0,0,0,0,1,0,0,1,0,0,1,0,0,0,1,0,0,0,0
KonIQ-10k IQA Database/512x384/6596093581.jpg,1,0,0,0,0,1,0,0,0,1,0,1,0,0,0,1,0,0,0,0
KonIQ-10k IQA Database/512x384/6596306.jpg,0,0,1,0,0,0,1,0,0,1,0,1,0,0,0,0,0,0,0,1
KonIQ-10k IQA Database/512x384/6598075737.jpg,0,0,0,0,1,1,0,0,0,1,0,1,0,0,0,0,0,0,0,1
KonIQ-10k IQA Database/512x384/6599596287.jpg,0,0,0,0,1,1,0,0,0,1,0,1,0,0,1,0,0,0,0,0
KonIQ-10k IQA Database/512x384/6599488221.jpg,0,0,1,0,0,0,1,0,1,0,0,1,0,0,0,0,0,0,0,1
KonIQ-10k IQA Database/512x384/6598327095.jpg,1,0,0,0,0,1,0,0,0,1,0,0,1,0,1,0,0,0,0,0
KonIQ-10k IQA Database/512x384/6602696603.jpg,0,0,1,0,0,0,1,0,0,0,1,1,0,0,0,0,0,0,0,1
KonIQ-10k IQA Database/512x384/6602870035.jpg,0,0,0,0,1,1,0,0,0,1,0,1,0,0,0,0,1,0,0,0
KonIQ-10k IQA Database/512x384/65979042.jpg,1,0,0,0,0,1,0,0,1,0,0,0,1,0,1,1,1,0,1,0
KonIQ-10k IQA Database/512x384/6599722517.jpg,0,0,1,0,0,0,1,0,1,0,0,1,0,0,0,0,0,1,0,0
KonIQ-10k IQA Database/512x384/6603666933.jpg,0,0,0,0,1,1,0,0,1,0,0,0,1,0,1,0,0,0,0,0
KonIQ-10k IQA Database/512x384/6603102821.jpg,0,0,1,0,0,0,1,0,0,0,1,0,1,0,0,0,0,0,0,1
KonIQ-10k IQA Database/512x384/6605703733.jpg,0,1,0,0,0,1,0,0,0,1,0,1,0,0,0,0,0,0,0,1
KonIQ-10k IQA Database/512x384/6608109869.jpg,0,0,1,0,0,0,1,0,0,1,0,1,0,0,0,0,0,0,0,1
KonIQ-10k IQA Database/512x384/6608146543.jpg,0,0,1,0,0,0,1,0,0,1,0,1,0,0,0,0,0,0,0,1
KonIQ-10k IQA Database/512x384/6604046527.jpg,0,0,0,0,1,1,0,0,0,1,0,0,1,0,0,1,1,0,0,0
KonIQ-10k IQA Database/512x384/6606950227.jpg,0,0,0,0,1,0,1,0,0,1,0,1,0,0,0,1,0,0,0,0
KonIQ-10k IQA Database/512x384/6609931137.jpg,1,0,0,0,0,1,0,0,0,1,0,1,0,0,0,1,0,0,0,0
KonIQ-10k IQA Database/512x384/6613235741.jpg,1,0,0,0,0,1,0,0,0,1,0,0,0,1,0,1,0,0,0,0
KonIQ-10k IQA Database/512x384/6617069623.jpg,0,1,0,0,0,0,1,0,0,0,1,0,0,1,0,1,0,0,0,0
KonIQ-10k IQA Database/512x384/6612589223.jpg,0,0,0,0,1,0,0,0,0,0,1,0,1,0,0,0,0,1,0,0
KonIQ-10k IQA Database/512x384/6617738113.jpg,0,0,1,0,0,0,1,0,0,1,0,1,0,0,0,0,0,0,0,1
KonIQ-10k IQA Database/512x384/6622105827.jpg,0,0,1,0,0,0,1,0,0,1,0,1,0,0,0,0,0,0,0,1
KonIQ-10k IQA Database/512x384/6621488051.jpg,0,0,1,0,0,0,1,0,0,1,0,0,1,0,0,0,0,0,0,1
KonIQ-10k IQA Database/512x384/6621080809.jpg,0,0,1,0,0,0,1,0,0,1,0,1,0,0,0,0,0,0,0,1
KonIQ-10k IQA Database/512x384/6621968211.jpg,0,0,1,0,0,0,1,0,0,0,1,1,0,0,0,0,0,0,0,1
KonIQ-10k IQA Database/512x384/6622717529.jpg,1,0,0,0,0,1,0,0,1,0,0,1,0,0,0,1,0,0,0,0
KonIQ-10k IQA Database/512x384/6622738777.jpg,1,0,0,0,0,1,0,0,0,1,0,1,0,0,0,0,0,0,0,1
KonIQ-10k IQA Database/512x384/6622490475.jpg,1,0,0,0,0,1,0,0,0,1,0,1,0,0,0,1,0,0,1,0
KonIQ-10k IQA Database/512x384/6623118287.jpg,0,0,0,0,1,1,0,0,1,0,0,0,1,0,0,0,0,0,0,1
KonIQ-10k IQA Database/512x384/6625886365.jpg,0,0,0,0,1,0,1,0,0,0,1,0,1,0,0,1,1,0,0,0
KonIQ-10k IQA Database/512x384/6628327223.jpg,0,0,0,0,1,0,1,0,1,0,0,1,0,0,0,0,0,0,0,1
KonIQ-10k IQA Database/512x384/6627549719.jpg,1,0,0,0,0,1,0,0,0,1,0,1,0,0,0,0,0,1,0,0
KonIQ-10k IQA Database/512x384/6628854085.jpg,0,0,0,0,1,0,1,0,0,1,0,1,0,0,0,0,0,0,0,1
KonIQ-10k IQA Database/512x384/6629226527.jpg,0,0,1,0,0,0,1,0,1,0,0,1,0,0,0,0,1,0,0,0
KonIQ-10k IQA Database/512x384/6626107981.jpg,0,0,1,0,0,0,1,0,1,0,0,1,0,0,0,0,1,0,0,0
KonIQ-10k IQA Database/512x384/6630840931.jpg,0,0,1,0,0,0,1,0,0,0,1,0,1,0,0,0,1,0,0,0
KonIQ-10k IQA Database/512x384/6630214003.jpg,1,0,0,0,0,1,0,0,1,0,0,1,0,0,1,1,0,0,0,0
KonIQ-10k IQA Database/512x384/6633974935.jpg,0,0,1,0,0,0,1,0,1,0,0,0,1,0,0,0,1,0,0,0
KonIQ-10k IQA Database/512x384/6635887941.jpg,0,0,1,0,0,0,1,0,0,0,1,1,0,0,0,0,0,0,0,1
KonIQ-10k IQA Database/512x384/6638453859.jpg,0,0,0,0,1,1,0,0,1,0,0,0,0,1,1,0,0,0,0,0
KonIQ-10k IQA Database/512x384/6632573597.jpg,0,0,1,0,0,0,1,0,0,1,0,1,0,0,0,0,0,0,0,1
KonIQ-10k IQA Database/512x384/6639033203.jpg,0,0,1,0,0,0,1,0,0,1,0,0,1,0,0,0,1,0,0,0
KonIQ-10k IQA Database/512x384/663678739.jpg,1,0,0,0,0,1,0,0,1,0,0,1,0,0,1,1,0,0,0,0
KonIQ-10k IQA Database/512x384/6640354399.jpg,0,0,0,0,1,1,0,0,0,1,0,0,1,0,0,0,0,1,0,0
KonIQ-10k IQA Database/512x384/6641523883.jpg,1,0,0,0,0,1,0,0,0,1,0,1,0,0,0,0,0,0,1,0
KonIQ-10k IQA Database/512x384/6640061445.jpg,0,0,1,0,0,0,1,0,0,1,0,1,0,0,0,0,0,0,0,1
KonIQ-10k IQA Database/512x384/6641795483.jpg,0,0,1,0,0,0,1,0,1,0,0,1,0,0,0,0,0,0,0,1
KonIQ-10k IQA Database/512x384/6642387989.jpg,0,0,1,0,0,0,1,0,1,0,0,1,0,0,0,0,0,0,0,1
KonIQ-10k IQA Database/512x384/6643514423.jpg,0,0,1,0,0,1,0,0,1,0,0,1,0,0,0,0,1,0,0,0
KonIQ-10k IQA Database/512x384/6643999087.jpg,0,0,0,0,1,1,0,0,0,1,0,0,1,0,1,0,1,0,0,0
KonIQ-10k IQA Database/512x384/6642932619.jpg,0,0,1,0,0,1,0,0,1,0,0,0,1,0,0,0,0,0,1,0
KonIQ-10k IQA Database/512x384/6642761299.jpg,0,0,1,0,0,0,1,0,0,1,0,0,0,1,0,0,1,0,0,0
KonIQ-10k IQA Database/512x384/6644227727.jpg,0,0,0,0,1,0,1,0,0,0,1,1,0,0,0,0,0,0,0,1
KonIQ-10k IQA Database/512x384/6644440429.jpg,0,0,1,0,0,0,1,0,0,1,0,1,0,0,0,0,0,0,0,1
KonIQ-10k IQA Database/512x384/66439990871.jpg,0,0,0,0,1,1,0,0,0,1,0,0,1,0,1,0,1,0,0,0
KonIQ-10k IQA Database/512x384/6649624069.jpg,0,0,0,1,0,0,0,0,0,1,0,1,0,0,0,0,1,0,0,0
KonIQ-10k IQA Database/512x384/6643932717.jpg,0,0,0,0,1,0,0,0,0,0,1,0,1,0,0,0,1,1,0,0
KonIQ-10k IQA Database/512x384/6645063001.jpg,0,0,1,0,0,0,1,0,0,0,1,0,1,0,0,0,0,0,0,1
KonIQ-10k IQA Database/512x384/6648576397.jpg,1,0,0,0,0,1,0,0,0,1,0,0,0,1,0,1,1,0,0,0
KonIQ-10k IQA Database/512x384/665094052.jpg,0,0,0,1,0,0,1,0,0,1,0,1,0,0,0,0,1,0,0,0
KonIQ-10k IQA Database/512x384/6647398937.jpg,0,0,1,0,0,0,1,0,0,1,0,1,0,0,0,0,0,0,0,1
KonIQ-10k IQA Database/512x384/6650873585.jpg,0,0,0,0,1,1,0,0,1,0,0,1,0,0,1,0,0,0,0,0
KonIQ-10k IQA Database/512x384/6653174291.jpg,0,0,1,0,0,0,1,0,0,1,0,0,1,0,0,0,1,0,0,0
KonIQ-10k IQA Database/512x384/6652263581.jpg,0,0,1,0,0,0,1,0,1,0,0,0,1,0,0,0,1,0,0,0
KonIQ-10k IQA Database/512x384/6652379747.jpg,0,0,1,0,0,0,1,0,0,0,1,1,0,0,0,0,1,0,0,0
KonIQ-10k IQA Database/512x384/6654258389.jpg,0,1,0,0,0,1,0,0,0,1,0,0,1,0,0,0,0,1,1,0
KonIQ-10k IQA Database/512x384/6654380789.jpg,0,0,0,0,1,1,0,0,1,0,0,0,1,0,1,1,0,1,0,0
KonIQ-10k IQA Database/512x384/6655597997.jpg,0,0,1,0,0,0,1,0,0,1,0,1,0,0,0,0,0,0,0,1
KonIQ-10k IQA Database/512x384/6656519345.jpg,0,0,1,0,0,0,1,0,0,0,1,1,0,0,0,0,1,0,0,0
KonIQ-10k IQA Database/512x384/6656239161.jpg,0,0,0,0,1,0,0,0,0,0,1,0,1,0,0,0,0,1,0,0
KonIQ-10k IQA Database/512x384/6657341905.jpg,0,0,1,0,0,0,1,0,0,1,0,1,0,0,0,0,0,0,0,1
KonIQ-10k IQA Database/512x384/6656935539.jpg,0,0,1,0,0,0,1,0,0,0,1,0,1,0,0,0,1,0,0,0
KonIQ-10k IQA Database/512x384/6657359355.jpg,0,0,0,0,1,0,0,0,0,1,0,1,0,0,0,0,0,0,0,1
KonIQ-10k IQA Database/512x384/6658108283.jpg,0,0,0,0,1,0,1,0,0,0,1,1,0,0,0,0,0,0,0,1
KonIQ-10k IQA Database/512x384/6663294041.jpg,0,0,1,0,0,0,1,0,0,1,0,1,0,0,0,0,1,0,0,0
KonIQ-10k IQA Database/512x384/6661527913.jpg,0,0,0,0,1,1,0,0,0,1,0,0,0,1,1,0,0,0,1,0
KonIQ-10k IQA Database/512x384/6661741471.jpg,0,0,1,0,0,0,1,0,0,1,0,1,0,0,0,1,0,0,0,0
KonIQ-10k IQA Database/512x384/6663775735.jpg,0,0,1,0,0,0,1,0,1,0,0,1,0,0,0,0,0,0,0,1
KonIQ-10k IQA Database/512x384/6658947687.jpg,0,0,0,0,1,0,1,0,0,0,1,1,0,0,0,0,0,0,0,1
KonIQ-10k IQA Database/512x384/6665024915.jpg,0,0,0,0,1,1,0,0,0,1,0,0,1,0,1,0,0,0,0,0
KonIQ-10k IQA Database/512x384/6666568019.jpg,1,0,0,0,0,1,0,0,1,0,0,1,0,0,0,0,0,0,1,0
KonIQ-10k IQA Database/512x384/6669002441.jpg,0,0,1,0,0,0,1,0,0,1,0,1,0,0,0,0,1,0,0,0
KonIQ-10k IQA Database/512x384/6668846319.jpg,0,0,1,0,0,0,1,0,0,0,1,0,0,1,0,0,0,0,0,1
KonIQ-10k IQA Database/512x384/6669862645.jpg,0,0,1,0,0,0,1,0,1,0,0,0,1,0,0,0,1,0,0,0
KonIQ-10k IQA Database/512x384/6678741473.jpg,0,0,0,0,1,1,0,0,0,1,0,0,1,0,0,1,0,0,0,0
KonIQ-10k IQA Database/512x384/6670935319.jpg,1,0,0,0,0,1,0,0,0,1,0,0,0,1,0,0,0,1,1,0
KonIQ-10k IQA Database/512x384/6681014309.jpg,0,1,0,0,0,0,1,0,0,0,1,1,0,0,0,0,0,0,0,1
KonIQ-10k IQA Database/512x384/6679373485.jpg,0,0,0,0,1,1,0,0,0,1,0,0,0,1,1,0,0,0,0,0
KonIQ-10k IQA Database/512x384/6679121211.jpg,0,0,0,0,1,0,1,0,1,0,0,1,0,0,0,0,0,0,0,1
KonIQ-10k IQA Database/512x384/6681716765.jpg,0,1,0,0,0,1,0,0,0,1,0,0,0,1,1,1,0,1,0,0
KonIQ-10k IQA Database/512x384/6681296959.jpg,0,0,0,0,1,0,1,0,0,1,0,1,0,0,0,0,0,0,0,1
KonIQ-10k IQA Database/512x384/6681891719.jpg,1,0,0,0,0,1,0,0,0,1,0,0,0,1,0,1,0,0,1,0
KonIQ-10k IQA Database/512x384/66839471.jpg,0,0,1,0,0,0,1,0,0,1,0,0,1,0,0,0,0,0,0,1
KonIQ-10k IQA Database/512x384/6685463337.jpg,1,0,0,0,0,1,0,0,0,1,0,1,0,0,0,1,0,0,0,0
KonIQ-10k IQA Database/512x384/6686438027.jpg,0,0,1,0,0,1,0,0,1,0,0,0,1,0,1,0,0,0,0,0
KonIQ-10k IQA Database/512x384/6688716327.jpg,0,1,0,0,0,1,0,0,1,0,0,1,0,0,0,1,0,0,0,0
KonIQ-10k IQA Database/512x384/6688906197.jpg,0,0,0,0,1,1,0,0,0,1,0,1,0,0,0,1,0,0,0,0
KonIQ-10k IQA Database/512x384/6693843973.jpg,0,0,0,0,1,0,1,0,0,0,1,0,1,0,0,0,0,0,0,1
KonIQ-10k IQA Database/512x384/6691471103.jpg,0,0,1,0,0,0,1,0,0,1,0,0,1,0,0,0,1,0,0,0
KonIQ-10k IQA Database/512x384/6692795337.jpg,0,0,1,0,0,0,1,0,1,0,0,1,0,0,0,0,0,0,0,1
KonIQ-10k IQA Database/512x384/6694665963.jpg,1,0,0,0,0,1,0,0,0,1,0,1,0,0,1,1,0,0,0,0
KonIQ-10k IQA Database/512x384/6696229175.jpg,1,0,0,0,0,1,0,0,0,1,0,1,0,0,0,1,0,0,0,0
KonIQ-10k IQA Database/512x384/669490972.jpg,0,1,0,0,0,1,0,0,1,0,0,0,0,1,0,0,1,0,0,0
KonIQ-10k IQA Database/512x384/6698669369.jpg,0,0,1,0,0,0,1,0,1,0,0,0,1,0,0,0,0,0,0,1
KonIQ-10k IQA Database/512x384/6694669509.jpg,1,0,0,0,0,1,0,0,0,1,0,1,0,0,1,1,0,0,0,0
KonIQ-10k IQA Database/512x384/6694664547.jpg,1,0,0,0,0,1,0,0,0,1,0,1,0,0,0,1,0,0,1,0
KonIQ-10k IQA Database/512x384/6699302891.jpg,0,0,0,0,1,1,0,0,1,0,0,1,0,0,0,0,0,0,0,1
KonIQ-10k IQA Database/512x384/6696763655.jpg,0,0,1,0,0,0,1,0,0,1,0,1,0,0,0,0,0,0,0,1
KonIQ-10k IQA Database/512x384/6702372317.jpg,0,0,0,0,1,0,1,0,0,1,0,1,0,0,0,0,0,0,0,1
KonIQ-10k IQA Database/512x384/6701756497.jpg,0,1,0,0,0,1,0,0,0,1,0,0,1,0,0,1,0,0,1,0
KonIQ-10k IQA Database/512x384/6702441233.jpg,0,1,0,0,0,1,0,0,1,0,0,1,0,0,1,0,0,0,0,0
KonIQ-10k IQA Database/512x384/6705759167.jpg,0,0,0,0,1,0,0,0,1,0,0,1,0,0,0,0,0,0,0,1
KonIQ-10k IQA Database/512x384/6707835355.jpg,0,0,1,0,0,0,1,0,0,1,0,1,0,0,0,0,1,0,0,0
KonIQ-10k IQA Database/512x384/6708577729.jpg,1,0,0,0,0,1,0,0,0,1,0,0,1,0,0,0,0,0,1,0
KonIQ-10k IQA Database/512x384/6703759327.jpg,1,0,0,0,0,1,0,0,1,0,0,1,0,0,0,0,0,0,1,0
KonIQ-10k IQA Database/512x384/6705859439.jpg,0,0,0,0,1,1,0,0,1,0,0,0,1,0,1,0,0,0,0,0
KonIQ-10k IQA Database/512x384/6710396995.jpg,0,0,1,0,0,0,1,0,1,0,0,1,0,0,0,0,0,0,0,1
KonIQ-10k IQA Database/512x384/6708806483.jpg,0,0,1,0,0,0,1,0,1,0,0,0,1,0,0,0,1,0,0,0
KonIQ-10k IQA Database/512x384/6711319143.jpg,0,0,1,0,0,0,1,0,0,1,0,1,0,0,0,0,0,0,0,1
KonIQ-10k IQA Database/512x384/6711764573.jpg,0,0,0,1,0,0,1,0,0,1,0,1,0,0,0,0,1,0,0,0
KonIQ-10k IQA Database/512x384/6710865793.jpg,0,0,0,0,1,1,0,0,1,0,0,0,1,0,0,0,1,0,0,0
KonIQ-10k IQA Database/512x384/6711335759.jpg,0,0,1,0,0,0,1,0,0,1,0,1,0,0,0,0,0,0,0,1
KonIQ-10k IQA Database/512x384/6712830935.jpg,0,0,1,0,0,0,1,0,0,1,0,1,0,0,0,0,0,0,0,1
KonIQ-10k IQA Database/512x384/6713488045.jpg,0,1,0,0,0,1,0,0,0,1,0,1,0,0,0,0,0,0,1,0
KonIQ-10k IQA Database/512x384/6724979243.jpg,0,0,0,0,1,0,0,0,0,1,0,1,0,0,0,1,0,0,0,0
KonIQ-10k IQA Database/512x384/6720918207.jpg,0,0,1,0,0,0,1,0,0,0,1,1,0,0,0,0,0,0,0,1
KonIQ-10k IQA Database/512x384/6727094363.jpg,0,0,1,0,0,0,1,0,0,1,0,1,0,0,0,0,0,0,0,1
KonIQ-10k IQA Database/512x384/6725311751.jpg,0,1,0,0,0,0,1,0,0,1,0,1,0,0,0,0,0,0,0,1
KonIQ-10k IQA Database/512x384/6727591153.jpg,1,0,0,0,0,1,0,0,1,0,0,0,1,0,1,1,0,0,0,0
KonIQ-10k IQA Database/512x384/6727661759.jpg,0,0,0,0,1,1,0,0,0,0,1,0,1,0,0,1,0,0,0,0
KonIQ-10k IQA Database/512x384/6729160073.jpg,0,0,1,0,0,0,1,0,1,0,0,1,0,0,0,0,0,0,0,1
KonIQ-10k IQA Database/512x384/6728176335.jpg,0,0,1,0,0,0,1,0,0,1,0,1,0,0,0,0,1,0,0,0
KonIQ-10k IQA Database/512x384/6729759239.jpg,1,0,0,0,0,1,0,0,1,0,0,1,0,0,0,1,0,0,0,0
KonIQ-10k IQA Database/512x384/6728215257.jpg,0,1,0,0,0,1,0,0,0,1,0,0,1,0,1,0,1,0,0,0
KonIQ-10k IQA Database/512x384/6731198091.jpg,0,0,0,1,0,1,0,0,0,1,0,1,0,0,0,1,0,0,0,0
KonIQ-10k IQA Database/512x384/6730791971.jpg,0,0,0,0,1,0,1,0,1,0,0,1,0,0,0,0,0,0,0,1
KonIQ-10k IQA Database/512x384/6731073163.jpg,1,0,0,0,0,1,0,0,1,0,0,0,1,0,0,0,0,0,1,0
KonIQ-10k IQA Database/512x384/6733542819.jpg,0,0,1,0,0,0,1,0,0,0,1,1,0,0,0,0,1,0,0,0
KonIQ-10k IQA Database/512x384/6735104841.jpg,0,0,0,0,1,1,0,0,1,0,0,1,0,0,0,1,0,0,0,0
KonIQ-10k IQA Database/512x384/6737389193.jpg,0,0,1,0,0,0,1,0,0,1,0,1,0,0,0,0,0,0,0,1
KonIQ-10k IQA Database/512x384/6736392821.jpg,0,0,1,0,0,0,1,0,0,0,1,1,0,0,0,0,0,0,0,1
KonIQ-10k IQA Database/512x384/6739930655.jpg,0,0,0,0,1,0,1,0,0,0,1,1,0,0,0,0,0,0,0,1
KonIQ-10k IQA Database/512x384/6738986329.jpg,1,0,0,0,0,1,0,0,1,0,0,1,0,0,0,1,0,0,0,0
KonIQ-10k IQA Database/512x384/6741097253.jpg,0,0,1,0,0,0,1,0,0,0,1,1,0,0,0,0,0,0,0,1
KonIQ-10k IQA Database/512x384/6743243667.jpg,0,0,1,0,0,0,1,0,0,1,0,0,1,0,0,0,1,0,0,0
KonIQ-10k IQA Database/512x384/6746049049.jpg,1,0,0,0,0,1,0,0,0,1,0,1,0,0,0,0,0,0,0,1
KonIQ-10k IQA Database/512x384/6745774611.jpg,0,0,1,0,0,0,1,0,0,1,0,0,1,0,0,0,1,0,0,0
KonIQ-10k IQA Database/512x384/6739568529.jpg,1,0,0,0,0,1,0,0,1,0,0,0,1,0,0,1,0,0,1,0
KonIQ-10k IQA Database/512x384/6746835381.jpg,0,0,1,0,0,0,1,0,1,0,0,1,0,0,0,0,1,0,0,0
KonIQ-10k IQA Database/512x384/6748049411.jpg,0,0,1,0,0,0,1,0,0,1,0,1,0,0,0,0,0,0,0,1
KonIQ-10k IQA Database/512x384/6748287295.jpg,0,0,0,0,1,0,0,0,0,1,0,1,0,0,0,0,1,0,0,0
KonIQ-10k IQA Database/512x384/6748422197.jpg,0,0,0,0,1,1,0,0,0,1,0,1,0,0,0,1,0,0,0,0
KonIQ-10k IQA Database/512x384/6748739885.jpg,0,0,0,0,1,0,0,0,0,0,1,0,1,0,0,0,0,1,0,0
KonIQ-10k IQA Database/512x384/6749061363.jpg,0,0,0,0,1,1,0,0,1,0,0,1,0,0,0,0,0,0,0,1
KonIQ-10k IQA Database/512x384/6749191929.jpg,0,0,1,0,0,0,1,0,0,1,0,1,0,0,0,1,1,0,0,0
KonIQ-10k IQA Database/512x384/6749631813.jpg,0,0,0,0,1,0,1,0,0,1,0,1,0,0,0,0,0,0,0,1
KonIQ-10k IQA Database/512x384/6752719165.jpg,0,0,1,0,0,0,1,0,1,0,0,1,0,0,0,0,0,0,0,1
KonIQ-10k IQA Database/512x384/6755602871.jpg,0,1,0,0,0,1,0,0,0,1,0,1,0,0,0,0,0,0,0,1
KonIQ-10k IQA Database/512x384/6755644805.jpg,0,0,0,0,1,1,0,0,1,0,0,1,0,0,0,0,1,0,0,0
KonIQ-10k IQA Database/512x384/6757989209.jpg,0,0,1,0,0,0,1,0,0,1,0,1,0,0,0,0,0,0,0,1
KonIQ-10k IQA Database/512x384/6749380301.jpg,0,0,0,0,1,1,0,0,1,0,0,0,0,1,1,0,0,1,0,0
KonIQ-10k IQA Database/512x384/6759678037.jpg,0,0,1,0,0,0,1,0,0,0,1,1,0,0,0,0,0,0,0,1
KonIQ-10k IQA Database/512x384/6762482065.jpg,0,0,1,0,0,0,1,0,0,1,0,1,0,0,0,0,0,0,0,1
KonIQ-10k IQA Database/512x384/6764494191.jpg,0,0,0,1,0,0,1,0,0,0,1,1,0,0,0,0,1,0,0,0
KonIQ-10k IQA Database/512x384/6766779583.jpg,0,0,0,0,1,0,1,0,0,1,0,0,1,0,0,1,0,0,0,0
KonIQ-10k IQA Database/512x384/6769877279.jpg,0,0,1,0,0,0,1,0,1,0,0,0,1,0,0,0,0,0,1,0
KonIQ-10k IQA Database/512x384/6766502563.jpg,0,0,1,0,0,1,0,0,1,0,0,0,1,0,0,0,1,0,0,0
KonIQ-10k IQA Database/512x384/6766818267.jpg,1,0,0,0,0,0,1,0,0,0,1,0,0,1,0,0,0,0,0,1
KonIQ-10k IQA Database/512x384/6769268131.jpg,0,0,1,0,0,0,1,0,0,1,0,1,0,0,0,0,1,0,0,0
KonIQ-10k IQA Database/512x384/6771336533.jpg,1,0,0,0,0,1,0,0,0,1,0,1,0,0,0,0,0,1,0,0
KonIQ-10k IQA Database/512x384/6775082758.jpg,0,0,0,0,1,0,1,0,1,0,0,1,0,0,0,0,0,0,0,1
KonIQ-10k IQA Database/512x384/6776603937.jpg,0,0,1,0,0,0,1,0,1,0,0,1,0,0,0,1,0,0,0,0
KonIQ-10k IQA Database/512x384/6777542836.jpg,0,0,0,1,0,1,0,0,0,1,0,1,0,0,0,0,1,0,0,0
KonIQ-10k IQA Database/512x384/67775428369.jpg,0,0,0,1,0,1,0,0,1,0,0,1,0,0,0,0,1,0,0,0
KonIQ-10k IQA Database/512x384/6772091149.jpg,0,0,1,0,0,0,1,0,0,1,0,0,1,0,0,0,1,0,0,0
KonIQ-10k IQA Database/512x384/6777036983.jpg,0,1,0,0,0,1,0,0,1,0,0,0,1,0,0,0,0,0,0,1
KonIQ-10k IQA Database/512x384/6775674634.jpg,1,0,0,0,0,1,0,0,0,1,0,0,1,0,1,1,0,0,0,0
KonIQ-10k IQA Database/512x384/6778568929.jpg,1,0,0,0,0,1,0,0,1,0,0,1,0,0,1,0,0,0,0,0
KonIQ-10k IQA Database/512x384/677921002.jpg,1,0,0,0,0,1,0,0,1,0,0,0,1,0,0,1,0,0,0,0
KonIQ-10k IQA Database/512x384/6782624408.jpg,0,0,0,0,1,0,1,0,0,0,1,1,0,0,0,0,0,0,0,1
KonIQ-10k IQA Database/512x384/6781694906.jpg,0,1,0,0,0,1,0,0,0,1,0,1,0,0,0,0,0,0,1,0
KonIQ-10k IQA Database/512x384/6782077853.jpg,0,0,1,0,0,0,1,0,0,0,1,0,1,0,0,0,1,0,0,0
KonIQ-10k IQA Database/512x384/6779633762.jpg,1,0,0,0,0,1,0,0,0,1,0,0,1,0,1,0,1,1,0,0
KonIQ-10k IQA Database/512x384/6780493014.jpg,0,0,0,1,0,0,1,0,0,1,0,1,0,0,0,0,1,0,0,0
KonIQ-10k IQA Database/512x384/6782909752.jpg,1,0,0,0,0,1,0,0,1,0,0,0,0,1,1,0,0,1,0,0
KonIQ-10k IQA Database/512x384/6784024897.jpg,0,0,0,0,1,1,0,0,0,1,0,0,1,0,0,1,1,0,0,0
KonIQ-10k IQA Database/512x384/6784185258.jpg,0,0,0,0,1,0,0,0,0,0,1,1,0,0,0,0,0,0,0,1
KonIQ-10k IQA Database/512x384/6786638173.jpg,1,0,0,0,0,1,0,0,0,1,0,0,1,0,0,0,0,0,1,0
KonIQ-10k IQA Database/512x384/6785564222.jpg,0,1,0,0,0,0,0,0,0,1,0,1,0,0,0,0,0,0,0,1
KonIQ-10k IQA Database/512x384/6782627736.jpg,0,0,1,0,0,0,1,0,1,0,0,1,0,0,0,0,1,0,0,0
KonIQ-10k IQA Database/512x384/6787512667.jpg,1,0,0,0,0,1,0,0,1,0,0,0,1,0,1,1,0,0,0,0
KonIQ-10k IQA Database/512x384/6785846367.jpg,0,0,0,0,1,1,0,0,1,0,0,1,0,0,0,0,1,0,0,0
KonIQ-10k IQA Database/512x384/6787714050.jpg,0,0,0,0,1,0,1,0,0,1,0,1,0,0,0,0,0,0,0,1
KonIQ-10k IQA Database/512x384/6788551083.jpg,0,0,1,0,0,0,1,0,0,1,0,1,0,0,0,0,0,0,0,1
KonIQ-10k IQA Database/512x384/6788163039.jpg,0,0,1,0,0,0,1,0,1,0,0,1,0,0,0,0,1,0,0,0
KonIQ-10k IQA Database/512x384/6788530155.jpg,0,0,1,0,0,0,1,0,0,1,0,1,0,0,0,0,0,0,0,1
KonIQ-10k IQA Database/512x384/6789846783.jpg,0,0,1,0,0,0,1,0,0,0,1,1,0,0,0,0,0,0,0,1
KonIQ-10k IQA Database/512x384/6789727386.jpg,0,0,0,0,1,1,0,0,0,1,0,0,1,0,0,0,0,0,1,0
KonIQ-10k IQA Database/512x384/6788897458.jpg,1,0,0,0,0,1,0,0,0,1,0,0,1,0,0,1,0,0,0,0
KonIQ-10k IQA Database/512x384/6790082633.jpg,0,0,0,1,0,0,0,0,1,0,0,1,0,0,0,0,1,0,0,0
KonIQ-10k IQA Database/512x384/6791354533.jpg,0,0,1,0,0,0,1,0,0,0,1,1,0,0,0,0,0,0,0,1
KonIQ-10k IQA Database/512x384/6791434529.jpg,0,0,1,0,0,0,1,0,1,0,0,1,0,0,0,0,0,0,0,1
KonIQ-10k IQA Database/512x384/6791461596.jpg,0,0,1,0,0,0,1,0,0,1,0,0,1,0,0,0,1,0,0,0
KonIQ-10k IQA Database/512x384/6791631777.jpg,0,0,1,0,0,0,1,0,1,0,0,1,0,0,0,0,0,0,0,1
KonIQ-10k IQA Database/512x384/6793483796.jpg,1,0,0,0,0,1,0,0,0,1,0,1,0,0,0,1,0,0,0,0
KonIQ-10k IQA Database/512x384/6793966090.jpg,0,0,1,0,0,0,1,0,0,0,1,0,1,0,0,0,1,0,0,0
KonIQ-10k IQA Database/512x384/6795803065.jpg,0,0,1,0,0,0,1,0,0,0,1,1,0,0,0,0,0,0,0,1
KonIQ-10k IQA Database/512x384/6795087227.jpg,0,1,0,0,0,0,1,0,1,0,0,0,0,1,0,0,0,0,0,1
KonIQ-10k IQA Database/512x384/6793575356.jpg,0,1,0,0,0,1,0,0,0,1,0,0,1,0,0,0,0,0,1,0
KonIQ-10k IQA Database/512x384/6796559908.jpg,1,0,0,0,0,1,0,0,0,1,0,0,0,1,0,0,0,1,0,0
KonIQ-10k IQA Database/512x384/6796759928.jpg,0,0,1,0,0,0,1,0,0,1,0,1,0,0,0,0,0,0,0,1
KonIQ-10k IQA Database/512x384/6797193823.jpg,0,0,1,0,0,0,1,0,0,0,1,1,0,0,0,0,0,0,0,1
KonIQ-10k IQA Database/512x384/6798093193.jpg,0,0,1,0,0,0,1,0,0,1,0,1,0,0,0,0,0,0,0,1
KonIQ-10k IQA Database/512x384/6798101803.jpg,0,0,1,0,0,0,1,0,0,0,1,1,0,0,0,0,0,0,1,0
KonIQ-10k IQA Database/512x384/6799140939.jpg,0,0,1,0,0,0,1,0,0,0,1,1,0,0,0,0,0,0,0,1
KonIQ-10k IQA Database/512x384/6798563238.jpg,1,0,0,0,0,1,0,0,1,0,0,0,0,1,0,0,0,1,0,0
KonIQ-10k IQA Database/512x384/6798891367.jpg,1,0,0,0,0,1,0,0,1,0,0,0,0,1,1,0,0,1,1,0
KonIQ-10k IQA Database/512x384/6800438108.jpg,1,0,0,0,0,1,0,0,1,0,0,1,0,0,0,1,0,0,0,0
KonIQ-10k IQA Database/512x384/6800703361.jpg,0,0,0,0,1,0,0,0,0,0,1,1,0,0,0,0,0,0,0,1
KonIQ-10k IQA Database/512x384/6799306335.jpg,0,0,1,0,0,0,1,0,0,0,1,1,0,0,0,0,1,0,0,0
KonIQ-10k IQA Database/512x384/6801180487.jpg,0,0,1,0,0,0,1,0,0,0,1,1,0,0,0,0,1,0,0,0
KonIQ-10k IQA Database/512x384/6801462257.jpg,0,0,0,0,1,0,0,0,0,1,0,1,0,0,0,0,0,0,0,1
KonIQ-10k IQA Database/512x384/6801568370.jpg,1,0,0,0,0,1,0,0,0,1,0,0,1,0,0,1,0,0,0,0
KonIQ-10k IQA Database/512x384/6803834950.jpg,0,0,1,0,0,0,1,0,1,0,0,0,0,1,0,0,1,0,0,0
KonIQ-10k IQA Database/512x384/6803183748.jpg,0,0,1,0,0,0,1,0,0,1,0,1,0,0,0,0,0,0,0,1
KonIQ-10k IQA Database/512x384/6803244763.jpg,1,0,0,0,0,1,0,0,1,0,0,1,0,0,0,1,0,0,1,0
KonIQ-10k IQA Database/512x384/6804651008.jpg,0,0,1,0,0,0,1,0,0,0,1,1,0,0,0,0,0,0,0,1
KonIQ-10k IQA Database/512x384/6803864259.jpg,0,0,1,0,0,0,1,0,0,1,0,1,0,0,0,0,0,0,0,1
KonIQ-10k IQA Database/512x384/6805903671.jpg,0,1,0,0,0,1,0,0,0,1,0,1,0,0,0,0,0,0,0,1
KonIQ-10k IQA Database/512x384/6807214777.jpg,0,0,1,0,0,0,1,0,0,0,1,1,0,0,0,0,0,0,0,1
KonIQ-10k IQA Database/512x384/6808449405.jpg,0,0,1,0,0,0,1,0,0,1,0,1,0,0,0,0,0,0,0,1
KonIQ-10k IQA Database/512x384/6808473551.jpg,0,0,1,0,0,0,1,0,0,1,0,0,0,1,0,0,0,0,0,1
KonIQ-10k IQA Database/512x384/6809126683.jpg,0,0,0,0,1,0,1,0,0,1,0,1,0,0,0,0,0,0,0,1
KonIQ-10k IQA Database/512x384/6810784384.jpg,1,0,0,0,0,1,0,0,0,1,0,0,1,0,0,1,0,0,0,0
KonIQ-10k IQA Database/512x384/6809286909.jpg,0,0,1,0,0,0,1,0,0,0,1,1,0,0,0,0,1,0,0,0
KonIQ-10k IQA Database/512x384/6811037194.jpg,0,0,1,0,0,0,1,0,0,0,1,1,0,0,0,0,1,0,0,0
KonIQ-10k IQA Database/512x384/6811333589.jpg,1,0,0,0,0,1,0,0,1,0,0,0,1,0,1,0,0,0,0,0
KonIQ-10k IQA Database/512x384/6810820079.jpg,0,0,1,0,0,0,1,0,1,0,0,0,1,0,0,0,1,0,0,0
KonIQ-10k IQA Database/512x384/6813135887.jpg,1,0,0,0,0,1,0,0,0,1,0,1,0,0,0,0,0,0,0,1
KonIQ-10k IQA Database/512x384/6812098169.jpg,0,0,1,0,0,0,1,0,1,0,0,0,1,0,0,0,1,0,0,0
KonIQ-10k IQA Database/512x384/6812883252.jpg,0,0,0,0,1,1,0,0,1,0,0,0,1,0,1,0,0,0,0,0
KonIQ-10k IQA Database/512x384/6814736135.jpg,0,0,0,0,1,1,0,0,1,0,0,0,0,1,1,0,0,0,0,0
KonIQ-10k IQA Database/512x384/6814873580.jpg,0,0,1,0,0,0,1,0,0,0,1,1,0,0,0,0,0,0,0,1
KonIQ-10k IQA Database/512x384/6813687716.jpg,0,0,1,0,0,0,1,0,0,1,0,0,1,0,0,0,1,0,0,0
KonIQ-10k IQA Database/512x384/6813481975.jpg,0,0,1,0,0,0,1,0,0,1,0,1,0,0,1,0,0,0,1,0
KonIQ-10k IQA Database/512x384/6815253808.jpg,0,0,1,0,0,0,1,0,0,1,0,1,0,0,0,0,0,0,0,1
KonIQ-10k IQA Database/512x384/6818185643.jpg,0,0,0,0,1,0,1,0,0,0,1,1,0,0,0,0,0,0,0,1
KonIQ-10k IQA Database/512x384/6815460393.jpg,0,0,1,0,0,0,1,0,0,1,0,1,0,0,0,0,0,0,0,1
KonIQ-10k IQA Database/512x384/6817139940.jpg,1,0,0,0,0,1,0,0,0,1,0,0,0,1,0,0,0,1,0,0
KonIQ-10k IQA Database/512x384/6818454464.jpg,0,0,0,0,1,0,1,0,0,0,1,1,0,0,0,0,0,0,0,1
KonIQ-10k IQA Database/512x384/6818984013.jpg,0,0,0,0,1,1,0,0,0,1,0,0,0,1,1,0,0,0,0,0
KonIQ-10k IQA Database/512x384/6823375889.jpg,0,0,0,0,1,0,0,0,1,0,0,1,0,0,0,0,0,0,0,1
KonIQ-10k IQA Database/512x384/6820819077.jpg,0,0,0,0,1,1,0,0,1,0,0,0,0,1,1,0,0,0,0,0
KonIQ-10k IQA Database/512x384/6818698150.jpg,0,0,0,0,1,1,0,0,1,0,0,1,0,0,0,0,0,0,0,1
KonIQ-10k IQA Database/512x384/6823515263.jpg,1,0,0,0,0,1,0,0,0,1,0,1,0,0,0,0,0,0,0,1
KonIQ-10k IQA Database/512x384/6825162524.jpg,0,0,1,0,0,0,1,0,0,0,1,1,0,0,0,0,0,0,0,1
KonIQ-10k IQA Database/512x384/682337857.jpg,1,0,0,0,0,1,0,0,0,1,0,0,1,0,0,1,0,0,0,0
KonIQ-10k IQA Database/512x384/6824806522.jpg,0,0,1,0,0,0,1,0,0,0,1,1,0,0,0,0,0,1,0,0
KonIQ-10k IQA Database/512x384/6825556474.jpg,0,0,1,0,0,0,1,0,0,0,1,1,0,0,0,0,1,0,0,0
KonIQ-10k IQA Database/512x384/6827213168.jpg,0,0,1,0,0,0,1,0,0,0,1,1,0,0,0,0,0,0,0,1
KonIQ-10k IQA Database/512x384/6827495732.jpg,0,0,1,0,0,0,1,0,0,1,0,1,0,0,0,0,1,0,0,0
KonIQ-10k IQA Database/512x384/6829189111.jpg,1,0,0,0,0,1,0,0,0,1,0,0,0,1,0,0,0,1,0,0
KonIQ-10k IQA Database/512x384/6827830343.jpg,0,0,1,0,0,0,1,0,0,0,1,1,0,0,0,0,1,1,0,0
KonIQ-10k IQA Database/512x384/6828049746.jpg,0,0,0,0,1,1,0,0,1,0,0,0,1,0,1,0,0,0,0,0
KonIQ-10k IQA Database/512x384/6828526069.jpg,0,0,1,0,0,0,1,0,0,1,0,0,1,0,0,0,1,0,0,0
KonIQ-10k IQA Database/512x384/6826290090.jpg,0,0,0,0,1,1,0,0,0,1,0,0,0,1,1,0,0,1,0,0
KonIQ-10k IQA Database/512x384/6829439085.jpg,0,0,1,0,0,0,1,0,0,1,0,1,0,0,0,0,0,0,0,1
KonIQ-10k IQA Database/512x384/6830281130.jpg,0,1,0,0,0,1,0,0,1,0,0,1,0,0,0,0,0,0,0,1
KonIQ-10k IQA Database/512x384/6831480328.jpg,1,0,0,0,0,1,0,0,1,0,0,0,0,1,1,1,0,0,1,0
KonIQ-10k IQA Database/512x384/6832446699.jpg,0,0,1,0,0,0,1,0,1,0,0,1,0,0,0,0,1,0,0,0
KonIQ-10k IQA Database/512x384/6832136083.jpg,0,0,1,0,0,0,1,0,1,0,0,1,0,0,0,0,0,0,0,1
KonIQ-10k IQA Database/512x384/6831984052.jpg,0,1,0,0,0,1,0,0,1,0,0,0,1,0,1,1,1,0,0,0
KonIQ-10k IQA Database/512x384/6834902092.jpg,0,0,0,0,1,1,0,0,1,0,0,0,0,1,1,0,0,0,0,0
KonIQ-10k IQA Database/512x384/6834245510.jpg,1,0,0,0,0,1,0,0,1,0,0,0,0,1,1,0,0,0,0,0
KonIQ-10k IQA Database/512x384/6833109332.jpg,0,0,0,0,1,0,0,0,1,0,0,0,1,0,0,0,0,0,0,1
KonIQ-10k IQA Database/512x384/6834514891.jpg,0,0,1,0,0,0,1,0,0,0,1,0,1,0,0,0,1,0,0,0
KonIQ-10k IQA Database/512x384/6835820588.jpg,0,0,1,0,0,0,1,0,0,1,0,0,1,0,0,0,0,0,0,1
KonIQ-10k IQA Database/512x384/6835007518.jpg,0,0,1,0,0,0,1,0,0,0,1,1,0,0,0,0,1,0,0,0
KonIQ-10k IQA Database/512x384/6837541080.jpg,0,0,0,0,1,1,0,0,1,0,0,1,0,0,0,0,0,0,0,1
KonIQ-10k IQA Database/512x384/6836104801.jpg,0,0,1,0,0,0,1,0,1,0,0,1,0,0,0,0,0,0,0,1
KonIQ-10k IQA Database/512x384/6836874905.jpg,1,0,0,0,0,1,0,0,1,0,0,0,1,0,0,0,1,0,1,0
KonIQ-10k IQA Database/512x384/6837388142.jpg,0,0,0,1,0,1,0,0,1,0,0,1,0,0,0,0,1,0,0,0
KonIQ-10k IQA Database/512x384/6837071286.jpg,1,0,0,0,0,1,0,0,0,1,0,1,0,0,0,0,0,0,0,1
KonIQ-10k IQA Database/512x384/6837228368.jpg,0,0,1,0,0,0,1,0,0,1,0,0,1,0,0,0,1,0,0,0
KonIQ-10k IQA Database/512x384/6837662382.jpg,0,0,1,0,0,0,1,0,1,0,0,1,0,0,0,0,0,1,0,0
KonIQ-10k IQA Database/512x384/6838263860.jpg,0,0,0,0,1,1,0,0,1,0,0,0,0,1,1,0,0,0,1,0
KonIQ-10k IQA Database/512x384/6840900400.jpg,0,0,0,0,1,0,0,1,0,1,0,1,0,0,0,1,0,0,0,0
KonIQ-10k IQA Database/512x384/6837956899.jpg,0,0,0,0,1,0,1,0,0,1,0,1,0,0,0,0,0,0,0,1
KonIQ-10k IQA Database/512x384/6840500976.jpg,1,0,0,0,0,1,0,0,0,1,0,1,0,0,0,1,0,0,1,0
KonIQ-10k IQA Database/512x384/6840130023.jpg,1,0,0,0,0,1,0,0,0,1,0,1,0,0,0,0,0,0,1,0
KonIQ-10k IQA Database/512x384/6841095.jpg,1,0,0,0,0,0,1,0,0,0,1,0,1,0,0,1,1,0,0,0
KonIQ-10k IQA Database/512x384/6842750557.jpg,0,0,0,0,1,0,1,0,0,1,0,1,0,0,0,0,0,0,0,1
KonIQ-10k IQA Database/512x384/6842318096.jpg,1,0,0,0,0,1,0,0,1,0,0,0,0,1,0,0,1,1,0,0
KonIQ-10k IQA Database/512x384/6843523713.jpg,0,1,0,0,0,0,0,1,0,0,1,0,0,1,0,0,0,0,0,1
KonIQ-10k IQA Database/512x384/6843525285.jpg,0,0,0,0,1,0,1,0,1,0,0,1,0,0,0,0,0,0,0,1
KonIQ-10k IQA Database/512x384/6844398521.jpg,0,0,0,0,1,1,0,0,1,0,0,0,1,0,1,0,0,0,0,0
KonIQ-10k IQA Database/512x384/6844773508.jpg,0,1,0,0,0,1,0,0,1,0,0,1,0,0,0,1,0,0,0,0
KonIQ-10k IQA Database/512x384/6845848072.jpg,0,1,0,0,0,1,0,0,1,0,0,0,1,0,1,0,0,0,0,0
KonIQ-10k IQA Database/512x384/6845847924.jpg,0,0,1,0,0,0,1,0,0,0,1,1,0,0,0,0,1,0,0,0
KonIQ-10k IQA Database/512x384/6845552547.jpg,0,1,0,0,0,1,0,0,0,1,0,0,1,0,1,1,0,0,0,0
KonIQ-10k IQA Database/512x384/6844145276.jpg,1,0,0,0,0,1,0,0,1,0,0,0,1,0,1,0,1,1,0,0
KonIQ-10k IQA Database/512x384/6845434524.jpg,0,1,0,0,0,1,0,0,0,1,0,0,1,0,1,0,1,0,0,0
KonIQ-10k IQA Database/512x384/6846284796.jpg,0,0,0,0,1,1,0,0,0,1,0,1,0,0,0,1,0,0,0,0
KonIQ-10k IQA Database/512x384/6846869922.jpg,0,0,1,0,0,0,1,0,1,0,0,1,0,0,0,0,1,0,0,0
KonIQ-10k IQA Database/512x384/6849693569.jpg,0,0,1,0,0,0,1,0,1,0,0,1,0,0,0,0,0,0,0,1
KonIQ-10k IQA Database/512x384/6849285524.jpg,0,0,1,0,0,0,1,0,0,1,0,1,0,0,0,0,0,0,0,1
KonIQ-10k IQA Database/512x384/6850513360.jpg,0,0,0,0,1,1,0,0,1,0,0,0,1,0,0,0,1,0,0,0
KonIQ-10k IQA Database/512x384/6851326367.jpg,0,0,1,0,0,0,0,1,0,0,1,0,1,0,0,0,1,0,0,0
KonIQ-10k IQA Database/512x384/6849557935.jpg,1,0,0,0,0,0,0,0,0,0,1,0,0,1,0,0,0,0,1,0
KonIQ-10k IQA Database/512x384/6853001361.jpg,0,0,0,0,1,0,1,0,1,0,0,0,1,0,0,0,0,0,1,0
KonIQ-10k IQA Database/512x384/6854146276.jpg,0,0,1,0,0,0,1,0,1,0,0,0,1,0,0,0,1,0,0,0
KonIQ-10k IQA Database/512x384/6854228547.jpg,0,0,1,0,0,0,1,0,0,1,0,1,0,0,0,0,0,0,0,1
KonIQ-10k IQA Database/512x384/6856483689.jpg,1,0,0,0,0,1,0,0,0,1,0,1,0,0,1,0,0,0,0,0
KonIQ-10k IQA Database/512x384/6858600475.jpg,0,0,1,0,0,0,1,0,0,1,0,1,0,0,0,0,1,0,0,0
KonIQ-10k IQA Database/512x384/6857581314.jpg,0,1,0,0,0,1,0,0,1,0,0,1,0,0,1,0,0,0,0,0
KonIQ-10k IQA Database/512x384/6860404399.jpg,0,0,1,0,0,0,1,0,0,1,0,1,0,0,0,0,0,0,0,1
KonIQ-10k IQA Database/512x384/68605475.jpg,0,0,1,0,0,0,1,0,0,0,1,1,0,0,0,0,0,0,0,1
KonIQ-10k IQA Database/512x384/6860502754.jpg,0,0,0,0,1,1,0,0,1,0,0,0,1,0,0,0,0,0,1,0
KonIQ-10k IQA Database/512x384/6855935825.jpg,1,0,0,0,0,1,0,0,1,0,0,0,0,1,1,1,0,0,1,0
KonIQ-10k IQA Database/512x384/6860584767.jpg,0,0,1,0,0,0,1,0,0,1,0,0,1,0,0,0,1,0,0,0
KonIQ-10k IQA Database/512x384/6865288108.jpg,0,0,0,1,0,0,0,1,1,0,0,1,0,0,0,0,1,0,0,0
KonIQ-10k IQA Database/512x384/6862989864.jpg,0,0,0,0,1,1,0,0,1,0,0,1,0,0,0,1,0,0,0,0
KonIQ-10k IQA Database/512x384/6864569694.jpg,0,0,1,0,0,0,1,0,0,1,0,1,0,0,0,0,0,0,0,1
KonIQ-10k IQA Database/512x384/6866519003.jpg,0,0,1,0,0,1,0,0,0,1,0,0,1,0,0,0,0,0,0,1
KonIQ-10k IQA Database/512x384/6862937532.jpg,0,0,0,0,1,1,0,0,1,0,0,1,0,0,0,0,1,0,0,0
KonIQ-10k IQA Database/512x384/6865774865.jpg,0,0,1,0,0,1,0,0,0,1,0,1,0,0,0,0,0,0,0,1
KonIQ-10k IQA Database/512x384/6867407079.jpg,0,0,1,0,0,0,1,0,0,0,1,0,1,0,0,0,1,0,0,0
KonIQ-10k IQA Database/512x384/6869855884.jpg,0,0,0,0,1,0,1,0,0,0,1,1,0,0,0,0,0,0,0,1
KonIQ-10k IQA Database/512x384/6869450975.jpg,0,0,0,0,1,0,1,0,1,0,0,1,0,0,0,0,0,0,0,1
KonIQ-10k IQA Database/512x384/6869357574.jpg,0,0,0,0,1,0,1,0,0,0,1,1,0,0,0,0,0,0,0,1
KonIQ-10k IQA Database/512x384/6866899862.jpg,1,0,0,0,0,1,0,0,1,0,0,1,0,0,1,0,0,0,0,0
KonIQ-10k IQA Database/512x384/6870564661.jpg,0,0,1,0,0,1,0,0,1,0,0,1,0,0,0,1,0,0,0,0
KonIQ-10k IQA Database/512x384/6870048801.jpg,0,0,0,0,1,1,0,0,1,0,0,0,1,0,1,0,0,1,1,0
KonIQ-10k IQA Database/512x384/6869642911.jpg,1,0,0,0,0,1,0,0,1,0,0,0,1,0,0,1,0,1,0,0
KonIQ-10k IQA Database/512x384/6870596537.jpg,0,0,0,0,1,1,0,0,1,0,0,1,0,0,0,1,0,0,0,0
KonIQ-10k IQA Database/512x384/6870782384.jpg,0,0,1,0,0,0,1,0,0,0,1,1,0,0,0,0,0,0,0,1
KonIQ-10k IQA Database/512x384/6873503299.jpg,0,0,0,0,1,1,0,0,0,1,0,1,0,0,0,0,0,0,0,1
KonIQ-10k IQA Database/512x384/6873701210.jpg,0,0,0,0,1,0,1,0,0,0,1,1,0,0,0,0,0,0,0,1
KonIQ-10k IQA Database/512x384/6874497596.jpg,0,0,0,0,1,0,1,0,0,0,1,0,1,0,0,0,0,0,0,1
KonIQ-10k IQA Database/512x384/6874966846.jpg,0,1,0,0,0,1,0,0,1,0,0,0,1,0,0,1,1,0,0,0
KonIQ-10k IQA Database/512x384/6875194504.jpg,0,0,1,0,0,0,1,0,0,1,0,1,0,0,0,0,0,0,0,1
KonIQ-10k IQA Database/512x384/6875112664.jpg,1,0,0,0,0,1,0,0,1,0,0,1,0,0,0,1,0,1,0,0
KonIQ-10k IQA Database/512x384/6880912844.jpg,0,0,1,0,0,0,1,0,1,0,0,0,1,0,0,0,0,0,1,0
KonIQ-10k IQA Database/512x384/6875495692.jpg,0,0,0,0,1,1,0,0,1,0,0,1,0,0,0,0,0,0,0,1
KonIQ-10k IQA Database/512x384/6877203986.jpg,0,0,1,0,0,0,1,0,0,1,0,1,0,0,0,1,0,0,0,0
KonIQ-10k IQA Database/512x384/6879970399.jpg,0,0,1,0,0,0,1,0,0,1,0,0,1,0,0,0,1,0,0,0
KonIQ-10k IQA Database/512x384/6880980024.jpg,0,0,1,0,0,0,1,0,0,0,1,1,0,0,0,0,1,0,0,0
KonIQ-10k IQA Database/512x384/6881321836.jpg,0,0,1,0,0,0,1,0,0,0,1,0,1,0,0,0,0,0,0,1
KonIQ-10k IQA Database/512x384/688110993.jpg,1,0,0,0,0,1,0,0,1,0,0,0,1,0,0,1,0,0,0,0
KonIQ-10k IQA Database/512x384/6883445766.jpg,0,1,0,0,0,1,0,0,1,0,0,1,0,0,0,0,0,0,0,1
KonIQ-10k IQA Database/512x384/6883091790.jpg,0,1,0,0,0,1,0,0,0,1,0,1,0,0,0,0,0,0,0,1
KonIQ-10k IQA Database/512x384/6882017804.jpg,1,0,0,0,0,1,0,0,0,1,0,1,0,0,0,1,0,1,0,0
KonIQ-10k IQA Database/512x384/6881599127.jpg,0,0,1,0,0,0,1,0,1,0,0,1,0,0,0,0,0,0,0,1
KonIQ-10k IQA Database/512x384/6884968602.jpg,0,0,1,0,0,0,1,0,0,1,0,1,0,0,0,0,0,0,0,1
KonIQ-10k IQA Database/512x384/6886337587.jpg,1,0,0,0,0,1,0,0,1,0,0,1,0,0,0,0,0,0,1,0
KonIQ-10k IQA Database/512x384/6890378940.jpg,0,0,0,1,0,1,0,0,0,1,0,1,0,0,0,0,0,0,0,1
KonIQ-10k IQA Database/512x384/6887917604.jpg,0,1,0,0,0,1,0,0,0,1,0,0,1,0,0,0,1,0,0,0
KonIQ-10k IQA Database/512x384/6890326436.jpg,1,0,0,0,0,1,0,0,0,1,0,1,0,0,0,0,0,0,1,0
KonIQ-10k IQA Database/512x384/6886226928.jpg,1,0,0,0,0,1,0,0,0,1,0,1,0,0,0,1,0,0,0,0
KonIQ-10k IQA Database/512x384/6890554826.jpg,0,0,0,0,1,0,1,0,0,0,1,1,0,0,0,0,0,0,0,1
KonIQ-10k IQA Database/512x384/6890379430.jpg,1,0,0,0,0,1,0,0,0,1,0,1,0,0,0,1,0,0,0,0
KonIQ-10k IQA Database/512x384/6890677809.jpg,0,0,1,0,0,0,1,0,1,0,0,0,1,0,0,0,1,0,0,0
KonIQ-10k IQA Database/512x384/6891271025.jpg,0,0,1,0,0,0,0,1,0,1,0,0,1,0,0,0,0,0,0,1
KonIQ-10k IQA Database/512x384/6891599340.jpg,0,0,0,1,0,0,1,0,0,0,1,1,0,0,0,0,1,0,0,0
KonIQ-10k IQA Database/512x384/6891596982.jpg,0,0,0,1,0,0,1,0,0,0,1,1,0,0,0,0,1,0,0,0
KonIQ-10k IQA Database/512x384/6891623153.jpg,0,0,0,1,0,0,1,0,1,0,0,0,1,0,0,0,1,0,0,0
KonIQ-10k IQA Database/512x384/6891957010.jpg,0,0,0,0,1,1,0,0,1,0,0,1,0,0,1,0,0,0,0,0
KonIQ-10k IQA Database/512x384/6892553923.jpg,0,0,1,0,0,0,1,0,0,0,1,1,0,0,0,0,0,0,0,1
KonIQ-10k IQA Database/512x384/6892058753.jpg,1,0,0,0,0,1,0,0,1,0,0,0,1,0,0,0,0,0,1,0
KonIQ-10k IQA Database/512x384/6892713466.jpg,0,1,0,0,0,1,0,0,0,1,0,1,0,0,0,0,1,0,0,0
KonIQ-10k IQA Database/512x384/6893891182.jpg,0,0,0,0,1,1,0,0,1,0,0,1,0,0,1,0,0,0,0,0
KonIQ-10k IQA Database/512x384/6893014325.jpg,0,0,1,0,0,0,1,0,0,1,0,1,0,0,0,0,0,0,0,1
KonIQ-10k IQA Database/512x384/6895353221.jpg,0,0,1,0,0,0,1,0,1,0,0,1,0,0,0,0,0,0,1,0
KonIQ-10k IQA Database/512x384/6893965047.jpg,0,0,1,0,0,0,1,0,0,1,0,1,0,0,1,1,0,0,0,0
KonIQ-10k IQA Database/512x384/6896225625.jpg,0,0,0,0,1,0,1,0,1,0,0,1,0,0,0,0,0,0,1,0
KonIQ-10k IQA Database/512x384/6895365088.jpg,1,0,0,0,0,1,0,0,0,1,0,0,1,0,0,1,0,0,0,0
KonIQ-10k IQA Database/512x384/6898490953.jpg,0,0,1,0,0,1,0,0,1,0,0,1,0,0,0,0,0,0,0,1
KonIQ-10k IQA Database/512x384/6897675527.jpg,0,0,1,0,0,0,1,0,0,1,0,1,0,0,0,0,0,0,0,1
KonIQ-10k IQA Database/512x384/6897314758.jpg,0,1,0,0,0,1,0,0,1,0,0,0,1,0,1,0,0,0,0,0
KonIQ-10k IQA Database/512x384/6898804586.jpg,0,1,0,0,0,0,1,0,0,0,1,0,1,0,0,0,1,0,0,0
KonIQ-10k IQA Database/512x384/6897446719.jpg,0,0,1,0,0,0,1,0,0,1,0,1,0,0,0,0,0,0,0,1
KonIQ-10k IQA Database/512x384/6899120807.jpg,0,0,0,0,1,0,0,0,0,1,0,1,0,0,0,0,0,0,0,1
KonIQ-10k IQA Database/512x384/6899882301.jpg,0,0,0,0,1,1,0,0,0,1,0,0,0,1,0,0,0,0,1,0
KonIQ-10k IQA Database/512x384/6899517653.jpg,0,1,0,0,0,1,0,0,0,1,0,0,1,0,0,1,0,0,1,0
KonIQ-10k IQA Database/512x384/6902342114.jpg,0,0,0,0,1,0,0,0,0,0,1,1,0,0,0,0,0,1,0,0
KonIQ-10k IQA Database/512x384/6901970679.jpg,0,0,0,0,1,1,0,0,0,1,0,1,0,0,0,0,0,0,0,1
KonIQ-10k IQA Database/512x384/6902444479.jpg,0,1,0,0,0,0,1,0,0,1,0,1,0,0,0,0,1,0,0,0
KonIQ-10k IQA Database/512x384/6902428631.jpg,0,0,1,0,0,0,1,0,0,1,0,1,0,0,0,0,0,0,0,1
KonIQ-10k IQA Database/512x384/6903329459.jpg,0,0,0,0,1,0,1,0,0,1,0,0,1,0,0,1,1,0,0,0
KonIQ-10k IQA Database/512x384/6900924910.jpg,0,1,0,0,0,1,0,0,1,0,0,0,1,0,0,0,1,0,0,0
KonIQ-10k IQA Database/512x384/6903462833.jpg,1,0,0,0,0,1,0,0,1,0,0,1,0,0,1,0,0,0,1,0
KonIQ-10k IQA Database/512x384/6903802628.jpg,0,0,0,1,0,0,1,0,0,1,0,1,0,0,0,0,1,0,0,0
KonIQ-10k IQA Database/512x384/6904500540.jpg,1,0,0,0,0,1,0,0,1,0,0,0,1,0,1,0,0,0,0,0
KonIQ-10k IQA Database/512x384/6904448359.jpg,0,1,0,0,0,1,0,0,1,0,0,1,0,0,0,1,1,0,0,0
KonIQ-10k IQA Database/512x384/6904675638.jpg,0,1,0,0,0,1,0,0,1,0,0,1,0,0,0,0,1,0,0,0
KonIQ-10k IQA Database/512x384/6905163828.jpg,0,0,0,0,1,1,0,0,1,0,0,0,0,1,1,0,0,0,0,0
KonIQ-10k IQA Database/512x384/6905808386.jpg,1,0,0,0,0,1,0,0,1,0,0,0,1,0,1,0,0,0,0,0
KonIQ-10k IQA Database/512x384/6905574433.jpg,1,0,0,0,0,1,0,0,1,0,0,0,0,1,0,1,0,0,0,0
KonIQ-10k IQA Database/512x384/6906058795.jpg,0,1,0,0,0,0,1,0,0,0,1,1,0,0,1,0,0,0,0,0
KonIQ-10k IQA Database/512x384/6907198605.jpg,0,0,1,0,0,0,1,0,0,1,0,0,1,0,0,0,1,0,0,0
KonIQ-10k IQA Database/512x384/6907499876.jpg,0,0,0,0,1,1,0,0,0,1,0,1,0,0,0,1,0,0,0,0
KonIQ-10k IQA Database/512x384/6907897085.jpg,0,1,0,0,0,1,0,0,0,1,0,1,0,0,0,0,0,0,0,1
KonIQ-10k IQA Database/512x384/6905924906.jpg,0,0,1,0,0,1,0,0,1,0,0,1,0,0,0,0,0,0,1,0
KonIQ-10k IQA Database/512x384/6906948754.jpg,0,1,0,0,0,1,0,0,0,1,0,0,1,0,1,1,0,0,0,0
KonIQ-10k IQA Database/512x384/6908900076.jpg,0,1,0,0,0,1,0,0,0,1,0,1,0,0,0,0,0,0,0,1
KonIQ-10k IQA Database/512x384/6909297506.jpg,0,1,0,0,0,0,1,0,0,0,1,0,1,0,0,0,0,0,0,1
KonIQ-10k IQA Database/512x384/6908276949.jpg,1,0,0,0,0,1,0,0,0,1,0,1,0,0,0,0,0,1,0,0
KonIQ-10k IQA Database/512x384/6909401846.jpg,0,0,0,0,1,0,1,0,0,0,1,1,0,0,0,0,0,0,0,1
KonIQ-10k IQA Database/512x384/6910469420.jpg,0,0,0,0,1,0,1,0,0,0,1,1,0,0,0,1,0,0,0,0
KonIQ-10k IQA Database/512x384/6909860315.jpg,0,1,0,0,0,1,0,0,1,0,0,1,0,0,0,0,0,0,1,0
KonIQ-10k IQA Database/512x384/69115391363.jpg,0,1,0,0,0,1,0,0,1,0,0,0,1,0,1,1,0,0,0,0
KonIQ-10k IQA Database/512x384/6911254247.jpg,1,0,0,0,0,1,0,0,1,0,0,0,1,0,1,1,0,0,1,0
KonIQ-10k IQA Database/512x384/6911586648.jpg,0,0,1,0,0,0,1,0,0,1,0,1,0,0,0,0,0,0,0,1
KonIQ-10k IQA Database/512x384/6913622130.jpg,1,0,0,0,0,1,0,0,0,1,0,1,0,0,0,0,0,0,0,1
KonIQ-10k IQA Database/512x384/6913908117.jpg,1,0,0,0,0,1,0,0,1,0,0,1,0,0,1,0,0,0,0,0
KonIQ-10k IQA Database/512x384/6912813329.jpg,0,1,0,0,0,0,0,1,1,0,0,0,1,0,1,0,1,0,0,0
KonIQ-10k IQA Database/512x384/6911539136.jpg,0,0,0,0,1,1,0,0,1,0,0,0,1,0,1,1,0,0,0,0
KonIQ-10k IQA Database/512x384/6915332491.jpg,0,0,1,0,0,0,1,0,1,0,0,1,0,0,0,0,0,0,0,1
KonIQ-10k IQA Database/512x384/6916511144.jpg,1,0,0,0,0,1,0,0,1,0,0,0,1,0,1,1,0,0,0,0
KonIQ-10k IQA Database/512x384/6915781600.jpg,0,0,0,0,1,1,0,0,1,0,0,0,1,0,1,0,1,0,0,0
KonIQ-10k IQA Database/512x384/6918766149.jpg,0,0,0,0,1,0,1,0,1,0,0,1,0,0,0,0,0,0,0,1
KonIQ-10k IQA Database/512x384/69161613.jpg,1,0,0,0,0,1,0,0,1,0,0,0,1,0,0,1,0,0,0,0
KonIQ-10k IQA Database/512x384/6915315864.jpg,1,0,0,0,0,1,0,0,0,1,0,0,1,0,0,1,1,1,0,0
KonIQ-10k IQA Database/512x384/6920118996.jpg,1,0,0,0,0,1,0,0,1,0,0,1,0,0,0,1,0,0,0,0
KonIQ-10k IQA Database/512x384/6921149341.jpg,0,0,0,0,1,0,1,0,0,0,1,1,0,0,0,0,0,1,0,0
KonIQ-10k IQA Database/512x384/691940284.jpg,0,0,0,0,1,1,0,0,1,0,0,0,1,0,0,1,1,0,0,0
KonIQ-10k IQA Database/512x384/6920447844.jpg,0,0,1,0,0,1,0,0,1,0,0,1,0,0,0,0,1,0,0,0
KonIQ-10k IQA Database/512x384/6922435153.jpg,0,0,0,0,1,0,1,0,1,0,0,1,0,0,0,0,0,0,0,1
KonIQ-10k IQA Database/512x384/6921873872.jpg,0,0,0,0,1,1,0,0,0,1,0,1,0,0,0,0,1,1,0,0
KonIQ-10k IQA Database/512x384/6923520196.jpg,0,0,1,0,0,0,1,0,0,0,1,1,0,0,0,0,0,0,0,1
KonIQ-10k IQA Database/512x384/6924377004.jpg,0,1,0,0,0,1,0,0,1,0,0,0,1,0,0,0,1,0,0,0
KonIQ-10k IQA Database/512x384/69255437374.jpg,0,0,0,1,0,1,0,0,1,0,0,1,0,0,0,0,1,0,0,0
KonIQ-10k IQA Database/512x384/6927641976.jpg,1,0,0,0,0,0,0,0,0,0,1,0,0,1,0,0,0,0,1,0
KonIQ-10k IQA Database/512x384/6925543737.jpg,0,0,0,1,0,1,0,0,1,0,0,0,1,0,0,0,1,0,0,0
KonIQ-10k IQA Database/512x384/6927606175.jpg,0,0,1,0,0,0,1,0,0,1,0,1,0,0,0,0,1,0,0,0
KonIQ-10k IQA Database/512x384/6928560176.jpg,0,0,0,0,1,0,0,0,0,1,0,1,0,0,0,0,0,0,0,1
KonIQ-10k IQA Database/512x384/6926235386.jpg,0,0,1,0,0,0,1,0,0,1,0,0,0,1,0,0,0,0,0,1
KonIQ-10k IQA Database/512x384/6927744497.jpg,0,0,1,0,0,0,0,1,0,1,0,0,1,0,0,0,1,0,0,0
KonIQ-10k IQA Database/512x384/6929201627.jpg,0,0,0,0,1,1,0,0,1,0,0,1,0,0,0,0,0,0,1,0
KonIQ-10k IQA Database/512x384/6929188980.jpg,0,1,0,0,0,1,0,0,0,1,0,1,0,0,1,0,0,0,0,0
KonIQ-10k IQA Database/512x384/6931269556.jpg,0,0,0,0,1,1,0,0,0,1,0,0,0,1,1,0,0,0,0,0
KonIQ-10k IQA Database/512x384/6930075142.jpg,0,1,0,0,0,0,1,0,0,0,1,0,1,0,0,0,0,0,0,1
KonIQ-10k IQA Database/512x384/6931553873.jpg,0,0,0,1,0,1,0,0,0,1,0,0,1,0,0,1,1,0,0,0
KonIQ-10k IQA Database/512x384/6932651943.jpg,0,0,1,0,0,0,1,0,0,0,1,1,0,0,0,0,1,0,0,0
KonIQ-10k IQA Database/512x384/6929191226.jpg,1,0,0,0,0,1,0,0,0,1,0,1,0,0,0,1,0,0,0,0
KonIQ-10k IQA Database/512x384/6934705817.jpg,0,0,1,0,0,0,1,0,0,0,1,0,1,0,0,0,1,0,0,0
KonIQ-10k IQA Database/512x384/6933526580.jpg,1,0,0,0,0,1,0,0,1,0,0,0,1,0,0,1,0,1,0,0
KonIQ-10k IQA Database/512x384/6935129773.jpg,0,1,0,0,0,1,0,0,1,0,0,0,1,0,0,0,0,0,0,1
KonIQ-10k IQA Database/512x384/6935047173.jpg,0,1,0,0,0,1,0,0,0,1,0,1,0,0,1,0,0,0,0,0
KonIQ-10k IQA Database/512x384/6935202616.jpg,0,0,1,0,0,0,1,0,0,0,1,1,0,0,0,1,0,1,0,0
KonIQ-10k IQA Database/512x384/6935652834.jpg,0,0,1,0,0,0,1,0,0,0,1,1,0,0,0,0,0,0,0,1
KonIQ-10k IQA Database/512x384/6935219850.jpg,0,0,0,0,1,1,0,0,1,0,0,1,0,0,0,0,0,0,0,1
KonIQ-10k IQA Database/512x384/6936925429.jpg,0,0,0,0,1,1,0,0,1,0,0,1,0,0,0,0,0,0,0,1
KonIQ-10k IQA Database/512x384/6936616730.jpg,0,0,1,0,0,0,1,0,1,0,0,1,0,0,0,0,0,0,0,1
KonIQ-10k IQA Database/512x384/6937167103.jpg,0,0,0,0,1,1,0,0,1,0,0,0,1,0,0,1,0,0,0,0
KonIQ-10k IQA Database/512x384/6937606166.jpg,0,0,1,0,0,0,1,0,0,1,0,1,0,0,0,0,0,0,0,1
KonIQ-10k IQA Database/512x384/6937691669.jpg,0,0,1,0,0,1,0,0,1,0,0,0,1,0,0,0,0,0,0,1
KonIQ-10k IQA Database/512x384/6937719329.jpg,1,0,0,0,0,1,0,0,1,0,0,0,1,0,0,1,0,0,0,0
KonIQ-10k IQA Database/512x384/6938468092.jpg,0,0,0,0,1,1,0,0,1,0,0,0,1,0,0,1,1,0,0,0
KonIQ-10k IQA Database/512x384/6938575813.jpg,0,0,1,0,0,0,1,0,0,1,0,1,0,0,0,0,0,0,0,1
KonIQ-10k IQA Database/512x384/6938775083.jpg,0,0,1,0,0,0,1,0,0,0,1,0,1,0,0,0,0,0,0,1
KonIQ-10k IQA Database/512x384/6940429128.jpg,0,0,1,0,0,0,1,0,0,0,1,0,1,0,0,0,0,0,0,1
KonIQ-10k IQA Database/512x384/6939374638.jpg,0,0,0,0,1,1,0,0,1,0,0,0,1,0,1,0,1,0,0,0
KonIQ-10k IQA Database/512x384/6938815179.jpg,0,0,1,0,0,0,1,0,0,1,0,1,0,0,0,0,0,0,0,1
KonIQ-10k IQA Database/512x384/6940202479.jpg,0,0,1,0,0,0,1,0,1,0,0,1,0,0,0,0,1,0,0,0
KonIQ-10k IQA Database/512x384/6942738260.jpg,0,0,1,0,0,0,1,0,1,0,0,1,0,0,0,0,0,0,0,1
KonIQ-10k IQA Database/512x384/6942418274.jpg,0,0,1,0,0,0,1,0,0,1,0,1,0,0,0,0,0,0,0,1
KonIQ-10k IQA Database/512x384/6941715715.jpg,1,0,0,0,0,1,0,0,1,0,0,0,1,0,0,1,0,0,0,0
KonIQ-10k IQA Database/512x384/6942312836.jpg,0,0,0,0,1,1,0,0,1,0,0,0,1,0,1,0,0,0,0,0
KonIQ-10k IQA Database/512x384/6943168420.jpg,0,0,0,0,1,1,0,0,0,1,0,1,0,0,1,0,0,0,1,0
KonIQ-10k IQA Database/512x384/6943468904.jpg,0,0,1,0,0,0,1,0,0,1,0,0,1,0,0,0,1,0,0,0
KonIQ-10k IQA Database/512x384/6945167278.jpg,1,0,0,0,0,1,0,0,1,0,0,1,0,0,1,1,0,0,0,0
KonIQ-10k IQA Database/512x384/6945246052.jpg,0,1,0,0,0,1,0,0,0,1,0,0,1,0,0,0,0,0,0,1
KonIQ-10k IQA Database/512x384/6946044735.jpg,0,0,0,1,0,0,1,0,1,0,0,0,1,0,0,0,1,0,0,0
KonIQ-10k IQA Database/512x384/6945819872.jpg,0,0,1,0,0,1,0,0,0,1,0,0,1,0,0,1,0,0,0,0
KonIQ-10k IQA Database/512x384/6946374385.jpg,0,0,1,0,0,0,1,0,0,0,1,1,0,0,0,0,1,0,0,0
KonIQ-10k IQA Database/512x384/6947720174.jpg,0,1,0,0,0,1,0,0,1,0,0,0,0,1,1,0,0,0,0,0
KonIQ-10k IQA Database/512x384/6947149263.jpg,0,0,0,1,0,0,1,0,0,1,0,1,0,0,0,0,1,0,0,0
KonIQ-10k IQA Database/512x384/6946130339.jpg,1,0,0,0,0,1,0,0,0,1,0,1,0,0,0,1,0,0,0,0
KonIQ-10k IQA Database/512x384/6947747616.jpg,1,0,0,0,0,1,0,0,0,1,0,0,1,0,0,0,0,0,1,0
KonIQ-10k IQA Database/512x384/6949001721.jpg,0,0,1,0,0,0,1,0,0,1,0,1,0,0,0,0,0,0,1,0
KonIQ-10k IQA Database/512x384/6952458517.jpg,0,0,1,0,0,0,1,0,0,1,0,1,0,0,0,0,0,0,0,1
KonIQ-10k IQA Database/512x384/6948272719.jpg,0,0,1,0,0,0,1,0,0,1,0,1,0,0,0,0,1,0,0,0
KonIQ-10k IQA Database/512x384/6952277665.jpg,0,0,1,0,0,0,1,0,0,1,0,1,0,0,0,0,0,0,0,1
KonIQ-10k IQA Database/512x384/6951573031.jpg,0,0,1,0,0,0,1,0,0,0,1,0,1,0,0,0,0,0,0,1
KonIQ-10k IQA Database/512x384/6953798231.jpg,0,0,0,0,1,0,1,0,0,0,1,0,1,0,0,0,1,0,1,0
KonIQ-10k IQA Database/512x384/6954316003.jpg,0,0,1,0,0,0,1,0,0,0,1,1,0,0,0,0,0,0,0,1
KonIQ-10k IQA Database/512x384/69541747.jpg,0,0,1,0,0,0,1,0,0,1,0,1,0,0,0,0,0,0,0,1
KonIQ-10k IQA Database/512x384/6954547933.jpg,0,0,1,0,0,0,1,0,0,1,0,1,0,0,0,0,0,0,0,1
KonIQ-10k IQA Database/512x384/6955151884.jpg,0,0,0,0,1,1,0,0,0,1,0,0,1,0,0,0,1,0,1,0
KonIQ-10k IQA Database/512x384/6956011813.jpg,0,0,1,0,0,0,1,0,0,0,1,1,0,0,0,0,0,0,0,1
KonIQ-10k IQA Database/512x384/6955490571.jpg,0,1,0,0,0,1,0,0,0,1,0,1,0,0,0,0,1,0,1,0
KonIQ-10k IQA Database/512x384/6956670735.jpg,1,0,0,0,0,1,0,0,0,1,0,1,0,0,0,1,0,0,0,0
KonIQ-10k IQA Database/512x384/6957283590.jpg,0,0,0,1,0,0,1,0,0,1,0,1,0,0,0,0,1,0,0,0
KonIQ-10k IQA Database/512x384/6958947570.jpg,0,0,1,0,0,0,1,0,0,1,0,1,0,0,0,0,1,0,0,0
KonIQ-10k IQA Database/512x384/6956736634.jpg,1,0,0,0,0,1,0,0,1,0,0,0,1,0,0,0,0,0,1,0
KonIQ-10k IQA Database/512x384/6957057987.jpg,1,0,0,0,0,1,0,0,1,0,0,1,0,0,0,1,0,0,0,0
KonIQ-10k IQA Database/512x384/6959482720.jpg,0,1,0,0,0,1,0,0,0,1,0,1,0,0,0,0,0,0,0,1
KonIQ-10k IQA Database/512x384/6960806686.jpg,0,0,1,0,0,1,0,0,1,0,0,1,0,0,0,0,0,0,0,1
KonIQ-10k IQA Database/512x384/6961079357.jpg,0,0,0,0,1,1,0,0,0,1,0,0,0,1,1,0,0,0,0,0
KonIQ-10k IQA Database/512x384/6962031247.jpg,0,0,1,0,0,0,1,0,0,1,0,0,1,0,0,0,1,1,0,0
KonIQ-10k IQA Database/512x384/6962529393.jpg,0,0,0,0,1,1,0,0,1,0,0,1,0,0,1,0,0,0,1,0
KonIQ-10k IQA Database/512x384/6961812492.jpg,0,0,0,0,1,1,0,0,1,0,0,0,1,0,1,0,1,0,0,0
KonIQ-10k IQA Database/512x384/6963387147.jpg,0,0,1,0,0,1,0,0,0,1,0,1,0,0,0,0,0,0,0,1
KonIQ-10k IQA Database/512x384/6965249888.jpg,0,0,1,0,0,0,1,0,0,1,0,1,0,0,0,0,0,0,1,0
KonIQ-10k IQA Database/512x384/6963905428.jpg,1,0,0,0,0,1,0,0,1,0,0,1,0,0,0,1,0,0,0,0
KonIQ-10k IQA Database/512x384/6962153786.jpg,1,0,0,0,0,1,0,0,0,1,0,1,0,0,0,1,0,0,0,0
KonIQ-10k IQA Database/512x384/6965585396.jpg,0,0,0,0,1,1,0,0,1,0,0,0,1,0,1,0,0,0,0,0
KonIQ-10k IQA Database/512x384/6966432732.jpg,1,0,0,0,0,1,0,0,1,0,0,0,1,0,0,1,0,0,0,0
KonIQ-10k IQA Database/512x384/6966908551.jpg,1,0,0,0,0,0,1,0,0,0,1,0,1,0,1,0,0,0,0,0
KonIQ-10k IQA Database/512x384/6966361719.jpg,0,0,0,0,1,0,1,0,1,0,0,1,0,0,0,0,0,0,0,1
KonIQ-10k IQA Database/512x384/6966682968.jpg,0,0,0,0,1,0,1,0,0,1,0,1,0,0,1,0,0,0,0,0
KonIQ-10k IQA Database/512x384/6966797840.jpg,0,0,1,0,0,0,1,0,0,1,0,0,1,0,0,0,1,0,0,0
KonIQ-10k IQA Database/512x384/6967934649.jpg,0,0,1,0,0,0,1,0,0,1,0,0,1,0,0,0,1,0,0,0
KonIQ-10k IQA Database/512x384/6967399980.jpg,0,0,0,0,1,1,0,0,1,0,0,0,1,0,1,1,0,0,0,0
KonIQ-10k IQA Database/512x384/6968409021.jpg,0,1,0,0,0,1,0,0,1,0,0,1,0,0,0,1,0,0,0,0
KonIQ-10k IQA Database/512x384/6965747606.jpg,1,0,0,0,0,1,0,0,1,0,0,0,0,1,1,1,0,0,1,0
KonIQ-10k IQA Database/512x384/6970549872.jpg,0,0,1,0,0,0,1,0,0,0,1,0,1,0,0,0,0,0,0,1
KonIQ-10k IQA Database/512x384/6974453710.jpg,0,1,0,0,0,0,1,0,0,0,1,0,1,0,1,0,0,0,0,0
KonIQ-10k IQA Database/512x384/697114350.jpg,0,0,0,1,0,0,1,0,1,0,0,1,0,0,0,1,0,0,0,0
KonIQ-10k IQA Database/512x384/6972495879.jpg,0,0,1,0,0,0,1,0,1,0,0,1,0,0,0,0,0,0,0,1
KonIQ-10k IQA Database/512x384/6974573719.jpg,0,0,1,0,0,0,1,0,0,1,0,1,0,0,0,0,0,0,0,1
KonIQ-10k IQA Database/512x384/6974364233.jpg,0,0,1,0,0,0,1,0,1,0,0,0,1,0,0,0,1,0,0,0
KonIQ-10k IQA Database/512x384/6974976461.jpg,0,0,1,0,0,0,1,0,0,1,0,1,0,0,0,1,0,0,0,0
KonIQ-10k IQA Database/512x384/69754716.jpg,0,1,0,0,0,0,1,0,0,0,1,0,1,0,0,0,0,0,0,1
KonIQ-10k IQA Database/512x384/6974731766.jpg,0,1,0,0,0,0,0,1,0,0,1,0,1,0,1,0,0,0,0,0
KonIQ-10k IQA Database/512x384/6977310046.jpg,0,0,0,0,1,1,0,0,1,0,0,0,0,1,1,0,1,0,0,0
KonIQ-10k IQA Database/512x384/6976768402.jpg,1,0,0,0,0,1,0,0,1,0,0,0,1,0,0,0,1,1,0,0
KonIQ-10k IQA Database/512x384/6976429442.jpg,0,1,0,0,0,0,1,0,1,0,0,0,1,0,0,0,1,0,0,0
KonIQ-10k IQA Database/512x384/6976437867.jpg,0,0,0,0,1,1,0,0,1,0,0,0,1,0,1,0,1,0,0,0
KonIQ-10k IQA Database/512x384/6977554463.jpg,1,0,0,0,0,1,0,0,1,0,0,0,0,1,1,0,0,0,1,0
KonIQ-10k IQA Database/512x384/6977754023.jpg,0,0,1,0,0,0,1,0,1,0,0,1,0,0,0,0,1,0,0,0
KonIQ-10k IQA Database/512x384/6977491270.jpg,0,0,0,0,1,1,0,0,1,0,0,0,1,0,0,1,0,0,0,0
KonIQ-10k IQA Database/512x384/69777540231.jpg,0,0,1,0,0,0,1,0,1,0,0,1,0,0,0,0,1,0,0,0
KonIQ-10k IQA Database/512x384/6978488118.jpg,0,1,0,0,0,1,0,0,1,0,0,1,0,0,0,0,0,0,0,1
KonIQ-10k IQA Database/512x384/6978651748.jpg,0,0,0,0,1,1,0,0,1,0,0,1,0,0,0,0,1,1,0,0
KonIQ-10k IQA Database/512x384/6978738588.jpg,1,0,0,0,0,1,0,0,1,0,0,0,1,0,0,1,0,0,0,0
KonIQ-10k IQA Database/512x384/6979435146.jpg,0,1,0,0,0,1,0,0,1,0,0,0,1,0,0,1,0,0,0,0
KonIQ-10k IQA Database/512x384/6980009998.jpg,0,0,1,0,0,0,1,0,0,1,0,1,0,0,0,0,0,0,0,1
KonIQ-10k IQA Database/512x384/6978598944.jpg,0,0,1,0,0,0,1,0,1,0,0,1,0,0,0,0,0,0,0,1
KonIQ-10k IQA Database/512x384/6979363295.jpg,1,0,0,0,0,1,0,0,1,0,0,0,0,1,1,0,0,0,1,0
KonIQ-10k IQA Database/512x384/6980277214.jpg,0,1,0,0,0,1,0,0,1,0,0,1,0,0,1,0,0,0,0,0
KonIQ-10k IQA Database/512x384/6981062336.jpg,1,0,0,0,0,1,0,0,0,1,0,0,1,0,1,1,0,1,0,0
KonIQ-10k IQA Database/512x384/6983458217.jpg,0,0,0,0,1,0,1,0,0,0,1,1,0,0,0,0,0,0,0,1
KonIQ-10k IQA Database/512x384/6979944704.jpg,0,0,0,0,1,1,0,0,1,0,0,0,1,0,0,1,1,0,0,0
KonIQ-10k IQA Database/512x384/6983491967.jpg,1,0,0,0,0,1,0,0,1,0,0,0,1,0,0,0,1,1,0,0
KonIQ-10k IQA Database/512x384/6985846441.jpg,0,0,1,0,0,0,1,0,0,1,0,1,0,0,0,0,0,0,0,1
KonIQ-10k IQA Database/512x384/6983896045.jpg,0,0,0,0,1,0,1,0,0,1,0,0,1,0,0,1,1,0,0,0
KonIQ-10k IQA Database/512x384/6985836315.jpg,0,0,1,0,0,0,1,0,0,1,0,1,0,0,0,0,1,0,0,0
KonIQ-10k IQA Database/512x384/6986641462.jpg,1,0,0,0,0,1,0,0,1,0,0,1,0,0,0,1,0,0,0,0
KonIQ-10k IQA Database/512x384/6988183211.jpg,0,0,0,1,0,1,0,0,1,0,0,1,0,0,0,0,0,0,1,0
KonIQ-10k IQA Database/512x384/6986935908.jpg,1,0,0,0,0,1,0,0,0,1,0,0,1,0,0,1,0,0,1,0
KonIQ-10k IQA Database/512x384/6989772902.jpg,0,0,1,0,0,0,1,0,0,0,1,1,0,0,0,0,1,0,0,0
KonIQ-10k IQA Database/512x384/6988927721.jpg,0,0,0,0,1,1,0,0,1,0,0,0,1,0,1,1,0,0,0,0
KonIQ-10k IQA Database/512x384/6992326754.jpg,0,0,1,0,0,1,0,0,0,1,0,1,0,0,0,0,0,0,0,1
KonIQ-10k IQA Database/512x384/6993179262.jpg,0,1,0,0,0,1,0,0,1,0,0,0,0,1,1,0,0,0,0,0
KonIQ-10k IQA Database/512x384/6992423707.jpg,1,0,0,0,0,1,0,0,1,0,0,0,1,0,1,0,0,0,0,0
KonIQ-10k IQA Database/512x384/6991133333.jpg,1,0,0,0,0,1,0,0,1,0,0,1,0,0,0,1,0,0,0,0
KonIQ-10k IQA Database/512x384/6993500769.jpg,0,0,1,0,0,0,1,0,0,0,1,0,1,0,0,0,1,0,0,0
KonIQ-10k IQA Database/512x384/6993355605.jpg,0,1,0,0,0,1,0,0,0,1,0,0,1,0,0,0,0,0,1,0
KonIQ-10k IQA Database/512x384/6993655335.jpg,1,0,0,0,0,1,0,0,1,0,0,0,1,0,0,1,0,1,0,0
KonIQ-10k IQA Database/512x384/6993723329.jpg,0,0,1,0,0,0,1,0,1,0,0,1,0,0,0,0,0,0,0,1
KonIQ-10k IQA Database/512x384/6994291070.jpg,0,0,1,0,0,0,1,0,0,1,0,1,0,0,0,0,0,0,0,1
KonIQ-10k IQA Database/512x384/6994871976.jpg,0,0,1,0,0,0,1,0,0,1,0,1,0,0,0,0,0,0,0,1
KonIQ-10k IQA Database/512x384/6994313445.jpg,0,0,0,0,1,1,0,0,1,0,0,1,0,0,0,0,0,0,0,1
KonIQ-10k IQA Database/512x384/6995068299.jpg,1,0,0,0,0,1,0,0,1,0,0,1,0,0,0,1,0,0,0,0
KonIQ-10k IQA Database/512x384/6995599343.jpg,1,0,0,0,0,1,0,0,1,0,0,0,1,0,0,1,0,0,0,0
KonIQ-10k IQA Database/512x384/6996086039.jpg,0,0,1,0,0,0,1,0,0,0,1,1,0,0,0,1,0,0,0,0
KonIQ-10k IQA Database/512x384/6996264658.jpg,0,0,1,0,0,0,1,0,0,1,0,1,0,0,0,0,0,0,0,1
KonIQ-10k IQA Database/512x384/6997268609.jpg,1,0,0,0,0,1,0,0,0,1,0,0,0,1,0,0,0,1,0,0
KonIQ-10k IQA Database/512x384/6996280620.jpg,0,0,0,0,1,0,0,0,0,0,1,0,1,0,0,0,0,1,0,0
KonIQ-10k IQA Database/512x384/6997098854.jpg,0,0,1,0,0,0,1,0,0,0,1,1,0,0,0,0,1,0,0,0
KonIQ-10k IQA Database/512x384/6998687310.jpg,0,0,1,0,0,0,1,0,0,1,0,1,0,0,0,1,0,0,0,0
KonIQ-10k IQA Database/512x384/6998702838.jpg,0,0,1,0,0,1,0,0,0,1,0,1,0,0,0,0,0,0,0,1
KonIQ-10k IQA Database/512x384/7000580898.jpg,0,0,0,0,1,1,0,0,1,0,0,0,1,0,1,0,0,0,0,0
KonIQ-10k IQA Database/512x384/6999906899.jpg,0,0,0,0,1,1,0,0,0,1,0,0,1,0,1,1,0,0,0,0
KonIQ-10k IQA Database/512x384/7001480005.jpg,0,0,1,0,0,0,1,0,0,1,0,0,0,1,0,0,1,0,0,0
KonIQ-10k IQA Database/512x384/7001539761.jpg,0,1,0,0,0,1,0,0,0,1,0,1,0,0,1,0,0,0,0,0
KonIQ-10k IQA Database/512x384/7003816113.jpg,0,0,1,0,0,0,1,0,0,0,1,1,0,0,0,0,0,0,0,1
KonIQ-10k IQA Database/512x384/7002011797.jpg,1,0,0,0,0,1,0,0,1,0,0,1,0,0,0,1,0,0,0,0
KonIQ-10k IQA Database/512x384/7000869677.jpg,0,0,0,0,1,1,0,0,0,1,0,1,0,0,0,0,0,0,1,0
KonIQ-10k IQA Database/512x384/7003526811.jpg,0,0,1,0,0,1,0,0,1,0,0,0,1,0,0,0,0,0,0,1
KonIQ-10k IQA Database/512x384/7001822108.jpg,1,0,0,0,0,1,0,0,0,1,0,1,0,0,0,0,0,1,0,0
KonIQ-10k IQA Database/512x384/7003924615.jpg,0,0,1,0,0,0,1,0,0,0,1,0,1,0,0,0,1,0,0,0
KonIQ-10k IQA Database/512x384/7004025487.jpg,0,0,0,0,1,0,1,0,0,0,1,1,0,0,0,0,0,0,0,1
KonIQ-10k IQA Database/512x384/7004286982.jpg,0,0,0,0,1,1,0,0,1,0,0,0,1,0,1,0,0,0,0,0
KonIQ-10k IQA Database/512x384/7005072091.jpg,0,0,1,0,0,0,1,0,0,1,0,1,0,0,0,0,1,0,0,0
KonIQ-10k IQA Database/512x384/7004557180.jpg,1,0,0,0,0,1,0,0,0,1,0,0,1,0,0,1,0,0,0,0
KonIQ-10k IQA Database/512x384/7004597260.jpg,0,0,0,0,1,1,0,0,1,0,0,0,0,1,0,1,1,0,0,0
KonIQ-10k IQA Database/512x384/7005136305.jpg,0,0,1,0,0,0,0,1,0,1,0,0,1,0,0,0,1,0,0,0
KonIQ-10k IQA Database/512x384/7005672625.jpg,0,0,1,0,0,0,1,0,0,1,0,1,0,0,0,0,1,0,0,0
KonIQ-10k IQA Database/512x384/7005253045.jpg,0,0,0,0,1,1,0,0,0,1,0,1,0,0,0,0,0,0,0,1
KonIQ-10k IQA Database/512x384/7005727843.jpg,0,0,1,0,0,0,1,0,1,0,0,1,0,0,0,1,0,0,0,0
KonIQ-10k IQA Database/512x384/7006026095.jpg,0,0,1,0,0,0,1,0,0,1,0,0,0,1,0,0,1,0,0,0
KonIQ-10k IQA Database/512x384/7005989775.jpg,1,0,0,0,0,1,0,0,0,1,0,1,0,0,0,0,0,0,1,0
KonIQ-10k IQA Database/512x384/7006279642.jpg,0,0,1,0,0,0,1,0,0,1,0,1,0,0,0,0,0,0,0,1
KonIQ-10k IQA Database/512x384/7006191446.jpg,0,0,0,0,1,1,0,0,0,0,1,1,0,0,0,0,0,0,0,1
KonIQ-10k IQA Database/512x384/7005951474.jpg,0,0,0,0,1,1,0,0,1,0,0,1,0,0,1,1,1,0,0,0
KonIQ-10k IQA Database/512x384/7006133071.jpg,0,1,0,0,0,1,0,0,0,1,0,0,0,1,0,1,0,1,0,0
KonIQ-10k IQA Database/512x384/7006866482.jpg,1,0,0,0,0,1,0,0,0,1,0,0,1,0,0,1,0,1,0,0
KonIQ-10k IQA Database/512x384/7011343645.jpg,0,0,1,0,0,0,0,1,1,0,0,0,1,0,0,0,1,0,0,0
KonIQ-10k IQA Database/512x384/701112732.jpg,0,0,0,0,1,1,0,0,1,0,0,0,0,1,1,0,0,0,0,0
KonIQ-10k IQA Database/512x384/7007091368.jpg,1,0,0,0,0,1,0,0,0,1,0,1,0,0,0,1,0,0,0,0
KonIQ-10k IQA Database/512x384/7011511225.jpg,1,0,0,0,0,1,0,0,1,0,0,1,0,0,0,1,0,1,0,0
KonIQ-10k IQA Database/512x384/7013076503.jpg,0,0,0,0,1,1,0,0,1,0,0,0,1,0,1,0,0,0,1,0
KonIQ-10k IQA Database/512x384/7013643069.jpg,0,0,0,0,1,0,1,0,0,0,1,1,0,0,0,0,0,0,0,1
KonIQ-10k IQA Database/512x384/70164643.jpg,0,1,0,0,0,1,0,0,1,0,0,0,1,0,1,0,0,0,0,0
KonIQ-10k IQA Database/512x384/7016006231.jpg,1,0,0,0,0,1,0,0,1,0,0,1,0,0,0,0,0,0,0,1
KonIQ-10k IQA Database/512x384/7019402255.jpg,0,1,0,0,0,1,0,0,1,0,0,0,1,0,0,0,0,0,0,1
KonIQ-10k IQA Database/512x384/7017996705.jpg,0,0,0,0,1,1,0,0,1,0,0,1,0,0,0,0,0,0,1,0
KonIQ-10k IQA Database/512x384/7021793877.jpg,0,0,1,0,0,0,1,0,0,0,1,1,0,0,0,0,1,0,0,0
KonIQ-10k IQA Database/512x384/7019640975.jpg,0,0,0,0,1,1,0,0,1,0,0,0,1,0,0,1,1,0,0,0
KonIQ-10k IQA Database/512x384/7023249423.jpg,0,0,1,0,0,0,1,0,0,1,0,1,0,0,0,0,0,0,0,1
KonIQ-10k IQA Database/512x384/7021084115.jpg,0,1,0,0,0,1,0,0,1,0,0,1,0,0,1,1,0,0,1,0
KonIQ-10k IQA Database/512x384/7023852485.jpg,0,0,1,0,0,0,1,0,0,1,0,1,0,0,0,0,1,0,0,0
KonIQ-10k IQA Database/512x384/7024265149.jpg,0,0,0,0,1,0,1,0,0,0,1,0,1,0,0,0,1,0,0,0
KonIQ-10k IQA Database/512x384/7024308197.jpg,0,0,0,0,1,0,1,0,1,0,0,1,0,0,0,0,0,0,0,1
KonIQ-10k IQA Database/512x384/70272233.jpg,0,0,0,0,1,0,1,0,0,0,1,1,0,0,0,0,0,0,0,1
KonIQ-10k IQA Database/512x384/7024783845.jpg,0,0,0,1,0,0,1,0,0,0,1,1,0,0,0,0,0,0,0,1
KonIQ-10k IQA Database/512x384/7024488001.jpg,0,1,0,0,0,1,0,0,0,1,0,1,0,0,0,1,0,0,0,0
KonIQ-10k IQA Database/512x384/7025630527.jpg,0,0,0,0,1,1,0,0,0,1,0,0,1,0,1,0,0,0,1,0
KonIQ-10k IQA Database/512x384/7029108053.jpg,0,0,1,0,0,0,1,0,0,1,0,0,1,0,0,1,0,0,0,0
KonIQ-10k IQA Database/512x384/7033122257.jpg,1,0,0,0,0,1,0,0,0,1,0,0,0,1,1,0,0,1,0,0
KonIQ-10k IQA Database/512x384/7032481793.jpg,0,0,1,0,0,0,1,0,0,1,0,1,0,0,0,0,1,0,0,0
KonIQ-10k IQA Database/512x384/7033769199.jpg,0,0,0,1,0,0,1,0,1,0,0,0,1,0,0,0,1,0,0,0
KonIQ-10k IQA Database/512x384/7035194341.jpg,1,0,0,0,0,1,0,0,0,1,0,1,0,0,0,0,0,0,1,0
KonIQ-10k IQA Database/512x384/7036262065.jpg,0,0,1,0,0,0,1,0,0,1,0,1,0,0,0,0,0,0,0,1
KonIQ-10k IQA Database/512x384/7038478039.jpg,0,0,1,0,0,0,0,0,0,0,1,1,0,0,0,0,0,0,0,1
KonIQ-10k IQA Database/512x384/7035272289.jpg,0,0,0,0,1,1,0,0,0,1,0,0,1,0,0,1,1,0,0,0
KonIQ-10k IQA Database/512x384/7038768335.jpg,0,1,0,0,0,1,0,0,0,1,0,1,0,0,0,0,0,0,1,0
KonIQ-10k IQA Database/512x384/7041776879.jpg,0,0,1,0,0,0,1,0,0,0,1,1,0,0,0,0,0,0,0,1
KonIQ-10k IQA Database/512x384/7042014185.jpg,1,0,0,0,0,1,0,0,1,0,0,0,1,0,0,0,0,0,1,0
KonIQ-10k IQA Database/512x384/7043681927.jpg,0,0,0,0,1,1,0,0,0,1,0,1,0,0,1,0,1,0,0,0
KonIQ-10k IQA Database/512x384/7043958029.jpg,0,0,1,0,0,0,1,0,0,1,0,1,0,0,0,0,1,0,0,0
KonIQ-10k IQA Database/512x384/7046617755.jpg,0,0,1,0,0,0,1,0,0,0,1,1,0,0,0,0,0,0,0,1
KonIQ-10k IQA Database/512x384/7046586351.jpg,0,0,1,0,0,1,0,0,1,0,0,0,1,0,0,0,1,0,0,0
KonIQ-10k IQA Database/512x384/7046294773.jpg,0,0,1,0,0,0,1,0,0,1,0,1,0,0,0,1,1,0,0,0
KonIQ-10k IQA Database/512x384/7046797651.jpg,0,0,1,0,0,0,1,0,0,1,0,1,0,0,0,0,0,0,0,1
KonIQ-10k IQA Database/512x384/7048841203.jpg,0,1,0,0,0,0,1,0,0,0,1,0,0,1,0,0,0,1,0,0
KonIQ-10k IQA Database/512x384/7047135125.jpg,1,0,0,0,0,1,0,0,1,0,0,0,0,1,0,1,1,0,0,0
KonIQ-10k IQA Database/512x384/7052971473.jpg,0,0,1,0,0,0,1,0,1,0,0,1,0,0,0,0,1,0,0,0
KonIQ-10k IQA Database/512x384/7052391619.jpg,0,0,1,0,0,0,1,0,1,0,0,1,0,0,0,1,1,0,0,0
KonIQ-10k IQA Database/512x384/7054855385.jpg,0,0,1,0,0,0,1,0,0,0,1,1,0,0,0,0,1,0,0,0
KonIQ-10k IQA Database/512x384/7055216867.jpg,0,0,0,0,1,1,0,0,1,0,0,1,0,0,0,1,0,0,0,0
KonIQ-10k IQA Database/512x384/7054584681.jpg,0,1,0,0,0,1,0,0,1,0,0,0,1,0,1,0,0,1,0,0
KonIQ-10k IQA Database/512x384/7051563883.jpg,1,0,0,0,0,1,0,0,0,1,0,0,0,1,1,1,0,0,0,0
KonIQ-10k IQA Database/512x384/7055266351.jpg,1,0,0,0,0,1,0,0,0,1,0,1,0,0,0,1,0,0,0,0
KonIQ-10k IQA Database/512x384/7056790837.jpg,0,0,1,0,0,1,0,0,1,0,0,1,0,0,1,0,0,0,0,0
KonIQ-10k IQA Database/512x384/7057320569.jpg,0,0,0,0,1,1,0,0,0,1,0,1,0,0,0,0,0,0,0,1
KonIQ-10k IQA Database/512x384/7063436849.jpg,0,0,1,0,0,0,1,0,0,1,0,1,0,0,0,0,1,0,0,0
KonIQ-10k IQA Database/512x384/7059458199.jpg,0,0,1,0,0,0,1,0,0,0,1,1,0,0,0,1,0,0,0,0
KonIQ-10k IQA Database/512x384/7063010793.jpg,1,0,0,0,0,1,0,0,0,1,0,1,0,0,0,1,0,0,0,0
KonIQ-10k IQA Database/512x384/7061755895.jpg,1,0,0,0,0,1,0,0,0,1,0,1,0,0,0,1,0,0,0,0
KonIQ-10k IQA Database/512x384/7058304697.jpg,1,0,0,0,0,1,0,0,1,0,0,0,1,0,1,1,0,0,0,0
KonIQ-10k IQA Database/512x384/7064847959.jpg,0,0,0,0,1,0,1,0,0,0,1,1,0,0,0,0,0,0,0,1
KonIQ-10k IQA Database/512x384/706409343.jpg,0,1,0,0,0,1,0,0,1,0,0,0,1,0,0,1,0,0,0,0
KonIQ-10k IQA Database/512x384/7066508685.jpg,0,0,1,0,0,1,0,0,0,1,0,1,0,0,0,1,0,0,0,0
KonIQ-10k IQA Database/512x384/7072303767.jpg,0,0,1,0,0,0,1,0,0,0,1,1,0,0,0,0,0,0,0,1
KonIQ-10k IQA Database/512x384/7071306923.jpg,1,0,0,0,0,1,0,0,0,1,0,0,1,0,0,0,0,1,0,0
KonIQ-10k IQA Database/512x384/7066539033.jpg,0,0,0,0,1,0,1,0,0,1,0,1,0,0,0,0,1,0,0,0
KonIQ-10k IQA Database/512x384/7072533905.jpg,0,0,1,0,0,0,1,0,1,0,0,0,1,0,0,0,1,0,0,0
KonIQ-10k IQA Database/512x384/7076980511.jpg,0,1,0,0,0,1,0,0,1,0,0,1,0,0,1,0,1,0,0,0
KonIQ-10k IQA Database/512x384/7075654171.jpg,1,0,0,0,0,1,0,0,0,1,0,0,1,0,0,1,0,0,1,0
KonIQ-10k IQA Database/512x384/7078293355.jpg,0,0,0,0,1,0,1,0,0,1,0,1,0,0,0,0,0,0,0,1
KonIQ-10k IQA Database/512x384/7077356639.jpg,0,1,0,0,0,1,0,0,0,1,0,1,0,0,0,0,0,0,0,1
KonIQ-10k IQA Database/512x384/7082408177.jpg,0,0,1,0,0,0,1,0,0,1,0,1,0,0,0,0,0,0,0,1
KonIQ-10k IQA Database/512x384/7081444391.jpg,0,0,0,1,0,0,1,0,1,0,0,0,1,0,0,0,1,0,0,0
KonIQ-10k IQA Database/512x384/7084961757.jpg,0,1,0,0,0,1,0,0,0,1,0,0,0,1,1,1,0,0,1,0
KonIQ-10k IQA Database/512x384/7085413157.jpg,0,0,0,1,0,0,1,0,0,1,0,1,0,0,0,0,1,0,0,0
KonIQ-10k IQA Database/512x384/7085959839.jpg,1,0,0,0,0,1,0,0,1,0,0,1,0,0,0,1,0,0,0,0
KonIQ-10k IQA Database/512x384/7087645993.jpg,0,1,0,0,0,1,0,0,0,1,0,0,0,1,1,1,0,0,0,0
KonIQ-10k IQA Database/512x384/7085880797.jpg,0,1,0,0,0,1,0,0,0,1,0,1,0,0,0,0,1,0,0,0
KonIQ-10k IQA Database/512x384/7090447613.jpg,0,0,0,0,1,0,1,0,0,0,1,1,0,0,0,0,0,0,0,1
KonIQ-10k IQA Database/512x384/7089392359.jpg,1,0,0,0,0,1,0,0,1,0,0,0,1,0,0,1,1,0,0,0
KonIQ-10k IQA Database/512x384/7092360919.jpg,0,0,0,1,0,1,0,0,0,1,0,1,0,0,0,0,0,0,0,1
KonIQ-10k IQA Database/512x384/7094182327.jpg,0,0,1,0,0,0,1,0,0,0,1,1,0,0,0,0,1,0,0,0
KonIQ-10k IQA Database/512x384/7092910349.jpg,0,0,1,0,0,0,1,0,0,1,0,1,0,0,0,1,1,0,0,0
KonIQ-10k IQA Database/512x384/7096952113.jpg,0,0,0,0,1,1,0,0,0,1,0,1,0,0,0,1,0,0,0,0
KonIQ-10k IQA Database/512x384/7095677109.jpg,0,0,1,0,0,0,1,0,0,0,1,1,0,0,0,0,1,0,0,0
KonIQ-10k IQA Database/512x384/7096133531.jpg,0,0,1,0,0,0,1,0,0,1,0,1,0,0,0,0,0,0,0,1
KonIQ-10k IQA Database/512x384/71019367.jpg,0,0,0,0,1,0,1,0,0,0,1,1,0,0,0,0,0,0,0,1
KonIQ-10k IQA Database/512x384/7102405013.jpg,0,0,1,0,0,1,0,0,1,0,0,1,0,0,0,0,1,0,0,0
KonIQ-10k IQA Database/512x384/7100857351.jpg,0,0,0,0,1,1,0,0,0,1,0,0,1,0,0,1,1,0,0,0
KonIQ-10k IQA Database/512x384/7102713545.jpg,0,0,1,0,0,0,1,0,0,1,0,0,1,0,0,0,1,0,0,0
KonIQ-10k IQA Database/512x384/7102805935.jpg,0,0,1,0,0,0,1,0,1,0,0,1,0,0,0,0,0,0,1,0
KonIQ-10k IQA Database/512x384/7106381255.jpg,0,0,1,0,0,0,1,0,0,0,1,1,0,0,0,0,1,0,0,0
KonIQ-10k IQA Database/512x384/7105123297.jpg,0,0,1,0,0,0,1,0,0,0,1,1,0,0,0,0,0,0,0,1
KonIQ-10k IQA Database/512x384/7104640807.jpg,1,0,0,0,0,1,0,0,0,1,0,0,1,0,0,1,0,0,0,0
KonIQ-10k IQA Database/512x384/7102475637.jpg,1,0,0,0,0,1,0,0,0,1,0,0,1,0,0,1,0,0,0,0
KonIQ-10k IQA Database/512x384/7107776883.jpg,0,0,0,0,1,0,0,0,0,1,0,1,0,0,0,0,0,0,0,1
KonIQ-10k IQA Database/512x384/7107867443.jpg,1,0,0,0,0,1,0,0,0,0,1,0,0,1,0,0,1,0,0,0
KonIQ-10k IQA Database/512x384/7109803877.jpg,0,0,1,0,0,0,1,0,1,0,0,1,0,0,0,0,1,0,0,0
KonIQ-10k IQA Database/512x384/7109981551.jpg,1,0,0,0,0,1,0,0,1,0,0,1,0,0,0,1,0,0,0,0
KonIQ-10k IQA Database/512x384/7112366827.jpg,0,0,0,1,0,1,0,0,0,1,0,1,0,0,0,0,0,0,0,1
KonIQ-10k IQA Database/512x384/7110105161.jpg,0,0,1,0,0,0,1,0,0,1,0,0,1,0,0,0,1,0,0,0
KonIQ-10k IQA Database/512x384/7111226249.jpg,0,0,0,0,1,1,0,0,0,1,0,1,0,0,0,1,1,0,0,0
KonIQ-10k IQA Database/512x384/7113461019.jpg,0,0,1,0,0,0,1,0,0,1,0,1,0,0,0,0,1,0,0,0
KonIQ-10k IQA Database/512x384/7108939139.jpg,1,0,0,0,0,1,0,0,0,1,0,1,0,0,0,1,0,1,0,0
KonIQ-10k IQA Database/512x384/7113653815.jpg,0,1,0,0,0,1,0,0,1,0,0,0,1,0,1,0,0,0,0,0
KonIQ-10k IQA Database/512x384/7116112855.jpg,0,0,1,0,0,0,1,0,1,0,0,0,1,0,0,0,1,0,0,0
KonIQ-10k IQA Database/512x384/7119041313.jpg,0,0,0,0,1,0,1,0,0,1,0,0,0,1,0,1,1,0,0,0
KonIQ-10k IQA Database/512x384/7123405099.jpg,0,0,0,0,1,1,0,0,0,1,0,1,0,0,0,0,1,0,0,0
KonIQ-10k IQA Database/512x384/7122976485.jpg,0,0,0,0,1,1,0,0,1,0,0,0,1,0,1,1,0,0,1,0
KonIQ-10k IQA Database/512x384/7119860187.jpg,1,0,0,0,0,1,0,0,1,0,0,0,1,0,0,1,0,1,0,0
KonIQ-10k IQA Database/512x384/7124206301.jpg,0,0,1,0,0,0,1,0,0,0,1,0,1,0,0,0,0,0,0,1
KonIQ-10k IQA Database/512x384/7123410119.jpg,1,0,0,0,0,1,0,0,1,0,0,0,0,1,1,1,0,0,0,0
KonIQ-10k IQA Database/512x384/7130276433.jpg,0,0,0,1,0,1,0,0,1,0,0,1,0,0,0,1,1,0,0,0
KonIQ-10k IQA Database/512x384/7125445143.jpg,0,0,0,1,0,1,0,0,0,1,0,1,0,0,0,1,1,0,0,0
KonIQ-10k IQA Database/512x384/7125596297.jpg,1,0,0,0,0,1,0,0,0,1,0,1,0,0,0,1,0,0,0,0
KonIQ-10k IQA Database/512x384/7131884003.jpg,0,0,0,0,1,0,1,0,0,0,1,1,0,0,0,0,0,0,0,1
KonIQ-10k IQA Database/512x384/7131772191.jpg,0,1,0,0,0,1,0,0,1,0,0,0,1,0,1,1,0,0,0,0
KonIQ-10k IQA Database/512x384/7134278631.jpg,0,1,0,0,0,0,1,0,0,0,1,0,1,0,0,0,1,0,0,0
KonIQ-10k IQA Database/512x384/7135099747.jpg,0,1,0,0,0,1,0,0,0,1,0,1,0,0,0,0,0,0,0,1
KonIQ-10k IQA Database/512x384/7132841089.jpg,0,1,0,0,0,1,0,0,1,0,0,0,1,0,0,1,1,0,0,0
KonIQ-10k IQA Database/512x384/7131604965.jpg,1,0,0,0,0,1,0,0,1,0,0,0,1,0,1,1,0,0,0,0
KonIQ-10k IQA Database/512x384/7138669275.jpg,0,0,1,0,0,0,1,0,1,0,0,1,0,0,0,0,0,0,0,1
KonIQ-10k IQA Database/512x384/7141864663.jpg,0,0,0,0,1,1,0,0,0,1,0,0,1,0,0,0,0,0,1,0
KonIQ-10k IQA Database/512x384/7136073057.jpg,0,0,0,0,1,0,1,0,0,0,1,0,1,0,0,0,1,0,0,0
KonIQ-10k IQA Database/512x384/7141084967.jpg,1,0,0,0,0,1,0,0,0,1,0,0,1,0,1,1,1,1,0,0
KonIQ-10k IQA Database/512x384/7143312581.jpg,1,0,0,0,0,1,0,0,1,0,0,0,1,0,0,1,1,0,0,0
KonIQ-10k IQA Database/512x384/7144832397.jpg,0,0,0,0,1,1,0,0,0,1,0,1,0,0,0,0,0,0,0,1
KonIQ-10k IQA Database/512x384/71458295.jpg,0,0,1,0,0,0,1,0,0,1,0,1,0,0,0,0,0,0,0,1
KonIQ-10k IQA Database/512x384/7146833457.jpg,0,0,0,0,1,0,0,0,0,0,1,0,0,1,1,0,0,0,0,0
KonIQ-10k IQA Database/512x384/7148484633.jpg,0,0,0,0,1,1,0,0,1,0,0,0,1,0,1,1,0,0,0,0
KonIQ-10k IQA Database/512x384/7149994451.jpg,0,0,0,0,1,0,0,0,0,0,1,0,0,1,0,0,0,0,0,1
KonIQ-10k IQA Database/512x384/7148644865.jpg,1,0,0,0,0,1,0,0,0,1,0,1,0,0,0,1,0,0,1,0
KonIQ-10k IQA Database/512x384/7154088130.jpg,0,1,0,0,0,1,0,0,1,0,0,1,0,0,0,1,0,0,0,0
KonIQ-10k IQA Database/512x384/7149494135.jpg,0,0,0,0,1,1,0,0,1,0,0,0,1,0,1,0,1,0,0,0
KonIQ-10k IQA Database/512x384/7152554103.jpg,0,0,0,0,1,1,0,0,0,1,0,0,1,0,0,1,1,0,0,0
KonIQ-10k IQA Database/512x384/7155826261.jpg,1,0,0,0,0,1,0,0,1,0,0,0,0,1,0,1,0,0,0,0
KonIQ-10k IQA Database/512x384/7154960969.jpg,1,0,0,0,0,1,0,0,0,1,0,1,0,0,0,1,1,0,0,0
KonIQ-10k IQA Database/512x384/7157345124.jpg,0,0,1,0,0,0,1,0,0,0,1,0,1,0,0,0,0,0,0,1
KonIQ-10k IQA Database/512x384/7158075991.jpg,0,0,0,0,1,0,0,1,0,1,0,1,0,0,1,0,0,0,0,0
KonIQ-10k IQA Database/512x384/7159650647.jpg,0,0,0,0,1,0,0,0,1,0,0,0,0,1,0,0,0,0,0,1
KonIQ-10k IQA Database/512x384/7158901982.jpg,1,0,0,0,0,1,0,0,0,1,0,0,0,1,0,1,0,0,0,0
KonIQ-10k IQA Database/512x384/7161322897.jpg,0,0,1,0,0,0,1,0,0,1,0,1,0,0,0,0,0,0,0,1
KonIQ-10k IQA Database/512x384/7160553409.jpg,0,0,0,0,1,0,1,0,0,1,0,0,1,0,0,1,1,0,0,0
KonIQ-10k IQA Database/512x384/7162678728.jpg,0,0,0,0,1,1,0,0,0,1,0,1,0,0,0,0,0,0,0,1
KonIQ-10k IQA Database/512x384/7162655.jpg,1,0,0,0,0,1,0,0,1,0,0,0,0,1,1,0,1,1,0,0
KonIQ-10k IQA Database/512x384/7163084628.jpg,1,0,0,0,0,1,0,0,0,1,0,1,0,0,0,1,0,0,0,0
KonIQ-10k IQA Database/512x384/7162855925.jpg,0,0,0,0,1,0,1,0,0,0,1,0,0,1,0,0,0,1,0,0
KonIQ-10k IQA Database/512x384/7164723575.jpg,0,0,1,0,0,0,1,0,0,1,0,0,1,0,0,0,1,0,0,0
KonIQ-10k IQA Database/512x384/7165207702.jpg,0,0,1,0,0,0,1,0,1,0,0,1,0,0,0,0,0,0,0,1
KonIQ-10k IQA Database/512x384/7166012405.jpg,0,0,0,0,1,1,0,0,1,0,0,1,0,0,0,1,0,0,0,0
KonIQ-10k IQA Database/512x384/7167005638.jpg,0,0,1,0,0,0,1,0,0,0,1,0,1,0,0,0,1,0,0,0
KonIQ-10k IQA Database/512x384/7163375274.jpg,0,0,0,1,0,0,1,0,1,0,0,0,1,0,0,0,1,0,0,0
KonIQ-10k IQA Database/512x384/7165704390.jpg,0,1,0,0,0,1,0,0,1,0,0,1,0,0,1,0,0,0,0,0
KonIQ-10k IQA Database/512x384/7167513416.jpg,0,0,0,1,0,1,0,0,1,0,0,1,0,0,0,0,0,0,0,1
KonIQ-10k IQA Database/512x384/7167430526.jpg,1,0,0,0,0,1,0,0,1,0,0,1,0,0,0,1,0,0,0,0
KonIQ-10k IQA Database/512x384/7167167089.jpg,0,0,0,0,1,1,0,0,1,0,0,1,0,0,0,1,1,0,0,0
KonIQ-10k IQA Database/512x384/7167671368.jpg,0,0,1,0,0,0,1,0,0,1,0,1,0,0,0,0,0,0,0,1
KonIQ-10k IQA Database/512x384/7167608916.jpg,1,0,0,0,0,1,0,0,1,0,0,0,1,0,0,1,0,0,0,0
KonIQ-10k IQA Database/512x384/7168526408.jpg,0,1,0,0,0,0,0,1,0,0,1,1,0,0,0,1,0,0,0,0
KonIQ-10k IQA Database/512x384/7168884193.jpg,0,0,0,0,1,1,0,0,0,1,0,0,1,0,1,0,0,0,0,0
KonIQ-10k IQA Database/512x384/7169239087.jpg,0,0,1,0,0,0,1,0,1,0,0,0,1,0,0,0,1,0,0,0
KonIQ-10k IQA Database/512x384/7170927811.jpg,0,0,0,0,1,1,0,0,1,0,0,0,1,0,0,0,0,0,0,1
KonIQ-10k IQA Database/512x384/7169475537.jpg,0,0,1,0,0,0,1,0,1,0,0,0,1,0,0,0,1,0,0,0
KonIQ-10k IQA Database/512x384/7171867098.jpg,0,0,1,0,0,0,1,0,1,0,0,1,0,0,0,0,0,0,0,1
KonIQ-10k IQA Database/512x384/7169652147.jpg,1,0,0,0,0,1,0,0,0,1,0,0,1,0,1,1,0,0,0,0
KonIQ-10k IQA Database/512x384/7172324016.jpg,1,0,0,0,0,1,0,0,1,0,0,1,0,0,0,1,0,0,0,0
KonIQ-10k IQA Database/512x384/7172192793.jpg,0,0,1,0,0,1,0,0,0,1,0,0,1,0,0,0,0,0,0,1
KonIQ-10k IQA Database/512x384/7173197243.jpg,0,0,0,0,1,1,0,0,1,0,0,0,0,1,0,0,1,0,0,0
KonIQ-10k IQA Database/512x384/7173633933.jpg,0,0,1,0,0,0,1,0,0,0,1,1,0,0,0,0,1,0,0,0
KonIQ-10k IQA Database/512x384/7175697564.jpg,0,0,0,0,1,1,0,0,0,1,0,0,1,0,0,0,0,0,0,1
KonIQ-10k IQA Database/512x384/7173122782.jpg,1,0,0,0,0,1,0,0,0,1,0,0,0,1,0,0,0,0,1,0
KonIQ-10k IQA Database/512x384/7175721471.jpg,0,0,1,0,0,0,1,0,0,1,0,0,1,0,0,0,1,0,0,0
KonIQ-10k IQA Database/512x384/7177947646.jpg,0,0,0,0,1,1,0,0,0,1,0,0,1,0,0,1,0,0,0,0
KonIQ-10k IQA Database/512x384/7176672187.jpg,1,0,0,0,0,1,0,0,0,1,0,0,1,0,1,0,1,1,0,0
KonIQ-10k IQA Database/512x384/71775760.jpg,0,0,1,0,0,0,1,0,0,0,1,1,0,0,0,0,0,0,0,1
KonIQ-10k IQA Database/512x384/7178199774.jpg,1,0,0,0,0,1,0,0,1,0,0,1,0,0,1,1,0,0,0,0
KonIQ-10k IQA Database/512x384/7179150708.jpg,0,0,0,0,1,1,0,0,1,0,0,0,0,1,1,0,0,0,1,0
KonIQ-10k IQA Database/512x384/7179446780.jpg,0,0,0,0,1,1,0,0,1,0,0,0,0,1,1,0,0,0,0,0
KonIQ-10k IQA Database/512x384/71779476461.jpg,0,0,0,0,1,1,0,0,1,0,0,0,1,0,0,1,0,0,0,0
KonIQ-10k IQA Database/512x384/7179426262.jpg,0,0,0,0,1,1,0,0,1,0,0,0,0,1,1,0,0,0,0,0
KonIQ-10k IQA Database/512x384/7178723916.jpg,1,0,0,0,0,1,0,0,0,0,1,0,0,1,0,0,0,1,0,0
KonIQ-10k IQA Database/512x384/7180497616.jpg,0,0,0,0,1,1,0,0,1,0,0,1,0,0,0,0,0,1,0,0
KonIQ-10k IQA Database/512x384/7181156093.jpg,0,0,0,0,1,0,1,0,0,0,1,0,1,0,1,0,0,0,0,0
KonIQ-10k IQA Database/512x384/7181400642.jpg,0,0,0,1,0,1,0,0,1,0,0,1,0,0,0,0,0,0,1,0
KonIQ-10k IQA Database/512x384/7185825441.jpg,0,0,1,0,0,0,1,0,0,1,0,1,0,0,0,0,0,0,0,1
KonIQ-10k IQA Database/512x384/7186435015.jpg,0,0,1,0,0,0,1,0,0,1,0,1,0,0,0,0,0,0,0,1
KonIQ-10k IQA Database/512x384/7183220075.jpg,0,0,0,0,1,1,0,0,1,0,0,0,1,0,0,1,0,0,0,0
KonIQ-10k IQA Database/512x384/7188136873.jpg,0,0,1,0,0,0,1,0,0,1,0,0,1,0,0,0,0,1,0,0
KonIQ-10k IQA Database/512x384/7186783534.jpg,1,0,0,0,0,1,0,0,0,1,0,1,0,0,0,1,0,0,0,0
KonIQ-10k IQA Database/512x384/7182538268.jpg,1,0,0,0,0,1,0,0,1,0,0,0,1,0,1,1,0,0,0,0
KonIQ-10k IQA Database/512x384/7188151253.jpg,0,0,0,0,1,0,1,0,0,0,1,0,1,0,0,0,0,1,0,0
KonIQ-10k IQA Database/512x384/7188153176.jpg,0,0,1,0,0,0,1,0,0,1,0,1,0,0,0,0,0,0,0,1
KonIQ-10k IQA Database/512x384/7188178353.jpg,0,0,1,0,0,0,1,0,1,0,0,0,1,0,0,0,1,0,0,0
KonIQ-10k IQA Database/512x384/7189997672.jpg,1,0,0,0,0,1,0,0,1,0,0,1,0,0,0,1,0,0,0,0
KonIQ-10k IQA Database/512x384/7189498789.jpg,0,1,0,0,0,0,1,0,0,0,1,0,1,0,0,1,0,0,0,0
KonIQ-10k IQA Database/512x384/7192501662.jpg,0,0,1,0,0,0,1,0,0,1,0,0,1,0,0,0,1,0,0,0
KonIQ-10k IQA Database/512x384/7189264298.jpg,1,0,0,0,0,1,0,0,0,1,0,1,0,0,0,1,0,0,0,0
KonIQ-10k IQA Database/512x384/7192279956.jpg,0,0,1,0,0,0,1,0,0,1,0,1,0,0,0,0,1,0,0,0
KonIQ-10k IQA Database/512x384/7191194360.jpg,1,0,0,0,0,1,0,0,0,1,0,1,0,0,0,1,0,0,0,0
KonIQ-10k IQA Database/512x384/7192785398.jpg,0,0,1,0,0,0,1,0,1,0,0,1,0,0,0,0,0,0,0,1
KonIQ-10k IQA Database/512x384/7194253160.jpg,0,1,0,0,0,1,0,0,1,0,0,0,1,0,0,1,1,0,0,0
KonIQ-10k IQA Database/512x384/7194624166.jpg,0,0,0,0,1,0,0,0,0,1,0,1,0,0,0,0,0,0,0,1
KonIQ-10k IQA Database/512x384/7196174704.jpg,0,0,0,0,1,0,1,0,0,1,0,0,0,1,0,1,1,0,0,0
KonIQ-10k IQA Database/512x384/7202661434.jpg,0,0,1,0,0,0,1,0,0,1,0,1,0,0,0,0,0,0,0,1
KonIQ-10k IQA Database/512x384/7194820358.jpg,1,0,0,0,0,1,0,0,1,0,0,1,0,0,1,1,0,0,0,0
KonIQ-10k IQA Database/512x384/7196416584.jpg,1,0,0,0,0,1,0,0,1,0,0,0,0,1,0,1,0,0,0,0
KonIQ-10k IQA Database/512x384/7203007382.jpg,0,0,0,0,1,0,1,0,0,1,0,1,0,0,0,0,0,1,0,0
KonIQ-10k IQA Database/512x384/7202630536.jpg,0,0,1,0,0,0,1,0,0,1,0,1,0,0,0,0,1,0,0,0
KonIQ-10k IQA Database/512x384/7200434768.jpg,0,1,0,0,0,1,0,0,0,1,0,1,0,0,1,0,0,0,0,0
KonIQ-10k IQA Database/512x384/7203865570.jpg,0,0,1,0,0,0,1,0,1,0,0,1,0,0,0,0,1,0,0,0
KonIQ-10k IQA Database/512x384/7212441932.jpg,0,0,0,0,1,0,1,0,0,1,0,0,1,0,0,0,1,0,0,0
KonIQ-10k IQA Database/512x384/7213266604.jpg,0,0,1,0,0,0,1,0,1,0,0,1,0,0,0,0,0,0,0,1
KonIQ-10k IQA Database/512x384/7203013446.jpg,0,0,0,0,1,0,1,0,0,0,1,1,0,0,0,1,0,0,0,0
KonIQ-10k IQA Database/512x384/7214440922.jpg,0,1,0,0,0,1,0,0,1,0,0,1,0,0,1,0,0,0,0,0
KonIQ-10k IQA Database/512x384/7214387770.jpg,1,0,0,0,0,1,0,0,1,0,0,0,1,0,1,1,0,0,1,0
KonIQ-10k IQA Database/512x384/7214629206.jpg,0,0,1,0,0,0,1,0,0,1,0,1,0,0,0,0,1,0,0,0
KonIQ-10k IQA Database/512x384/72146424601.jpg,0,0,0,0,1,1,0,0,1,0,0,0,1,0,1,1,1,0,0,0
KonIQ-10k IQA Database/512x384/7214642460.jpg,0,0,0,0,1,1,0,0,1,0,0,0,1,0,1,1,1,0,0,0
KonIQ-10k IQA Database/512x384/7219295732.jpg,1,0,0,0,0,1,0,0,0,1,0,1,0,0,0,0,0,1,0,0
KonIQ-10k IQA Database/512x384/7215678842.jpg,1,0,0,0,0,1,0,0,1,0,0,0,0,1,1,0,0,0,1,0
KonIQ-10k IQA Database/512x384/7219282312.jpg,1,0,0,0,0,1,0,0,0,0,1,0,0,1,1,1,0,1,0,0
KonIQ-10k IQA Database/512x384/7217797182.jpg,0,0,1,0,0,0,1,0,0,1,0,1,0,0,0,0,0,0,0,1
KonIQ-10k IQA Database/512x384/7222733996.jpg,0,0,1,0,0,0,1,0,1,0,0,1,0,0,0,0,0,0,0,1
KonIQ-10k IQA Database/512x384/7222616846.jpg,1,0,0,0,0,1,0,0,0,1,0,0,0,1,0,1,0,0,0,0
KonIQ-10k IQA Database/512x384/7225479532.jpg,0,0,0,0,1,0,0,0,1,0,0,1,0,0,0,1,0,0,0,0
KonIQ-10k IQA Database/512x384/7223815722.jpg,0,0,1,0,0,0,1,0,1,0,0,0,0,1,0,0,1,0,0,0
KonIQ-10k IQA Database/512x384/7229767436.jpg,0,0,0,0,1,1,0,0,0,1,0,1,0,0,1,0,1,0,0,0
KonIQ-10k IQA Database/512x384/7228274052.jpg,0,0,1,0,0,0,1,0,1,0,0,1,0,0,0,0,0,0,0,1
KonIQ-10k IQA Database/512x384/7224064916.jpg,0,0,0,0,1,1,0,0,1,0,0,0,1,0,0,1,0,0,0,0
KonIQ-10k IQA Database/512x384/7230853930.jpg,1,0,0,0,0,1,0,0,1,0,0,0,1,0,0,1,0,1,0,0
KonIQ-10k IQA Database/512x384/7232368208.jpg,1,0,0,0,0,1,0,0,0,1,0,1,0,0,0,1,0,0,0,0
KonIQ-10k IQA Database/512x384/7233783308.jpg,0,0,0,0,1,1,0,0,1,0,0,1,0,0,0,1,0,0,0,0
KonIQ-10k IQA Database/512x384/7238368946.jpg,0,1,0,0,0,1,0,0,1,0,0,1,0,0,0,0,0,0,0,1
KonIQ-10k IQA Database/512x384/7238585598.jpg,1,0,0,0,0,1,0,0,0,1,0,0,1,0,0,0,0,1,0,0
KonIQ-10k IQA Database/512x384/7236084356.jpg,0,0,0,0,1,1,0,0,1,0,0,1,0,0,1,0,0,0,0,0
KonIQ-10k IQA Database/512x384/7232875546.jpg,1,0,0,0,0,1,0,0,0,1,0,0,1,0,1,1,0,0,0,0
KonIQ-10k IQA Database/512x384/7238696504.jpg,0,0,0,0,1,1,0,0,0,1,0,1,0,0,0,0,1,1,0,0
KonIQ-10k IQA Database/512x384/7242888546.jpg,0,0,0,0,1,1,0,0,1,0,0,1,0,0,0,1,0,0,0,0
KonIQ-10k IQA Database/512x384/7247521810.jpg,0,0,1,0,0,0,1,0,0,0,1,1,0,0,0,0,0,1,0,0
KonIQ-10k IQA Database/512x384/7241141390.jpg,0,0,1,0,0,0,1,0,1,0,0,1,0,0,0,0,0,0,0,1
KonIQ-10k IQA Database/512x384/7250719968.jpg,0,0,0,1,0,0,1,0,1,0,0,1,0,0,0,0,1,0,0,0
KonIQ-10k IQA Database/512x384/7238571992.jpg,0,0,0,0,1,1,0,0,1,0,0,0,1,0,0,1,1,0,0,0
KonIQ-10k IQA Database/512x384/7240407408.jpg,1,0,0,0,0,1,0,0,0,1,0,0,1,0,0,1,0,0,0,0
KonIQ-10k IQA Database/512x384/7249502132.jpg,1,0,0,0,0,1,0,0,1,0,0,0,0,1,1,0,0,1,1,0
KonIQ-10k IQA Database/512x384/7250885308.jpg,0,1,0,0,0,1,0,0,0,1,0,1,0,0,0,0,0,0,0,1
KonIQ-10k IQA Database/512x384/7253262358.jpg,0,0,1,0,0,0,1,0,0,0,1,0,1,0,0,0,1,0,0,0
KonIQ-10k IQA Database/512x384/7252678814.jpg,1,0,0,0,0,1,0,0,0,1,0,1,0,0,0,1,0,0,0,0
KonIQ-10k IQA Database/512x384/7253127574.jpg,0,0,1,0,0,0,1,0,0,0,1,1,0,0,0,0,0,0,0,1
KonIQ-10k IQA Database/512x384/7255289130.jpg,0,1,0,0,0,1,0,0,0,1,0,0,1,0,0,0,0,0,0,1
KonIQ-10k IQA Database/512x384/7253541416.jpg,0,0,0,0,1,1,0,0,1,0,0,0,1,0,0,1,1,0,0,0
KonIQ-10k IQA Database/512x384/7255559908.jpg,0,0,0,0,1,0,1,0,1,0,0,1,0,0,0,0,0,0,0,1
KonIQ-10k IQA Database/512x384/7259325322.jpg,0,0,1,0,0,1,0,0,0,1,0,1,0,0,0,0,0,0,0,1
KonIQ-10k IQA Database/512x384/7260057636.jpg,0,0,1,0,0,0,1,0,0,1,0,1,0,0,0,1,0,0,0,0
KonIQ-10k IQA Database/512x384/7259290306.jpg,1,0,0,0,0,1,0,0,0,1,0,0,1,0,0,1,0,0,0,0
KonIQ-10k IQA Database/512x384/7259699596.jpg,0,0,1,0,0,0,1,0,0,1,0,1,0,0,0,0,1,0,0,0
KonIQ-10k IQA Database/512x384/7259602320.jpg,0,0,0,0,1,1,0,0,1,0,0,1,0,0,1,0,0,0,0,0
KonIQ-10k IQA Database/512x384/7260489840.jpg,0,1,0,0,0,1,0,0,1,0,0,0,1,0,0,0,0,1,0,0
KonIQ-10k IQA Database/512x384/7260432838.jpg,0,0,1,0,0,0,1,0,1,0,0,1,0,0,0,0,0,0,0,1
KonIQ-10k IQA Database/512x384/7262794678.jpg,0,0,0,0,1,1,0,0,1,0,0,0,1,0,1,0,0,0,0,0
KonIQ-10k IQA Database/512x384/7264008364.jpg,0,0,0,0,1,0,1,0,1,0,0,1,0,0,0,0,0,0,0,1
KonIQ-10k IQA Database/512x384/7264923790.jpg,0,0,0,0,1,1,0,0,1,0,0,1,0,0,0,1,0,0,0,0
KonIQ-10k IQA Database/512x384/7264968696.jpg,0,0,1,0,0,0,1,0,1,0,0,1,0,0,0,0,0,0,0,1
KonIQ-10k IQA Database/512x384/7262954956.jpg,0,1,0,0,0,1,0,0,0,1,0,0,0,1,1,0,0,0,0,0
KonIQ-10k IQA Database/512x384/7266979612.jpg,1,0,0,0,0,1,0,0,1,0,0,1,0,0,0,1,0,0,0,0
KonIQ-10k IQA Database/512x384/7263783306.jpg,0,0,1,0,0,0,1,0,0,0,1,0,1,0,0,0,0,0,0,1
KonIQ-10k IQA Database/512x384/7265792384.jpg,0,1,0,0,0,1,0,0,1,0,0,0,1,0,0,0,1,0,0,0
KonIQ-10k IQA Database/512x384/7267070590.jpg,1,0,0,0,0,1,0,0,1,0,0,1,0,0,0,1,0,0,0,0
KonIQ-10k IQA Database/512x384/7265767786.jpg,0,0,1,0,0,0,1,0,0,1,0,1,0,0,0,0,0,0,0,1
KonIQ-10k IQA Database/512x384/7267396470.jpg,0,0,0,0,1,1,0,0,1,0,0,0,0,1,1,0,0,0,0,0
KonIQ-10k IQA Database/512x384/7268649826.jpg,0,0,1,0,0,0,1,0,0,1,0,1,0,0,0,0,0,0,0,1
KonIQ-10k IQA Database/512x384/7268981578.jpg,0,0,0,0,1,1,0,0,0,1,0,1,0,0,0,1,0,0,0,0
KonIQ-10k IQA Database/512x384/7269352924.jpg,0,0,0,0,1,1,0,0,0,1,0,0,1,0,0,0,1,0,0,0
KonIQ-10k IQA Database/512x384/7270304334.jpg,0,0,1,0,0,0,1,0,0,0,1,1,0,0,0,0,1,0,0,0
KonIQ-10k IQA Database/512x384/7269365920.jpg,1,0,0,0,0,1,0,0,1,0,0,0,0,1,1,0,0,1,0,0
KonIQ-10k IQA Database/512x384/7271105620.jpg,0,0,0,0,1,1,0,0,1,0,0,1,0,0,0,0,1,0,0,0
KonIQ-10k IQA Database/512x384/7272599674.jpg,0,0,1,0,0,0,1,0,0,1,0,0,1,0,0,0,1,0,0,0
KonIQ-10k IQA Database/512x384/7276071932.jpg,0,0,1,0,0,0,1,0,1,0,0,1,0,0,0,0,0,0,0,1
KonIQ-10k IQA Database/512x384/7272392080.jpg,0,0,0,0,1,1,0,0,0,1,0,1,0,0,0,1,0,0,0,0
KonIQ-10k IQA Database/512x384/7270896820.jpg,1,0,0,0,0,1,0,0,1,0,0,0,1,0,0,1,1,0,0,0
KonIQ-10k IQA Database/512x384/7275267386.jpg,0,0,0,0,1,0,1,0,0,0,1,0,1,0,0,0,0,1,0,0
KonIQ-10k IQA Database/512x384/7276321940.jpg,0,0,0,0,1,0,1,0,0,0,1,0,1,0,0,1,0,0,0,0
KonIQ-10k IQA Database/512x384/7270764894.jpg,0,0,0,0,1,1,0,0,1,0,0,0,1,0,0,1,0,0,0,0
KonIQ-10k IQA Database/512x384/7277660018.jpg,0,0,0,0,1,1,0,0,0,1,0,0,0,1,1,0,0,0,0,0
KonIQ-10k IQA Database/512x384/7280314854.jpg,0,0,1,0,0,1,0,0,1,0,0,1,0,0,0,0,0,0,0,1
KonIQ-10k IQA Database/512x384/7276523780.jpg,0,0,0,1,0,0,1,0,1,0,0,0,1,0,0,0,1,0,0,0
KonIQ-10k IQA Database/512x384/7281146720.jpg,0,0,1,0,0,0,1,0,1,0,0,1,0,0,0,0,0,0,0,1
KonIQ-10k IQA Database/512x384/7276446104.jpg,0,1,0,0,0,1,0,0,1,0,0,1,0,0,0,1,0,0,0,0
KonIQ-10k IQA Database/512x384/7285012394.jpg,0,0,1,0,0,0,1,0,0,1,0,1,0,0,0,1,0,0,0,0
KonIQ-10k IQA Database/512x384/7283094026.jpg,1,0,0,0,0,1,0,0,1,0,0,0,0,1,1,0,0,1,1,0
KonIQ-10k IQA Database/512x384/7280808920.jpg,1,0,0,0,0,1,0,0,1,0,0,1,0,0,1,1,0,0,0,0
KonIQ-10k IQA Database/512x384/7286003056.jpg,0,1,0,0,0,1,0,0,1,0,0,0,1,0,1,0,0,0,0,0
KonIQ-10k IQA Database/512x384/7287141628.jpg,0,0,1,0,0,0,1,0,0,1,0,1,0,0,0,1,0,0,0,0
KonIQ-10k IQA Database/512x384/7287423330.jpg,0,0,0,0,1,1,0,0,1,0,0,0,1,0,0,0,0,1,1,0
KonIQ-10k IQA Database/512x384/7288524676.jpg,0,1,0,0,0,1,0,0,1,0,0,0,1,0,1,0,0,0,1,0
KonIQ-10k IQA Database/512x384/7288043746.jpg,0,0,1,0,0,1,0,0,0,1,0,1,0,0,0,0,0,0,0,1
KonIQ-10k IQA Database/512x384/7289957138.jpg,0,0,0,0,1,1,0,0,0,1,0,0,1,0,0,0,0,1,0,0
KonIQ-10k IQA Database/512x384/7291000146.jpg,0,0,0,0,1,1,0,0,1,0,0,1,0,0,1,0,0,0,0,0
KonIQ-10k IQA Database/512x384/7292757116.jpg,0,0,1,0,0,1,0,0,1,0,0,1,0,0,0,0,1,0,0,0
KonIQ-10k IQA Database/512x384/7292878318.jpg,0,0,0,0,1,1,0,0,1,0,0,1,0,0,0,0,1,0,0,0
KonIQ-10k IQA Database/512x384/7295291032.jpg,0,0,0,0,1,1,0,0,1,0,0,0,1,0,1,0,0,0,0,0
KonIQ-10k IQA Database/512x384/7297259404.jpg,0,0,0,0,1,0,1,0,1,0,0,1,0,0,0,0,0,0,0,1
KonIQ-10k IQA Database/512x384/7297786732.jpg,1,0,0,0,0,1,0,0,1,0,0,1,0,0,0,1,0,0,0,0
KonIQ-10k IQA Database/512x384/7296337218.jpg,0,1,0,0,0,1,0,0,1,0,0,0,1,0,0,0,1,0,0,0
KonIQ-10k IQA Database/512x384/7300513490.jpg,0,0,1,0,0,0,1,0,0,1,0,1,0,0,0,0,0,0,0,1
KonIQ-10k IQA Database/512x384/7300766830.jpg,0,0,0,1,0,1,0,0,1,0,0,1,0,0,0,0,0,0,0,1
KonIQ-10k IQA Database/512x384/7303073674.jpg,0,0,1,0,0,0,1,0,1,0,0,1,0,0,0,0,0,0,0,1
KonIQ-10k IQA Database/512x384/7301944302.jpg,0,0,0,0,1,0,1,0,0,1,0,1,0,0,0,0,0,0,0,1
KonIQ-10k IQA Database/512x384/7295363820.jpg,1,0,0,0,0,1,0,0,1,0,0,0,0,1,1,1,0,1,0,0
KonIQ-10k IQA Database/512x384/7303973886.jpg,0,1,0,0,0,1,0,0,1,0,0,1,0,0,1,0,0,0,0,0
KonIQ-10k IQA Database/512x384/7304709380.jpg,0,0,0,0,1,1,0,0,0,1,0,1,0,0,1,0,0,0,0,0
KonIQ-10k IQA Database/512x384/7312752876.jpg,0,0,1,0,0,0,1,0,0,1,0,1,0,0,0,0,0,0,0,1
KonIQ-10k IQA Database/512x384/7305940242.jpg,0,0,1,0,0,0,1,0,1,0,0,1,0,0,0,0,0,0,0,1
KonIQ-10k IQA Database/512x384/7312266068.jpg,0,0,1,0,0,0,1,0,0,1,0,1,0,0,0,0,1,0,0,0
KonIQ-10k IQA Database/512x384/7310636810.jpg,0,0,0,0,1,0,0,0,0,1,0,1,0,0,0,1,0,0,0,0
KonIQ-10k IQA Database/512x384/7316218852.jpg,0,0,1,0,0,0,1,0,0,1,0,1,0,0,0,0,0,0,0,1
KonIQ-10k IQA Database/512x384/7316593310.jpg,0,0,0,0,1,1,0,0,1,0,0,0,1,0,1,1,0,0,0,0
KonIQ-10k IQA Database/512x384/7316816362.jpg,0,0,1,0,0,0,0,0,0,1,0,1,0,0,0,0,0,0,0,1
KonIQ-10k IQA Database/512x384/7316131560.jpg,0,0,0,0,1,1,0,0,1,0,0,0,1,0,1,0,1,1,0,0
KonIQ-10k IQA Database/512x384/7319806894.jpg,0,0,0,0,1,0,0,0,0,1,0,1,0,0,0,0,0,0,0,1
KonIQ-10k IQA Database/512x384/7318578602.jpg,1,0,0,0,0,1,0,0,0,1,0,0,1,0,0,1,1,0,0,0
KonIQ-10k IQA Database/512x384/7317766722.jpg,0,0,1,0,0,0,1,0,1,0,0,1,0,0,0,0,1,0,0,0
KonIQ-10k IQA Database/512x384/7321293264.jpg,1,0,0,0,0,1,0,0,1,0,0,1,0,0,0,1,0,0,0,0
KonIQ-10k IQA Database/512x384/7319984198.jpg,1,0,0,0,0,1,0,0,1,0,0,1,0,0,0,1,0,0,0,0
KonIQ-10k IQA Database/512x384/7322656062.jpg,0,1,0,0,0,1,0,0,0,1,0,1,0,0,0,1,0,0,0,0
KonIQ-10k IQA Database/512x384/7319912164.jpg,0,1,0,0,0,1,0,0,0,1,0,0,1,0,0,1,0,0,0,0
KonIQ-10k IQA Database/512x384/7323620090.jpg,0,0,1,0,0,0,1,0,1,0,0,1,0,0,0,0,1,0,0,0
KonIQ-10k IQA Database/512x384/7325916584.jpg,1,0,0,0,0,1,0,0,1,0,0,0,1,0,1,1,0,0,0,0
KonIQ-10k IQA Database/512x384/7328195954.jpg,1,0,0,0,0,1,0,0,1,0,0,1,0,0,0,0,0,0,1,0
KonIQ-10k IQA Database/512x384/7331539774.jpg,0,0,0,0,1,0,0,0,1,0,0,1,0,0,0,0,0,0,0,1
KonIQ-10k IQA Database/512x384/7328979392.jpg,1,0,0,0,0,1,0,0,1,0,0,0,1,0,0,1,0,0,0,0
KonIQ-10k IQA Database/512x384/7329465526.jpg,0,0,0,0,1,1,0,0,0,1,0,1,0,0,1,0,0,0,0,0
KonIQ-10k IQA Database/512x384/7334526272.jpg,0,0,1,0,0,0,1,0,0,1,0,1,0,0,0,0,1,0,0,0
KonIQ-10k IQA Database/512x384/7331542456.jpg,0,0,0,0,1,0,0,0,1,0,0,1,0,0,0,0,0,0,0,1
KonIQ-10k IQA Database/512x384/7334314036.jpg,1,0,0,0,0,1,0,0,1,0,0,1,0,0,0,1,0,0,0,0
KonIQ-10k IQA Database/512x384/7339049388.jpg,0,0,1,0,0,0,1,0,0,1,0,1,0,0,0,0,0,0,0,1
KonIQ-10k IQA Database/512x384/7339222496.jpg,1,0,0,0,0,1,0,0,1,0,0,1,0,0,1,1,1,1,1,0
KonIQ-10k IQA Database/512x384/7337709978.jpg,1,0,0,0,0,1,0,0,1,0,0,0,1,0,1,1,0,0,1,0
KonIQ-10k IQA Database/512x384/7339227510.jpg,0,0,1,0,0,0,1,0,0,1,0,1,0,0,0,0,0,0,0,1
KonIQ-10k IQA Database/512x384/7337936636.jpg,0,0,0,0,1,1,0,0,1,0,0,1,0,0,0,1,0,0,0,0
KonIQ-10k IQA Database/512x384/7340239088.jpg,0,0,1,0,0,0,1,0,0,1,0,1,0,0,0,0,1,0,0,0
KonIQ-10k IQA Database/512x384/7339736582.jpg,0,0,0,0,1,0,0,1,0,1,0,1,0,0,0,0,0,0,0,1
KonIQ-10k IQA Database/512x384/7342857520.jpg,1,0,0,0,0,1,0,0,0,1,0,0,1,0,0,0,0,1,0,0
KonIQ-10k IQA Database/512x384/7344897910.jpg,0,0,0,0,1,0,0,0,1,0,0,0,0,1,0,0,0,0,0,1
KonIQ-10k IQA Database/512x384/7348931184.jpg,0,0,1,0,0,0,1,0,0,0,1,1,0,0,0,0,0,0,0,1
KonIQ-10k IQA Database/512x384/7348582056.jpg,0,0,0,0,1,0,0,0,1,0,0,1,0,0,0,0,0,0,0,1
KonIQ-10k IQA Database/512x384/735046558.jpg,0,0,0,0,1,1,0,0,1,0,0,0,0,1,0,0,1,1,0,0
KonIQ-10k IQA Database/512x384/7349520418.jpg,0,1,0,0,0,1,0,0,1,0,0,0,1,0,1,0,0,0,0,0
KonIQ-10k IQA Database/512x384/7351425672.jpg,1,0,0,0,0,1,0,0,1,0,0,0,0,1,1,0,0,1,1,0
KonIQ-10k IQA Database/512x384/735182403.jpg,1,0,0,0,0,1,0,0,1,0,0,1,0,0,0,1,0,0,0,0
KonIQ-10k IQA Database/512x384/7354160932.jpg,0,1,0,0,0,1,0,0,0,1,0,0,1,0,0,1,0,0,0,0
KonIQ-10k IQA Database/512x384/7352368166.jpg,0,0,1,0,0,0,1,0,1,0,0,1,0,0,0,1,0,0,0,0
KonIQ-10k IQA Database/512x384/73558937.jpg,0,1,0,0,0,1,0,0,0,1,0,0,0,1,1,0,0,0,0,0
KonIQ-10k IQA Database/512x384/7355960902.jpg,0,0,0,0,1,0,0,0,0,1,0,1,0,0,0,0,0,0,0,1
KonIQ-10k IQA Database/512x384/7355344734.jpg,0,0,0,0,1,1,0,0,1,0,0,0,1,0,1,0,0,0,0,0
KonIQ-10k IQA Database/512x384/7355331384.jpg,0,0,1,0,0,0,1,0,1,0,0,1,0,0,0,0,1,0,0,0
KonIQ-10k IQA Database/512x384/7358286276.jpg,1,0,0,0,0,0,1,0,0,0,1,0,0,1,0,0,0,1,0,0
KonIQ-10k IQA Database/512x384/7355708808.jpg,1,0,0,0,0,1,0,0,0,1,0,1,0,0,0,1,0,0,0,0
KonIQ-10k IQA Database/512x384/7358753494.jpg,1,0,0,0,0,1,0,0,0,1,0,1,0,0,0,1,0,0,0,0
KonIQ-10k IQA Database/512x384/7359378256.jpg,0,0,1,0,0,0,1,0,0,1,0,0,1,0,0,0,1,0,0,0
KonIQ-10k IQA Database/512x384/7361922724.jpg,0,0,1,0,0,0,1,0,0,1,0,1,0,0,0,0,0,0,0,1
KonIQ-10k IQA Database/512x384/7360550332.jpg,0,0,0,1,0,0,1,0,0,1,0,1,0,0,0,0,1,0,0,0
KonIQ-10k IQA Database/512x384/7367414528.jpg,0,0,1,0,0,0,1,0,0,1,0,1,0,0,0,0,1,0,0,0
KonIQ-10k IQA Database/512x384/7365538478.jpg,0,0,0,1,0,1,0,0,1,0,0,1,0,0,0,0,1,0,0,0
KonIQ-10k IQA Database/512x384/7365681654.jpg,1,0,0,0,0,1,0,0,0,1,0,0,1,0,0,1,0,1,0,0
KonIQ-10k IQA Database/512x384/7362254314.jpg,1,0,0,0,0,1,0,0,1,0,0,0,1,0,1,0,0,0,0,0
KonIQ-10k IQA Database/512x384/7369281846.jpg,0,0,0,0,1,1,0,0,0,1,0,1,0,0,0,1,0,0,0,0
KonIQ-10k IQA Database/512x384/7369136066.jpg,0,0,1,0,0,0,1,0,0,0,1,1,0,0,0,0,1,0,0,0
KonIQ-10k IQA Database/512x384/7369682094.jpg,1,0,0,0,0,1,0,0,1,0,0,0,1,0,0,1,1,0,0,0
KonIQ-10k IQA Database/512x384/7370274132.jpg,1,0,0,0,0,1,0,0,1,0,0,0,1,0,1,1,0,1,0,0
KonIQ-10k IQA Database/512x384/7374960236.jpg,0,0,1,0,0,0,0,1,0,0,1,0,1,0,1,0,0,0,0,0
KonIQ-10k IQA Database/512x384/73702741326.jpg,1,0,0,0,0,1,0,0,1,0,0,0,1,0,1,0,0,1,0,0
KonIQ-10k IQA Database/512x384/7376214050.jpg,0,0,1,0,0,0,1,0,0,0,1,1,0,0,0,0,1,0,0,0
KonIQ-10k IQA Database/512x384/7376910984.jpg,1,0,0,0,0,1,0,0,0,1,0,1,0,0,0,1,0,0,0,0
KonIQ-10k IQA Database/512x384/7380460592.jpg,1,0,0,0,0,1,0,0,0,1,0,0,1,0,0,1,0,1,0,0
KonIQ-10k IQA Database/512x384/7382484290.jpg,0,0,1,0,0,0,1,0,0,1,0,1,0,0,0,0,0,0,0,1
KonIQ-10k IQA Database/512x384/7381771262.jpg,0,0,0,0,1,1,0,0,0,1,0,1,0,0,0,0,0,0,0,1
KonIQ-10k IQA Database/512x384/7383311936.jpg,0,0,0,1,0,0,1,0,0,1,0,1,0,0,0,0,1,0,0,0
KonIQ-10k IQA Database/512x384/7387717156.jpg,0,0,1,0,0,0,1,0,0,0,1,1,0,0,0,0,0,0,0,1
KonIQ-10k IQA Database/512x384/7384140824.jpg,0,0,0,1,0,0,1,0,0,1,0,1,0,0,0,0,0,0,0,1
KonIQ-10k IQA Database/512x384/7382035482.jpg,0,1,0,0,0,1,0,0,1,0,0,1,0,0,0,0,0,0,0,1
KonIQ-10k IQA Database/512x384/7388185182.jpg,0,0,1,0,0,0,1,0,0,0,1,1,0,0,0,0,1,0,0,0
KonIQ-10k IQA Database/512x384/7390518132.jpg,1,0,0,0,0,1,0,0,1,0,0,0,1,0,0,0,0,1,1,0
KonIQ-10k IQA Database/512x384/7391334516.jpg,0,0,1,0,0,0,1,0,0,1,0,1,0,0,0,0,1,0,0,0
KonIQ-10k IQA Database/512x384/7391300046.jpg,0,0,1,0,0,0,1,0,0,1,0,1,0,0,0,0,0,0,0,1
KonIQ-10k IQA Database/512x384/7391355184.jpg,0,0,0,0,1,1,0,0,1,0,0,0,1,0,1,1,0,0,0,0
KonIQ-10k IQA Database/512x384/7392719524.jpg,0,0,0,0,1,1,0,0,1,0,0,1,0,0,0,1,0,0,0,0
KonIQ-10k IQA Database/512x384/7393631040.jpg,0,0,0,1,0,1,0,0,1,0,0,1,0,0,0,0,1,0,0,0
KonIQ-10k IQA Database/512x384/7399191468.jpg,0,0,0,0,1,1,0,0,1,0,0,1,0,0,0,1,0,0,0,0
KonIQ-10k IQA Database/512x384/7395359632.jpg,0,0,1,0,0,0,1,0,0,0,1,1,0,0,0,0,1,0,0,0
KonIQ-10k IQA Database/512x384/7402614702.jpg,0,0,1,0,0,0,1,0,0,0,1,1,0,0,0,0,0,0,0,1
KonIQ-10k IQA Database/512x384/7399670298.jpg,0,0,1,0,0,0,1,0,0,1,0,1,0,0,0,0,1,0,0,0
KonIQ-10k IQA Database/512x384/7405428626.jpg,1,0,0,0,0,1,0,0,1,0,0,1,0,0,1,1,0,0,0,0
KonIQ-10k IQA Database/512x384/7406520610.jpg,0,0,0,1,0,0,1,0,1,0,0,1,0,0,0,0,1,0,0,0
KonIQ-10k IQA Database/512x384/7401378600.jpg,0,0,1,0,0,0,1,0,1,0,0,0,1,0,0,0,1,0,0,0
KonIQ-10k IQA Database/512x384/7408729508.jpg,0,1,0,0,0,0,1,0,0,0,1,0,0,1,0,0,0,0,0,1
KonIQ-10k IQA Database/512x384/7407428670.jpg,0,0,1,0,0,0,1,0,0,1,0,1,0,0,0,0,0,0,0,1
KonIQ-10k IQA Database/512x384/7411918198.jpg,0,1,0,0,0,1,0,0,0,1,0,0,1,0,0,0,0,0,1,0
KonIQ-10k IQA Database/512x384/7419326966.jpg,0,0,0,1,0,0,1,0,1,0,0,0,1,0,0,0,1,0,0,0
KonIQ-10k IQA Database/512x384/7413044200.jpg,0,0,1,0,0,1,0,0,1,0,0,0,1,0,0,0,0,0,1,0
KonIQ-10k IQA Database/512x384/7418763178.jpg,0,0,1,0,0,0,1,0,0,1,0,1,0,0,0,0,0,0,0,1
KonIQ-10k IQA Database/512x384/7424501528.jpg,0,0,1,0,0,0,1,0,0,0,1,1,0,0,0,0,1,0,0,0
KonIQ-10k IQA Database/512x384/7417878338.jpg,0,0,0,0,1,1,0,0,1,0,0,1,0,0,1,1,0,0,0,0
KonIQ-10k IQA Database/512x384/7425462410.jpg,0,0,1,0,0,0,1,0,0,1,0,1,0,0,0,1,0,0,0,0
KonIQ-10k IQA Database/512x384/742801177.jpg,0,0,0,0,1,0,0,0,0,1,0,1,0,0,0,0,0,0,0,1
KonIQ-10k IQA Database/512x384/7432159802.jpg,0,0,0,1,0,1,0,0,0,1,0,1,0,0,1,0,1,0,0,0
KonIQ-10k IQA Database/512x384/7425526298.jpg,0,0,1,0,0,0,1,0,0,1,0,1,0,0,0,0,1,0,0,0
KonIQ-10k IQA Database/512x384/7432387258.jpg,0,0,0,0,1,0,0,0,0,1,0,1,0,0,0,1,0,0,0,0
KonIQ-10k IQA Database/512x384/7431456352.jpg,1,0,0,0,0,1,0,0,1,0,0,0,1,0,1,1,0,0,0,0
KonIQ-10k IQA Database/512x384/7433488844.jpg,0,0,0,0,1,1,0,0,0,1,0,0,0,1,0,0,0,0,1,0
KonIQ-10k IQA Database/512x384/7434980246.jpg,0,0,1,0,0,0,1,0,1,0,0,1,0,0,0,0,0,0,0,1
KonIQ-10k IQA Database/512x384/7437031540.jpg,0,0,1,0,0,0,1,0,0,0,1,1,0,0,0,0,1,0,0,0
KonIQ-10k IQA Database/512x384/7437035640.jpg,0,0,1,0,0,0,1,0,1,0,0,1,0,0,0,0,1,0,0,0
KonIQ-10k IQA Database/512x384/7437582530.jpg,0,0,0,0,1,0,1,0,1,0,0,1,0,0,0,0,1,0,0,0
KonIQ-10k IQA Database/512x384/7442226424.jpg,0,1,0,0,0,0,1,0,1,0,0,1,0,0,0,0,0,0,0,1
KonIQ-10k IQA Database/512x384/7443145706.jpg,0,0,0,1,0,0,1,0,1,0,0,0,1,0,0,0,1,0,0,0
KonIQ-10k IQA Database/512x384/7442416994.jpg,0,1,0,0,0,1,0,0,1,0,0,0,1,0,1,0,0,0,0,0
KonIQ-10k IQA Database/512x384/7443887988.jpg,0,0,1,0,0,0,1,0,0,1,0,1,0,0,0,0,0,0,1,0
KonIQ-10k IQA Database/512x384/7442324444.jpg,0,0,0,0,1,1,0,0,1,0,0,0,1,0,0,1,1,0,0,0
KonIQ-10k IQA Database/512x384/7442925808.jpg,0,0,0,0,1,0,0,0,0,1,0,1,0,0,0,0,0,0,0,1
KonIQ-10k IQA Database/512x384/7445548804.jpg,0,0,1,0,0,0,1,0,0,1,0,1,0,0,0,1,0,0,0,0
KonIQ-10k IQA Database/512x384/7445572890.jpg,1,0,0,0,0,1,0,0,1,0,0,0,1,0,1,1,0,0,0,0
KonIQ-10k IQA Database/512x384/7448606010.jpg,0,0,0,0,1,0,1,0,0,1,0,1,0,0,0,0,0,0,0,1
KonIQ-10k IQA Database/512x384/7448603724.jpg,0,1,0,0,0,1,0,0,0,1,0,0,1,0,1,1,0,0,0,0
KonIQ-10k IQA Database/512x384/7445811974.jpg,0,0,0,0,1,0,1,0,1,0,0,0,0,1,0,0,0,0,0,1
KonIQ-10k IQA Database/512x384/7452245552.jpg,0,0,1,0,0,0,1,0,0,1,0,1,0,0,0,0,1,1,0,0
KonIQ-10k IQA Database/512x384/7455132680.jpg,0,0,0,0,1,1,0,0,0,1,0,1,0,0,0,0,0,0,0,1
KonIQ-10k IQA Database/512x384/7455819414.jpg,1,0,0,0,0,1,0,0,1,0,0,1,0,0,0,1,0,0,0,0
KonIQ-10k IQA Database/512x384/7452954268.jpg,0,0,0,0,1,1,0,0,0,1,0,1,0,0,0,0,1,0,0,0
KonIQ-10k IQA Database/512x384/7459539092.jpg,0,0,1,0,0,0,1,0,0,1,0,1,0,0,0,0,0,0,0,1
KonIQ-10k IQA Database/512x384/7459333336.jpg,0,0,0,0,1,1,0,0,1,0,0,0,1,0,0,1,0,0,0,0
KonIQ-10k IQA Database/512x384/7459547170.jpg,0,0,1,0,0,0,1,0,0,1,0,1,0,0,0,0,0,0,0,1
KonIQ-10k IQA Database/512x384/7460005346.jpg,0,0,1,0,0,0,1,0,1,0,0,1,0,0,0,0,0,0,0,1
KonIQ-10k IQA Database/512x384/7461618822.jpg,0,0,1,0,0,0,1,0,0,1,0,1,0,0,0,0,0,0,1,0
KonIQ-10k IQA Database/512x384/7460698156.jpg,0,0,1,0,0,0,1,0,1,0,0,0,1,0,0,0,1,0,0,0
KonIQ-10k IQA Database/512x384/7461279878.jpg,0,1,0,0,0,1,0,0,1,0,0,1,0,0,0,1,1,0,0,0
KonIQ-10k IQA Database/512x384/746403703.jpg,1,0,0,0,0,1,0,0,0,1,0,1,0,0,0,1,0,0,0,0
KonIQ-10k IQA Database/512x384/7465586874.jpg,0,0,1,0,0,0,0,0,0,1,0,1,0,0,0,0,0,0,0,1
KonIQ-10k IQA Database/512x384/7466614786.jpg,0,1,0,0,0,1,0,0,1,0,0,1,0,0,0,0,0,0,0,1
KonIQ-10k IQA Database/512x384/7466229858.jpg,0,1,0,0,0,0,0,0,0,0,1,1,0,0,0,0,0,0,0,1
KonIQ-10k IQA Database/512x384/7463764592.jpg,1,0,0,0,0,1,0,0,1,0,0,1,0,0,1,1,0,0,0,0
KonIQ-10k IQA Database/512x384/7470410498.jpg,0,0,0,0,1,1,0,0,0,1,0,0,0,1,1,0,0,0,0,0
KonIQ-10k IQA Database/512x384/7468704128.jpg,0,0,0,0,1,1,0,0,0,1,0,1,0,0,0,1,0,0,0,0
KonIQ-10k IQA Database/512x384/7467164130.jpg,1,0,0,0,0,1,0,0,0,1,0,0,1,0,0,1,0,0,0,0
KonIQ-10k IQA Database/512x384/7470692282.jpg,0,0,0,0,1,0,1,0,0,1,0,1,0,0,0,0,0,0,0,1
KonIQ-10k IQA Database/512x384/7472436450.jpg,0,0,1,0,0,0,1,0,0,1,0,1,0,0,0,0,0,0,0,1
KonIQ-10k IQA Database/512x384/7470463166.jpg,0,1,0,0,0,1,0,0,1,0,0,0,1,0,1,0,1,0,0,0
KonIQ-10k IQA Database/512x384/7470832570.jpg,0,1,0,0,0,1,0,0,0,1,0,1,0,0,0,1,0,0,0,0
KonIQ-10k IQA Database/512x384/7473958436.jpg,0,1,0,0,0,1,0,0,0,1,0,0,1,0,0,0,0,0,0,1
KonIQ-10k IQA Database/512x384/7478826230.jpg,0,0,1,0,0,0,1,0,1,0,0,1,0,0,0,0,1,0,0,0
KonIQ-10k IQA Database/512x384/7483507340.jpg,0,0,1,0,0,0,1,0,0,0,1,1,0,0,0,0,0,0,0,1
KonIQ-10k IQA Database/512x384/7484588674.jpg,0,0,0,0,1,0,1,0,0,0,1,0,0,1,0,0,0,1,0,0
KonIQ-10k IQA Database/512x384/7488642130.jpg,0,0,1,0,0,1,0,0,1,0,0,1,0,0,0,0,0,0,0,1
KonIQ-10k IQA Database/512x384/7485150056.jpg,0,0,0,0,1,0,1,0,1,0,0,1,0,0,0,0,1,0,0,0
KonIQ-10k IQA Database/512x384/7490518604.jpg,0,0,0,0,1,1,0,0,1,0,0,1,0,0,0,0,0,0,1,0
KonIQ-10k IQA Database/512x384/7480977716.jpg,1,0,0,0,0,1,0,0,0,1,0,0,0,1,1,0,0,1,0,0
KonIQ-10k IQA Database/512x384/7490674084.jpg,0,0,1,0,0,0,1,0,0,1,0,1,0,0,0,0,1,0,0,0
KonIQ-10k IQA Database/512x384/7491724488.jpg,0,0,0,0,1,1,0,0,1,0,0,0,1,0,0,0,1,0,0,0
KonIQ-10k IQA Database/512x384/7490651104.jpg,1,0,0,0,0,1,0,0,1,0,0,1,0,0,0,1,0,0,0,0
KonIQ-10k IQA Database/512x384/7491939464.jpg,1,0,0,0,0,0,0,0,0,0,1,0,0,1,1,1,0,0,0,0
KonIQ-10k IQA Database/512x384/7492007796.jpg,0,0,0,0,1,0,1,0,0,0,1,1,0,0,0,0,0,0,0,1
KonIQ-10k IQA Database/512x384/7492033480.jpg,0,0,0,0,1,0,1,0,0,1,0,1,0,0,0,0,0,0,0,1
KonIQ-10k IQA Database/512x384/7495567704.jpg,0,0,1,0,0,1,0,0,0,1,0,0,0,1,1,0,0,0,0,0
KonIQ-10k IQA Database/512x384/7493136824.jpg,0,0,0,0,1,1,0,0,0,1,0,1,0,0,0,0,0,1,0,0
KonIQ-10k IQA Database/512x384/7497107258.jpg,0,0,1,0,0,0,1,0,0,1,0,1,0,0,0,0,1,0,0,0
KonIQ-10k IQA Database/512x384/7499781424.jpg,0,0,1,0,0,0,0,1,0,1,0,1,0,0,0,0,1,0,0,0
KonIQ-10k IQA Database/512x384/7499578096.jpg,0,0,1,0,0,0,1,0,0,1,0,1,0,0,0,0,0,0,0,1
KonIQ-10k IQA Database/512x384/7502944264.jpg,0,0,0,0,1,1,0,0,1,0,0,0,1,0,0,1,1,0,0,0
KonIQ-10k IQA Database/512x384/7505379000.jpg,0,0,0,0,1,0,1,0,0,0,1,0,0,1,0,0,0,0,0,1
KonIQ-10k IQA Database/512x384/7504569144.jpg,0,0,1,0,0,0,1,0,0,1,0,1,0,0,0,0,0,0,0,1
KonIQ-10k IQA Database/512x384/7505926112.jpg,0,0,0,0,1,0,1,0,0,0,1,0,0,1,0,0,0,0,0,1
KonIQ-10k IQA Database/512x384/7504875900.jpg,0,0,0,0,1,0,1,0,0,0,1,0,1,0,0,0,0,0,0,1
KonIQ-10k IQA Database/512x384/7506629916.jpg,1,0,0,0,0,1,0,0,0,1,0,1,0,0,0,1,0,0,0,0
KonIQ-10k IQA Database/512x384/7506684932.jpg,0,0,1,0,0,0,1,0,0,1,0,1,0,0,0,0,0,0,0,1
KonIQ-10k IQA Database/512x384/751468322.jpg,0,0,1,0,0,0,1,0,0,1,0,1,0,0,0,0,1,0,0,0
KonIQ-10k IQA Database/512x384/7512526314.jpg,0,0,0,0,1,0,1,0,0,0,1,0,0,1,0,0,0,0,0,1
KonIQ-10k IQA Database/512x384/7510638426.jpg,0,0,0,0,1,0,1,0,0,0,1,0,0,1,0,0,0,0,0,1
KonIQ-10k IQA Database/512x384/7510743692.jpg,0,0,0,0,1,0,1,0,0,0,1,0,0,1,0,0,0,0,0,1
KonIQ-10k IQA Database/512x384/7519024248.jpg,0,0,0,1,0,1,0,0,1,0,0,1,0,0,0,0,1,0,0,0
KonIQ-10k IQA Database/512x384/7517892652.jpg,0,1,0,0,0,1,0,0,1,0,0,0,1,0,1,1,0,0,1,0
KonIQ-10k IQA Database/512x384/7519982836.jpg,0,0,1,0,0,0,1,0,0,1,0,1,0,0,0,0,0,0,0,1
KonIQ-10k IQA Database/512x384/7520058110.jpg,1,0,0,0,0,1,0,0,0,1,0,0,0,1,1,1,0,0,0,0
KonIQ-10k IQA Database/512x384/7525406860.jpg,0,0,1,0,0,0,1,0,0,0,1,1,0,0,0,0,0,0,0,1
KonIQ-10k IQA Database/512x384/7525316320.jpg,1,0,0,0,0,1,0,0,1,0,0,0,1,0,0,1,0,0,1,0
KonIQ-10k IQA Database/512x384/7526135750.jpg,1,0,0,0,0,1,0,0,1,0,0,0,1,0,1,0,0,0,0,0
KonIQ-10k IQA Database/512x384/7520824760.jpg,1,0,0,0,0,1,0,0,0,1,0,1,0,0,0,0,0,0,0,1
KonIQ-10k IQA Database/512x384/7530928692.jpg,0,0,1,0,0,0,1,0,0,0,1,0,1,0,0,0,0,0,0,1
KonIQ-10k IQA Database/512x384/7526349354.jpg,0,0,1,0,0,0,1,0,0,0,1,1,0,0,0,0,1,0,0,0
KonIQ-10k IQA Database/512x384/7530958636.jpg,1,0,0,0,0,1,0,0,0,1,0,1,0,0,1,1,0,1,0,0
KonIQ-10k IQA Database/512x384/7533737270.jpg,0,0,1,0,0,0,1,0,1,0,0,0,1,0,0,0,0,0,0,1
KonIQ-10k IQA Database/512x384/7535091270.jpg,0,1,0,0,0,1,0,0,0,1,0,0,1,0,0,1,0,0,0,0
KonIQ-10k IQA Database/512x384/7537722246.jpg,0,1,0,0,0,1,0,0,1,0,0,1,0,0,0,0,1,0,0,0
KonIQ-10k IQA Database/512x384/7538144396.jpg,0,0,1,0,0,0,1,0,0,1,0,0,1,0,0,0,1,0,0,0
KonIQ-10k IQA Database/512x384/7539744490.jpg,0,0,0,0,1,1,0,0,0,1,0,1,0,0,0,0,0,0,0,1
KonIQ-10k IQA Database/512x384/7538834488.jpg,0,0,0,0,1,1,0,0,1,0,0,0,1,0,0,0,1,1,0,0
KonIQ-10k IQA Database/512x384/7538254742.jpg,0,1,0,0,0,1,0,0,0,1,0,1,0,0,0,1,1,0,0,0
KonIQ-10k IQA Database/512x384/7543397674.jpg,0,0,1,0,0,0,1,0,0,1,0,1,0,0,0,0,1,0,0,0
KonIQ-10k IQA Database/512x384/7548332064.jpg,0,0,1,0,0,0,1,0,0,0,1,1,0,0,0,0,0,0,0,1
KonIQ-10k IQA Database/512x384/7543000548.jpg,1,0,0,0,0,1,0,0,1,0,0,0,0,1,1,1,0,0,0,0
KonIQ-10k IQA Database/512x384/7550549938.jpg,0,0,0,0,1,0,1,0,0,1,0,1,0,0,0,0,0,0,0,1
KonIQ-10k IQA Database/512x384/7543713322.jpg,1,0,0,0,0,1,0,0,0,1,0,0,0,1,1,1,0,1,1,0
KonIQ-10k IQA Database/512x384/7551562932.jpg,0,0,1,0,0,0,1,0,0,0,1,1,0,0,0,0,1,0,0,0
KonIQ-10k IQA Database/512x384/7555880012.jpg,0,0,1,0,0,0,1,0,0,1,0,1,0,0,0,0,0,0,0,1
KonIQ-10k IQA Database/512x384/7553660370.jpg,0,0,1,0,0,0,1,0,0,1,0,1,0,0,0,0,1,0,0,0
KonIQ-10k IQA Database/512x384/7556722466.jpg,0,0,0,0,1,1,0,0,0,1,0,0,1,0,0,0,0,0,1,0
KonIQ-10k IQA Database/512x384/7555167080.jpg,1,0,0,0,0,1,0,0,0,1,0,1,0,0,0,1,0,0,0,0
KonIQ-10k IQA Database/512x384/7559495698.jpg,0,0,1,0,0,0,1,0,0,1,0,0,1,0,0,0,1,0,0,0
KonIQ-10k IQA Database/512x384/7557808298.jpg,1,0,0,0,0,1,0,0,1,0,0,0,1,0,0,1,0,0,0,0
KonIQ-10k IQA Database/512x384/7561653238.jpg,1,0,0,0,0,1,0,0,1,0,0,0,0,1,1,1,0,0,1,0
KonIQ-10k IQA Database/512x384/7561935496.jpg,1,0,0,0,0,1,0,0,0,1,0,1,0,0,0,1,0,0,0,0
KonIQ-10k IQA Database/512x384/7562246986.jpg,1,0,0,0,0,1,0,0,0,1,0,1,0,0,0,1,0,0,0,0
KonIQ-10k IQA Database/512x384/7570426860.jpg,0,0,0,0,1,0,1,0,1,0,0,1,0,0,0,0,0,0,0,1
KonIQ-10k IQA Database/512x384/7568401328.jpg,0,0,0,0,1,1,0,0,0,1,0,0,1,0,0,1,1,0,0,0
KonIQ-10k IQA Database/512x384/7571378378.jpg,0,0,0,0,1,1,0,0,0,1,0,0,0,1,0,0,0,0,1,0
KonIQ-10k IQA Database/512x384/7569119428.jpg,0,0,0,0,1,1,0,0,1,0,0,0,0,1,1,0,0,1,1,0
KonIQ-10k IQA Database/512x384/7574416384.jpg,0,0,0,1,0,1,0,0,1,0,0,1,0,0,0,1,1,0,0,0
KonIQ-10k IQA Database/512x384/7574036406.jpg,1,0,0,0,0,1,0,0,0,1,0,1,0,0,1,1,0,0,0,0
KonIQ-10k IQA Database/512x384/7571885930.jpg,0,0,0,0,1,1,0,0,1,0,0,0,1,0,0,1,1,0,0,0
KonIQ-10k IQA Database/512x384/7572752818.jpg,0,1,0,0,0,1,0,0,1,0,0,0,1,0,1,0,1,0,0,0
KonIQ-10k IQA Database/512x384/7575998494.jpg,0,0,0,1,0,0,1,0,0,0,1,1,0,0,0,0,1,0,0,0
KonIQ-10k IQA Database/512x384/7577281784.jpg,0,0,0,0,1,1,0,0,1,0,0,1,0,0,0,1,0,0,0,0
KonIQ-10k IQA Database/512x384/7579253532.jpg,0,0,1,0,0,0,1,0,0,1,0,1,0,0,0,1,0,0,0,0
KonIQ-10k IQA Database/512x384/7578229060.jpg,0,1,0,0,0,1,0,0,1,0,0,0,1,0,1,1,0,1,0,0
KonIQ-10k IQA Database/512x384/7579386834.jpg,0,0,1,0,0,0,1,0,0,0,1,0,1,0,0,0,1,0,0,0
KonIQ-10k IQA Database/512x384/7582497202.jpg,0,0,0,0,1,0,0,0,0,1,0,1,0,0,0,0,0,0,0,1
KonIQ-10k IQA Database/512x384/7586142684.jpg,1,0,0,0,0,1,0,0,0,1,0,0,0,1,0,1,0,0,0,0
KonIQ-10k IQA Database/512x384/7583515.jpg,0,0,1,0,0,0,1,0,0,0,1,1,0,0,0,0,0,0,0,1
KonIQ-10k IQA Database/512x384/7581184960.jpg,0,1,0,0,0,1,0,0,0,1,0,1,0,0,0,1,1,0,0,0
KonIQ-10k IQA Database/512x384/7586560076.jpg,0,1,0,0,0,1,0,0,0,1,0,0,1,0,0,0,0,0,0,1
KonIQ-10k IQA Database/512x384/7587404052.jpg,0,1,0,0,0,0,1,0,0,0,1,1,0,0,0,0,1,0,0,0
KonIQ-10k IQA Database/512x384/7588949536.jpg,0,0,0,0,1,0,1,0,0,0,1,0,1,0,0,0,1,0,0,0
KonIQ-10k IQA Database/512x384/7590781464.jpg,0,0,0,1,0,1,0,0,1,0,0,1,0,0,0,0,1,1,0,0
KonIQ-10k IQA Database/512x384/7591870206.jpg,0,0,1,0,0,0,1,0,0,0,1,0,1,0,0,0,1,0,0,0
KonIQ-10k IQA Database/512x384/7591145832.jpg,0,0,1,0,0,1,0,0,1,0,0,1,0,0,0,0,0,0,0,1
KonIQ-10k IQA Database/512x384/7592360042.jpg,1,0,0,0,0,1,0,0,0,1,0,1,0,0,0,1,0,0,0,0
KonIQ-10k IQA Database/512x384/7597470314.jpg,0,0,1,0,0,0,1,0,0,1,0,1,0,0,0,0,1,0,0,0
KonIQ-10k IQA Database/512x384/7593868958.jpg,0,0,0,0,1,1,0,0,1,0,0,0,0,1,0,1,1,0,0,0
KonIQ-10k IQA Database/512x384/7603371702.jpg,0,0,1,0,0,0,1,0,0,1,0,1,0,0,0,0,0,0,0,1
KonIQ-10k IQA Database/512x384/7605930400.jpg,1,0,0,0,0,1,0,0,0,1,0,1,0,0,0,1,0,0,0,0
KonIQ-10k IQA Database/512x384/7607759408.jpg,0,0,1,0,0,0,1,0,0,1,0,1,0,0,0,0,0,0,0,1
KonIQ-10k IQA Database/512x384/7608025600.jpg,0,1,0,0,0,1,0,0,0,1,0,1,0,0,0,0,1,0,0,0
KonIQ-10k IQA Database/512x384/7608257388.jpg,0,0,1,0,0,0,1,0,0,1,0,0,1,0,0,0,1,0,0,0
KonIQ-10k IQA Database/512x384/7613152858.jpg,0,0,0,0,1,1,0,0,1,0,0,0,1,0,1,0,0,0,0,0
KonIQ-10k IQA Database/512x384/7614530994.jpg,0,1,0,0,0,1,0,0,1,0,0,0,1,0,1,1,0,0,1,0
KonIQ-10k IQA Database/512x384/7616384942.jpg,0,0,0,0,1,1,0,0,1,0,0,1,0,0,0,1,0,0,0,0
KonIQ-10k IQA Database/512x384/7618408824.jpg,0,0,0,0,1,0,0,0,0,1,0,1,0,0,0,0,0,0,0,1
KonIQ-10k IQA Database/512x384/7617916556.jpg,1,0,0,0,0,1,0,0,1,0,0,0,1,0,0,1,0,0,0,0
KonIQ-10k IQA Database/512x384/7617788578.jpg,1,0,0,0,0,1,0,0,1,0,0,1,0,0,0,1,0,0,0,0
KonIQ-10k IQA Database/512x384/7622957154.jpg,1,0,0,0,0,1,0,0,1,0,0,0,1,0,0,1,0,0,0,0
KonIQ-10k IQA Database/512x384/761753276.jpg,0,0,0,0,1,0,1,0,0,1,0,1,0,0,0,0,0,0,0,1
KonIQ-10k IQA Database/512x384/7625539278.jpg,0,0,1,0,0,0,1,0,0,0,1,1,0,0,0,0,1,0,0,0
KonIQ-10k IQA Database/512x384/7627158600.jpg,0,1,0,0,0,0,1,0,0,0,1,0,0,1,0,0,0,0,0,1
KonIQ-10k IQA Database/512x384/7627340946.jpg,0,0,1,0,0,0,0,0,0,0,1,1,0,0,0,0,1,0,0,0
KonIQ-10k IQA Database/512x384/7622984342.jpg,0,0,1,0,0,1,0,0,0,1,0,0,1,0,0,0,1,0,0,0
KonIQ-10k IQA Database/512x384/7627752046.jpg,1,0,0,0,0,1,0,0,1,0,0,1,0,0,0,1,0,0,0,0
KonIQ-10k IQA Database/512x384/7628306442.jpg,0,0,1,0,0,0,1,0,0,0,1,1,0,0,0,0,1,0,0,0
KonIQ-10k IQA Database/512x384/762560347.jpg,0,0,1,0,0,0,1,0,0,1,0,0,1,0,0,0,0,0,1,0
KonIQ-10k IQA Database/512x384/7629156184.jpg,0,0,1,0,0,0,1,0,0,1,0,1,0,0,0,1,0,0,0,0
KonIQ-10k IQA Database/512x384/7628769918.jpg,1,0,0,0,0,1,0,0,0,1,0,1,0,0,0,1,0,0,0,0
KonIQ-10k IQA Database/512x384/7630573758.jpg,0,0,1,0,0,0,0,0,0,1,0,1,0,0,0,0,1,0,0,0
KonIQ-10k IQA Database/512x384/7628564828.jpg,0,0,1,0,0,0,0,1,0,1,0,0,1,0,0,1,1,0,0,0
KonIQ-10k IQA Database/512x384/763136296.jpg,0,0,0,0,1,1,0,0,1,0,0,0,1,0,0,0,1,1,0,0
KonIQ-10k IQA Database/512x384/7633437372.jpg,0,0,0,0,1,0,0,0,1,0,0,1,0,0,0,0,0,0,0,1
KonIQ-10k IQA Database/512x384/7635858220.jpg,0,0,1,0,0,0,1,0,0,1,0,0,0,1,0,0,1,0,0,0
KonIQ-10k IQA Database/512x384/7634190334.jpg,0,0,0,0,1,1,0,0,1,0,0,0,1,0,0,0,1,0,0,0
KonIQ-10k IQA Database/512x384/7636475996.jpg,0,0,1,0,0,0,1,0,0,0,1,1,0,0,0,0,1,0,0,0
KonIQ-10k IQA Database/512x384/7640299878.jpg,0,0,0,0,1,0,1,0,1,0,0,1,0,0,0,0,1,0,0,0
KonIQ-10k IQA Database/512x384/7644640634.jpg,0,0,1,0,0,0,1,0,0,1,0,0,1,0,0,0,0,0,1,0
KonIQ-10k IQA Database/512x384/7645259944.jpg,0,0,0,0,1,0,1,0,0,0,1,0,0,1,0,0,0,0,0,1
KonIQ-10k IQA Database/512x384/764877350.jpg,0,0,0,0,1,1,0,0,1,0,0,0,1,0,0,1,1,0,0,0
KonIQ-10k IQA Database/512x384/7651161432.jpg,0,0,0,1,0,0,1,0,1,0,0,1,0,0,0,0,1,0,0,0
KonIQ-10k IQA Database/512x384/7655498028.jpg,0,0,0,0,1,0,0,0,0,0,1,1,0,0,0,0,0,0,0,1
KonIQ-10k IQA Database/512x384/7641363622.jpg,1,0,0,0,0,1,0,0,1,0,0,1,0,0,0,1,0,0,0,0
KonIQ-10k IQA Database/512x384/7651198192.jpg,1,0,0,0,0,1,0,0,1,0,0,0,0,1,1,1,0,1,1,0
KonIQ-10k IQA Database/512x384/7652900928.jpg,0,0,1,0,0,0,1,0,0,1,0,1,0,0,0,0,0,0,0,1
KonIQ-10k IQA Database/512x384/7657349694.jpg,0,1,0,0,0,1,0,0,0,1,0,1,0,0,0,0,1,0,0,0
KonIQ-10k IQA Database/512x384/7654676706.jpg,0,0,1,0,0,0,1,0,0,1,0,0,1,0,0,0,1,0,0,0
KonIQ-10k IQA Database/512x384/7660049550.jpg,1,0,0,0,0,1,0,0,0,1,0,1,0,0,0,1,0,0,0,0
KonIQ-10k IQA Database/512x384/7660271516.jpg,0,0,0,0,1,0,1,0,1,0,0,1,0,0,0,0,0,0,0,1
KonIQ-10k IQA Database/512x384/7662529090.jpg,0,0,1,0,0,0,0,1,1,0,0,1,0,0,0,0,0,0,0,1
KonIQ-10k IQA Database/512x384/7661933374.jpg,0,0,1,0,0,0,1,0,1,0,0,1,0,0,0,0,0,0,0,1
KonIQ-10k IQA Database/512x384/7667669426.jpg,0,0,0,0,1,1,0,0,1,0,0,0,1,0,1,0,0,0,0,0
KonIQ-10k IQA Database/512x384/7660478078.jpg,0,0,0,0,1,1,0,0,0,1,0,1,0,0,0,1,0,0,0,0
KonIQ-10k IQA Database/512x384/7664231886.jpg,1,0,0,0,0,1,0,0,0,1,0,1,0,0,0,1,0,0,0,0
KonIQ-10k IQA Database/512x384/7665609968.jpg,1,0,0,0,0,1,0,0,0,1,0,1,0,0,0,1,0,0,0,0
KonIQ-10k IQA Database/512x384/7668828488.jpg,0,0,0,0,1,1,0,0,0,1,0,0,1,0,1,0,0,1,0,0
KonIQ-10k IQA Database/512x384/7670929454.jpg,0,0,0,0,1,1,0,0,1,0,0,0,1,0,1,0,0,0,1,0
KonIQ-10k IQA Database/512x384/7672860636.jpg,0,0,0,0,1,1,0,0,1,0,0,0,0,1,1,0,0,0,0,0
KonIQ-10k IQA Database/512x384/7671701194.jpg,0,0,0,0,1,1,0,0,1,0,0,0,1,0,1,1,0,0,1,0
KonIQ-10k IQA Database/512x384/7673637784.jpg,0,0,1,0,0,0,1,0,1,0,0,1,0,0,0,0,0,0,0,1
KonIQ-10k IQA Database/512x384/7671053258.jpg,1,0,0,0,0,1,0,0,1,0,0,1,0,0,0,1,0,0,0,0
KonIQ-10k IQA Database/512x384/7673801638.jpg,0,0,0,0,1,0,1,0,1,0,0,0,1,0,0,0,1,0,0,0
KonIQ-10k IQA Database/512x384/7676074992.jpg,0,0,0,0,1,1,0,0,1,0,0,0,1,0,1,0,0,0,0,0
KonIQ-10k IQA Database/512x384/7674660830.jpg,0,0,1,0,0,0,1,0,1,0,0,1,0,0,0,0,0,0,0,1
KonIQ-10k IQA Database/512x384/7676832810.jpg,1,0,0,0,0,1,0,0,0,1,0,0,1,0,0,1,0,1,0,0
KonIQ-10k IQA Database/512x384/7678256566.jpg,0,0,0,1,0,1,0,0,1,0,0,1,0,0,0,0,1,0,0,0
KonIQ-10k IQA Database/512x384/7678821440.jpg,0,0,0,0,1,0,1,0,0,1,0,1,0,0,0,0,0,0,0,1
KonIQ-10k IQA Database/512x384/7684026832.jpg,0,0,1,0,0,0,1,0,0,1,0,1,0,0,0,0,0,0,0,1
KonIQ-10k IQA Database/512x384/7685698864.jpg,0,0,1,0,0,0,1,0,0,0,1,1,0,0,0,0,0,0,0,1
KonIQ-10k IQA Database/512x384/7689540594.jpg,0,1,0,0,0,1,0,0,1,0,0,0,1,0,0,1,0,0,0,0
KonIQ-10k IQA Database/512x384/767916820.jpg,0,0,0,0,1,0,1,0,0,1,0,1,0,0,0,0,0,0,0,1
KonIQ-10k IQA Database/512x384/7685277932.jpg,0,0,1,0,0,0,1,0,0,1,0,1,0,0,0,0,1,0,0,0
KonIQ-10k IQA Database/512x384/7690007638.jpg,0,0,1,0,0,0,1,0,0,0,1,0,1,0,0,0,0,0,0,1
KonIQ-10k IQA Database/512x384/7693237184.jpg,0,0,1,0,0,0,1,0,0,1,0,1,0,0,0,0,0,0,0,1
KonIQ-10k IQA Database/512x384/7692418948.jpg,0,0,0,0,1,1,0,0,1,0,0,0,1,0,1,0,0,0,0,0
KonIQ-10k IQA Database/512x384/7695585576.jpg,0,1,0,0,0,1,0,0,1,0,0,0,1,0,1,0,0,0,0,0
KonIQ-10k IQA Database/512x384/7697080640.jpg,0,0,1,0,0,0,1,0,0,1,0,1,0,0,0,0,0,0,0,1
KonIQ-10k IQA Database/512x384/7700511938.jpg,0,0,0,0,1,0,1,0,1,0,0,0,1,0,0,0,1,0,0,0
KonIQ-10k IQA Database/512x384/7697492926.jpg,1,0,0,0,0,1,0,0,0,1,0,0,0,1,0,1,0,0,1,0
KonIQ-10k IQA Database/512x384/7704019566.jpg,0,0,0,0,1,1,0,0,1,0,0,1,0,0,0,0,0,0,0,1
KonIQ-10k IQA Database/512x384/7700955958.jpg,0,0,0,0,1,1,0,0,1,0,0,0,0,1,1,0,0,0,1,0
KonIQ-10k IQA Database/512x384/7705365342.jpg,0,0,1,0,0,0,1,0,1,0,0,1,0,0,0,0,0,0,0,1
KonIQ-10k IQA Database/512x384/7703482662.jpg,0,1,0,0,0,1,0,0,0,1,0,1,0,0,0,1,0,0,1,0
KonIQ-10k IQA Database/512x384/7710623518.jpg,0,0,1,0,0,0,1,0,0,0,1,0,1,0,0,0,1,0,0,0
KonIQ-10k IQA Database/512x384/7710868262.jpg,0,0,1,0,0,0,1,0,0,1,0,1,0,0,0,0,0,0,0,1
KonIQ-10k IQA Database/512x384/7712722502.jpg,1,0,0,0,0,1,0,0,1,0,0,0,0,1,1,0,0,1,1,0
KonIQ-10k IQA Database/512x384/7714207710.jpg,0,0,1,0,0,0,1,0,0,0,1,1,0,0,0,0,0,0,0,1
KonIQ-10k IQA Database/512x384/7714653298.jpg,0,0,0,0,1,1,0,0,0,1,0,0,1,0,0,0,1,0,1,0
KonIQ-10k IQA Database/512x384/7715219180.jpg,0,0,1,0,0,0,1,0,0,0,1,0,1,0,0,0,1,0,0,0
KonIQ-10k IQA Database/512x384/7717158358.jpg,1,0,0,0,0,1,0,0,1,0,0,0,1,0,1,0,1,0,0,0
KonIQ-10k IQA Database/512x384/7721291102.jpg,1,0,0,0,0,1,0,0,0,1,0,1,0,0,0,1,0,0,0,0
KonIQ-10k IQA Database/512x384/7720747032.jpg,0,1,0,0,0,0,1,0,0,1,0,1,0,0,1,1,0,0,0,0
KonIQ-10k IQA Database/512x384/7728764770.jpg,0,0,1,0,0,0,1,0,1,0,0,1,0,0,0,0,0,0,0,1
KonIQ-10k IQA Database/512x384/7726222874.jpg,1,0,0,0,0,1,0,0,0,0,1,0,1,0,0,0,0,1,0,0
KonIQ-10k IQA Database/512x384/7730088582.jpg,0,0,1,0,0,0,1,0,0,0,1,1,0,0,0,0,0,1,0,0
KonIQ-10k IQA Database/512x384/772323238.jpg,0,0,0,1,0,1,0,0,1,0,0,1,0,0,1,0,1,1,0,0
KonIQ-10k IQA Database/512x384/7728661610.jpg,1,0,0,0,0,1,0,0,0,1,0,0,0,1,1,1,0,1,0,0
KonIQ-10k IQA Database/512x384/7731352704.jpg,1,0,0,0,0,1,0,0,0,1,0,1,0,0,0,0,0,1,0,0
KonIQ-10k IQA Database/512x384/7731030916.jpg,0,0,0,0,1,0,1,0,0,0,1,0,0,1,1,1,0,0,0,0
KonIQ-10k IQA Database/512x384/7731477968.jpg,0,0,1,0,0,0,1,0,0,0,1,0,0,1,0,0,0,0,0,1
KonIQ-10k IQA Database/512x384/7734376776.jpg,0,1,0,0,0,1,0,0,1,0,0,0,1,0,0,0,0,0,0,1
KonIQ-10k IQA Database/512x384/7732609964.jpg,0,0,0,0,1,1,0,0,1,0,0,0,1,0,0,1,1,0,0,0
KonIQ-10k IQA Database/512x384/7736601364.jpg,0,1,0,0,0,1,0,0,1,0,0,1,0,0,1,0,0,0,1,0
KonIQ-10k IQA Database/512x384/7734540620.jpg,0,0,0,0,1,1,0,0,0,1,0,1,0,0,1,1,0,0,1,0
KonIQ-10k IQA Database/512x384/7736222330.jpg,0,0,1,0,0,0,1,0,1,0,0,1,0,0,0,0,1,0,0,0
KonIQ-10k IQA Database/512x384/7738480598.jpg,0,0,1,0,0,0,1,0,0,0,1,0,1,0,0,0,0,0,0,1
KonIQ-10k IQA Database/512x384/7737184960.jpg,0,0,0,0,1,1,0,0,0,1,0,0,1,0,0,0,0,0,1,0
KonIQ-10k IQA Database/512x384/7737023436.jpg,0,0,1,0,0,0,1,0,0,0,1,1,0,0,0,0,0,1,0,0
KonIQ-10k IQA Database/512x384/7736819994.jpg,1,0,0,0,0,1,0,0,1,0,0,0,0,1,0,0,0,1,0,0
KonIQ-10k IQA Database/512x384/7739550292.jpg,0,1,0,0,0,0,1,0,0,0,1,1,0,0,0,0,0,0,0,1
KonIQ-10k IQA Database/512x384/774152136.jpg,0,0,1,0,0,0,1,0,0,1,0,1,0,0,0,0,0,0,0,1
KonIQ-10k IQA Database/512x384/7741343046.jpg,1,0,0,0,0,1,0,0,0,1,0,0,1,0,0,0,1,1,0,0
KonIQ-10k IQA Database/512x384/7744113492.jpg,1,0,0,0,0,1,0,0,0,1,0,1,0,0,0,1,0,0,0,0
KonIQ-10k IQA Database/512x384/7743779530.jpg,0,0,1,0,0,0,1,0,0,0,1,1,0,0,0,0,1,0,0,0
KonIQ-10k IQA Database/512x384/7743542184.jpg,0,0,0,0,1,1,0,0,1,0,0,0,1,0,1,1,0,0,1,0
KonIQ-10k IQA Database/512x384/7745366610.jpg,0,0,1,0,0,0,1,0,1,0,0,1,0,0,0,1,0,0,0,0
KonIQ-10k IQA Database/512x384/7744803492.jpg,0,0,1,0,0,0,1,0,0,1,0,0,1,0,0,0,1,0,0,0
KonIQ-10k IQA Database/512x384/7744189800.jpg,0,0,1,0,0,0,1,0,1,0,0,1,0,0,0,0,0,0,0,1
KonIQ-10k IQA Database/512x384/7744274780.jpg,0,0,0,0,1,1,0,0,1,0,0,0,1,0,1,1,1,0,0,0
KonIQ-10k IQA Database/512x384/7745091164.jpg,0,0,0,0,1,1,0,0,1,0,0,0,1,0,0,1,1,0,0,0
KonIQ-10k IQA Database/512x384/7748906306.jpg,1,0,0,0,0,1,0,0,0,1,0,0,1,0,1,1,0,0,0,0
KonIQ-10k IQA Database/512x384/7751390858.jpg,0,0,0,0,1,1,0,0,0,1,0,1,0,0,0,0,0,0,0,1
KonIQ-10k IQA Database/512x384/7749694370.jpg,0,0,1,0,0,0,1,0,0,1,0,0,1,0,0,0,1,0,0,0
KonIQ-10k IQA Database/512x384/7751690228.jpg,0,0,0,0,1,1,0,0,1,0,0,0,1,0,0,0,1,1,0,0
KonIQ-10k IQA Database/512x384/7751603360.jpg,0,0,0,0,1,0,1,0,0,1,0,0,0,1,0,1,0,0,0,0
KonIQ-10k IQA Database/512x384/7751327300.jpg,1,0,0,0,0,1,0,0,1,0,0,0,1,0,0,0,0,1,0,0
KonIQ-10k IQA Database/512x384/7749930286.jpg,0,0,0,0,1,0,1,0,1,0,0,1,0,0,0,0,0,0,0,1
KonIQ-10k IQA Database/512x384/7751952772.jpg,0,1,0,0,0,1,0,0,0,1,0,1,0,0,1,0,0,0,1,0
KonIQ-10k IQA Database/512x384/7753523026.jpg,0,1,0,0,0,1,0,0,0,1,0,1,0,0,0,0,0,0,0,1
KonIQ-10k IQA Database/512x384/7755707532.jpg,0,0,1,0,0,0,1,0,0,1,0,1,0,0,0,0,0,0,0,1
KonIQ-10k IQA Database/512x384/7756416864.jpg,0,0,1,0,0,0,1,0,0,0,1,1,0,0,0,0,0,0,0,1
KonIQ-10k IQA Database/512x384/7758019722.jpg,0,0,1,0,0,1,0,0,1,0,0,1,0,0,0,0,1,0,0,0
KonIQ-10k IQA Database/512x384/7756578200.jpg,0,0,0,0,1,0,0,0,1,0,0,1,0,0,0,0,0,0,0,1
KonIQ-10k IQA Database/512x384/7755789428.jpg,0,0,0,0,1,0,1,0,1,0,0,0,1,0,0,0,1,0,0,0
KonIQ-10k IQA Database/512x384/7759565946.jpg,0,0,0,1,0,1,0,0,0,1,0,1,0,0,0,0,0,0,0,1
KonIQ-10k IQA Database/512x384/7762883720.jpg,0,0,0,0,1,1,0,0,1,0,0,1,0,0,0,0,0,0,0,1
KonIQ-10k IQA Database/512x384/7765078282.jpg,0,0,1,0,0,0,1,0,0,1,0,1,0,0,0,0,1,0,0,0
KonIQ-10k IQA Database/512x384/7758020806.jpg,0,0,1,0,0,0,1,0,1,0,0,1,0,0,0,0,0,0,0,1
KonIQ-10k IQA Database/512x384/7763162224.jpg,0,0,1,0,0,0,1,0,0,0,1,1,0,0,0,0,0,0,0,1
KonIQ-10k IQA Database/512x384/7766392832.jpg,0,0,1,0,0,0,1,0,0,0,1,0,0,1,0,0,1,0,0,0
KonIQ-10k IQA Database/512x384/7767472114.jpg,0,0,1,0,0,0,1,0,0,1,0,1,0,0,0,0,0,0,0,1
KonIQ-10k IQA Database/512x384/7767174802.jpg,1,0,0,0,0,1,0,0,0,1,0,0,1,0,0,1,1,1,0,0
KonIQ-10k IQA Database/512x384/7765809112.jpg,0,0,0,0,1,1,0,0,1,0,0,0,0,1,1,0,0,0,0,0
KonIQ-10k IQA Database/512x384/7769931466.jpg,0,0,1,0,0,0,1,0,0,1,0,0,1,0,0,0,0,0,0,1
KonIQ-10k IQA Database/512x384/7777135010.jpg,1,0,0,0,0,1,0,0,1,0,0,0,1,0,1,1,0,0,0,0
KonIQ-10k IQA Database/512x384/7772663024.jpg,0,0,0,0,1,1,0,0,1,0,0,0,1,0,0,1,0,0,0,0
KonIQ-10k IQA Database/512x384/7778203492.jpg,1,0,0,0,0,0,0,0,0,0,1,0,0,1,0,0,0,0,0,1
KonIQ-10k IQA Database/512x384/7783320848.jpg,0,0,0,0,1,1,0,0,1,0,0,0,0,1,1,0,0,0,0,0
KonIQ-10k IQA Database/512x384/7769932398.jpg,1,0,0,0,0,1,0,0,0,1,0,1,0,0,0,1,0,0,0,0
KonIQ-10k IQA Database/512x384/7785223076.jpg,0,0,0,0,1,0,1,0,0,0,1,0,1,0,0,0,0,0,0,1
KonIQ-10k IQA Database/512x384/7780172596.jpg,1,0,0,0,0,1,0,0,1,0,0,0,0,1,1,0,0,0,1,0
KonIQ-10k IQA Database/512x384/7786382886.jpg,0,0,1,0,0,0,1,0,1,0,0,1,0,0,0,0,1,0,0,0
KonIQ-10k IQA Database/512x384/7785216770.jpg,0,0,1,0,0,0,1,0,0,0,1,1,0,0,0,0,1,0,0,0
KonIQ-10k IQA Database/512x384/77871642.jpg,0,0,0,0,1,1,0,0,1,0,0,1,0,0,0,0,0,0,0,1
KonIQ-10k IQA Database/512x384/7787028496.jpg,0,0,0,0,1,1,0,0,0,1,0,0,1,0,0,0,1,0,1,0
KonIQ-10k IQA Database/512x384/7788471088.jpg,0,0,0,1,0,0,1,0,0,0,1,1,0,0,0,0,0,0,0,1
KonIQ-10k IQA Database/512x384/7788745946.jpg,0,0,0,0,1,1,0,0,0,1,0,1,0,0,0,0,1,0,0,0
KonIQ-10k IQA Database/512x384/7789853112.jpg,1,0,0,0,0,1,0,0,0,1,0,1,0,0,0,1,1,0,0,0
KonIQ-10k IQA Database/512x384/7795515978.jpg,0,0,1,0,0,0,1,0,1,0,0,1,0,0,0,0,1,0,0,0
KonIQ-10k IQA Database/512x384/7795324248.jpg,1,0,0,0,0,1,0,0,0,1,0,1,0,0,0,1,0,0,0,0
KonIQ-10k IQA Database/512x384/7797268116.jpg,0,0,1,0,0,0,1,0,0,0,1,1,0,0,0,0,1,0,0,0
KonIQ-10k IQA Database/512x384/7797743908.jpg,1,0,0,0,0,1,0,0,1,0,0,0,1,0,0,1,0,0,0,0
KonIQ-10k IQA Database/512x384/7793934458.jpg,0,0,0,0,1,1,0,0,0,1,0,1,0,0,0,1,0,0,0,0
KonIQ-10k IQA Database/512x384/7796133504.jpg,0,0,1,0,0,0,1,0,1,0,0,1,0,0,0,0,0,0,0,1
KonIQ-10k IQA Database/512x384/7801382324.jpg,0,0,0,1,0,0,1,0,1,0,0,1,0,0,0,0,1,0,0,0
KonIQ-10k IQA Database/512x384/7809493264.jpg,0,0,0,0,1,1,0,0,1,0,0,0,1,0,1,1,0,0,0,0
KonIQ-10k IQA Database/512x384/7802695886.jpg,1,0,0,0,0,1,0,0,0,1,0,0,1,0,0,1,0,0,0,0
KonIQ-10k IQA Database/512x384/7807631220.jpg,0,1,0,0,0,1,0,0,1,0,0,1,0,0,0,0,1,0,0,0
KonIQ-10k IQA Database/512x384/7806389418.jpg,0,1,0,0,0,1,0,0,1,0,0,0,0,1,1,1,0,0,0,0
KonIQ-10k IQA Database/512x384/7802615964.jpg,0,0,0,0,1,1,0,0,1,0,0,0,1,0,1,0,0,1,1,0
KonIQ-10k IQA Database/512x384/7810003032.jpg,0,1,0,0,0,0,1,0,0,0,1,0,0,1,1,0,0,0,0,0
KonIQ-10k IQA Database/512x384/7811282766.jpg,0,1,0,0,0,1,0,0,0,1,0,0,1,0,0,0,1,0,0,0
KonIQ-10k IQA Database/512x384/7810074740.jpg,0,1,0,0,0,0,1,0,0,0,1,0,0,1,1,0,0,1,0,0
KonIQ-10k IQA Database/512x384/7814162374.jpg,0,1,0,0,0,1,0,0,0,1,0,1,0,0,0,0,0,0,0,1
KonIQ-10k IQA Database/512x384/7811388288.jpg,0,1,0,0,0,0,1,0,0,0,1,0,0,1,0,0,0,0,0,1
KonIQ-10k IQA Database/512x384/7819211312.jpg,1,0,0,0,0,1,0,0,0,1,0,0,0,1,1,0,0,0,0,0
KonIQ-10k IQA Database/512x384/7816938468.jpg,0,1,0,0,0,0,1,0,0,0,1,0,0,1,0,1,0,1,0,0
KonIQ-10k IQA Database/512x384/7820783548.jpg,0,0,0,0,1,1,0,0,1,0,0,0,0,1,1,0,0,0,1,0
KonIQ-10k IQA Database/512x384/7819353184.jpg,0,0,0,0,1,1,0,0,0,1,0,1,0,0,0,0,1,1,1,0
KonIQ-10k IQA Database/512x384/7822391242.jpg,0,0,1,0,0,0,0,0,0,1,0,1,0,0,0,0,0,0,1,0
KonIQ-10k IQA Database/512x384/7819666996.jpg,0,0,1,0,0,0,1,0,0,0,1,1,0,0,0,0,0,0,0,1
KonIQ-10k IQA Database/512x384/7823568906.jpg,0,0,0,0,1,1,0,0,1,0,0,0,1,0,0,1,1,0,0,0
KonIQ-10k IQA Database/512x384/7832796652.jpg,0,0,0,0,1,1,0,0,0,1,0,1,0,0,0,0,0,0,0,1
KonIQ-10k IQA Database/512x384/7823939538.jpg,1,0,0,0,0,1,0,0,1,0,0,0,1,0,0,1,0,0,0,0
KonIQ-10k IQA Database/512x384/7826230260.jpg,1,0,0,0,0,1,0,0,0,1,0,1,0,0,0,1,0,0,0,0
KonIQ-10k IQA Database/512x384/7838423662.jpg,0,0,0,0,1,1,0,0,1,0,0,1,0,0,1,0,0,0,0,0
KonIQ-10k IQA Database/512x384/7826703034.jpg,0,0,0,1,0,0,1,0,0,1,0,1,0,0,0,0,1,0,0,0
KonIQ-10k IQA Database/512x384/7833281270.jpg,0,0,0,0,1,1,0,0,1,0,0,1,0,0,1,1,1,0,0,0
KonIQ-10k IQA Database/512x384/7839484666.jpg,0,0,1,0,0,0,1,0,0,1,0,1,0,0,0,1,0,0,0,0
KonIQ-10k IQA Database/512x384/7840986296.jpg,0,0,1,0,0,0,0,1,0,0,1,0,1,0,0,0,0,0,0,1
KonIQ-10k IQA Database/512x384/7841859142.jpg,0,0,1,0,0,0,1,0,0,0,1,1,0,0,0,0,1,0,0,0
KonIQ-10k IQA Database/512x384/7841962592.jpg,0,0,1,0,0,0,1,0,0,1,0,0,1,0,0,0,0,0,0,1
KonIQ-10k IQA Database/512x384/7841725264.jpg,0,0,0,1,0,0,1,0,1,0,0,0,1,0,0,0,1,0,0,0
KonIQ-10k IQA Database/512x384/7842127896.jpg,0,0,0,0,1,1,0,0,1,0,0,0,0,1,1,0,0,0,0,0
KonIQ-10k IQA Database/512x384/7843258130.jpg,0,1,0,0,0,1,0,0,1,0,0,1,0,0,0,0,0,0,0,1
KonIQ-10k IQA Database/512x384/7843358908.jpg,0,0,1,0,0,0,0,1,0,1,0,1,0,0,0,0,0,0,0,1
KonIQ-10k IQA Database/512x384/7841765362.jpg,1,0,0,0,0,1,0,0,1,0,0,0,1,0,0,1,0,0,0,0
KonIQ-10k IQA Database/512x384/7846766204.jpg,0,1,0,0,0,1,0,0,1,0,0,0,0,1,1,1,0,0,0,0
KonIQ-10k IQA Database/512x384/7844179556.jpg,0,0,1,0,0,0,1,0,1,0,0,1,0,0,0,0,1,0,0,0
KonIQ-10k IQA Database/512x384/7845980046.jpg,0,0,0,0,1,1,0,0,1,0,0,0,1,0,1,1,0,0,0,0
KonIQ-10k IQA Database/512x384/7854876374.jpg,0,0,0,0,1,0,0,0,0,0,1,0,0,1,0,0,0,0,0,1
KonIQ-10k IQA Database/512x384/7843799770.jpg,1,0,0,0,0,1,0,0,1,0,0,0,0,1,0,0,0,1,0,0
KonIQ-10k IQA Database/512x384/7850123296.jpg,0,0,1,0,0,1,0,0,0,0,1,1,0,0,1,0,0,0,0,0
KonIQ-10k IQA Database/512x384/7856175732.jpg,0,0,1,0,0,0,1,0,1,0,0,1,0,0,0,0,0,0,1,0
KonIQ-10k IQA Database/512x384/7853457684.jpg,0,0,0,0,1,1,0,0,1,0,0,1,0,0,0,1,1,0,0,0
KonIQ-10k IQA Database/512x384/7856451374.jpg,1,0,0,0,0,1,0,0,0,1,0,1,0,0,0,0,0,1,0,0
KonIQ-10k IQA Database/512x384/7859713146.jpg,0,0,0,0,1,1,0,0,0,1,0,1,0,0,0,1,1,0,0,0
KonIQ-10k IQA Database/512x384/7863241080.jpg,0,0,0,0,1,0,0,1,0,1,0,0,0,1,1,1,0,0,0,0
KonIQ-10k IQA Database/512x384/7866480612.jpg,1,0,0,0,0,1,0,0,0,1,0,0,1,0,0,1,0,1,0,0
KonIQ-10k IQA Database/512x384/7861079240.jpg,1,0,0,0,0,1,0,0,0,1,0,0,1,0,0,1,0,1,0,0
KonIQ-10k IQA Database/512x384/7867041724.jpg,0,0,0,0,1,1,0,0,1,0,0,0,0,1,1,0,0,0,0,0
KonIQ-10k IQA Database/512x384/7868631444.jpg,0,0,1,0,0,0,1,0,0,1,0,1,0,0,0,0,0,0,0,1
KonIQ-10k IQA Database/512x384/7866144530.jpg,0,0,0,0,1,1,0,0,1,0,0,0,1,0,0,1,1,0,0,0
KonIQ-10k IQA Database/512x384/7867646032.jpg,0,0,0,0,1,1,0,0,1,0,0,1,0,0,0,1,0,0,0,0
KonIQ-10k IQA Database/512x384/7870300862.jpg,1,0,0,0,0,1,0,0,0,1,0,0,0,1,0,1,0,0,0,0
KonIQ-10k IQA Database/512x384/7870688128.jpg,0,1,0,0,0,1,0,0,0,1,0,0,1,0,1,1,0,0,0,0
KonIQ-10k IQA Database/512x384/7871237210.jpg,1,0,0,0,0,1,0,0,0,1,0,1,0,0,0,0,0,0,1,0
KonIQ-10k IQA Database/512x384/7871346190.jpg,0,1,0,0,0,1,0,0,1,0,0,1,0,0,1,0,0,0,0,0
KonIQ-10k IQA Database/512x384/7878410170.jpg,0,0,1,0,0,0,1,0,0,1,0,1,0,0,0,0,0,0,1,0
KonIQ-10k IQA Database/512x384/7875370780.jpg,0,1,0,0,0,0,1,0,0,1,0,0,0,1,0,1,0,0,0,0
KonIQ-10k IQA Database/512x384/7877688978.jpg,0,0,1,0,0,0,0,0,0,1,0,1,0,0,0,1,0,0,0,0
KonIQ-10k IQA Database/512x384/7875374202.jpg,0,0,1,0,0,0,1,0,0,1,0,1,0,0,0,0,0,0,0,1
KonIQ-10k IQA Database/512x384/7875422248.jpg,0,0,0,0,1,1,0,0,1,0,0,0,1,0,1,1,0,0,0,0
KonIQ-10k IQA Database/512x384/7880797072.jpg,0,0,1,0,0,0,1,0,0,1,0,1,0,0,0,0,0,1,0,0
KonIQ-10k IQA Database/512x384/7881174736.jpg,0,0,1,0,0,0,1,0,0,1,0,1,0,0,0,0,0,0,0,1
KonIQ-10k IQA Database/512x384/7887126684.jpg,1,0,0,0,0,1,0,0,1,0,0,0,1,0,0,1,0,0,0,0
KonIQ-10k IQA Database/512x384/7883125264.jpg,0,0,0,0,1,1,0,0,1,0,0,0,1,0,0,1,1,0,0,0
KonIQ-10k IQA Database/512x384/7889791504.jpg,0,0,0,1,0,1,0,0,0,1,0,0,1,0,0,0,1,0,0,0
KonIQ-10k IQA Database/512x384/7892635308.jpg,0,0,1,0,0,0,1,0,0,1,0,1,0,0,0,0,1,0,0,0
KonIQ-10k IQA Database/512x384/7892040540.jpg,0,0,1,0,0,0,1,0,1,0,0,1,0,0,0,0,0,0,0,1
KonIQ-10k IQA Database/512x384/7896479602.jpg,0,0,0,0,1,1,0,0,1,0,0,1,0,0,1,0,0,0,0,0
KonIQ-10k IQA Database/512x384/7897296676.jpg,0,1,0,0,0,1,0,0,0,1,0,0,0,1,1,0,0,0,0,0
KonIQ-10k IQA Database/512x384/7899104502.jpg,0,0,1,0,0,0,1,0,0,1,0,0,1,0,0,0,1,0,0,0
KonIQ-10k IQA Database/512x384/7900291786.jpg,0,0,1,0,0,0,1,0,0,1,0,0,1,0,0,0,1,0,0,0
KonIQ-10k IQA Database/512x384/7900303150.jpg,0,0,0,0,1,1,0,0,1,0,0,0,0,1,0,1,1,0,0,0
KonIQ-10k IQA Database/512x384/7902540732.jpg,0,0,1,0,0,0,1,0,0,1,0,1,0,0,0,0,0,0,0,1
KonIQ-10k IQA Database/512x384/7903006270.jpg,0,0,0,0,1,1,0,0,0,1,0,1,0,0,0,0,0,0,0,1
KonIQ-10k IQA Database/512x384/7903635044.jpg,0,1,0,0,0,1,0,0,0,0,1,0,0,1,1,0,0,0,1,0
KonIQ-10k IQA Database/512x384/7903686666.jpg,0,0,0,0,1,1,0,0,1,0,0,1,0,0,0,1,0,0,0,0
KonIQ-10k IQA Database/512x384/7903714372.jpg,0,0,1,0,0,0,1,0,0,1,0,1,0,0,0,0,1,0,0,0
KonIQ-10k IQA Database/512x384/7904310752.jpg,1,0,0,0,0,1,0,0,0,1,0,1,0,0,0,1,0,0,0,0
KonIQ-10k IQA Database/512x384/7904253618.jpg,0,0,0,0,1,0,0,0,0,0,1,0,0,1,0,0,0,0,0,1
KonIQ-10k IQA Database/512x384/7908624656.jpg,0,0,1,0,0,0,1,0,1,0,0,1,0,0,0,0,1,0,0,0
KonIQ-10k IQA Database/512x384/7904631250.jpg,1,0,0,0,0,1,0,0,0,1,0,0,1,0,0,1,1,0,0,0
KonIQ-10k IQA Database/512x384/7906332480.jpg,1,0,0,0,0,1,0,0,1,0,0,1,0,0,0,1,0,0,0,0
KonIQ-10k IQA Database/512x384/7908884988.jpg,1,0,0,0,0,1,0,0,1,0,0,0,0,1,1,1,0,0,0,0
KonIQ-10k IQA Database/512x384/7909059554.jpg,1,0,0,0,0,1,0,0,0,1,0,1,0,0,0,0,0,0,0,1
KonIQ-10k IQA Database/512x384/7911502338.jpg,0,0,1,0,0,0,1,0,0,0,1,0,1,0,0,0,1,0,0,0
KonIQ-10k IQA Database/512x384/7911339166.jpg,0,1,0,0,0,1,0,0,1,0,0,0,0,1,1,0,0,1,1,0
KonIQ-10k IQA Database/512x384/7911673358.jpg,0,0,1,0,0,0,1,0,0,1,0,1,0,0,0,0,0,1,0,0
KonIQ-10k IQA Database/512x384/7914158128.jpg,1,0,0,0,0,1,0,0,1,0,0,1,0,0,0,1,0,0,0,0
KonIQ-10k IQA Database/512x384/7914531096.jpg,1,0,0,0,0,1,0,0,0,1,0,1,0,0,0,1,0,0,0,0
KonIQ-10k IQA Database/512x384/7913897946.jpg,0,0,0,0,1,1,0,0,0,1,0,0,1,0,0,1,0,0,0,0
KonIQ-10k IQA Database/512x384/7915207374.jpg,0,0,0,1,0,1,0,0,1,0,0,1,0,0,0,0,1,0,0,0
KonIQ-10k IQA Database/512x384/7914714726.jpg,0,0,0,0,1,1,0,0,1,0,0,1,0,0,1,0,0,0,0,0
KonIQ-10k IQA Database/512x384/7917906506.jpg,0,0,0,1,0,0,1,0,0,1,0,1,0,0,0,0,0,0,0,1
KonIQ-10k IQA Database/512x384/7915889156.jpg,1,0,0,0,0,0,0,0,0,0,1,0,1,0,0,1,0,0,0,0
KonIQ-10k IQA Database/512x384/7919265884.jpg,0,0,1,0,0,0,1,0,0,1,0,1,0,0,0,0,1,0,0,0
KonIQ-10k IQA Database/512x384/7919700760.jpg,1,0,0,0,0,1,0,0,1,0,0,1,0,0,0,1,0,0,0,0
KonIQ-10k IQA Database/512x384/7919270808.jpg,0,0,1,0,0,0,1,0,0,1,0,1,0,0,0,0,1,0,0,0
KonIQ-10k IQA Database/512x384/7924068268.jpg,0,0,0,0,1,1,0,0,0,1,0,1,0,0,0,1,0,0,0,0
KonIQ-10k IQA Database/512x384/7920824878.jpg,0,0,0,0,1,1,0,0,0,1,0,0,1,0,0,1,1,0,0,0
KonIQ-10k IQA Database/512x384/7921753876.jpg,0,0,1,0,0,0,1,0,0,1,0,1,0,0,0,0,0,0,0,1
KonIQ-10k IQA Database/512x384/7923574034.jpg,1,0,0,0,0,1,0,0,1,0,0,1,0,0,0,1,0,0,0,0
KonIQ-10k IQA Database/512x384/7924366.jpg,0,0,0,0,1,0,1,0,0,0,1,0,1,0,0,0,0,1,0,0
KonIQ-10k IQA Database/512x384/7893560424.jpg,0,0,1,0,0,0,1,0,0,0,1,1,0,0,0,0,0,0,0,1
KonIQ-10k IQA Database/512x384/7926649668.jpg,0,0,1,0,0,0,1,0,0,1,0,1,0,0,0,0,0,0,0,1
KonIQ-10k IQA Database/512x384/7929526740.jpg,0,0,0,0,1,1,0,0,1,0,0,0,0,1,1,0,0,0,1,0
KonIQ-10k IQA Database/512x384/7927998516.jpg,0,0,1,0,0,0,0,1,1,0,0,0,0,1,0,0,1,0,0,0
KonIQ-10k IQA Database/512x384/7928561010.jpg,0,0,0,1,0,0,1,0,0,0,1,1,0,0,0,0,1,0,0,0
KonIQ-10k IQA Database/512x384/7929212614.jpg,1,0,0,0,0,1,0,0,0,1,0,1,0,0,0,1,0,0,1,0
KonIQ-10k IQA Database/512x384/7934073070.jpg,0,0,1,0,0,0,1,0,0,1,0,1,0,0,0,0,0,0,0,1
KonIQ-10k IQA Database/512x384/7934781744.jpg,0,0,1,0,0,0,1,0,1,0,0,1,0,0,0,0,0,0,0,1
KonIQ-10k IQA Database/512x384/7931367844.jpg,0,0,1,0,0,0,1,0,1,0,0,1,0,0,0,0,0,0,0,1
KonIQ-10k IQA Database/512x384/7940282852.jpg,0,0,1,0,0,0,1,0,0,0,1,1,0,0,0,0,0,1,0,0
KonIQ-10k IQA Database/512x384/7940912870.jpg,1,0,0,0,0,1,0,0,0,1,0,0,0,1,1,0,0,0,0,0
KonIQ-10k IQA Database/512x384/7937116986.jpg,0,1,0,0,0,1,0,0,0,1,0,1,0,0,0,1,0,0,0,0
KonIQ-10k IQA Database/512x384/7935628474.jpg,1,0,0,0,0,1,0,0,1,0,0,0,1,0,1,1,0,0,0,0
KonIQ-10k IQA Database/512x384/7945344572.jpg,1,0,0,0,0,0,0,0,0,0,1,1,0,0,0,1,0,0,0,0
KonIQ-10k IQA Database/512x384/7942038522.jpg,0,1,0,0,0,0,1,0,0,0,1,0,1,0,1,0,0,1,0,0
KonIQ-10k IQA Database/512x384/7946144914.jpg,0,0,0,0,1,1,0,0,1,0,0,0,0,1,1,0,0,0,1,0
KonIQ-10k IQA Database/512x384/7946509460.jpg,0,1,0,0,0,0,1,0,0,1,0,1,0,0,0,0,1,0,0,0
KonIQ-10k IQA Database/512x384/7946918290.jpg,0,0,1,0,0,0,1,0,0,1,0,1,0,0,0,0,0,1,0,0
KonIQ-10k IQA Database/512x384/7946380974.jpg,0,0,0,0,1,0,1,0,1,0,0,0,0,1,0,0,1,0,0,0
KonIQ-10k IQA Database/512x384/7951947544.jpg,0,0,0,0,1,0,0,0,0,0,1,1,0,0,0,0,0,0,0,1
KonIQ-10k IQA Database/512x384/7946535104.jpg,1,0,0,0,0,1,0,0,0,1,0,0,0,1,1,1,0,0,0,0
KonIQ-10k IQA Database/512x384/79475896.jpg,0,0,0,0,1,0,1,0,1,0,0,1,0,0,0,0,0,0,0,1
KonIQ-10k IQA Database/512x384/7954181598.jpg,0,0,0,0,1,1,0,0,1,0,0,0,0,1,1,0,0,0,1,0
KonIQ-10k IQA Database/512x384/7954324384.jpg,0,0,1,0,0,0,1,0,0,1,0,1,0,0,0,0,0,0,0,1
KonIQ-10k IQA Database/512x384/7955276034.jpg,0,0,1,0,0,0,1,0,1,0,0,1,0,0,0,0,0,0,0,1
KonIQ-10k IQA Database/512x384/7955555286.jpg,0,0,1,0,0,0,1,0,0,1,0,1,0,0,0,0,0,0,0,1
KonIQ-10k IQA Database/512x384/7954849148.jpg,0,0,0,0,1,1,0,0,1,0,0,0,1,0,1,1,0,1,0,0
KonIQ-10k IQA Database/512x384/7955776040.jpg,0,0,0,0,1,0,1,0,0,0,1,1,0,0,0,0,0,0,0,1
KonIQ-10k IQA Database/512x384/7957627098.jpg,0,0,1,0,0,0,1,0,0,1,0,1,0,0,0,0,1,0,0,0
KonIQ-10k IQA Database/512x384/7957309250.jpg,1,0,0,0,0,1,0,0,1,0,0,1,0,0,0,1,0,0,0,0
KonIQ-10k IQA Database/512x384/7959317086.jpg,0,0,0,0,1,1,0,0,1,0,0,1,0,0,0,1,0,0,0,0
KonIQ-10k IQA Database/512x384/7956634196.jpg,1,0,0,0,0,1,0,0,0,1,0,1,0,0,0,1,0,0,0,0
KonIQ-10k IQA Database/512x384/7963365940.jpg,0,0,1,0,0,0,1,0,1,0,0,1,0,0,0,0,0,0,0,1
KonIQ-10k IQA Database/512x384/7964545096.jpg,0,1,0,0,0,0,1,0,0,0,1,0,0,1,0,0,0,0,0,1
KonIQ-10k IQA Database/512x384/7967382050.jpg,0,0,0,0,1,0,1,0,0,0,1,1,0,0,1,0,0,0,0,0
KonIQ-10k IQA Database/512x384/7969415278.jpg,0,0,0,0,1,0,1,0,0,0,1,1,0,0,0,0,1,0,0,0
KonIQ-10k IQA Database/512x384/7965307114.jpg,0,0,0,0,1,1,0,0,0,1,0,0,1,0,1,1,0,0,0,0
KonIQ-10k IQA Database/512x384/7964487966.jpg,0,1,0,0,0,1,0,0,1,0,0,0,1,0,1,1,0,0,0,0
KonIQ-10k IQA Database/512x384/7969243650.jpg,0,0,0,0,1,0,1,0,0,1,0,1,0,0,0,0,0,0,0,1
KonIQ-10k IQA Database/512x384/7969516070.jpg,0,0,0,0,1,1,0,0,1,0,0,0,0,1,1,0,0,0,0,0
KonIQ-10k IQA Database/512x384/7969586312.jpg,1,0,0,0,0,1,0,0,0,1,0,1,0,0,0,1,0,0,0,0
KonIQ-10k IQA Database/512x384/7971560974.jpg,0,0,1,0,0,0,1,0,0,1,0,0,1,0,0,0,1,0,0,0
KonIQ-10k IQA Database/512x384/7972772456.jpg,1,0,0,0,0,1,0,0,0,1,0,0,0,1,0,1,0,0,0,0
KonIQ-10k IQA Database/512x384/7973547250.jpg,1,0,0,0,0,1,0,0,0,1,0,1,0,0,0,1,0,0,0,0
KonIQ-10k IQA Database/512x384/7974813040.jpg,1,0,0,0,0,1,0,0,0,1,0,0,1,0,1,1,1,0,0,0
KonIQ-10k IQA Database/512x384/7974391613.jpg,1,0,0,0,0,1,0,0,1,0,0,1,0,0,1,1,0,0,0,0
KonIQ-10k IQA Database/512x384/7977665407.jpg,0,0,1,0,0,0,1,0,0,0,1,0,1,0,0,0,1,0,0,0
KonIQ-10k IQA Database/512x384/7975750167.jpg,1,0,0,0,0,1,0,0,0,1,0,1,0,0,0,0,0,0,0,1
KonIQ-10k IQA Database/512x384/7978014444.jpg,1,0,0,0,0,1,0,0,1,0,0,0,0,1,1,1,0,0,1,0
KonIQ-10k IQA Database/512x384/7978282630.jpg,1,0,0,0,0,1,0,0,0,1,0,0,0,1,1,0,0,0,0,0
KonIQ-10k IQA Database/512x384/7979358830.jpg,0,0,0,0,1,1,0,0,1,0,0,0,0,1,1,0,0,0,0,0
KonIQ-10k IQA Database/512x384/7979712862.jpg,0,0,1,0,0,0,0,0,0,0,1,1,0,0,0,0,0,0,0,1
KonIQ-10k IQA Database/512x384/7974813912.jpg,0,0,1,0,0,0,1,0,0,1,0,1,0,0,0,0,0,0,0,1
KonIQ-10k IQA Database/512x384/7980164509.jpg,0,0,1,0,0,0,1,0,0,1,0,1,0,0,0,0,0,0,0,1
KonIQ-10k IQA Database/512x384/7980394491.jpg,0,1,0,0,0,0,1,0,1,0,0,0,1,0,0,1,0,0,0,0
KonIQ-10k IQA Database/512x384/7981422171.jpg,0,1,0,0,0,0,1,0,0,1,0,1,0,0,0,0,0,0,0,1
KonIQ-10k IQA Database/512x384/7979893598.jpg,0,0,1,0,0,0,1,0,0,1,0,0,0,1,0,0,1,0,0,0
KonIQ-10k IQA Database/512x384/7981733981.jpg,0,0,1,0,0,0,1,0,0,1,0,1,0,0,0,0,0,0,0,1
KonIQ-10k IQA Database/512x384/7983035556.jpg,1,0,0,0,0,1,0,0,0,1,0,0,0,1,1,1,0,1,0,0
KonIQ-10k IQA Database/512x384/7983388187.jpg,0,0,1,0,0,0,1,0,0,1,0,1,0,0,0,0,1,0,0,0
KonIQ-10k IQA Database/512x384/7983700558.jpg,0,0,1,0,0,0,1,0,0,1,0,1,0,0,0,0,0,0,0,1
KonIQ-10k IQA Database/512x384/7983529291.jpg,0,0,1,0,0,0,1,0,1,0,0,1,0,0,0,0,0,0,0,1
KonIQ-10k IQA Database/512x384/7984667593.jpg,0,0,0,0,1,0,1,0,0,1,0,0,1,0,0,1,1,0,0,0
KonIQ-10k IQA Database/512x384/7985643395.jpg,1,0,0,0,0,1,0,0,1,0,0,0,1,0,1,1,0,0,0,0
KonIQ-10k IQA Database/512x384/7987564601.jpg,0,0,1,0,0,0,1,0,0,0,1,0,1,0,0,0,1,0,0,0
KonIQ-10k IQA Database/512x384/7987926613.jpg,0,0,1,0,0,0,1,0,0,0,1,1,0,0,0,0,1,0,0,0
KonIQ-10k IQA Database/512x384/7991164057.jpg,0,0,1,0,0,0,1,0,0,1,0,1,0,0,0,0,0,0,0,1
KonIQ-10k IQA Database/512x384/7991449337.jpg,1,0,0,0,0,1,0,0,1,0,0,1,0,0,0,1,0,0,0,0
KonIQ-10k IQA Database/512x384/7991223182.jpg,0,0,1,0,0,0,0,1,0,1,0,1,0,0,0,0,1,0,0,0
KonIQ-10k IQA Database/512x384/7992243526.jpg,0,0,1,0,0,0,1,0,0,0,1,1,0,0,0,0,1,0,0,0
KonIQ-10k IQA Database/512x384/7989520325.jpg,0,0,1,0,0,0,1,0,0,1,0,1,0,0,0,0,0,0,0,1
KonIQ-10k IQA Database/512x384/7992863678.jpg,0,0,1,0,0,0,1,0,0,1,0,1,0,0,0,0,0,0,0,1
KonIQ-10k IQA Database/512x384/7993315454.jpg,0,0,0,0,1,0,0,0,0,0,1,1,0,0,0,0,0,1,0,0
KonIQ-10k IQA Database/512x384/7989292953.jpg,0,0,0,0,1,0,1,0,0,0,1,0,1,0,0,1,0,0,0,0
KonIQ-10k IQA Database/512x384/7994018610.jpg,0,0,0,0,1,1,0,0,1,0,0,1,0,0,0,0,0,0,0,1
KonIQ-10k IQA Database/512x384/7993457702.jpg,0,0,1,0,0,0,1,0,1,0,0,0,1,0,0,0,0,0,0,1
KonIQ-10k IQA Database/512x384/7994058325.jpg,1,0,0,0,0,1,0,0,1,0,0,1,0,0,0,1,0,0,0,0
KonIQ-10k IQA Database/512x384/7996052982.jpg,0,0,0,0,1,0,1,0,0,1,0,0,1,0,0,1,1,0,0,0
KonIQ-10k IQA Database/512x384/7994313310.jpg,0,0,0,0,1,1,0,0,1,0,0,0,1,0,0,0,1,0,0,0
KonIQ-10k IQA Database/512x384/7998024612.jpg,0,0,0,0,1,1,0,0,1,0,0,0,1,0,0,1,1,0,0,0
KonIQ-10k IQA Database/512x384/7996349699.jpg,0,0,1,0,0,0,1,0,0,0,1,1,0,0,0,0,0,0,0,1
KonIQ-10k IQA Database/512x384/7999186610.jpg,0,1,0,0,0,0,1,0,0,0,1,0,1,0,0,1,0,0,0,0
KonIQ-10k IQA Database/512x384/7999779242.jpg,0,0,1,0,0,0,1,0,0,1,0,0,1,0,0,0,1,0,0,0
KonIQ-10k IQA Database/512x384/7998388938.jpg,0,1,0,0,0,1,0,0,1,0,0,1,0,0,1,1,1,0,0,0
KonIQ-10k IQA Database/512x384/7998553110.jpg,1,0,0,0,0,1,0,0,0,1,0,0,1,0,0,1,0,0,1,0
KonIQ-10k IQA Database/512x384/8000756995.jpg,1,0,0,0,0,1,0,0,0,1,0,0,1,0,0,0,0,1,0,0
KonIQ-10k IQA Database/512x384/8001662105.jpg,0,0,0,0,1,0,1,0,0,0,1,1,0,0,0,0,0,0,0,1
KonIQ-10k IQA Database/512x384/8000770201.jpg,1,0,0,0,0,1,0,0,1,0,0,0,0,1,1,0,0,0,0,0
KonIQ-10k IQA Database/512x384/7999886083.jpg,0,1,0,0,0,1,0,0,1,0,0,1,0,0,0,0,1,0,0,0
KonIQ-10k IQA Database/512x384/8002007313.jpg,0,1,0,0,0,1,0,0,0,1,0,0,0,1,1,1,0,0,0,0
KonIQ-10k IQA Database/512x384/8003027258.jpg,0,0,0,0,1,0,0,0,0,1,0,1,0,0,0,0,0,0,0,1
KonIQ-10k IQA Database/512x384/8003576007.jpg,0,1,0,0,0,0,0,1,0,1,0,1,0,0,0,0,1,0,0,0
KonIQ-10k IQA Database/512x384/8003457683.jpg,0,0,0,0,1,0,1,0,1,0,0,1,0,0,0,0,0,0,0,1
KonIQ-10k IQA Database/512x384/8003923043.jpg,0,0,1,0,0,0,1,0,1,0,0,1,0,0,0,0,0,0,0,1
KonIQ-10k IQA Database/512x384/8006234274.jpg,0,1,0,0,0,1,0,0,0,1,0,1,0,0,0,0,0,0,0,1
KonIQ-10k IQA Database/512x384/8005430981.jpg,1,0,0,0,0,1,0,0,1,0,0,0,1,0,0,1,0,0,0,0
KonIQ-10k IQA Database/512x384/8008341376.jpg,0,1,0,0,0,0,0,0,0,0,1,1,0,0,0,0,0,1,0,0
KonIQ-10k IQA Database/512x384/8009325601.jpg,0,0,0,0,1,0,0,1,1,0,0,0,1,0,0,0,1,0,0,0
KonIQ-10k IQA Database/512x384/8005792260.jpg,0,0,1,0,0,0,1,0,0,1,0,1,0,0,0,0,1,0,0,0
KonIQ-10k IQA Database/512x384/8010069396.jpg,0,0,0,0,1,1,0,0,1,0,0,1,0,0,0,1,0,0,0,0
KonIQ-10k IQA Database/512x384/8009623425.jpg,0,0,1,0,0,0,1,0,0,1,0,1,0,0,0,0,1,0,0,0
KonIQ-10k IQA Database/512x384/8010819148.jpg,1,0,0,0,0,1,0,0,0,1,0,0,1,0,0,1,0,0,0,0
KonIQ-10k IQA Database/512x384/8012731043.jpg,1,0,0,0,0,1,0,0,0,1,0,1,0,0,0,1,0,0,0,0
KonIQ-10k IQA Database/512x384/8008251007.jpg,0,0,1,0,0,0,1,0,0,0,1,1,0,0,0,0,0,0,0,1
KonIQ-10k IQA Database/512x384/8015526971.jpg,1,0,0,0,0,1,0,0,0,1,0,0,1,0,0,1,0,0,0,0
KonIQ-10k IQA Database/512x384/8016728166.jpg,1,0,0,0,0,1,0,0,1,0,0,0,1,0,0,1,0,0,0,0
KonIQ-10k IQA Database/512x384/8015637389.jpg,0,0,0,0,1,1,0,0,1,0,0,0,1,0,0,1,1,0,0,0
KonIQ-10k IQA Database/512x384/8015825692.jpg,0,0,0,0,1,1,0,0,0,1,0,1,0,0,0,1,0,0,0,0
KonIQ-10k IQA Database/512x384/8016790601.jpg,0,0,0,0,1,1,0,0,1,0,0,0,1,0,0,1,0,0,0,0
KonIQ-10k IQA Database/512x384/8016871394.jpg,0,0,0,0,1,1,0,0,0,1,0,0,1,0,0,0,1,0,0,0
KonIQ-10k IQA Database/512x384/8016925192.jpg,1,0,0,0,0,1,0,0,0,1,0,0,0,1,1,1,0,0,0,0
KonIQ-10k IQA Database/512x384/8017805417.jpg,0,1,0,0,0,1,0,0,1,0,0,0,0,1,1,0,0,0,1,0
KonIQ-10k IQA Database/512x384/80184044.jpg,0,0,1,0,0,0,1,0,0,1,0,0,1,0,0,0,1,0,0,0
KonIQ-10k IQA Database/512x384/8019221019.jpg,0,0,1,0,0,0,1,0,0,1,0,1,0,0,0,0,0,0,0,1
KonIQ-10k IQA Database/512x384/8021300262.jpg,0,0,0,0,1,1,0,0,1,0,0,0,1,0,1,0,0,1,0,0
KonIQ-10k IQA Database/512x384/8020716606.jpg,0,0,1,0,0,0,1,0,0,1,0,1,0,0,0,0,1,0,0,0
KonIQ-10k IQA Database/512x384/8020739978.jpg,1,0,0,0,0,1,0,0,0,1,0,1,0,0,1,1,0,0,0,0
KonIQ-10k IQA Database/512x384/8021353022.jpg,0,0,0,0,1,1,0,0,1,0,0,0,1,0,1,0,0,1,1,0
KonIQ-10k IQA Database/512x384/8020768393.jpg,0,0,0,1,0,1,0,0,1,0,0,0,1,0,0,1,1,0,0,0
KonIQ-10k IQA Database/512x384/8021456503.jpg,0,1,0,0,0,1,0,0,1,0,0,0,1,0,1,0,1,0,0,0
KonIQ-10k IQA Database/512x384/8022493551.jpg,0,0,0,0,1,1,0,0,1,0,0,0,0,1,1,0,0,0,0,0
KonIQ-10k IQA Database/512x384/8021464988.jpg,0,1,0,0,0,1,0,0,1,0,0,0,1,0,1,0,0,0,0,0
KonIQ-10k IQA Database/512x384/8025466958.jpg,1,0,0,0,0,1,0,0,0,1,0,1,0,0,0,1,0,0,0,0
KonIQ-10k IQA Database/512x384/8023712580.jpg,0,0,1,0,0,0,1,0,1,0,0,1,0,0,0,0,0,0,1,0
KonIQ-10k IQA Database/512x384/8023758470.jpg,0,0,1,0,0,0,1,0,0,1,0,1,0,0,0,1,0,0,0,0
KonIQ-10k IQA Database/512x384/8030242803.jpg,0,1,0,0,0,0,1,0,0,1,0,0,1,0,0,0,1,0,0,0
KonIQ-10k IQA Database/512x384/8026326591.jpg,1,0,0,0,0,1,0,0,0,1,0,1,0,0,0,1,0,0,0,0
KonIQ-10k IQA Database/512x384/8033033726.jpg,0,0,1,0,0,0,1,0,1,0,0,1,0,0,0,0,1,0,0,0
KonIQ-10k IQA Database/512x384/8027425918.jpg,0,1,0,0,0,0,0,1,0,1,0,0,0,1,0,0,1,0,0,0
KonIQ-10k IQA Database/512x384/8033437927.jpg,0,0,1,0,0,0,1,0,0,0,1,1,0,0,0,0,0,0,0,1
KonIQ-10k IQA Database/512x384/8034708472.jpg,0,1,0,0,0,1,0,0,0,1,0,1,0,0,0,0,1,0,0,0
KonIQ-10k IQA Database/512x384/8036033409.jpg,0,0,0,0,1,1,0,0,0,1,0,1,0,0,0,0,0,0,0,1
KonIQ-10k IQA Database/512x384/8036607222.jpg,1,0,0,0,0,1,0,0,1,0,0,0,0,1,1,1,0,0,0,0
KonIQ-10k IQA Database/512x384/8036386438.jpg,0,0,0,0,1,1,0,0,1,0,0,0,1,0,1,1,0,0,0,0
KonIQ-10k IQA Database/512x384/8035433785.jpg,0,1,0,0,0,1,0,0,0,1,0,1,0,0,0,0,0,0,1,0
KonIQ-10k IQA Database/512x384/8034781018.jpg,0,0,1,0,0,0,1,0,0,1,0,1,0,0,0,0,1,0,0,0
KonIQ-10k IQA Database/512x384/8035478082.jpg,0,0,1,0,0,0,1,0,0,0,1,0,1,0,0,0,0,0,0,1
KonIQ-10k IQA Database/512x384/8039052171.jpg,0,0,0,0,1,1,0,0,1,0,0,0,1,0,0,1,1,0,0,0
KonIQ-10k IQA Database/512x384/8039894154.jpg,0,0,1,0,0,0,1,0,0,0,1,1,0,0,0,0,1,0,0,0
KonIQ-10k IQA Database/512x384/8040993311.jpg,0,0,0,0,1,0,1,0,1,0,0,1,0,0,0,1,0,0,0,0
KonIQ-10k IQA Database/512x384/8040007574.jpg,0,0,1,0,0,0,1,0,0,1,0,1,0,0,0,0,0,0,0,1
KonIQ-10k IQA Database/512x384/80417582.jpg,0,0,1,0,0,0,1,0,0,0,1,0,1,0,0,0,1,0,0,0
KonIQ-10k IQA Database/512x384/8041921391.jpg,0,0,1,0,0,0,1,0,0,1,0,1,0,0,0,0,0,0,0,1
KonIQ-10k IQA Database/512x384/8040267298.jpg,0,0,1,0,0,0,1,0,0,1,0,1,0,0,0,0,0,0,0,1
KonIQ-10k IQA Database/512x384/8041277931.jpg,1,0,0,0,0,1,0,0,1,0,0,0,1,0,0,1,0,0,0,0
KonIQ-10k IQA Database/512x384/8041987489.jpg,0,1,0,0,0,0,0,1,0,0,1,0,0,1,0,0,0,0,0,1
KonIQ-10k IQA Database/512x384/8042065108.jpg,0,0,1,0,0,0,1,0,1,0,0,0,1,0,0,0,1,0,0,0
KonIQ-10k IQA Database/512x384/8042361563.jpg,0,0,0,0,1,1,0,0,1,0,0,0,1,0,1,0,0,0,0,0
KonIQ-10k IQA Database/512x384/8042697281.jpg,0,0,1,0,0,0,1,0,0,0,1,1,0,0,0,0,0,0,0,1
KonIQ-10k IQA Database/512x384/8043120593.jpg,1,0,0,0,0,1,0,0,1,0,0,1,0,0,0,0,0,1,0,0
KonIQ-10k IQA Database/512x384/8043482690.jpg,0,0,1,0,0,0,1,0,0,1,0,1,0,0,0,0,1,0,0,0
KonIQ-10k IQA Database/512x384/8042762603.jpg,0,0,0,0,1,1,0,0,1,0,0,1,0,0,0,1,1,0,0,0
KonIQ-10k IQA Database/512x384/8043238323.jpg,1,0,0,0,0,1,0,0,0,1,0,1,0,0,0,1,1,0,0,0
KonIQ-10k IQA Database/512x384/8044704113.jpg,0,0,0,0,1,0,1,0,1,0,0,1,0,0,0,0,0,0,0,1
KonIQ-10k IQA Database/512x384/8045159223.jpg,0,0,1,0,0,0,1,0,0,0,1,1,0,0,0,0,0,0,0,1
KonIQ-10k IQA Database/512x384/8044706176.jpg,0,1,0,0,0,0,1,0,0,0,1,0,1,0,0,1,0,0,0,0
KonIQ-10k IQA Database/512x384/8044678667.jpg,0,0,0,0,1,1,0,0,1,0,0,0,1,0,1,1,1,0,0,0
KonIQ-10k IQA Database/512x384/8046864953.jpg,0,0,0,0,1,1,0,0,1,0,0,0,1,0,1,0,0,0,0,0
KonIQ-10k IQA Database/512x384/8045790915.jpg,0,0,1,0,0,0,1,0,0,1,0,1,0,0,0,0,0,0,0,1
KonIQ-10k IQA Database/512x384/8049709940.jpg,0,0,1,0,0,0,1,0,0,1,0,1,0,0,0,0,0,0,1,0
KonIQ-10k IQA Database/512x384/8048106336.jpg,0,0,0,0,1,1,0,0,1,0,0,1,0,0,1,1,0,0,0,0
KonIQ-10k IQA Database/512x384/8050482362.jpg,0,0,1,0,0,0,1,0,0,1,0,1,0,0,0,0,0,0,0,1
KonIQ-10k IQA Database/512x384/8051569032.jpg,0,0,1,0,0,0,1,0,1,0,0,0,1,0,0,0,1,0,0,0
KonIQ-10k IQA Database/512x384/80498915.jpg,1,0,0,0,0,1,0,0,0,1,0,0,1,0,0,0,0,0,1,0
KonIQ-10k IQA Database/512x384/8050953362.jpg,0,1,0,0,0,1,0,0,1,0,0,1,0,0,1,0,0,0,0,0
KonIQ-10k IQA Database/512x384/8050471028.jpg,1,0,0,0,0,1,0,0,1,0,0,0,1,0,0,1,1,1,0,0
KonIQ-10k IQA Database/512x384/8053452721.jpg,0,0,1,0,0,0,1,0,0,0,1,0,1,0,0,0,1,0,0,0
KonIQ-10k IQA Database/512x384/8054439590.jpg,1,0,0,0,0,1,0,0,1,0,0,0,1,0,0,0,1,0,0,0
KonIQ-10k IQA Database/512x384/8058467090.jpg,0,1,0,0,0,0,1,0,0,0,1,0,0,1,0,0,0,0,0,1
KonIQ-10k IQA Database/512x384/8056693769.jpg,1,0,0,0,0,1,0,0,1,0,0,1,0,0,0,1,0,0,0,0
KonIQ-10k IQA Database/512x384/8055570957.jpg,0,0,1,0,0,0,1,0,0,1,0,1,0,0,0,0,1,0,0,0
KonIQ-10k IQA Database/512x384/8056188485.jpg,1,0,0,0,0,0,0,0,0,0,1,0,0,1,0,1,0,0,1,0
KonIQ-10k IQA Database/512x384/8059797614.jpg,0,0,1,0,0,0,1,0,0,0,1,0,1,0,0,0,0,0,0,1
KonIQ-10k IQA Database/512x384/8055471009.jpg,0,1,0,0,0,1,0,0,1,0,0,0,1,0,1,1,0,0,0,0
KonIQ-10k IQA Database/512x384/8060303212.jpg,0,0,1,0,0,0,1,0,1,0,0,1,0,0,0,0,0,0,0,1
KonIQ-10k IQA Database/512x384/8060465172.jpg,0,0,0,0,1,1,0,0,0,1,0,1,0,0,0,0,0,0,0,1
KonIQ-10k IQA Database/512x384/8062771626.jpg,0,0,0,0,1,0,1,0,1,0,0,1,0,0,0,0,0,0,0,1
KonIQ-10k IQA Database/512x384/8060595540.jpg,0,0,1,0,0,0,1,0,1,0,0,0,1,0,0,0,1,0,0,0
KonIQ-10k IQA Database/512x384/8064104833.jpg,0,0,0,0,1,1,0,0,1,0,0,0,0,1,1,0,0,0,0,0
KonIQ-10k IQA Database/512x384/8065579848.jpg,0,0,0,0,1,0,0,0,0,1,0,1,0,0,0,0,0,0,0,1
KonIQ-10k IQA Database/512x384/8066151099.jpg,0,0,1,0,0,0,1,0,1,0,0,1,0,0,0,1,0,0,0,0
KonIQ-10k IQA Database/512x384/8064361291.jpg,0,0,0,0,1,1,0,0,0,1,0,0,1,0,0,1,1,0,0,0
KonIQ-10k IQA Database/512x384/8066534702.jpg,0,1,0,0,0,0,1,0,0,1,0,0,0,1,0,0,0,0,0,1
KonIQ-10k IQA Database/512x384/8066713457.jpg,0,0,1,0,0,0,0,1,0,1,0,0,0,1,0,0,1,0,0,0
KonIQ-10k IQA Database/512x384/8067632249.jpg,0,1,0,0,0,1,0,0,1,0,0,1,0,0,0,0,0,0,1,0
KonIQ-10k IQA Database/512x384/8069073334.jpg,0,0,1,0,0,0,1,0,0,1,0,0,1,0,0,0,1,0,0,0
KonIQ-10k IQA Database/512x384/8072726562.jpg,0,0,1,0,0,0,1,0,0,0,1,0,1,0,0,0,1,0,0,0
KonIQ-10k IQA Database/512x384/8070731836.jpg,0,1,0,0,0,1,0,0,0,1,0,1,0,0,0,0,0,0,0,1
KonIQ-10k IQA Database/512x384/8073500928.jpg,0,0,1,0,0,0,1,0,0,1,0,1,0,0,0,0,0,0,0,1
KonIQ-10k IQA Database/512x384/8072879274.jpg,1,0,0,0,0,1,0,0,0,1,0,0,1,0,0,0,1,0,1,0
KonIQ-10k IQA Database/512x384/8073301888.jpg,0,0,1,0,0,0,1,0,0,1,0,0,1,0,0,0,1,0,0,0
KonIQ-10k IQA Database/512x384/8073658473.jpg,0,0,0,1,0,1,0,0,1,0,0,0,1,0,0,1,1,0,0,0
KonIQ-10k IQA Database/512x384/8074116162.jpg,0,0,1,0,0,0,1,0,0,0,1,1,0,0,0,0,0,0,0,1
KonIQ-10k IQA Database/512x384/8075121778.jpg,0,0,0,0,1,1,0,0,1,0,0,1,0,0,1,0,0,0,1,0
KonIQ-10k IQA Database/512x384/8074309631.jpg,0,1,0,0,0,1,0,0,1,0,0,0,1,0,0,0,1,0,0,0
KonIQ-10k IQA Database/512x384/8076181424.jpg,0,1,0,0,0,1,0,0,1,0,0,1,0,0,0,1,0,0,0,0
KonIQ-10k IQA Database/512x384/8077318332.jpg,0,0,0,0,1,1,0,0,0,1,0,1,0,0,0,0,0,0,0,1
KonIQ-10k IQA Database/512x384/8077601732.jpg,0,0,1,0,0,0,1,0,0,1,0,1,0,0,0,0,0,0,0,1
KonIQ-10k IQA Database/512x384/8077634378.jpg,1,0,0,0,0,1,0,0,0,1,0,1,0,0,0,1,0,0,0,0
KonIQ-10k IQA Database/512x384/8078070846.jpg,0,0,1,0,0,0,1,0,0,0,1,0,0,1,0,0,1,0,0,0
KonIQ-10k IQA Database/512x384/8081563599.jpg,0,0,0,1,0,0,1,0,0,1,0,0,1,0,0,0,1,0,0,0
KonIQ-10k IQA Database/512x384/8079522861.jpg,0,0,0,0,1,0,0,0,0,1,0,1,0,0,0,0,0,0,0,1
KonIQ-10k IQA Database/512x384/8078731890.jpg,0,0,0,0,1,1,0,0,1,0,0,0,1,0,1,1,0,0,0,0
KonIQ-10k IQA Database/512x384/8083395637.jpg,0,0,0,1,0,0,1,0,0,1,0,1,0,0,0,0,0,0,0,1
KonIQ-10k IQA Database/512x384/8081688318.jpg,0,0,0,0,1,0,1,0,1,0,0,1,0,0,0,0,1,0,0,0
KonIQ-10k IQA Database/512x384/8082249517.jpg,0,1,0,0,0,1,0,0,1,0,0,1,0,0,1,0,0,0,0,0
KonIQ-10k IQA Database/512x384/8084640023.jpg,0,0,1,0,0,0,1,0,0,0,1,1,0,0,0,0,1,0,0,0
KonIQ-10k IQA Database/512x384/8083559682.jpg,0,0,1,0,0,0,1,0,0,1,0,1,0,0,0,1,1,0,0,0
KonIQ-10k IQA Database/512x384/8084074435.jpg,0,0,1,0,0,0,1,0,1,0,0,0,1,0,0,0,1,0,0,0
KonIQ-10k IQA Database/512x384/8083120146.jpg,0,0,0,1,0,1,0,0,0,1,0,1,0,0,1,1,1,0,0,0
KonIQ-10k IQA Database/512x384/8087032429.jpg,0,0,0,0,1,0,0,0,0,1,0,1,0,0,0,0,0,0,0,1
KonIQ-10k IQA Database/512x384/8086705362.jpg,0,0,0,0,1,1,0,0,0,1,0,0,1,0,0,1,0,0,0,0
KonIQ-10k IQA Database/512x384/8087906672.jpg,0,1,0,0,0,1,0,0,1,0,0,0,1,0,1,0,0,0,0,0
KonIQ-10k IQA Database/512x384/8086991348.jpg,0,1,0,0,0,1,0,0,0,1,0,1,0,0,0,0,0,0,0,1
KonIQ-10k IQA Database/512x384/8088110789.jpg,0,0,1,0,0,0,1,0,0,1,0,1,0,0,0,0,0,0,0,1
KonIQ-10k IQA Database/512x384/8088364175.jpg,0,0,1,0,0,0,1,0,0,1,0,0,1,0,0,0,1,0,0,0
KonIQ-10k IQA Database/512x384/8088105369.jpg,0,1,0,0,0,1,0,0,0,1,0,1,0,0,1,1,0,0,0,0
KonIQ-10k IQA Database/512x384/8089499290.jpg,0,0,0,0,1,1,0,0,1,0,0,1,0,0,1,0,0,1,0,0
KonIQ-10k IQA Database/512x384/8091151386.jpg,0,1,0,0,0,0,1,0,0,0,1,0,1,0,0,0,1,0,0,0
KonIQ-10k IQA Database/512x384/8090361774.jpg,0,0,0,1,0,1,0,0,0,1,0,1,0,0,0,0,1,0,0,0
KonIQ-10k IQA Database/512x384/8090282985.jpg,1,0,0,0,0,1,0,0,0,1,0,0,0,1,0,1,0,1,0,0
KonIQ-10k IQA Database/512x384/8093852043.jpg,0,1,0,0,0,0,1,0,0,0,1,0,1,0,1,0,0,0,0,0
KonIQ-10k IQA Database/512x384/8094310910.jpg,1,0,0,0,0,1,0,0,1,0,0,0,1,0,1,0,0,1,0,0
KonIQ-10k IQA Database/512x384/80954980.jpg,0,0,0,1,0,0,1,0,0,1,0,1,0,0,0,0,0,0,0,1
KonIQ-10k IQA Database/512x384/8094870766.jpg,0,0,1,0,0,0,1,0,1,0,0,1,0,0,0,0,0,0,1,0
KonIQ-10k IQA Database/512x384/8095851163.jpg,0,0,1,0,0,0,1,0,0,0,1,1,0,0,0,0,0,0,0,1
KonIQ-10k IQA Database/512x384/8095635777.jpg,0,0,0,0,1,1,0,0,0,0,1,0,1,0,0,1,1,0,0,0
KonIQ-10k IQA Database/512x384/8100293037.jpg,1,0,0,0,0,1,0,0,1,0,0,1,0,0,0,1,0,0,0,0
KonIQ-10k IQA Database/512x384/8096129179.jpg,0,0,1,0,0,1,0,0,0,1,0,1,0,0,0,0,0,0,0,1
KonIQ-10k IQA Database/512x384/8100313754.jpg,0,0,0,0,1,0,0,0,0,1,0,1,0,0,0,1,0,0,0,0
KonIQ-10k IQA Database/512x384/8100783568.jpg,0,0,1,0,0,0,1,0,0,1,0,1,0,0,0,0,0,0,0,1
KonIQ-10k IQA Database/512x384/81006585.jpg,0,0,1,0,0,0,1,0,0,0,1,0,1,0,0,0,0,0,0,1
KonIQ-10k IQA Database/512x384/8101870815.jpg,0,0,1,0,0,0,1,0,0,1,0,1,0,0,0,0,1,0,0,0
KonIQ-10k IQA Database/512x384/8102673511.jpg,0,0,1,0,0,0,1,0,0,0,1,0,1,0,0,0,0,0,0,1
KonIQ-10k IQA Database/512x384/8103867208.jpg,0,0,1,0,0,0,1,0,1,0,0,0,1,0,0,0,1,0,0,0
KonIQ-10k IQA Database/512x384/8103481984.jpg,0,1,0,0,0,1,0,0,1,0,0,1,0,0,0,0,0,0,0,1
KonIQ-10k IQA Database/512x384/8104089685.jpg,1,0,0,0,0,0,0,0,0,0,1,1,0,0,0,1,0,0,0,0
KonIQ-10k IQA Database/512x384/8102502953.jpg,0,0,0,0,1,1,0,0,1,0,0,0,1,0,1,0,0,0,0,0
KonIQ-10k IQA Database/512x384/8105160200.jpg,0,0,1,0,0,0,1,0,0,1,0,1,0,0,0,0,1,0,0,0
KonIQ-10k IQA Database/512x384/8106242836.jpg,0,0,0,0,1,0,1,0,0,1,0,0,1,0,0,1,1,0,0,0
KonIQ-10k IQA Database/512x384/8106557639.jpg,1,0,0,0,0,1,0,0,0,1,0,1,0,0,0,1,0,0,0,0
KonIQ-10k IQA Database/512x384/8107402006.jpg,0,0,0,0,1,1,0,0,1,0,0,1,0,0,0,1,1,0,0,0
KonIQ-10k IQA Database/512x384/8106933398.jpg,0,0,0,0,1,0,1,0,0,0,1,0,0,1,0,0,0,0,0,1
KonIQ-10k IQA Database/512x384/8107454103.jpg,0,0,0,0,1,0,1,0,1,0,0,1,0,0,0,0,0,0,0,1
KonIQ-10k IQA Database/512x384/8108709244.jpg,0,0,1,0,0,0,1,0,0,1,0,0,1,0,0,0,0,0,0,1
KonIQ-10k IQA Database/512x384/8108582186.jpg,0,0,0,0,1,1,0,0,0,1,0,0,1,0,1,1,1,0,0,0
KonIQ-10k IQA Database/512x384/8108590859.jpg,0,0,0,0,1,1,0,0,0,1,0,1,0,0,0,0,0,1,1,0
KonIQ-10k IQA Database/512x384/8108820426.jpg,1,0,0,0,0,1,0,0,1,0,0,0,1,0,1,1,0,0,0,0
KonIQ-10k IQA Database/512x384/8109380358.jpg,0,0,1,0,0,0,1,0,0,1,0,1,0,0,0,0,1,0,0,0
KonIQ-10k IQA Database/512x384/8109558815.jpg,0,0,0,1,0,1,0,0,0,1,0,1,0,0,0,0,1,0,0,0
KonIQ-10k IQA Database/512x384/8108912190.jpg,1,0,0,0,0,1,0,0,0,1,0,1,0,0,1,1,0,0,0,0
KonIQ-10k IQA Database/512x384/8109560495.jpg,1,0,0,0,0,1,0,0,0,1,0,0,1,0,0,1,0,0,0,0
KonIQ-10k IQA Database/512x384/8110370052.jpg,0,1,0,0,0,1,0,0,1,0,0,1,0,0,1,0,0,0,0,0
KonIQ-10k IQA Database/512x384/8113113251.jpg,0,1,0,0,0,1,0,0,0,1,0,1,0,0,0,1,0,0,0,0
KonIQ-10k IQA Database/512x384/8113190555.jpg,1,0,0,0,0,1,0,0,1,0,0,0,1,0,1,1,0,0,0,0
KonIQ-10k IQA Database/512x384/8113244210.jpg,0,1,0,0,0,1,0,0,1,0,0,1,0,0,1,1,0,0,0,0
KonIQ-10k IQA Database/512x384/8113369457.jpg,0,0,0,1,0,0,1,0,1,0,0,1,0,0,0,0,1,0,1,0
KonIQ-10k IQA Database/512x384/8113245382.jpg,0,1,0,0,0,1,0,0,0,1,0,1,0,0,1,0,0,0,0,0
KonIQ-10k IQA Database/512x384/8114138182.jpg,0,0,0,0,1,0,1,0,1,0,0,1,0,0,0,0,0,0,0,1
KonIQ-10k IQA Database/512x384/8114369605.jpg,0,0,1,0,0,0,1,0,0,1,0,1,0,0,0,0,0,0,0,1
KonIQ-10k IQA Database/512x384/8113498731.jpg,0,1,0,0,0,1,0,0,1,0,0,1,0,0,0,0,0,0,1,0
KonIQ-10k IQA Database/512x384/8115151138.jpg,0,0,1,0,0,0,1,0,0,1,0,1,0,0,0,0,0,0,0,1
KonIQ-10k IQA Database/512x384/8115433304.jpg,0,0,1,0,0,0,1,0,0,0,1,1,0,0,0,0,1,0,0,0
KonIQ-10k IQA Database/512x384/8116711629.jpg,0,0,0,1,0,1,0,0,1,0,0,1,0,0,0,0,0,0,1,0
KonIQ-10k IQA Database/512x384/8116678978.jpg,0,0,1,0,0,1,0,0,0,1,0,1,0,0,0,0,0,0,0,1
KonIQ-10k IQA Database/512x384/8120535413.jpg,0,0,1,0,0,0,1,0,0,0,1,1,0,0,0,0,1,0,0,0
KonIQ-10k IQA Database/512x384/8120809574.jpg,0,0,1,0,0,0,1,0,0,1,0,1,0,0,0,0,0,0,0,1
KonIQ-10k IQA Database/512x384/8118290739.jpg,0,0,1,0,0,0,1,0,0,1,0,1,0,0,0,0,1,0,0,0
KonIQ-10k IQA Database/512x384/8121424411.jpg,0,0,1,0,0,0,1,0,0,1,0,1,0,0,0,0,0,0,0,1
KonIQ-10k IQA Database/512x384/8120735257.jpg,0,0,0,0,1,0,1,0,0,1,0,1,0,0,0,0,1,0,0,0
KonIQ-10k IQA Database/512x384/8121591181.jpg,0,0,1,0,0,0,1,0,0,0,1,0,1,0,0,0,1,0,0,0
KonIQ-10k IQA Database/512x384/8121860471.jpg,0,0,0,0,1,1,0,0,1,0,0,0,0,1,1,0,0,0,1,0
KonIQ-10k IQA Database/512x384/8122853098.jpg,0,0,0,0,1,0,1,0,1,0,0,1,0,0,0,0,0,0,0,1
KonIQ-10k IQA Database/512x384/8121986127.jpg,0,0,0,0,1,0,1,0,0,0,1,0,0,1,0,0,0,0,0,1
KonIQ-10k IQA Database/512x384/8125828960.jpg,0,0,0,0,1,1,0,0,1,0,0,0,0,1,1,0,0,0,0,0
KonIQ-10k IQA Database/512x384/8123324192.jpg,0,0,1,0,0,0,1,0,0,1,0,1,0,0,0,0,0,0,0,1
KonIQ-10k IQA Database/512x384/8126953338.jpg,0,0,1,0,0,0,1,0,0,0,1,1,0,0,0,0,0,0,0,1
KonIQ-10k IQA Database/512x384/8127311442.jpg,0,1,0,0,0,0,1,0,0,0,1,0,1,0,1,0,0,0,0,0
KonIQ-10k IQA Database/512x384/8127846229.jpg,0,0,1,0,0,0,1,0,0,0,1,1,0,0,0,0,1,0,0,0
KonIQ-10k IQA Database/512x384/8128298263.jpg,0,0,0,0,1,1,0,0,1,0,0,0,1,0,1,0,0,0,0,0
KonIQ-10k IQA Database/512x384/8125869229.jpg,1,0,0,0,0,1,0,0,1,0,0,0,1,0,0,0,0,0,0,1
KonIQ-10k IQA Database/512x384/8128596449.jpg,0,0,0,0,1,1,0,0,1,0,0,0,0,1,1,0,0,0,0,0
KonIQ-10k IQA Database/512x384/8128896956.jpg,0,0,1,0,0,0,1,0,1,0,0,1,0,0,0,0,0,0,0,1
KonIQ-10k IQA Database/512x384/8129021372.jpg,0,0,0,0,1,0,0,0,0,0,1,1,0,0,0,1,0,0,0,0
KonIQ-10k IQA Database/512x384/8128148667.jpg,1,0,0,0,0,1,0,0,1,0,0,1,0,0,0,1,0,0,0,0
KonIQ-10k IQA Database/512x384/81292981.jpg,0,0,0,0,1,0,1,0,0,0,1,1,0,0,0,0,0,0,0,1
KonIQ-10k IQA Database/512x384/8130446271.jpg,0,0,0,0,1,1,0,0,1,0,0,0,1,0,1,0,0,0,0,0
KonIQ-10k IQA Database/512x384/8129206186.jpg,0,0,0,0,1,1,0,0,0,1,0,1,0,0,0,0,0,0,1,0
KonIQ-10k IQA Database/512x384/8130387818.jpg,0,0,0,0,1,1,0,0,1,0,0,0,1,0,1,0,0,0,0,0
KonIQ-10k IQA Database/512x384/8130469512.jpg,0,0,0,0,1,1,0,0,1,0,0,0,1,0,1,0,0,0,0,0
KonIQ-10k IQA Database/512x384/8131856300.jpg,0,0,1,0,0,0,1,0,0,1,0,0,1,0,0,0,1,0,0,0
KonIQ-10k IQA Database/512x384/8130745750.jpg,1,0,0,0,0,1,0,0,0,1,0,1,0,0,0,1,0,0,1,0
KonIQ-10k IQA Database/512x384/8132835141.jpg,0,0,1,0,0,0,1,0,1,0,0,1,0,0,0,0,0,0,0,1
KonIQ-10k IQA Database/512x384/8132808180.jpg,1,0,0,0,0,1,0,0,0,1,0,1,0,0,0,1,0,0,0,0
KonIQ-10k IQA Database/512x384/8132171428.jpg,1,0,0,0,0,1,0,0,1,0,0,0,0,1,1,0,0,0,1,0
KonIQ-10k IQA Database/512x384/8136167992.jpg,0,0,0,0,1,0,1,0,0,1,0,1,0,0,0,0,1,0,0,0
KonIQ-10k IQA Database/512x384/8135725807.jpg,0,0,0,0,1,1,0,0,1,0,0,0,0,1,1,1,1,0,0,0
KonIQ-10k IQA Database/512x384/8134031054.jpg,0,1,0,0,0,0,1,0,0,0,1,1,0,0,0,0,0,0,0,1
KonIQ-10k IQA Database/512x384/8137649050.jpg,1,0,0,0,0,1,0,0,1,0,0,0,0,1,0,1,0,1,1,0
KonIQ-10k IQA Database/512x384/8137767984.jpg,0,0,0,0,1,0,1,0,0,0,1,1,0,0,0,0,0,0,0,1
KonIQ-10k IQA Database/512x384/8137709650.jpg,0,0,0,1,0,0,1,0,0,1,0,1,0,0,0,0,1,0,0,0
KonIQ-10k IQA Database/512x384/8138101923.jpg,1,0,0,0,0,1,0,0,0,1,0,0,1,0,0,1,1,0,0,0
KonIQ-10k IQA Database/512x384/8141906514.jpg,1,0,0,0,0,1,0,0,1,0,0,0,0,1,0,1,1,0,0,0
KonIQ-10k IQA Database/512x384/8142555462.jpg,0,0,1,0,0,0,1,0,0,1,0,0,1,0,0,0,0,0,0,1
KonIQ-10k IQA Database/512x384/8142530403.jpg,0,1,0,0,0,1,0,0,0,1,0,0,1,0,1,1,0,0,0,0
KonIQ-10k IQA Database/512x384/8142588958.jpg,0,0,1,0,0,0,1,0,1,0,0,0,1,0,0,0,1,0,0,0
KonIQ-10k IQA Database/512x384/8142580716.jpg,0,0,0,0,1,0,0,0,0,0,1,1,0,0,0,0,0,0,0,1
KonIQ-10k IQA Database/512x384/8142609774.jpg,0,0,0,0,1,1,0,0,1,0,0,0,1,0,1,0,1,1,0,0
KonIQ-10k IQA Database/512x384/8144270233.jpg,1,0,0,0,0,1,0,0,1,0,0,1,0,0,1,0,0,1,1,0
KonIQ-10k IQA Database/512x384/8145791705.jpg,0,0,1,0,0,0,1,0,1,0,0,1,0,0,0,0,0,0,1,0
KonIQ-10k IQA Database/512x384/8142864218.jpg,1,0,0,0,0,1,0,0,1,0,0,0,1,0,0,1,1,0,0,0
KonIQ-10k IQA Database/512x384/8148747862.jpg,0,0,1,0,0,0,1,0,0,1,0,1,0,0,0,0,0,0,0,1
KonIQ-10k IQA Database/512x384/8144691822.jpg,0,0,0,1,0,1,0,0,1,0,0,0,1,0,1,1,1,0,0,0
KonIQ-10k IQA Database/512x384/8152535252.jpg,0,0,1,0,0,0,1,0,0,0,1,0,1,0,0,0,0,0,0,1
KonIQ-10k IQA Database/512x384/8152475637.jpg,0,0,1,0,0,0,1,0,0,0,1,0,1,0,0,0,1,0,0,0
KonIQ-10k IQA Database/512x384/8152567908.jpg,0,1,0,0,0,0,1,0,0,0,1,1,0,0,0,0,0,0,0,1
KonIQ-10k IQA Database/512x384/8150322605.jpg,1,0,0,0,0,1,0,0,1,0,0,0,1,0,0,1,1,0,0,0
KonIQ-10k IQA Database/512x384/8154496951.jpg,0,0,1,0,0,0,1,0,0,0,1,1,0,0,0,0,0,0,0,1
KonIQ-10k IQA Database/512x384/8154204617.jpg,1,0,0,0,0,1,0,0,0,1,0,0,1,0,0,1,0,0,0,0
KonIQ-10k IQA Database/512x384/8152645114.jpg,0,1,0,0,0,0,1,0,0,0,1,1,0,0,0,0,0,0,0,1
KonIQ-10k IQA Database/512x384/8154345084.jpg,0,1,0,0,0,1,0,0,1,0,0,0,1,0,1,0,0,0,1,0
KonIQ-10k IQA Database/512x384/8156608688.jpg,1,0,0,0,0,1,0,0,1,0,0,1,0,0,0,1,0,0,0,0
KonIQ-10k IQA Database/512x384/8155106995.jpg,0,0,0,0,1,0,1,0,0,1,0,0,0,1,0,0,0,0,0,1
KonIQ-10k IQA Database/512x384/8157038620.jpg,1,0,0,0,0,1,0,0,1,0,0,1,0,0,1,1,0,0,1,0
KonIQ-10k IQA Database/512x384/8156018718.jpg,0,0,0,0,1,1,0,0,1,0,0,0,1,0,1,1,0,0,0,0
KonIQ-10k IQA Database/512x384/8157884969.jpg,0,1,0,0,0,0,1,0,0,0,1,0,0,1,0,0,0,1,0,0
KonIQ-10k IQA Database/512x384/8157886874.jpg,0,0,0,0,1,0,0,0,1,0,0,1,0,0,0,0,0,0,0,1
KonIQ-10k IQA Database/512x384/8158072489.jpg,0,0,1,0,0,0,1,0,1,0,0,1,0,0,0,1,0,0,0,0
KonIQ-10k IQA Database/512x384/8157117322.jpg,0,0,1,0,0,0,1,0,1,0,0,1,0,0,0,0,1,0,0,0
KonIQ-10k IQA Database/512x384/8158344434.jpg,0,0,1,0,0,0,1,0,1,0,0,1,0,0,0,0,1,0,0,0
KonIQ-10k IQA Database/512x384/8158011851.jpg,0,0,1,0,0,0,1,0,0,1,0,1,0,0,0,0,1,0,0,0
KonIQ-10k IQA Database/512x384/8159044184.jpg,0,0,0,0,1,0,1,0,1,0,0,0,0,1,0,0,0,0,0,1
KonIQ-10k IQA Database/512x384/8158453521.jpg,1,0,0,0,0,1,0,0,0,1,0,1,0,0,1,1,0,0,0,0
KonIQ-10k IQA Database/512x384/8159815111.jpg,1,0,0,0,0,0,0,0,0,0,1,0,0,1,0,0,0,0,1,0
KonIQ-10k IQA Database/512x384/8161767113.jpg,0,0,1,0,0,0,1,0,1,0,0,1,0,0,0,0,0,0,0,1
KonIQ-10k IQA Database/512x384/8162764501.jpg,0,0,0,0,1,1,0,0,0,1,0,1,0,0,0,0,0,0,0,1
KonIQ-10k IQA Database/512x384/8163644568.jpg,0,1,0,0,0,0,1,0,0,0,1,0,0,1,0,0,0,0,0,1
KonIQ-10k IQA Database/512x384/8162335542.jpg,0,0,1,0,0,0,1,0,0,0,1,0,1,0,0,0,1,0,0,0
KonIQ-10k IQA Database/512x384/8164370728.jpg,0,0,1,0,0,0,1,0,1,0,0,1,0,0,0,0,0,0,0,1
KonIQ-10k IQA Database/512x384/8165044722.jpg,0,0,0,0,1,0,0,1,1,0,0,1,0,0,0,0,0,0,0,1
KonIQ-10k IQA Database/512x384/8165323576.jpg,0,0,1,0,0,0,1,0,0,0,1,0,1,0,0,0,0,0,0,1
KonIQ-10k IQA Database/512x384/8164688693.jpg,1,0,0,0,0,1,0,0,1,0,0,1,0,0,0,1,0,0,0,0
KonIQ-10k IQA Database/512x384/8166756819.jpg,0,0,1,0,0,0,1,0,0,0,1,1,0,0,0,0,0,0,1,0
KonIQ-10k IQA Database/512x384/8167486220.jpg,0,0,1,0,0,0,1,0,1,0,0,1,0,0,0,0,0,0,0,1
KonIQ-10k IQA Database/512x384/8167676296.jpg,0,0,1,0,0,0,1,0,0,1,0,1,0,0,0,0,0,0,0,1
KonIQ-10k IQA Database/512x384/8169167251.jpg,0,0,1,0,0,0,1,0,0,0,1,1,0,0,0,0,0,0,0,1
KonIQ-10k IQA Database/512x384/8167934912.jpg,0,0,1,0,0,0,1,0,1,0,0,0,1,0,0,0,1,0,0,0
KonIQ-10k IQA Database/512x384/8172599370.jpg,0,0,1,0,0,0,1,0,0,1,0,1,0,0,0,0,0,0,0,1
KonIQ-10k IQA Database/512x384/8171751224.jpg,0,0,0,0,1,0,1,0,0,1,0,0,1,0,0,1,1,0,0,0
KonIQ-10k IQA Database/512x384/8171907364.jpg,0,0,1,0,0,0,1,0,0,0,1,1,0,0,0,0,1,0,0,0
KonIQ-10k IQA Database/512x384/8174015928.jpg,0,0,1,0,0,0,1,0,0,0,1,1,0,0,0,0,0,0,0,1
KonIQ-10k IQA Database/512x384/8175674967.jpg,0,0,0,0,1,0,0,1,0,1,0,0,1,0,0,0,0,0,1,0
KonIQ-10k IQA Database/512x384/8176025549.jpg,0,1,0,0,0,1,0,0,1,0,0,0,1,0,1,1,0,0,0,0
KonIQ-10k IQA Database/512x384/8175828572.jpg,0,1,0,0,0,1,0,0,0,1,0,0,1,0,0,1,1,0,0,0
KonIQ-10k IQA Database/512x384/8177168382.jpg,0,0,1,0,0,0,1,0,0,1,0,1,0,0,0,0,1,0,0,0
KonIQ-10k IQA Database/512x384/8177148898.jpg,0,0,1,0,0,0,1,0,0,1,0,1,0,0,0,0,1,0,0,0
KonIQ-10k IQA Database/512x384/8176328950.jpg,0,0,1,0,0,0,1,0,0,0,1,1,0,0,0,0,1,0,0,0
KonIQ-10k IQA Database/512x384/8176381032.jpg,0,0,1,0,0,0,1,0,0,0,1,1,0,0,0,0,1,0,0,0
KonIQ-10k IQA Database/512x384/8178540063.jpg,1,0,0,0,0,0,1,0,0,0,1,0,0,1,1,0,0,1,0,0
KonIQ-10k IQA Database/512x384/8178731250.jpg,0,0,0,0,1,1,0,0,1,0,0,1,0,0,1,0,1,0,0,0
KonIQ-10k IQA Database/512x384/8178464033.jpg,1,0,0,0,0,1,0,0,1,0,0,0,1,0,0,1,0,0,0,0
KonIQ-10k IQA Database/512x384/81792355027.jpg,0,0,0,1,0,1,0,0,0,1,0,1,0,0,0,0,1,0,0,0
KonIQ-10k IQA Database/512x384/8179235502.jpg,0,0,0,1,0,1,0,0,0,1,0,1,0,0,0,0,1,0,0,0
KonIQ-10k IQA Database/512x384/8178834291.jpg,0,0,1,0,0,0,1,0,0,1,0,1,0,0,0,0,0,0,0,1
KonIQ-10k IQA Database/512x384/8179397976.jpg,0,0,1,0,0,0,1,0,1,0,0,1,0,0,0,0,0,0,1,0
KonIQ-10k IQA Database/512x384/8179375247.jpg,0,0,0,1,0,0,1,0,1,0,0,0,1,0,0,0,1,0,0,0
KonIQ-10k IQA Database/512x384/8179500414.jpg,0,0,0,1,0,0,1,0,1,0,0,0,1,0,0,0,1,0,0,0
KonIQ-10k IQA Database/512x384/8179614383.jpg,0,0,1,0,0,0,1,0,0,0,1,1,0,0,0,0,1,0,0,0
KonIQ-10k IQA Database/512x384/8181726766.jpg,0,1,0,0,0,1,0,0,1,0,0,0,0,1,0,0,0,0,1,0
KonIQ-10k IQA Database/512x384/8182393998.jpg,0,0,0,0,1,0,0,0,0,0,1,0,0,1,0,0,0,0,0,1
KonIQ-10k IQA Database/512x384/8179882827.jpg,1,0,0,0,0,1,0,0,0,1,0,1,0,0,0,1,0,0,0,0
KonIQ-10k IQA Database/512x384/8182062575.jpg,0,1,0,0,0,1,0,0,0,1,0,0,1,0,0,0,1,0,0,0
KonIQ-10k IQA Database/512x384/8183790186.jpg,0,0,0,0,1,0,0,1,0,0,1,0,1,0,1,0,0,0,0,0
KonIQ-10k IQA Database/512x384/8183741020.jpg,0,0,1,0,0,0,0,0,0,1,0,1,0,0,0,0,0,0,0,1
KonIQ-10k IQA Database/512x384/8183781293.jpg,0,0,1,0,0,0,1,0,0,1,0,0,1,0,0,0,1,0,0,0
KonIQ-10k IQA Database/512x384/8184075727.jpg,0,0,1,0,0,0,1,0,0,1,0,0,1,0,0,0,1,0,0,0
KonIQ-10k IQA Database/512x384/8184338593.jpg,0,0,0,0,1,1,0,0,1,0,0,1,0,0,0,0,0,0,0,1
KonIQ-10k IQA Database/512x384/8184978499.jpg,1,0,0,0,0,1,0,0,0,1,0,0,1,0,0,0,0,0,1,0
KonIQ-10k IQA Database/512x384/8185807831.jpg,0,1,0,0,0,1,0,0,0,1,0,0,1,0,0,0,0,0,0,1
KonIQ-10k IQA Database/512x384/8185021640.jpg,1,0,0,0,0,1,0,0,0,1,0,0,1,0,0,0,0,0,1,0
KonIQ-10k IQA Database/512x384/8185829074.jpg,0,0,0,0,1,0,0,0,0,1,0,1,0,0,0,0,0,0,0,1
KonIQ-10k IQA Database/512x384/8186599780.jpg,0,0,0,0,1,0,1,0,0,0,1,0,1,0,0,0,1,0,0,0
KonIQ-10k IQA Database/512x384/8186224852.jpg,0,1,0,0,0,0,0,1,0,1,0,1,0,0,0,0,0,0,0,1
KonIQ-10k IQA Database/512x384/818793256.jpg,0,0,1,0,0,0,1,0,0,1,0,1,0,0,0,0,0,0,0,1
KonIQ-10k IQA Database/512x384/8188461365.jpg,0,1,0,0,0,1,0,0,1,0,0,0,1,0,0,0,1,0,0,0
KonIQ-10k IQA Database/512x384/8188524067.jpg,0,1,0,0,0,0,1,0,0,0,1,0,1,0,0,0,0,0,0,1
KonIQ-10k IQA Database/512x384/8188022955.jpg,0,0,1,0,0,0,1,0,0,1,0,1,0,0,0,0,0,0,0,1
KonIQ-10k IQA Database/512x384/8192992760.jpg,0,0,0,0,1,1,0,0,1,0,0,1,0,0,0,0,0,0,1,0
KonIQ-10k IQA Database/512x384/8192678214.jpg,0,0,0,0,1,1,0,0,1,0,0,0,1,0,1,0,0,0,0,0
KonIQ-10k IQA Database/512x384/8189726942.jpg,0,0,1,0,0,0,1,0,0,1,0,1,0,0,0,0,0,0,1,0
KonIQ-10k IQA Database/512x384/8194417466.jpg,0,0,1,0,0,0,1,0,1,0,0,1,0,0,0,0,0,0,1,0
KonIQ-10k IQA Database/512x384/8194129270.jpg,0,0,1,0,0,0,1,0,1,0,0,1,0,0,0,0,0,0,0,1
KonIQ-10k IQA Database/512x384/8189076643.jpg,0,1,0,0,0,1,0,0,1,0,0,0,1,0,1,1,1,0,0,0
KonIQ-10k IQA Database/512x384/8191059336.jpg,1,0,0,0,0,1,0,0,1,0,0,1,0,0,0,1,0,0,0,0
KonIQ-10k IQA Database/512x384/8195268203.jpg,0,0,1,0,0,0,1,0,0,0,1,1,0,0,0,1,0,0,0,0
KonIQ-10k IQA Database/512x384/8195543723.jpg,0,0,0,0,1,0,1,0,1,0,0,1,0,0,0,0,0,0,0,1
KonIQ-10k IQA Database/512x384/8195491375.jpg,0,0,1,0,0,0,1,0,0,0,1,0,1,0,0,0,0,0,0,1
KonIQ-10k IQA Database/512x384/8195809276.jpg,0,0,1,0,0,0,1,0,0,1,0,1,0,0,0,0,1,0,0,0
KonIQ-10k IQA Database/512x384/8197401957.jpg,0,0,0,0,1,1,0,0,0,1,0,1,0,0,0,0,0,0,0,1
KonIQ-10k IQA Database/512x384/8196266010.jpg,0,0,1,0,0,0,1,0,0,1,0,1,0,0,0,0,1,0,0,0
KonIQ-10k IQA Database/512x384/8195917264.jpg,0,0,1,0,0,0,1,0,0,1,0,0,1,0,0,0,1,0,0,0
KonIQ-10k IQA Database/512x384/81974019574.jpg,0,0,0,0,1,1,0,0,0,1,0,0,1,0,0,0,0,0,0,1
KonIQ-10k IQA Database/512x384/8197822329.jpg,0,0,0,0,1,1,0,0,0,0,1,0,1,0,0,0,0,1,0,0
KonIQ-10k IQA Database/512x384/8199731208.jpg,0,1,0,0,0,1,0,0,0,1,0,0,1,0,1,0,0,0,0,0
KonIQ-10k IQA Database/512x384/8199832249.jpg,0,0,1,0,0,0,1,0,0,0,1,1,0,0,0,0,1,0,0,0
KonIQ-10k IQA Database/512x384/8200520446.jpg,0,0,0,0,1,1,0,0,1,0,0,1,0,0,0,1,0,0,0,0
KonIQ-10k IQA Database/512x384/8201445603.jpg,0,0,1,0,0,0,1,0,0,0,1,1,0,0,0,0,1,0,0,0
KonIQ-10k IQA Database/512x384/8199545794.jpg,0,0,0,0,1,1,0,0,1,0,0,1,0,0,1,0,0,0,0,0
KonIQ-10k IQA Database/512x384/8201796429.jpg,0,0,1,0,0,0,1,0,1,0,0,1,0,0,0,0,0,0,0,1
KonIQ-10k IQA Database/512x384/8201535489.jpg,0,0,1,0,0,1,0,0,1,0,0,1,0,0,0,1,0,0,0,0
KonIQ-10k IQA Database/512x384/8203037764.jpg,0,1,0,0,0,0,1,0,0,1,0,0,1,0,0,0,0,0,0,1
KonIQ-10k IQA Database/512x384/8207139364.jpg,1,0,0,0,0,1,0,0,1,0,0,0,0,1,1,0,0,0,0,0
KonIQ-10k IQA Database/512x384/8203914551.jpg,1,0,0,0,0,1,0,0,1,0,0,0,1,0,1,1,1,0,0,0
KonIQ-10k IQA Database/512x384/8206370859.jpg,0,0,1,0,0,0,1,0,0,1,0,0,1,0,0,0,0,0,0,1
KonIQ-10k IQA Database/512x384/8208757707.jpg,0,0,0,0,1,1,0,0,0,1,0,0,1,0,0,0,0,1,0,0
KonIQ-10k IQA Database/512x384/8207322738.jpg,1,0,0,0,0,1,0,0,0,1,0,0,0,1,1,1,0,1,0,0
KonIQ-10k IQA Database/512x384/8207527983.jpg,0,0,0,0,1,0,0,0,0,1,0,1,0,0,0,1,0,0,0,0
KonIQ-10k IQA Database/512x384/8208615482.jpg,0,1,0,0,0,1,0,0,1,0,0,1,0,0,0,1,1,0,0,0
KonIQ-10k IQA Database/512x384/8209638994.jpg,0,0,0,0,1,1,0,0,0,1,0,1,0,0,0,0,0,0,0,1
KonIQ-10k IQA Database/512x384/8209647019.jpg,0,1,0,0,0,1,0,0,1,0,0,0,1,0,1,1,1,0,0,0
KonIQ-10k IQA Database/512x384/8210857374.jpg,0,0,0,0,1,1,0,0,1,0,0,0,1,0,1,0,0,0,0,0
KonIQ-10k IQA Database/512x384/8210031777.jpg,0,0,1,0,0,0,1,0,0,1,0,1,0,0,0,0,0,0,0,1
KonIQ-10k IQA Database/512x384/8210890973.jpg,0,0,1,0,0,0,1,0,0,1,0,0,1,0,0,0,1,0,0,0
KonIQ-10k IQA Database/512x384/8212033390.jpg,0,0,1,0,0,0,1,0,0,1,0,0,1,0,0,0,0,0,0,1
KonIQ-10k IQA Database/512x384/8212081020.jpg,0,0,1,0,0,0,1,0,0,0,1,1,0,0,0,0,0,0,0,1
KonIQ-10k IQA Database/512x384/8211686846.jpg,0,0,0,0,1,0,1,0,0,1,0,1,0,0,0,0,1,0,0,0
KonIQ-10k IQA Database/512x384/8212301132.jpg,0,0,0,0,1,0,1,0,0,1,0,1,0,0,0,1,0,0,0,0
KonIQ-10k IQA Database/512x384/8213296844.jpg,0,0,1,0,0,0,1,0,1,0,0,1,0,0,0,0,1,0,0,0
KonIQ-10k IQA Database/512x384/8214901795.jpg,1,0,0,0,0,1,0,0,1,0,0,0,0,1,0,0,0,0,0,1
KonIQ-10k IQA Database/512x384/8215413789.jpg,0,0,0,1,0,0,1,0,1,0,0,0,1,0,0,0,1,0,0,0
KonIQ-10k IQA Database/512x384/8215066958.jpg,1,0,0,0,0,1,0,0,0,1,0,0,1,0,0,1,0,0,0,0
KonIQ-10k IQA Database/512x384/8216118608.jpg,0,0,0,0,1,1,0,0,1,0,0,0,1,0,0,0,1,0,0,0
KonIQ-10k IQA Database/512x384/8213284057.jpg,0,1,0,0,0,0,1,0,0,0,1,0,1,0,0,1,0,0,0,0
KonIQ-10k IQA Database/512x384/8216243918.jpg,0,0,0,0,1,1,0,0,0,1,0,0,1,0,1,1,0,0,0,0
KonIQ-10k IQA Database/512x384/8216954885.jpg,0,0,0,0,1,1,0,0,0,1,0,0,1,0,1,1,0,0,0,0
KonIQ-10k IQA Database/512x384/8217034676.jpg,0,0,1,0,0,0,1,0,0,0,1,0,1,0,0,0,0,0,0,1
KonIQ-10k IQA Database/512x384/82183009.jpg,0,0,0,0,1,0,1,0,0,0,1,1,0,0,0,0,0,0,0,1
KonIQ-10k IQA Database/512x384/8218123958.jpg,1,0,0,0,0,0,0,0,0,0,1,0,1,0,1,0,0,0,1,0
KonIQ-10k IQA Database/512x384/8218987987.jpg,0,0,0,0,1,0,1,0,1,0,0,1,0,0,0,0,0,0,0,1
KonIQ-10k IQA Database/512x384/8218739759.jpg,0,0,1,0,0,0,1,0,0,1,0,1,0,0,0,0,1,0,0,0
KonIQ-10k IQA Database/512x384/8220742117.jpg,0,0,0,0,1,0,1,0,0,0,1,0,0,1,0,0,0,0,0,1
KonIQ-10k IQA Database/512x384/8219032452.jpg,1,0,0,0,0,0,1,0,0,0,1,1,0,0,0,1,0,0,0,0
KonIQ-10k IQA Database/512x384/8219528225.jpg,0,1,0,0,0,0,1,0,0,1,0,0,1,0,0,0,1,0,0,0
KonIQ-10k IQA Database/512x384/8221139072.jpg,0,0,1,0,0,0,1,0,0,1,0,0,1,0,0,0,1,0,0,0
KonIQ-10k IQA Database/512x384/8223457724.jpg,0,0,1,0,0,0,1,0,0,0,1,0,1,0,0,0,0,1,0,0
KonIQ-10k IQA Database/512x384/8225184235.jpg,0,0,1,0,0,0,1,0,0,0,1,1,0,0,0,0,0,0,0,1
KonIQ-10k IQA Database/512x384/8225506418.jpg,0,0,0,0,1,0,0,0,0,1,0,1,0,0,0,0,0,0,0,1
KonIQ-10k IQA Database/512x384/8222741744.jpg,0,0,1,0,0,1,0,0,1,0,0,1,0,0,0,0,1,0,0,0
KonIQ-10k IQA Database/512x384/8226831484.jpg,0,0,0,0,1,0,0,0,0,1,0,1,0,0,0,0,1,0,0,0
KonIQ-10k IQA Database/512x384/8228733135.jpg,1,0,0,0,0,1,0,0,0,0,1,0,0,1,1,0,0,1,0,0
KonIQ-10k IQA Database/512x384/8222142608.jpg,0,0,0,0,1,0,1,0,0,0,1,0,1,0,0,0,0,0,0,1
KonIQ-10k IQA Database/512x384/8228841274.jpg,0,0,1,0,0,0,1,0,1,0,0,1,0,0,0,0,0,0,0,1
KonIQ-10k IQA Database/512x384/8228800442.jpg,0,0,1,0,0,0,1,0,1,0,0,1,0,0,0,0,0,0,0,1
KonIQ-10k IQA Database/512x384/8229120528.jpg,0,0,1,0,0,0,0,0,0,0,1,0,1,0,0,0,0,0,0,1
KonIQ-10k IQA Database/512x384/8230351643.jpg,0,0,0,0,1,0,0,0,0,0,1,0,1,0,0,0,0,1,0,0
KonIQ-10k IQA Database/512x384/8230377264.jpg,1,0,0,0,0,1,0,0,0,0,1,0,0,1,0,0,0,1,0,0
KonIQ-10k IQA Database/512x384/8229993789.jpg,0,0,1,0,0,0,1,0,0,1,0,0,0,1,0,0,1,0,0,0
KonIQ-10k IQA Database/512x384/8229585759.jpg,1,0,0,0,0,1,0,0,0,1,0,1,0,0,0,1,0,0,0,0
KonIQ-10k IQA Database/512x384/8230394579.jpg,1,0,0,0,0,1,0,0,0,1,0,1,0,0,0,1,0,0,0,0
KonIQ-10k IQA Database/512x384/8230450365.jpg,0,0,0,0,1,0,1,0,0,0,1,0,1,0,0,0,0,0,0,1
KonIQ-10k IQA Database/512x384/8230396549.jpg,0,1,0,0,0,0,0,1,0,1,0,1,0,0,0,0,0,0,0,1
KonIQ-10k IQA Database/512x384/8231492407.jpg,0,0,0,0,1,1,0,0,1,0,0,0,1,0,1,0,0,0,0,0
KonIQ-10k IQA Database/512x384/8231125615.jpg,0,0,0,0,1,0,1,0,1,0,0,1,0,0,0,0,0,0,0,1
KonIQ-10k IQA Database/512x384/8230728519.jpg,0,0,1,0,0,1,0,0,1,0,0,1,0,0,1,1,0,0,0,0
KonIQ-10k IQA Database/512x384/8232299487.jpg,1,0,0,0,0,1,0,0,0,1,0,0,1,0,0,0,0,0,1,0
KonIQ-10k IQA Database/512x384/8232391054.jpg,0,0,1,0,0,0,1,0,0,1,0,1,0,0,0,0,0,0,0,1
KonIQ-10k IQA Database/512x384/8232440995.jpg,0,1,0,0,0,0,0,1,1,0,0,1,0,0,0,0,0,0,0,1
KonIQ-10k IQA Database/512x384/8232481457.jpg,0,0,1,0,0,0,1,0,0,0,1,0,1,0,0,0,0,0,0,1
KonIQ-10k IQA Database/512x384/8233745351.jpg,0,1,0,0,0,1,0,0,1,0,0,0,1,0,1,1,1,0,0,0
KonIQ-10k IQA Database/512x384/8236758432.jpg,0,0,0,0,1,0,1,0,0,0,1,0,1,0,0,0,0,0,0,1
KonIQ-10k IQA Database/512x384/8236704145.jpg,0,0,1,0,0,0,1,0,0,0,1,1,0,0,0,0,0,0,0,1
KonIQ-10k IQA Database/512x384/8234020680.jpg,0,0,1,0,0,0,1,0,0,0,1,1,0,0,0,0,0,0,0,1
KonIQ-10k IQA Database/512x384/823805862.jpg,0,0,1,0,0,0,1,0,0,0,1,1,0,0,0,0,1,0,0,0
KonIQ-10k IQA Database/512x384/8239827069.jpg,0,0,1,0,0,0,1,0,0,1,0,1,0,0,0,1,0,0,0,0
KonIQ-10k IQA Database/512x384/8240021404.jpg,0,1,0,0,0,1,0,0,0,1,0,1,0,0,0,1,0,0,0,0
KonIQ-10k IQA Database/512x384/8238462203.jpg,0,0,0,1,0,0,1,0,1,0,0,1,0,0,0,0,1,0,1,0
KonIQ-10k IQA Database/512x384/8240214052.jpg,0,0,1,0,0,0,1,0,1,0,0,0,1,0,0,0,0,0,0,1
KonIQ-10k IQA Database/512x384/8240220210.jpg,0,0,1,0,0,0,1,0,0,1,0,1,0,0,0,0,0,0,0,1
KonIQ-10k IQA Database/512x384/8241257694.jpg,0,0,1,0,0,0,1,0,0,1,0,1,0,0,0,0,1,0,0,0
KonIQ-10k IQA Database/512x384/8241419350.jpg,0,0,1,0,0,0,1,0,0,1,0,1,0,0,0,0,1,0,0,0
KonIQ-10k IQA Database/512x384/8242266673.jpg,0,0,0,1,0,0,1,0,0,1,0,1,0,0,0,0,1,0,0,0
KonIQ-10k IQA Database/512x384/82414193505.jpg,0,0,1,0,0,0,1,0,0,1,0,1,0,0,0,0,1,0,0,0
KonIQ-10k IQA Database/512x384/82421401.jpg,0,0,1,0,0,0,1,0,0,0,1,1,0,0,0,0,0,0,0,1
KonIQ-10k IQA Database/512x384/8242811234.jpg,0,0,1,0,0,0,1,0,0,0,1,1,0,0,0,0,1,0,0,0
KonIQ-10k IQA Database/512x384/8242906564.jpg,1,0,0,0,0,1,0,0,0,0,1,0,0,1,0,0,0,1,0,0
KonIQ-10k IQA Database/512x384/8242599767.jpg,1,0,0,0,0,1,0,0,0,1,0,0,1,0,0,1,0,0,0,0
KonIQ-10k IQA Database/512x384/8244017611.jpg,0,1,0,0,0,1,0,0,1,0,0,1,0,0,0,0,0,0,0,1
KonIQ-10k IQA Database/512x384/8244040268.jpg,0,1,0,0,0,1,0,0,0,1,0,0,1,0,0,1,0,0,0,0
KonIQ-10k IQA Database/512x384/8246007228.jpg,0,0,1,0,0,0,1,0,0,0,1,0,1,0,0,0,1,0,0,0
KonIQ-10k IQA Database/512x384/8246184591.jpg,0,0,1,0,0,0,1,0,0,0,1,1,0,0,0,0,1,0,0,0
KonIQ-10k IQA Database/512x384/8245350767.jpg,0,0,1,0,0,0,1,0,0,1,0,1,0,0,0,0,0,0,0,1
KonIQ-10k IQA Database/512x384/8246841627.jpg,0,0,1,0,0,0,1,0,0,1,0,1,0,0,0,0,0,0,0,1
KonIQ-10k IQA Database/512x384/8247215463.jpg,1,0,0,0,0,1,0,0,0,1,0,0,1,0,0,1,1,0,0,0
KonIQ-10k IQA Database/512x384/8246479044.jpg,0,0,1,0,0,0,1,0,0,1,0,0,1,0,0,0,1,0,0,0
KonIQ-10k IQA Database/512x384/8247844062.jpg,1,0,0,0,0,1,0,0,1,0,0,0,0,1,1,1,0,1,0,0
KonIQ-10k IQA Database/512x384/8248519358.jpg,0,0,1,0,0,0,1,0,0,1,0,1,0,0,0,0,1,0,0,0
KonIQ-10k IQA Database/512x384/8249630967.jpg,0,1,0,0,0,1,0,0,0,1,0,1,0,0,0,0,1,0,0,0
KonIQ-10k IQA Database/512x384/8250498441.jpg,0,0,0,0,1,0,1,0,1,0,0,1,0,0,0,0,0,0,0,1
KonIQ-10k IQA Database/512x384/8248564902.jpg,0,1,0,0,0,1,0,0,0,1,0,0,1,0,0,1,1,0,0,0
KonIQ-10k IQA Database/512x384/8251327289.jpg,1,0,0,0,0,0,0,1,0,0,1,0,0,1,0,0,0,1,0,0
KonIQ-10k IQA Database/512x384/8253280616.jpg,0,0,1,0,0,0,1,0,0,1,0,0,1,0,0,0,1,0,0,0
KonIQ-10k IQA Database/512x384/8252742940.jpg,0,0,0,0,1,0,1,0,1,0,0,1,0,0,0,0,0,0,0,1
KonIQ-10k IQA Database/512x384/8253601805.jpg,0,1,0,0,0,0,1,0,0,0,1,1,0,0,0,0,0,1,0,0
KonIQ-10k IQA Database/512x384/8256076417.jpg,0,1,0,0,0,0,1,0,0,0,1,0,1,0,1,0,0,0,0,0
KonIQ-10k IQA Database/512x384/8256049516.jpg,0,0,1,0,0,0,1,0,0,1,0,1,0,0,0,0,0,0,0,1
KonIQ-10k IQA Database/512x384/8256977391.jpg,0,0,1,0,0,0,1,0,1,0,0,1,0,0,0,0,0,0,0,1
KonIQ-10k IQA Database/512x384/8256731117.jpg,0,0,0,0,1,0,1,0,0,1,0,0,1,0,0,1,0,0,0,0
KonIQ-10k IQA Database/512x384/8257636356.jpg,0,1,0,0,0,1,0,0,1,0,0,0,1,0,0,0,0,1,0,0
KonIQ-10k IQA Database/512x384/8257779790.jpg,0,0,1,0,0,0,1,0,0,0,1,1,0,0,0,0,0,0,0,1
KonIQ-10k IQA Database/512x384/8258234240.jpg,1,0,0,0,0,1,0,0,1,0,0,1,0,0,0,1,0,0,0,0
KonIQ-10k IQA Database/512x384/8260840073.jpg,0,0,0,0,1,1,0,0,0,1,0,0,1,0,0,0,1,1,0,0
KonIQ-10k IQA Database/512x384/8259557757.jpg,0,0,1,0,0,0,1,0,0,1,0,0,1,0,0,0,1,0,0,0
KonIQ-10k IQA Database/512x384/8259404043.jpg,0,0,0,1,0,1,0,0,0,1,0,0,1,0,0,0,1,0,0,0
KonIQ-10k IQA Database/512x384/8261560586.jpg,1,0,0,0,0,1,0,0,0,1,0,1,0,0,1,0,0,0,0,0
KonIQ-10k IQA Database/512x384/8262387641.jpg,0,0,1,0,0,0,1,0,0,1,0,0,1,0,0,0,0,0,0,1
KonIQ-10k IQA Database/512x384/8262966434.jpg,0,0,1,0,0,0,1,0,0,1,0,0,1,0,0,0,1,0,0,0
KonIQ-10k IQA Database/512x384/8262794558.jpg,0,1,0,0,0,0,1,0,0,1,0,0,1,0,0,0,0,0,0,1
KonIQ-10k IQA Database/512x384/8263016549.jpg,0,0,1,0,0,0,1,0,0,0,1,1,0,0,0,0,1,0,0,0
KonIQ-10k IQA Database/512x384/8263420706.jpg,0,0,0,0,1,1,0,0,0,1,0,0,1,0,0,0,0,0,1,0
KonIQ-10k IQA Database/512x384/8266134524.jpg,0,0,1,0,0,0,1,0,0,0,1,1,0,0,0,0,1,0,0,0
KonIQ-10k IQA Database/512x384/8266041849.jpg,1,0,0,0,0,1,0,0,0,1,0,1,0,0,0,1,0,0,0,0
KonIQ-10k IQA Database/512x384/8267105534.jpg,1,0,0,0,0,1,0,0,1,0,0,0,1,0,1,1,0,0,0,0
KonIQ-10k IQA Database/512x384/8267353806.jpg,0,1,0,0,0,1,0,0,0,1,0,1,0,0,0,1,1,0,0,0
KonIQ-10k IQA Database/512x384/8266648992.jpg,1,0,0,0,0,1,0,0,1,0,0,1,0,0,1,1,0,0,0,0
KonIQ-10k IQA Database/512x384/826373.jpg,0,0,0,0,1,0,0,0,1,0,0,1,0,0,0,1,0,0,0,0
KonIQ-10k IQA Database/512x384/8267153015.jpg,0,1,0,0,0,1,0,0,0,1,0,0,1,0,1,1,0,0,0,0
KonIQ-10k IQA Database/512x384/8267201129.jpg,0,0,0,0,1,0,1,0,1,0,0,1,0,0,0,0,0,0,0,1
KonIQ-10k IQA Database/512x384/8268523027.jpg,0,0,1,0,0,0,1,0,0,1,0,1,0,0,0,0,1,0,0,0
KonIQ-10k IQA Database/512x384/8267786798.jpg,1,0,0,0,0,1,0,0,0,1,0,0,1,0,0,1,0,0,0,0
KonIQ-10k IQA Database/512x384/8268859988.jpg,1,0,0,0,0,1,0,0,1,0,0,0,0,1,1,0,0,0,0,0
KonIQ-10k IQA Database/512x384/8270648540.jpg,0,1,0,0,0,0,1,0,0,0,1,0,1,0,0,0,0,0,0,1
KonIQ-10k IQA Database/512x384/8269784088.jpg,0,0,1,0,0,0,1,0,0,0,1,0,1,0,0,0,0,0,0,1
KonIQ-10k IQA Database/512x384/8269777387.jpg,0,0,1,0,0,0,1,0,0,0,1,1,0,0,0,1,0,0,1,0
KonIQ-10k IQA Database/512x384/8270671503.jpg,0,0,0,0,1,1,0,0,1,0,0,0,0,1,1,0,0,0,0,0
KonIQ-10k IQA Database/512x384/8268756631.jpg,0,0,1,0,0,0,0,1,0,1,0,0,1,0,0,0,0,0,0,1
KonIQ-10k IQA Database/512x384/8270913623.jpg,0,0,1,0,0,0,1,0,0,1,0,0,1,0,0,0,1,0,0,0
KonIQ-10k IQA Database/512x384/827067298.jpg,1,0,0,0,0,0,0,1,0,0,1,0,1,0,1,1,0,0,0,0
KonIQ-10k IQA Database/512x384/8272706512.jpg,0,0,1,0,0,0,1,0,1,0,0,0,1,0,0,0,1,0,0,0
KonIQ-10k IQA Database/512x384/8272930518.jpg,0,0,1,0,0,0,1,0,0,1,0,0,1,0,0,0,1,0,0,0
KonIQ-10k IQA Database/512x384/8272075374.jpg,0,0,0,0,1,1,0,0,1,0,0,1,0,0,0,1,0,0,0,0
KonIQ-10k IQA Database/512x384/8273957786.jpg,0,0,1,0,0,0,1,0,0,0,1,0,1,0,0,0,0,0,0,1
KonIQ-10k IQA Database/512x384/82729305186.jpg,0,0,1,0,0,0,1,0,0,1,0,0,1,0,0,0,1,0,0,0
KonIQ-10k IQA Database/512x384/8274584258.jpg,0,0,1,0,0,0,1,0,1,0,0,0,1,0,0,0,0,0,0,1
KonIQ-10k IQA Database/512x384/8273944978.jpg,0,0,0,0,1,0,1,0,0,1,0,1,0,0,0,0,0,0,0,1
KonIQ-10k IQA Database/512x384/8274829582.jpg,0,1,0,0,0,1,0,0,1,0,0,1,0,0,0,0,0,0,0,1
KonIQ-10k IQA Database/512x384/8275793121.jpg,0,0,0,0,1,0,1,0,0,0,1,0,0,1,0,0,0,0,0,1
KonIQ-10k IQA Database/512x384/82824130.jpg,0,0,0,0,1,0,0,0,0,0,1,0,0,1,0,0,0,0,0,1
KonIQ-10k IQA Database/512x384/8281818195.jpg,0,0,1,0,0,0,1,0,0,0,1,1,0,0,0,0,0,0,0,1
KonIQ-10k IQA Database/512x384/8278414113.jpg,0,1,0,0,0,1,0,0,0,1,0,0,1,0,1,0,0,0,0,0
KonIQ-10k IQA Database/512x384/8279922752.jpg,0,1,0,0,0,1,0,0,0,1,0,1,0,0,1,1,0,0,0,0
KonIQ-10k IQA Database/512x384/8282376526.jpg,0,0,1,0,0,0,1,0,0,1,0,0,1,0,0,0,1,0,0,0
KonIQ-10k IQA Database/512x384/8282451903.jpg,0,0,0,1,0,0,1,0,0,1,0,1,0,0,0,0,1,0,1,0
KonIQ-10k IQA Database/512x384/8282948203.jpg,0,1,0,0,0,1,0,0,1,0,0,0,1,0,0,1,0,0,0,0
KonIQ-10k IQA Database/512x384/8283511236.jpg,0,0,0,1,0,0,1,0,0,1,0,1,0,0,0,0,1,0,1,0
KonIQ-10k IQA Database/512x384/8283257984.jpg,0,0,0,0,1,1,0,0,1,0,0,1,0,0,0,0,0,0,1,0
KonIQ-10k IQA Database/512x384/8285094496.jpg,0,0,0,0,1,0,0,1,0,0,1,0,1,0,1,0,0,1,0,0
KonIQ-10k IQA Database/512x384/8284022272.jpg,0,0,1,0,0,0,1,0,1,0,0,1,0,0,0,0,0,0,0,1
KonIQ-10k IQA Database/512x384/8283451606.jpg,0,0,1,0,0,0,1,0,1,0,0,0,1,0,0,0,1,0,0,0
KonIQ-10k IQA Database/512x384/8286418266.jpg,0,1,0,0,0,1,0,0,0,1,0,1,0,0,0,0,0,0,1,0
KonIQ-10k IQA Database/512x384/8287040167.jpg,1,0,0,0,0,0,0,1,0,0,1,0,0,1,1,0,0,0,0,0
KonIQ-10k IQA Database/512x384/8288312901.jpg,1,0,0,0,0,1,0,0,1,0,0,1,0,0,0,0,0,0,0,1
KonIQ-10k IQA Database/512x384/8287545136.jpg,0,0,1,0,0,0,1,0,0,0,1,0,1,0,0,0,1,0,0,0
KonIQ-10k IQA Database/512x384/8291626660.jpg,0,0,1,0,0,0,1,0,0,0,1,1,0,0,0,0,1,0,0,0
KonIQ-10k IQA Database/512x384/8288373596.jpg,0,0,0,0,1,0,1,0,1,0,0,1,0,0,0,0,0,0,0,1
KonIQ-10k IQA Database/512x384/8292084929.jpg,0,0,1,0,0,0,1,0,0,1,0,0,1,0,0,1,0,0,0,0
KonIQ-10k IQA Database/512x384/8289927707.jpg,0,0,0,0,1,1,0,0,0,1,0,0,1,0,0,1,1,0,0,0
KonIQ-10k IQA Database/512x384/8292826193.jpg,0,0,1,0,0,0,1,0,0,1,0,0,1,0,0,0,1,0,0,0
KonIQ-10k IQA Database/512x384/8292596709.jpg,0,0,1,0,0,0,1,0,1,0,0,0,1,0,0,0,0,0,0,1
KonIQ-10k IQA Database/512x384/8293206684.jpg,1,0,0,0,0,1,0,0,0,1,0,1,0,0,0,1,0,0,0,0
KonIQ-10k IQA Database/512x384/8297827964.jpg,0,0,1,0,0,0,1,0,0,0,1,1,0,0,0,0,1,0,0,0
KonIQ-10k IQA Database/512x384/8296218747.jpg,1,0,0,0,0,1,0,0,0,1,0,1,0,0,0,0,0,0,1,0
KonIQ-10k IQA Database/512x384/8299281180.jpg,0,0,0,1,0,0,1,0,1,0,0,1,0,0,0,0,1,0,0,0
KonIQ-10k IQA Database/512x384/8299135149.jpg,0,1,0,0,0,1,0,0,1,0,0,0,1,0,1,1,1,0,0,0
KonIQ-10k IQA Database/512x384/8293797976.jpg,0,1,0,0,0,1,0,0,0,1,0,0,0,1,0,1,0,0,0,0
KonIQ-10k IQA Database/512x384/8297923368.jpg,0,0,1,0,0,0,1,0,0,1,0,1,0,0,0,0,1,0,0,0
KonIQ-10k IQA Database/512x384/8301114122.jpg,1,0,0,0,0,1,0,0,0,0,1,1,0,0,0,0,0,0,0,1
KonIQ-10k IQA Database/512x384/8300309247.jpg,0,0,0,0,1,1,0,0,1,0,0,1,0,0,0,1,0,0,0,0
KonIQ-10k IQA Database/512x384/8301271447.jpg,0,1,0,0,0,0,1,0,0,1,0,0,1,0,0,0,0,0,0,1
KonIQ-10k IQA Database/512x384/8302682948.jpg,1,0,0,0,0,1,0,0,0,1,0,1,0,0,0,1,0,0,0,0
KonIQ-10k IQA Database/512x384/8302396098.jpg,0,0,0,0,1,1,0,0,1,0,0,1,0,0,0,0,0,0,0,1
KonIQ-10k IQA Database/512x384/8303933730.jpg,0,0,1,0,0,0,1,0,0,0,1,1,0,0,0,0,0,0,0,1
KonIQ-10k IQA Database/512x384/8304558173.jpg,1,0,0,0,0,1,0,0,1,0,0,1,0,0,0,0,0,0,1,0
KonIQ-10k IQA Database/512x384/8303662528.jpg,0,0,0,0,1,1,0,0,1,0,0,0,0,1,0,0,1,0,0,0
KonIQ-10k IQA Database/512x384/8303486295.jpg,1,0,0,0,0,1,0,0,0,1,0,0,1,0,0,1,0,0,1,0
KonIQ-10k IQA Database/512x384/8304043296.jpg,0,1,0,0,0,1,0,0,0,1,0,1,0,0,1,0,0,0,0,0
KonIQ-10k IQA Database/512x384/8304722901.jpg,0,0,0,0,1,0,0,0,1,0,0,1,0,0,0,0,0,0,0,1
KonIQ-10k IQA Database/512x384/8303968382.jpg,1,0,0,0,0,1,0,0,1,0,0,0,1,0,1,1,0,1,0,0
KonIQ-10k IQA Database/512x384/8305620668.jpg,0,0,1,0,0,0,1,0,0,0,1,1,0,0,0,0,0,1,0,0
KonIQ-10k IQA Database/512x384/8305612260.jpg,0,1,0,0,0,1,0,0,0,1,0,0,0,1,0,0,0,0,1,0
KonIQ-10k IQA Database/512x384/8305212885.jpg,0,0,0,1,0,1,0,0,0,1,0,0,1,0,0,1,1,0,0,0
KonIQ-10k IQA Database/512x384/8306749332.jpg,0,0,0,0,1,0,1,0,1,0,0,1,0,0,0,0,0,0,0,1
KonIQ-10k IQA Database/512x384/8306155022.jpg,0,1,0,0,0,1,0,0,0,1,0,1,0,0,0,1,0,0,0,0
KonIQ-10k IQA Database/512x384/8305669061.jpg,0,0,0,0,1,0,1,0,1,0,0,1,0,0,0,0,0,0,0,1
KonIQ-10k IQA Database/512x384/8308350290.jpg,0,0,1,0,0,0,1,0,0,1,0,1,0,0,0,0,0,0,0,1
KonIQ-10k IQA Database/512x384/8308200442.jpg,0,0,1,0,0,0,1,0,0,1,0,0,1,0,0,0,1,0,0,0
KonIQ-10k IQA Database/512x384/8306770184.jpg,0,0,0,0,1,1,0,0,0,0,1,1,0,0,0,0,0,0,1,0
KonIQ-10k IQA Database/512x384/8308811931.jpg,0,0,1,0,0,0,1,0,0,0,1,1,0,0,0,0,1,0,0,0
KonIQ-10k IQA Database/512x384/8307817608.jpg,0,0,1,0,0,0,1,0,0,1,0,1,0,0,0,0,0,0,0,1
KonIQ-10k IQA Database/512x384/8309215514.jpg,1,0,0,0,0,0,0,0,0,0,1,0,0,1,0,0,0,0,1,0
KonIQ-10k IQA Database/512x384/8310619532.jpg,0,0,0,0,1,0,0,0,0,1,0,1,0,0,0,0,0,1,0,0
KonIQ-10k IQA Database/512x384/8311563943.jpg,0,0,0,0,1,1,0,0,1,0,0,0,0,1,1,0,0,0,1,0
KonIQ-10k IQA Database/512x384/8310254529.jpg,1,0,0,0,0,1,0,0,0,1,0,1,0,0,1,0,0,0,1,0
KonIQ-10k IQA Database/512x384/8314966745.jpg,0,0,1,0,0,0,1,0,0,0,1,0,1,0,0,0,0,0,0,1
KonIQ-10k IQA Database/512x384/8310618188.jpg,0,0,0,0,1,0,1,0,0,0,1,0,1,0,0,1,0,0,0,0
KonIQ-10k IQA Database/512x384/8314358374.jpg,0,0,1,0,0,0,1,0,0,1,0,1,0,0,0,0,1,0,0,0
KonIQ-10k IQA Database/512x384/8316898244.jpg,0,0,1,0,0,0,1,0,0,1,0,1,0,0,0,0,0,0,0,1
KonIQ-10k IQA Database/512x384/8318268016.jpg,1,0,0,0,0,1,0,0,0,1,0,1,0,0,0,0,1,1,0,0
KonIQ-10k IQA Database/512x384/8317893385.jpg,0,0,0,0,1,1,0,0,1,0,0,0,1,0,1,1,0,0,0,0
KonIQ-10k IQA Database/512x384/8320098796.jpg,0,0,1,0,0,0,1,0,0,1,0,1,0,0,0,0,0,0,0,1
KonIQ-10k IQA Database/512x384/8320017511.jpg,1,0,0,0,0,1,0,0,1,0,0,0,1,0,0,1,1,0,0,0
KonIQ-10k IQA Database/512x384/8320423007.jpg,0,0,1,0,0,0,1,0,0,0,1,1,0,0,0,0,1,0,0,0
KonIQ-10k IQA Database/512x384/8319445883.jpg,1,0,0,0,0,1,0,0,0,1,0,0,0,1,1,1,0,0,1,0
KonIQ-10k IQA Database/512x384/8320489600.jpg,0,0,1,0,0,0,1,0,1,0,0,1,0,0,0,0,0,0,0,1
KonIQ-10k IQA Database/512x384/8320909145.jpg,0,0,0,0,1,0,1,0,0,0,1,1,0,0,0,0,0,0,0,1
KonIQ-10k IQA Database/512x384/8321126258.jpg,1,0,0,0,0,0,0,0,0,0,1,0,0,1,0,1,0,0,0,0
KonIQ-10k IQA Database/512x384/8321155777.jpg,0,0,0,0,1,0,0,0,0,0,1,1,0,0,0,1,0,0,0,0
KonIQ-10k IQA Database/512x384/8321981131.jpg,1,0,0,0,0,1,0,0,0,0,1,1,0,0,0,0,0,0,0,1
KonIQ-10k IQA Database/512x384/8321029602.jpg,0,0,1,0,0,0,1,0,0,0,1,1,0,0,0,0,0,0,0,1
KonIQ-10k IQA Database/512x384/8321480608.jpg,0,0,1,0,0,0,1,0,0,0,1,0,1,0,0,0,1,0,0,0
KonIQ-10k IQA Database/512x384/8321682395.jpg,0,0,0,1,0,1,0,0,1,0,0,1,0,0,0,0,0,0,0,1
KonIQ-10k IQA Database/512x384/8322388606.jpg,1,0,0,0,0,1,0,0,0,1,0,0,1,0,1,0,1,1,0,0
KonIQ-10k IQA Database/512x384/8322413607.jpg,0,0,1,0,0,0,0,0,0,1,0,1,0,0,0,0,0,0,0,1
KonIQ-10k IQA Database/512x384/8322643928.jpg,0,0,1,0,0,0,1,0,0,0,1,1,0,0,0,0,0,0,0,1
KonIQ-10k IQA Database/512x384/8322994549.jpg,0,0,0,0,1,0,0,0,0,0,1,1,0,0,0,0,1,0,1,0
KonIQ-10k IQA Database/512x384/8323120996.jpg,1,0,0,0,0,1,0,0,0,1,0,0,0,1,0,0,0,1,0,0
KonIQ-10k IQA Database/512x384/8325732255.jpg,0,0,0,0,1,0,1,0,1,0,0,1,0,0,0,0,0,0,0,1
KonIQ-10k IQA Database/512x384/8325420861.jpg,0,0,1,0,0,0,1,0,0,1,0,1,0,0,0,0,1,0,0,0
KonIQ-10k IQA Database/512x384/8329958275.jpg,0,0,0,0,1,1,0,0,1,0,0,0,0,1,1,0,0,0,0,0
KonIQ-10k IQA Database/512x384/8329144701.jpg,0,0,0,0,1,0,1,0,0,0,1,1,0,0,0,0,1,0,0,0
KonIQ-10k IQA Database/512x384/8329986781.jpg,0,0,0,0,1,1,0,0,0,1,0,0,0,1,1,1,1,0,0,0
KonIQ-10k IQA Database/512x384/8329938246.jpg,0,0,0,0,1,0,0,0,0,1,0,1,0,0,0,0,1,0,1,0
KonIQ-10k IQA Database/512x384/8331586612.jpg,0,0,1,0,0,0,1,0,0,1,0,1,0,0,0,0,0,0,0,1
KonIQ-10k IQA Database/512x384/8330807035.jpg,0,0,1,0,0,0,1,0,0,1,0,1,0,0,0,0,1,0,0,0
KonIQ-10k IQA Database/512x384/8331607175.jpg,1,0,0,0,0,1,0,0,0,1,0,1,0,0,0,0,1,0,1,0
KonIQ-10k IQA Database/512x384/8332215391.jpg,1,0,0,0,0,1,0,0,0,1,0,1,0,0,1,0,0,0,0,0
KonIQ-10k IQA Database/512x384/8331758509.jpg,1,0,0,0,0,1,0,0,0,1,0,1,0,0,0,0,0,0,0,1
KonIQ-10k IQA Database/512x384/8330723470.jpg,1,0,0,0,0,1,0,0,1,0,0,0,0,1,1,0,0,0,1,0
KonIQ-10k IQA Database/512x384/8333619480.jpg,0,0,0,0,1,0,0,0,0,0,1,0,0,1,0,0,0,0,0,1
KonIQ-10k IQA Database/512x384/8333683532.jpg,0,0,0,0,1,1,0,0,0,1,0,0,1,0,1,0,1,1,0,0
KonIQ-10k IQA Database/512x384/8333814090.jpg,0,0,1,0,0,0,1,0,0,1,0,1,0,0,0,0,0,0,0,1
KonIQ-10k IQA Database/512x384/8333982072.jpg,0,0,0,0,1,0,0,0,0,1,0,1,0,0,0,0,0,1,0,0
KonIQ-10k IQA Database/512x384/8334203333.jpg,0,0,1,0,0,0,0,0,0,0,1,0,1,0,0,0,0,0,0,1
KonIQ-10k IQA Database/512x384/8333161105.jpg,0,0,0,0,1,1,0,0,1,0,0,0,1,0,0,0,0,0,1,0
KonIQ-10k IQA Database/512x384/8334314471.jpg,0,0,1,0,0,0,0,0,0,1,0,1,0,0,0,0,0,0,0,1
KonIQ-10k IQA Database/512x384/8336846212.jpg,1,0,0,0,0,1,0,0,0,1,0,0,1,0,0,0,0,1,0,0
KonIQ-10k IQA Database/512x384/8339157161.jpg,0,1,0,0,0,1,0,0,0,1,0,1,0,0,1,1,0,0,0,0
KonIQ-10k IQA Database/512x384/8338842182.jpg,1,0,0,0,0,1,0,0,0,1,0,1,0,0,0,1,0,0,1,0
KonIQ-10k IQA Database/512x384/8339615907.jpg,0,0,1,0,0,0,1,0,0,0,1,0,0,1,0,0,1,0,0,0
KonIQ-10k IQA Database/512x384/8339210713.jpg,0,0,1,0,0,0,1,0,0,1,0,1,0,0,0,0,1,0,0,0
KonIQ-10k IQA Database/512x384/8341991106.jpg,0,1,0,0,0,1,0,0,0,1,0,0,1,0,0,0,0,0,1,0
KonIQ-10k IQA Database/512x384/8342894979.jpg,0,0,1,0,0,0,1,0,0,1,0,1,0,0,0,0,0,0,0,1
KonIQ-10k IQA Database/512x384/8337813363.jpg,0,0,0,0,1,1,0,0,1,0,0,0,1,0,1,0,0,0,0,0
KonIQ-10k IQA Database/512x384/8343118972.jpg,0,1,0,0,0,1,0,0,1,0,0,0,0,1,0,1,0,0,0,0
KonIQ-10k IQA Database/512x384/8345197886.jpg,0,0,1,0,0,0,1,0,0,1,0,1,0,0,0,0,0,0,0,1
KonIQ-10k IQA Database/512x384/8346970641.jpg,0,0,0,1,0,1,0,0,1,0,0,1,0,0,1,0,0,0,0,0
KonIQ-10k IQA Database/512x384/8345496530.jpg,0,1,0,0,0,0,1,0,0,1,0,1,0,0,0,0,0,0,0,1
KonIQ-10k IQA Database/512x384/8346245093.jpg,0,1,0,0,0,0,1,0,0,0,1,0,1,0,0,0,1,0,0,0
KonIQ-10k IQA Database/512x384/8343579007.jpg,0,0,1,0,0,0,1,0,0,0,1,1,0,0,0,0,1,0,0,0
KonIQ-10k IQA Database/512x384/8346047313.jpg,1,0,0,0,0,1,0,0,1,0,0,0,1,0,0,0,1,0,1,0
KonIQ-10k IQA Database/512x384/8347284037.jpg,1,0,0,0,0,1,0,0,1,0,0,1,0,0,1,1,0,0,0,0
KonIQ-10k IQA Database/512x384/8349327834.jpg,0,0,0,0,1,0,1,0,0,1,0,1,0,0,0,0,1,0,0,0
KonIQ-10k IQA Database/512x384/8348113359.jpg,0,0,1,0,0,0,1,0,0,0,1,0,1,0,0,0,1,0,0,0
KonIQ-10k IQA Database/512x384/8350811947.jpg,0,0,0,0,1,0,1,0,0,1,0,1,0,0,0,0,0,0,0,1
KonIQ-10k IQA Database/512x384/8351013561.jpg,1,0,0,0,0,1,0,0,0,1,0,0,0,1,0,0,0,1,0,0
KonIQ-10k IQA Database/512x384/8350532456.jpg,0,0,1,0,0,0,1,0,1,0,0,1,0,0,0,0,0,0,0,1
KonIQ-10k IQA Database/512x384/8348001072.jpg,0,0,0,0,1,1,0,0,1,0,0,1,0,0,0,1,1,0,0,0
KonIQ-10k IQA Database/512x384/8351568109.jpg,0,0,1,0,0,0,1,0,0,0,1,1,0,0,0,0,0,0,0,1
KonIQ-10k IQA Database/512x384/8350531104.jpg,0,0,1,0,0,0,1,0,1,0,0,1,0,0,0,0,0,0,1,0
KonIQ-10k IQA Database/512x384/8351745980.jpg,0,0,1,0,0,0,1,0,0,1,0,1,0,0,0,0,0,0,0,1
KonIQ-10k IQA Database/512x384/8352587213.jpg,0,0,1,0,0,0,1,0,0,0,1,1,0,0,0,1,0,0,0,0
KonIQ-10k IQA Database/512x384/8352959449.jpg,0,0,0,0,1,1,0,0,1,0,0,0,1,0,1,0,0,0,0,0
KonIQ-10k IQA Database/512x384/8351819316.jpg,0,0,0,0,1,1,0,0,1,0,0,0,1,0,0,0,1,1,0,0
KonIQ-10k IQA Database/512x384/8351907965.jpg,1,0,0,0,0,1,0,0,0,1,0,1,0,0,0,1,0,0,0,0
KonIQ-10k IQA Database/512x384/8352296647.jpg,0,0,1,0,0,0,1,0,1,0,0,0,1,0,0,0,1,0,0,0
KonIQ-10k IQA Database/512x384/8353048335.jpg,0,0,0,0,1,1,0,0,1,0,0,0,1,0,1,0,0,0,0,0
KonIQ-10k IQA Database/512x384/8353492181.jpg,0,0,0,0,1,1,0,0,1,0,0,1,0,0,0,0,0,0,1,0
KonIQ-10k IQA Database/512x384/8353276755.jpg,0,0,1,0,0,0,1,0,1,0,0,1,0,0,0,0,1,0,0,0
KonIQ-10k IQA Database/512x384/8353646596.jpg,0,0,1,0,0,0,1,0,0,1,0,0,1,0,0,0,1,0,0,0
KonIQ-10k IQA Database/512x384/8354332729.jpg,0,0,1,0,0,0,1,0,0,0,1,1,0,0,0,0,0,0,0,1
KonIQ-10k IQA Database/512x384/8354479425.jpg,0,1,0,0,0,1,0,0,0,1,0,0,0,1,1,0,0,0,0,0
KonIQ-10k IQA Database/512x384/8354529751.jpg,0,0,1,0,0,0,1,0,1,0,0,1,0,0,0,0,0,0,0,1
KonIQ-10k IQA Database/512x384/8354855845.jpg,0,1,0,0,0,1,0,0,1,0,0,0,0,1,1,0,0,0,0,0
KonIQ-10k IQA Database/512x384/8356375190.jpg,0,0,0,0,1,1,0,0,0,1,0,0,1,0,1,1,0,0,0,0
KonIQ-10k IQA Database/512x384/8354584594.jpg,1,0,0,0,0,1,0,0,1,0,0,0,1,0,0,1,0,0,0,0
KonIQ-10k IQA Database/512x384/8357037213.jpg,0,0,1,0,0,0,1,0,0,1,0,1,0,0,0,0,1,0,0,0
KonIQ-10k IQA Database/512x384/8357910475.jpg,1,0,0,0,0,1,0,0,1,0,0,1,0,0,0,1,0,0,0,0
KonIQ-10k IQA Database/512x384/8358094625.jpg,0,0,1,0,0,0,1,0,1,0,0,0,1,0,0,0,1,0,0,0
KonIQ-10k IQA Database/512x384/8357913829.jpg,1,0,0,0,0,1,0,0,1,0,0,0,1,0,0,0,1,1,0,0
KonIQ-10k IQA Database/512x384/8356442304.jpg,1,0,0,0,0,1,0,0,0,1,0,0,1,0,1,0,0,0,0,0
KonIQ-10k IQA Database/512x384/8358374077.jpg,1,0,0,0,0,1,0,0,1,0,0,0,1,0,0,0,0,1,0,0
KonIQ-10k IQA Database/512x384/8358381896.jpg,0,0,1,0,0,0,1,0,0,1,0,1,0,0,0,0,1,0,0,0
KonIQ-10k IQA Database/512x384/8358982372.jpg,1,0,0,0,0,1,0,0,0,1,0,1,0,0,0,1,0,0,0,0
KonIQ-10k IQA Database/512x384/8357323256.jpg,1,0,0,0,0,1,0,0,0,1,0,0,1,0,0,1,1,0,0,0
KonIQ-10k IQA Database/512x384/8360589310.jpg,0,0,1,0,0,0,1,0,0,1,0,1,0,0,0,0,0,0,0,1
KonIQ-10k IQA Database/512x384/8360975985.jpg,0,0,0,1,0,0,1,0,0,0,1,1,0,0,0,0,1,0,0,0
KonIQ-10k IQA Database/512x384/8362126677.jpg,0,1,0,0,0,1,0,0,1,0,0,0,0,1,1,1,0,1,0,0
KonIQ-10k IQA Database/512x384/8362338513.jpg,0,0,1,0,0,0,1,0,0,0,1,1,0,0,0,0,0,0,0,1
KonIQ-10k IQA Database/512x384/8364603294.jpg,0,0,1,0,0,0,1,0,1,0,0,1,0,0,0,1,0,0,0,0
KonIQ-10k IQA Database/512x384/8362183655.jpg,0,1,0,0,0,1,0,0,1,0,0,0,1,0,1,0,0,0,0,0
KonIQ-10k IQA Database/512x384/8362730833.jpg,1,0,0,0,0,1,0,0,0,1,0,0,0,1,0,0,0,0,1,0
KonIQ-10k IQA Database/512x384/8373140830.jpg,1,0,0,0,0,1,0,0,1,0,0,1,0,0,0,1,0,1,0,0
KonIQ-10k IQA Database/512x384/8365545870.jpg,1,0,0,0,0,1,0,0,0,1,0,1,0,0,0,1,0,0,0,0
KonIQ-10k IQA Database/512x384/8374149596.jpg,0,0,1,0,0,0,1,0,0,0,1,1,0,0,0,0,0,0,0,1
KonIQ-10k IQA Database/512x384/8373530988.jpg,0,0,0,0,1,0,1,0,0,1,0,0,0,1,0,1,0,0,0,0
KonIQ-10k IQA Database/512x384/8375094776.jpg,0,0,0,0,1,1,0,0,1,0,0,0,0,1,1,0,0,0,0,0
KonIQ-10k IQA Database/512x384/8374735482.jpg,1,0,0,0,0,1,0,0,0,1,0,1,0,0,1,0,0,0,1,0
KonIQ-10k IQA Database/512x384/8375633718.jpg,0,0,1,0,0,0,1,0,0,0,1,1,0,0,0,0,1,0,0,0
KonIQ-10k IQA Database/512x384/8375881781.jpg,0,0,1,0,0,0,1,0,1,0,0,0,1,0,0,0,1,0,0,0
KonIQ-10k IQA Database/512x384/8373449722.jpg,1,0,0,0,0,1,0,0,0,1,0,1,0,0,0,1,0,0,0,0
KonIQ-10k IQA Database/512x384/8377051997.jpg,0,0,0,0,1,1,0,0,1,0,0,1,0,0,0,0,0,0,0,1
KonIQ-10k IQA Database/512x384/8377341554.jpg,0,0,1,0,0,0,1,0,0,1,0,1,0,0,0,0,0,0,0,1
KonIQ-10k IQA Database/512x384/8377086521.jpg,0,0,0,1,0,1,0,0,0,1,0,1,0,0,0,0,0,0,0,1
KonIQ-10k IQA Database/512x384/8376951271.jpg,0,1,0,0,0,0,1,0,0,1,0,0,1,0,0,0,0,1,0,0
KonIQ-10k IQA Database/512x384/8377336301.jpg,0,0,0,0,1,1,0,0,0,1,0,1,0,0,0,1,0,0,0,0
KonIQ-10k IQA Database/512x384/8377908446.jpg,0,0,0,1,0,0,1,0,1,0,0,1,0,0,0,0,0,0,1,0
KonIQ-10k IQA Database/512x384/8379165496.jpg,0,0,1,0,0,0,1,0,0,1,0,1,0,0,0,0,0,0,0,1
KonIQ-10k IQA Database/512x384/8380369304.jpg,0,0,1,0,0,0,1,0,0,0,1,1,0,0,0,0,0,0,0,1
KonIQ-10k IQA Database/512x384/8379707865.jpg,1,0,0,0,0,1,0,0,1,0,0,0,0,1,1,0,0,0,1,0
KonIQ-10k IQA Database/512x384/8381849363.jpg,0,0,0,1,0,1,0,0,1,0,0,1,0,0,0,1,0,0,0,0
KonIQ-10k IQA Database/512x384/8382215237.jpg,0,0,1,0,0,0,1,0,0,1,0,1,0,0,0,0,0,0,0,1
KonIQ-10k IQA Database/512x384/8385411442.jpg,1,0,0,0,0,1,0,0,0,1,0,1,0,0,0,0,0,0,0,1
KonIQ-10k IQA Database/512x384/8380814455.jpg,0,0,0,0,1,0,0,0,0,0,1,0,0,1,1,0,0,0,0,0
KonIQ-10k IQA Database/512x384/8385356062.jpg,0,0,0,0,1,0,0,0,0,0,1,1,0,0,0,0,0,0,0,1
KonIQ-10k IQA Database/512x384/8385499383.jpg,0,0,1,0,0,0,1,0,1,0,0,0,1,0,0,0,1,0,0,0
KonIQ-10k IQA Database/512x384/8385552455.jpg,1,0,0,0,0,1,0,0,1,0,0,0,1,0,0,0,0,1,0,0
KonIQ-10k IQA Database/512x384/8387369354.jpg,1,0,0,0,0,1,0,0,1,0,0,0,1,0,0,0,0,0,1,0
KonIQ-10k IQA Database/512x384/8386378049.jpg,0,0,0,0,1,1,0,0,1,0,0,0,1,0,1,0,0,0,1,0
KonIQ-10k IQA Database/512x384/8390342452.jpg,0,0,1,0,0,0,1,0,0,0,1,1,0,0,0,0,1,0,0,0
KonIQ-10k IQA Database/512x384/8388736592.jpg,0,0,1,0,0,0,1,0,0,1,0,1,0,0,0,1,0,0,0,0
KonIQ-10k IQA Database/512x384/8387487827.jpg,0,0,1,0,0,0,1,0,1,0,0,0,1,0,0,0,1,0,0,0
KonIQ-10k IQA Database/512x384/8391500206.jpg,0,0,1,0,0,0,1,0,0,0,1,1,0,0,0,0,0,0,0,1
KonIQ-10k IQA Database/512x384/8390448317.jpg,1,0,0,0,0,1,0,0,0,1,0,0,1,0,0,0,0,0,1,0
KonIQ-10k IQA Database/512x384/8391472456.jpg,0,0,1,0,0,0,1,0,0,1,0,0,0,1,0,0,1,0,0,0
KonIQ-10k IQA Database/512x384/8391854291.jpg,0,0,1,0,0,0,1,0,1,0,0,0,1,0,0,0,1,0,0,0
KonIQ-10k IQA Database/512x384/8392357033.jpg,1,0,0,0,0,1,0,0,1,0,0,1,0,0,1,1,0,0,0,0
KonIQ-10k IQA Database/512x384/8392513010.jpg,0,1,0,0,0,1,0,0,0,0,1,0,1,0,0,0,0,0,1,0
KonIQ-10k IQA Database/512x384/8393106944.jpg,0,0,0,0,1,0,0,0,0,0,1,0,0,1,0,0,0,0,0,1
KonIQ-10k IQA Database/512x384/8395711832.jpg,0,0,0,0,1,0,0,0,0,0,1,0,0,1,0,0,0,0,1,0
KonIQ-10k IQA Database/512x384/8393175128.jpg,0,1,0,0,0,1,0,0,1,0,0,1,0,0,1,0,0,0,1,0
KonIQ-10k IQA Database/512x384/8396870268.jpg,0,0,1,0,0,0,1,0,0,0,1,0,1,0,0,0,0,1,0,0
KonIQ-10k IQA Database/512x384/8397014400.jpg,1,0,0,0,0,1,0,0,0,1,0,0,0,1,1,0,0,0,0,0
KonIQ-10k IQA Database/512x384/8395743743.jpg,0,0,0,0,1,0,1,0,1,0,0,1,0,0,0,0,0,0,0,1
KonIQ-10k IQA Database/512x384/83935018.jpg,0,0,1,0,0,0,1,0,0,0,1,1,0,0,0,0,1,0,0,0
KonIQ-10k IQA Database/512x384/8397860756.jpg,0,0,1,0,0,0,1,0,0,0,1,0,1,0,0,0,1,0,0,0
KonIQ-10k IQA Database/512x384/8397266843.jpg,0,0,1,0,0,0,1,0,1,0,0,0,1,0,0,0,1,0,0,0
KonIQ-10k IQA Database/512x384/8398319915.jpg,0,1,0,0,0,1,0,0,0,1,0,0,1,0,0,1,0,0,0,0
KonIQ-10k IQA Database/512x384/8398198583.jpg,1,0,0,0,0,1,0,0,1,0,0,0,0,1,1,0,0,0,1,0
KonIQ-10k IQA Database/512x384/8398445064.jpg,0,0,1,0,0,0,1,0,0,0,1,1,0,0,0,1,0,0,0,0
KonIQ-10k IQA Database/512x384/8397958686.jpg,0,0,0,1,0,0,1,0,0,1,0,0,1,0,0,0,1,0,0,0
KonIQ-10k IQA Database/512x384/8398239689.jpg,1,0,0,0,0,1,0,0,0,0,1,0,0,1,1,0,0,1,0,0
KonIQ-10k IQA Database/512x384/8398548523.jpg,0,0,0,1,0,1,0,0,0,1,0,1,0,0,0,0,0,0,0,1
KonIQ-10k IQA Database/512x384/8399674675.jpg,0,0,1,0,0,0,1,0,0,1,0,0,1,0,0,0,0,0,0,1
KonIQ-10k IQA Database/512x384/8399629946.jpg,0,0,0,1,0,1,0,0,0,1,0,1,0,0,0,0,0,0,1,0
KonIQ-10k IQA Database/512x384/8399489944.jpg,1,0,0,0,0,1,0,0,1,0,0,0,1,0,0,1,0,0,0,0
KonIQ-10k IQA Database/512x384/8400557154.jpg,0,0,1,0,0,0,1,0,0,1,0,1,0,0,0,0,0,0,0,1
KonIQ-10k IQA Database/512x384/8400156034.jpg,0,0,1,0,0,1,0,0,0,1,0,1,0,0,0,0,0,0,0,1
KonIQ-10k IQA Database/512x384/8400786727.jpg,0,0,1,0,0,0,1,0,1,0,0,0,1,0,0,0,1,0,0,0
KonIQ-10k IQA Database/512x384/8401142586.jpg,1,0,0,0,0,1,0,0,0,1,0,0,1,0,0,1,0,0,0,0
KonIQ-10k IQA Database/512x384/8401260771.jpg,1,0,0,0,0,0,1,0,0,0,1,0,1,0,0,0,0,0,1,0
KonIQ-10k IQA Database/512x384/8402267016.jpg,0,0,0,0,1,0,1,0,0,0,1,0,0,1,0,0,0,0,0,1
KonIQ-10k IQA Database/512x384/84018414.jpg,1,0,0,0,0,1,0,0,0,1,0,1,0,0,0,1,0,0,0,0
KonIQ-10k IQA Database/512x384/8401416435.jpg,1,0,0,0,0,1,0,0,1,0,0,0,0,1,1,1,0,0,1,0
KonIQ-10k IQA Database/512x384/8402295544.jpg,0,0,0,0,1,0,1,0,0,0,1,1,0,0,0,0,0,0,0,1
KonIQ-10k IQA Database/512x384/8403342715.jpg,0,0,1,0,0,0,1,0,0,0,1,0,1,0,0,0,1,0,0,0
KonIQ-10k IQA Database/512x384/8403312891.jpg,0,0,1,0,0,0,1,0,0,0,1,0,1,0,0,0,1,0,0,0
KonIQ-10k IQA Database/512x384/8403125101.jpg,0,1,0,0,0,1,0,0,1,0,0,1,0,0,1,0,0,0,0,0
KonIQ-10k IQA Database/512x384/8404905802.jpg,0,0,1,0,0,0,1,0,0,1,0,1,0,0,0,0,0,0,0,1
KonIQ-10k IQA Database/512x384/8404206319.jpg,0,0,1,0,0,0,1,0,0,1,0,1,0,0,0,0,0,0,0,1
KonIQ-10k IQA Database/512x384/8407650196.jpg,1,0,0,0,0,0,0,1,0,0,1,0,0,1,0,1,0,0,0,0
KonIQ-10k IQA Database/512x384/8406491085.jpg,0,0,0,0,1,1,0,0,0,1,0,1,0,0,0,0,1,0,0,0
KonIQ-10k IQA Database/512x384/8405074808.jpg,0,1,0,0,0,1,0,0,0,1,0,0,0,1,0,0,0,0,1,0
KonIQ-10k IQA Database/512x384/8405979865.jpg,1,0,0,0,0,0,0,0,0,0,1,0,1,0,0,1,0,0,0,0
KonIQ-10k IQA Database/512x384/8407751062.jpg,0,0,1,0,0,0,1,0,0,1,0,0,1,0,0,0,1,0,0,0
KonIQ-10k IQA Database/512x384/8406395791.jpg,1,0,0,0,0,1,0,0,0,1,0,0,1,0,0,1,1,0,0,0
KonIQ-10k IQA Database/512x384/8412239545.jpg,0,0,0,0,1,1,0,0,0,1,0,1,0,0,0,0,0,0,0,1
KonIQ-10k IQA Database/512x384/8410633059.jpg,0,1,0,0,0,0,0,1,0,1,0,0,1,0,0,0,0,0,0,1
KonIQ-10k IQA Database/512x384/8410894233.jpg,1,0,0,0,0,1,0,0,0,1,0,0,1,0,0,1,1,0,0,0
KonIQ-10k IQA Database/512x384/8413383096.jpg,0,0,0,0,1,0,0,0,0,0,1,0,0,1,0,0,0,0,0,1
KonIQ-10k IQA Database/512x384/8412460969.jpg,0,0,1,0,0,0,1,0,0,0,1,1,0,0,0,0,0,0,0,1
KonIQ-10k IQA Database/512x384/8412287695.jpg,1,0,0,0,0,1,0,0,0,1,0,1,0,0,0,1,0,0,0,0
KonIQ-10k IQA Database/512x384/8413515646.jpg,0,0,1,0,0,0,1,0,0,1,0,1,0,0,0,0,0,0,0,1
KonIQ-10k IQA Database/512x384/8416061748.jpg,0,0,0,0,1,0,1,0,0,1,0,1,0,0,0,0,0,0,0,1
KonIQ-10k IQA Database/512x384/8417199212.jpg,0,0,1,0,0,0,1,0,0,1,0,1,0,0,0,0,0,0,1,0
KonIQ-10k IQA Database/512x384/8418843841.jpg,1,0,0,0,0,1,0,0,1,0,0,1,0,0,0,0,1,0,1,0
KonIQ-10k IQA Database/512x384/8417110649.jpg,0,0,1,0,0,0,1,0,0,0,1,1,0,0,0,0,1,0,0,0
KonIQ-10k IQA Database/512x384/8418966442.jpg,0,0,0,0,1,1,0,0,0,1,0,0,0,1,1,0,0,0,0,0
KonIQ-10k IQA Database/512x384/8417650354.jpg,1,0,0,0,0,1,0,0,1,0,0,0,1,0,0,0,0,0,1,0
KonIQ-10k IQA Database/512x384/8417733554.jpg,1,0,0,0,0,1,0,0,1,0,0,0,0,1,0,0,0,1,0,0
KonIQ-10k IQA Database/512x384/8419228451.jpg,0,0,0,0,1,1,0,0,1,0,0,0,1,0,0,1,0,0,0,0
KonIQ-10k IQA Database/512x384/8420816712.jpg,0,0,1,0,0,0,1,0,0,0,1,1,0,0,0,0,1,0,0,0
KonIQ-10k IQA Database/512x384/8421578109.jpg,1,0,0,0,0,1,0,0,1,0,0,1,0,0,1,1,0,0,0,0
KonIQ-10k IQA Database/512x384/8425720386.jpg,0,0,0,0,1,1,0,0,0,1,0,0,1,0,0,0,0,1,0,0
KonIQ-10k IQA Database/512x384/8421980802.jpg,0,0,0,0,1,1,0,0,0,1,0,1,0,0,0,0,0,0,1,0
KonIQ-10k IQA Database/512x384/8419805674.jpg,0,0,0,0,1,1,0,0,1,0,0,0,1,0,1,1,0,0,0,0
KonIQ-10k IQA Database/512x384/8423036726.jpg,0,0,1,0,0,0,1,0,0,1,0,0,1,0,0,0,1,0,0,0
KonIQ-10k IQA Database/512x384/8423951722.jpg,0,1,0,0,0,0,1,0,0,0,1,1,0,0,1,0,0,0,0,0
KonIQ-10k IQA Database/512x384/8427357000.jpg,0,0,0,0,1,1,0,0,0,1,0,0,1,0,1,1,1,0,0,0
KonIQ-10k IQA Database/512x384/8427827661.jpg,0,1,0,0,0,1,0,0,0,0,1,1,0,0,0,0,1,0,1,0
KonIQ-10k IQA Database/512x384/8429377035.jpg,0,0,0,0,1,0,0,0,0,1,0,1,0,0,0,0,0,0,0,1
KonIQ-10k IQA Database/512x384/8428991513.jpg,0,0,1,0,0,0,1,0,0,0,1,1,0,0,0,0,1,0,0,0
KonIQ-10k IQA Database/512x384/8427536839.jpg,1,0,0,0,0,1,0,0,0,1,0,1,0,0,0,0,0,1,0,0
KonIQ-10k IQA Database/512x384/8428610140.jpg,1,0,0,0,0,1,0,0,0,1,0,1,0,0,0,0,0,1,0,0
KonIQ-10k IQA Database/512x384/8430005179.jpg,0,0,1,0,0,0,0,1,1,0,0,0,1,0,0,0,1,0,0,0
KonIQ-10k IQA Database/512x384/8430044905.jpg,0,1,0,0,0,0,1,0,0,0,1,1,0,0,1,0,0,0,0,0
KonIQ-10k IQA Database/512x384/8429194888.jpg,0,0,1,0,0,0,1,0,0,1,0,1,0,0,0,0,0,0,0,1
KonIQ-10k IQA Database/512x384/8430770537.jpg,0,0,1,0,0,0,1,0,0,0,1,1,0,0,0,0,0,0,0,1
KonIQ-10k IQA Database/512x384/8430084372.jpg,0,0,1,0,0,0,1,0,0,0,1,1,0,0,0,0,1,0,0,0
KonIQ-10k IQA Database/512x384/8430377800.jpg,0,1,0,0,0,1,0,0,1,0,0,0,1,0,0,1,0,0,0,0
KonIQ-10k IQA Database/512x384/8431773301.jpg,0,0,0,0,1,0,1,0,0,1,0,1,0,0,0,0,0,0,0,1
KonIQ-10k IQA Database/512x384/8431868669.jpg,0,0,0,0,1,0,0,0,1,0,0,0,0,0,0,0,0,0,0,1
KonIQ-10k IQA Database/512x384/8432266484.jpg,0,0,0,0,1,0,1,0,0,0,1,1,0,0,0,0,0,0,0,1
KonIQ-10k IQA Database/512x384/8433138741.jpg,1,0,0,0,0,1,0,0,1,0,0,1,0,0,0,0,0,0,1,0
KonIQ-10k IQA Database/512x384/8434015762.jpg,0,0,0,0,1,0,1,0,0,0,1,1,0,0,0,0,0,0,0,1
KonIQ-10k IQA Database/512x384/8434381156.jpg,0,0,1,0,0,0,1,0,0,0,1,0,1,0,0,0,1,0,0,0
KonIQ-10k IQA Database/512x384/8433107122.jpg,1,0,0,0,0,1,0,0,0,1,0,0,1,0,0,1,0,0,0,0
KonIQ-10k IQA Database/512x384/8435902776.jpg,0,0,0,0,1,0,1,0,0,0,1,0,0,1,0,0,0,0,0,1
KonIQ-10k IQA Database/512x384/8436817796.jpg,0,1,0,0,0,1,0,0,0,1,0,0,1,0,0,0,0,0,0,1
KonIQ-10k IQA Database/512x384/8435700290.jpg,0,0,1,0,0,0,1,0,0,1,0,1,0,0,0,0,0,0,0,1
KonIQ-10k IQA Database/512x384/8436929518.jpg,0,0,0,0,1,0,0,0,0,1,0,1,0,0,0,0,0,0,0,1
KonIQ-10k IQA Database/512x384/8434827647.jpg,0,0,0,1,0,1,0,0,0,1,0,0,1,0,0,0,1,0,1,0
KonIQ-10k IQA Database/512x384/8437453575.jpg,1,0,0,0,0,0,1,0,0,0,1,0,0,1,0,0,0,1,0,0
KonIQ-10k IQA Database/512x384/8437525605.jpg,0,1,0,0,0,0,1,0,0,0,1,0,0,1,1,0,0,1,0,0
KonIQ-10k IQA Database/512x384/8438943296.jpg,1,0,0,0,0,0,1,0,0,0,1,0,0,1,1,0,0,0,0,0
KonIQ-10k IQA Database/512x384/8438601990.jpg,0,0,1,0,0,0,1,0,0,1,0,1,0,0,0,1,0,0,0,0
KonIQ-10k IQA Database/512x384/8438194819.jpg,0,0,1,0,0,0,1,0,0,1,0,1,0,0,0,0,0,0,0,1
KonIQ-10k IQA Database/512x384/8437609150.jpg,1,0,0,0,0,1,0,0,1,0,0,1,0,0,0,0,0,1,0,0
KonIQ-10k IQA Database/512x384/8438205347.jpg,0,0,1,0,0,0,1,0,1,0,0,1,0,0,0,0,1,0,0,0
KonIQ-10k IQA Database/512x384/8439178228.jpg,0,0,1,0,0,0,1,0,0,0,1,1,0,0,0,0,0,0,0,1
KonIQ-10k IQA Database/512x384/8438721601.jpg,1,0,0,0,0,1,0,0,1,0,0,1,0,0,0,1,0,0,0,0
KonIQ-10k IQA Database/512x384/8439638054.jpg,0,0,0,0,1,1,0,0,0,1,0,0,1,0,0,0,0,0,1,0
KonIQ-10k IQA Database/512x384/8441623412.jpg,1,0,0,0,0,1,0,0,1,0,0,0,1,0,0,1,0,0,0,0
KonIQ-10k IQA Database/512x384/8442013836.jpg,0,0,1,0,0,0,1,0,0,0,1,1,0,0,0,0,1,0,0,0
KonIQ-10k IQA Database/512x384/8442383096.jpg,0,1,0,0,0,0,1,0,0,0,1,0,1,0,1,0,0,0,0,0
KonIQ-10k IQA Database/512x384/8439881076.jpg,1,0,0,0,0,1,0,0,0,1,0,1,0,0,0,1,0,0,0,0
KonIQ-10k IQA Database/512x384/8443583255.jpg,0,0,1,0,0,0,1,0,1,0,0,0,1,0,0,0,0,0,0,1
KonIQ-10k IQA Database/512x384/8442848364.jpg,0,0,0,0,1,1,0,0,0,1,0,1,0,0,0,0,0,0,1,0
KonIQ-10k IQA Database/512x384/8442858810.jpg,0,0,0,0,1,0,0,0,0,1,0,1,0,0,0,0,0,0,0,1
KonIQ-10k IQA Database/512x384/8444203927.jpg,1,0,0,0,0,1,0,0,1,0,0,0,1,0,0,0,0,0,1,0
KonIQ-10k IQA Database/512x384/8444344132.jpg,0,0,1,0,0,0,1,0,0,0,1,0,1,0,0,0,0,1,0,0
KonIQ-10k IQA Database/512x384/8445666777.jpg,0,0,0,0,1,0,1,0,1,0,0,1,0,0,0,1,0,0,0,0
KonIQ-10k IQA Database/512x384/8447352918.jpg,0,0,1,0,0,0,1,0,0,0,1,1,0,0,0,0,1,0,0,0
KonIQ-10k IQA Database/512x384/8444194286.jpg,0,0,1,0,0,0,1,0,1,0,0,1,0,0,0,0,1,0,0,0
KonIQ-10k IQA Database/512x384/8443782912.jpg,0,1,0,0,0,1,0,0,1,0,0,0,1,0,1,0,1,0,0,0
KonIQ-10k IQA Database/512x384/8446141044.jpg,0,0,1,0,0,0,1,0,0,1,0,0,0,1,0,0,1,0,0,0
KonIQ-10k IQA Database/512x384/8444615248.jpg,0,0,1,0,0,0,1,0,0,1,0,1,0,0,0,0,0,0,0,1
KonIQ-10k IQA Database/512x384/8448710097.jpg,0,0,1,0,0,0,1,0,0,1,0,1,0,0,0,0,1,0,0,0
KonIQ-10k IQA Database/512x384/8451346661.jpg,0,0,1,0,0,0,1,0,1,0,0,1,0,0,0,0,0,0,0,1
KonIQ-10k IQA Database/512x384/8449030791.jpg,0,0,0,0,1,1,0,0,0,1,0,1,0,0,0,0,1,0,0,0
KonIQ-10k IQA Database/512x384/8450870263.jpg,0,0,0,0,1,1,0,0,1,0,0,0,0,1,1,0,0,0,0,0
KonIQ-10k IQA Database/512x384/8451439208.jpg,0,0,0,0,1,0,0,0,0,1,0,1,0,0,0,0,0,0,0,1
KonIQ-10k IQA Database/512x384/8450836581.jpg,0,0,1,0,0,1,0,0,0,1,0,1,0,0,0,0,1,0,0,0
KonIQ-10k IQA Database/512x384/8451928629.jpg,0,0,1,0,0,0,1,0,1,0,0,0,1,0,0,0,1,0,0,0
KonIQ-10k IQA Database/512x384/8450680026.jpg,0,0,1,0,0,0,1,0,0,0,1,0,1,0,0,0,1,0,0,0
KonIQ-10k IQA Database/512x384/8449623916.jpg,1,0,0,0,0,1,0,0,1,0,0,1,0,0,0,0,0,1,1,0
KonIQ-10k IQA Database/512x384/8452429942.jpg,0,0,1,0,0,0,1,0,0,0,1,1,0,0,0,0,1,0,0,0
KonIQ-10k IQA Database/512x384/8452461056.jpg,0,0,0,0,1,1,0,0,1,0,0,0,1,0,0,0,0,1,0,0
KonIQ-10k IQA Database/512x384/8454945247.jpg,1,0,0,0,0,1,0,0,0,1,0,0,0,1,0,1,0,0,0,0
KonIQ-10k IQA Database/512x384/8452437121.jpg,0,0,0,0,1,1,0,0,1,0,0,0,1,0,0,1,0,0,0,0
KonIQ-10k IQA Database/512x384/8454542185.jpg,1,0,0,0,0,1,0,0,1,0,0,1,0,0,0,1,0,0,0,0
KonIQ-10k IQA Database/512x384/8454689689.jpg,0,0,0,0,1,1,0,0,1,0,0,1,0,0,0,1,1,0,0,0
KonIQ-10k IQA Database/512x384/8452514438.jpg,0,0,1,0,0,0,1,0,0,0,1,0,1,0,0,0,0,0,0,1
KonIQ-10k IQA Database/512x384/8452772155.jpg,0,0,0,0,1,0,1,0,1,0,0,0,0,1,0,0,0,0,0,1
KonIQ-10k IQA Database/512x384/8456262039.jpg,0,0,1,0,0,0,0,0,0,1,0,1,0,0,0,0,0,0,1,0
KonIQ-10k IQA Database/512x384/8457028188.jpg,1,0,0,0,0,1,0,0,1,0,0,1,0,0,1,1,0,0,0,0
KonIQ-10k IQA Database/512x384/8455329161.jpg,0,0,0,1,0,0,1,0,1,0,0,1,0,0,0,0,1,0,0,0
KonIQ-10k IQA Database/512x384/8456415044.jpg,0,0,0,1,0,0,1,0,1,0,0,1,0,0,0,0,1,0,0,0
KonIQ-10k IQA Database/512x384/8456644085.jpg,0,0,1,0,0,0,1,0,0,1,0,1,0,0,0,0,0,0,0,1
KonIQ-10k IQA Database/512x384/8458155212.jpg,0,0,1,0,0,0,1,0,0,1,0,0,1,0,0,0,1,0,0,0
KonIQ-10k IQA Database/512x384/8458755761.jpg,0,1,0,0,0,1,0,0,1,0,0,0,1,0,0,0,1,0,1,0
KonIQ-10k IQA Database/512x384/8458232440.jpg,1,0,0,0,0,1,0,0,0,1,0,0,1,0,0,0,0,0,1,0
KonIQ-10k IQA Database/512x384/8459641425.jpg,0,0,1,0,0,0,1,0,0,1,0,1,0,0,0,0,0,0,0,1
KonIQ-10k IQA Database/512x384/84596414259.jpg,0,0,1,0,0,0,1,0,0,1,0,1,0,0,0,0,0,0,0,1
KonIQ-10k IQA Database/512x384/8460154333.jpg,0,0,0,0,1,1,0,0,0,1,0,1,0,0,0,0,0,0,0,1
KonIQ-10k IQA Database/512x384/8460376605.jpg,0,0,1,0,0,0,0,1,0,1,0,1,0,0,0,1,0,0,0,0
KonIQ-10k IQA Database/512x384/8459688085.jpg,0,1,0,0,0,1,0,0,0,1,0,1,0,0,0,1,0,0,0,0
KonIQ-10k IQA Database/512x384/8460289501.jpg,0,1,0,0,0,1,0,0,0,1,0,1,0,0,1,1,0,0,0,0
KonIQ-10k IQA Database/512x384/8460764072.jpg,0,0,1,0,0,0,1,0,0,1,0,0,1,0,0,0,1,0,0,0
KonIQ-10k IQA Database/512x384/8459996431.jpg,1,0,0,0,0,1,0,0,1,0,0,0,0,1,1,1,0,0,0,0
KonIQ-10k IQA Database/512x384/8461148661.jpg,0,0,0,0,1,1,0,0,0,1,0,0,1,0,0,0,0,1,0,0
KonIQ-10k IQA Database/512x384/8462442319.jpg,1,0,0,0,0,1,0,0,0,1,0,1,0,0,0,1,0,0,0,0
KonIQ-10k IQA Database/512x384/8461542458.jpg,0,1,0,0,0,0,1,0,0,0,1,0,0,1,1,0,0,0,0,0
KonIQ-10k IQA Database/512x384/8463181410.jpg,0,0,1,0,0,0,1,0,0,1,0,0,1,0,0,0,1,0,0,0
KonIQ-10k IQA Database/512x384/8463119506.jpg,0,0,0,0,1,1,0,0,0,1,0,1,0,0,0,0,0,0,0,1
KonIQ-10k IQA Database/512x384/8463190672.jpg,1,0,0,0,0,1,0,0,0,1,0,1,0,0,1,0,0,0,0,0
KonIQ-10k IQA Database/512x384/8463285530.jpg,0,0,0,1,0,0,1,0,0,1,0,1,0,0,0,0,1,0,0,0
KonIQ-10k IQA Database/512x384/8464327703.jpg,0,0,1,0,0,0,1,0,1,0,0,0,1,0,0,0,1,0,0,0
KonIQ-10k IQA Database/512x384/8464428247.jpg,0,0,0,0,1,0,1,0,0,0,1,0,1,0,0,0,0,0,1,0
KonIQ-10k IQA Database/512x384/8465039467.jpg,0,0,1,0,0,0,1,0,0,1,0,1,0,0,0,0,1,0,0,0
KonIQ-10k IQA Database/512x384/8465866576.jpg,0,0,0,1,0,0,1,0,0,1,0,0,1,0,0,0,1,0,0,0
KonIQ-10k IQA Database/512x384/8466537488.jpg,1,0,0,0,0,1,0,0,1,0,0,0,1,0,0,0,0,0,1,0
KonIQ-10k IQA Database/512x384/8465545790.jpg,0,0,0,0,1,0,1,0,1,0,0,1,0,0,0,1,0,0,0,0
KonIQ-10k IQA Database/512x384/8465276999.jpg,0,0,0,0,1,1,0,0,1,0,0,0,1,0,0,1,0,0,0,0
KonIQ-10k IQA Database/512x384/8467715346.jpg,0,0,1,0,0,0,1,0,0,1,0,1,0,0,0,0,1,0,0,0
KonIQ-10k IQA Database/512x384/8466719811.jpg,1,0,0,0,0,1,0,0,1,0,0,1,0,0,0,1,0,0,0,0
KonIQ-10k IQA Database/512x384/8467804997.jpg,1,0,0,0,0,1,0,0,0,1,0,1,0,0,1,0,0,0,0,0
KonIQ-10k IQA Database/512x384/8468013032.jpg,0,0,1,0,0,0,1,0,0,1,0,1,0,0,0,1,0,0,0,0
KonIQ-10k IQA Database/512x384/8468581524.jpg,0,0,1,0,0,0,1,0,1,0,0,1,0,0,0,1,0,0,0,0
KonIQ-10k IQA Database/512x384/8468299060.jpg,0,0,0,0,1,1,0,0,1,0,0,1,0,0,0,0,0,0,1,0
KonIQ-10k IQA Database/512x384/8469388516.jpg,1,0,0,0,0,0,0,0,0,0,1,0,0,1,0,0,0,0,1,0
KonIQ-10k IQA Database/512x384/8471068172.jpg,0,0,1,0,0,0,1,0,1,0,0,1,0,0,0,0,0,0,0,1
KonIQ-10k IQA Database/512x384/8468743988.jpg,0,0,1,0,0,0,1,0,0,1,0,0,1,0,0,0,1,0,0,0
KonIQ-10k IQA Database/512x384/8471534118.jpg,0,0,0,0,1,0,0,0,0,1,0,1,0,0,0,0,0,0,0,1
KonIQ-10k IQA Database/512x384/8471619926.jpg,0,0,1,0,0,0,1,0,0,0,1,1,0,0,0,0,1,0,0,0
KonIQ-10k IQA Database/512x384/8472852630.jpg,0,1,0,0,0,0,1,0,0,1,0,0,0,1,0,0,0,0,0,1
KonIQ-10k IQA Database/512x384/8473031499.jpg,0,0,0,0,1,0,1,0,0,1,0,1,0,0,0,0,0,0,0,1
KonIQ-10k IQA Database/512x384/8472898292.jpg,1,0,0,0,0,0,0,0,0,0,1,0,0,1,0,0,0,1,1,0
KonIQ-10k IQA Database/512x384/8473167636.jpg,0,0,0,0,1,0,1,0,1,0,0,1,0,0,0,0,0,0,0,1
KonIQ-10k IQA Database/512x384/8473611231.jpg,0,0,0,0,1,0,0,0,0,0,1,1,0,0,0,0,0,0,0,1
KonIQ-10k IQA Database/512x384/8473442365.jpg,0,0,0,0,1,1,0,0,1,0,0,0,1,0,1,1,0,1,0,0
KonIQ-10k IQA Database/512x384/8473751363.jpg,0,0,0,0,1,0,1,0,1,0,0,1,0,0,0,0,0,0,0,1
KonIQ-10k IQA Database/512x384/8474310923.jpg,1,0,0,0,0,1,0,0,0,1,0,0,1,0,0,1,0,1,0,0
KonIQ-10k IQA Database/512x384/8474312023.jpg,1,0,0,0,0,1,0,0,0,1,0,0,1,0,0,0,0,1,0,0
KonIQ-10k IQA Database/512x384/8477555984.jpg,0,0,1,0,0,0,1,0,1,0,0,1,0,0,0,1,0,0,0,0
KonIQ-10k IQA Database/512x384/8474594407.jpg,0,0,0,0,1,1,0,0,0,1,0,0,1,0,0,1,0,0,1,0
KonIQ-10k IQA Database/512x384/8475086246.jpg,1,0,0,0,0,1,0,0,0,1,0,0,1,0,0,0,0,0,1,0
KonIQ-10k IQA Database/512x384/8481265200.jpg,0,1,0,0,0,1,0,0,0,1,0,0,1,0,0,1,0,0,0,0
KonIQ-10k IQA Database/512x384/8481724236.jpg,0,0,0,0,1,1,0,0,0,1,0,1,0,0,0,0,0,0,0,1
KonIQ-10k IQA Database/512x384/8481450412.jpg,0,0,1,0,0,0,1,0,0,0,1,1,0,0,0,0,0,0,0,1
KonIQ-10k IQA Database/512x384/8485208349.jpg,0,1,0,0,0,0,1,0,0,0,1,0,0,1,0,0,0,1,0,0
KonIQ-10k IQA Database/512x384/8484786490.jpg,0,0,0,0,1,1,0,0,1,0,0,1,0,0,0,1,0,0,0,0
KonIQ-10k IQA Database/512x384/8482992711.jpg,0,0,1,0,0,0,1,0,0,0,1,0,1,0,0,0,0,0,0,1
KonIQ-10k IQA Database/512x384/8481080192.jpg,0,0,0,0,1,0,1,0,0,0,1,0,1,0,0,1,1,0,0,0
KonIQ-10k IQA Database/512x384/8485122834.jpg,0,0,0,0,1,1,0,0,1,0,0,0,1,0,0,1,1,0,0,0
KonIQ-10k IQA Database/512x384/8485747318.jpg,0,0,0,1,0,0,1,0,1,0,0,1,0,0,0,0,1,0,0,0
KonIQ-10k IQA Database/512x384/8485295618.jpg,0,0,1,0,0,1,0,0,1,0,0,1,0,0,0,0,0,0,1,0
KonIQ-10k IQA Database/512x384/8484679828.jpg,1,0,0,0,0,1,0,0,1,0,0,0,1,0,0,1,0,0,0,0
KonIQ-10k IQA Database/512x384/8486309874.jpg,0,1,0,0,0,0,1,0,0,0,1,0,0,1,0,0,0,1,0,0
KonIQ-10k IQA Database/512x384/8486814802.jpg,0,0,1,0,0,0,0,1,1,0,0,0,1,0,0,0,1,0,0,0
KonIQ-10k IQA Database/512x384/8486986414.jpg,1,0,0,0,0,1,0,0,1,0,0,0,0,1,1,1,0,0,0,0
KonIQ-10k IQA Database/512x384/8486846186.jpg,1,0,0,0,0,1,0,0,0,1,0,1,0,0,0,1,0,0,0,0
KonIQ-10k IQA Database/512x384/8488319324.jpg,0,0,0,0,1,0,1,0,1,0,0,1,0,0,0,0,0,0,0,1
KonIQ-10k IQA Database/512x384/8488084256.jpg,0,1,0,0,0,1,0,0,0,1,0,0,1,0,0,1,1,0,0,0
KonIQ-10k IQA Database/512x384/8488457246.jpg,0,1,0,0,0,1,0,0,1,0,0,1,0,0,1,0,0,0,0,0
KonIQ-10k IQA Database/512x384/8488826556.jpg,0,0,0,0,1,1,0,0,1,0,0,1,0,0,0,1,0,0,0,0
KonIQ-10k IQA Database/512x384/8488394767.jpg,0,0,0,1,0,0,1,0,0,1,0,0,1,0,0,0,1,0,0,0
KonIQ-10k IQA Database/512x384/8488083858.jpg,0,0,1,0,0,0,1,0,0,1,0,0,0,1,0,0,1,0,0,0
KonIQ-10k IQA Database/512x384/8489243270.jpg,0,1,0,0,0,1,0,0,0,1,0,1,0,0,0,0,0,0,1,0
KonIQ-10k IQA Database/512x384/8489199003.jpg,0,0,0,1,0,0,1,0,1,0,0,1,0,0,0,0,1,0,0,0
KonIQ-10k IQA Database/512x384/8491632656.jpg,0,0,1,0,0,0,1,0,0,0,1,1,0,0,0,0,1,0,0,0
KonIQ-10k IQA Database/512x384/8493065081.jpg,1,0,0,0,0,1,0,0,0,1,0,1,0,0,0,1,0,0,0,0
KonIQ-10k IQA Database/512x384/8494992418.jpg,0,0,0,1,0,0,1,0,0,1,0,1,0,0,0,0,1,0,0,0
KonIQ-10k IQA Database/512x384/8492640738.jpg,0,0,0,0,1,1,0,0,0,1,0,1,0,0,0,1,0,0,0,0
KonIQ-10k IQA Database/512x384/8494026131.jpg,0,0,0,1,0,1,0,0,0,1,0,0,1,0,0,1,1,0,0,0
KonIQ-10k IQA Database/512x384/8492768208.jpg,0,1,0,0,0,1,0,0,0,1,0,0,0,1,1,1,0,0,0,0
KonIQ-10k IQA Database/512x384/8496798280.jpg,1,0,0,0,0,1,0,0,1,0,0,1,0,0,0,1,0,0,1,0
KonIQ-10k IQA Database/512x384/8496923161.jpg,0,0,0,0,1,0,1,0,0,1,0,1,0,0,0,0,0,0,0,1
KonIQ-10k IQA Database/512x384/8498176247.jpg,0,0,1,0,0,0,1,0,1,0,0,1,0,0,0,0,0,0,0,1
KonIQ-10k IQA Database/512x384/8497413134.jpg,1,0,0,0,0,1,0,0,0,1,0,1,0,0,0,0,0,0,0,1
KonIQ-10k IQA Database/512x384/8498192267.jpg,0,1,0,0,0,1,0,0,0,1,0,0,1,0,1,0,0,0,0,0
KonIQ-10k IQA Database/512x384/8497829320.jpg,0,0,1,0,0,0,1,0,1,0,0,0,1,0,0,0,0,0,0,1
KonIQ-10k IQA Database/512x384/8498158756.jpg,0,0,0,1,0,0,1,0,1,0,0,0,1,0,0,0,1,0,0,0
KonIQ-10k IQA Database/512x384/8498296013.jpg,0,1,0,0,0,1,0,0,0,1,0,0,0,1,1,0,0,0,0,0
KonIQ-10k IQA Database/512x384/8501012764.jpg,0,0,0,0,1,0,0,1,0,1,0,1,0,0,0,1,0,0,0,0
KonIQ-10k IQA Database/512x384/8501698385.jpg,0,1,0,0,0,1,0,0,1,0,0,0,1,0,1,0,0,0,0,0
KonIQ-10k IQA Database/512x384/8501628435.jpg,0,0,1,0,0,0,1,0,1,0,0,1,0,0,0,0,0,0,0,1
KonIQ-10k IQA Database/512x384/8501713418.jpg,0,0,1,0,0,0,1,0,0,1,0,1,0,0,0,0,0,0,0,1
KonIQ-10k IQA Database/512x384/8502191647.jpg,0,1,0,0,0,1,0,0,0,1,0,0,1,0,0,1,0,0,0,0
KonIQ-10k IQA Database/512x384/8499771607.jpg,0,0,0,0,1,1,0,0,0,1,0,1,0,0,0,0,0,0,1,0
KonIQ-10k IQA Database/512x384/8502941912.jpg,1,0,0,0,0,1,0,0,0,1,0,0,1,0,1,0,0,1,1,0
KonIQ-10k IQA Database/512x384/8503429334.jpg,1,0,0,0,0,1,0,0,1,0,0,0,1,0,0,0,1,0,1,0
KonIQ-10k IQA Database/512x384/8503728878.jpg,1,0,0,0,0,1,0,0,0,1,0,0,0,1,0,0,0,0,0,1
KonIQ-10k IQA Database/512x384/8504046996.jpg,0,0,1,0,0,0,1,0,0,1,0,0,1,0,0,0,0,0,0,1
KonIQ-10k IQA Database/512x384/8503871115.jpg,0,0,1,0,0,0,1,0,0,0,1,1,0,0,0,0,0,0,0,1
KonIQ-10k IQA Database/512x384/8504332753.jpg,0,0,0,1,0,1,0,0,1,0,0,1,0,0,0,0,0,0,1,0
KonIQ-10k IQA Database/512x384/8503982189.jpg,0,0,1,0,0,0,1,0,0,1,0,0,0,1,0,0,0,0,0,1
KonIQ-10k IQA Database/512x384/8505294712.jpg,0,0,0,0,1,1,0,0,0,1,0,1,0,0,0,0,0,0,0,1
KonIQ-10k IQA Database/512x384/8506109338.jpg,0,0,0,0,1,0,0,0,0,0,1,0,0,1,1,0,0,0,0,0
KonIQ-10k IQA Database/512x384/8504503946.jpg,0,0,1,0,0,0,1,0,0,1,0,0,0,1,0,0,1,0,0,0
KonIQ-10k IQA Database/512x384/8506145736.jpg,0,0,1,0,0,0,1,0,0,1,0,1,0,0,0,0,0,0,0,1
KonIQ-10k IQA Database/512x384/8506515372.jpg,0,1,0,0,0,1,0,0,0,1,0,0,1,0,0,0,1,0,0,0
KonIQ-10k IQA Database/512x384/8507554609.jpg,0,0,0,0,1,1,0,0,0,1,0,1,0,0,0,1,0,0,0,0
KonIQ-10k IQA Database/512x384/8506941154.jpg,0,0,0,0,1,1,0,0,1,0,0,1,0,0,0,0,0,0,0,1
KonIQ-10k IQA Database/512x384/8509120510.jpg,0,0,0,0,1,0,0,0,0,1,0,1,0,0,0,0,0,0,0,1
KonIQ-10k IQA Database/512x384/8509241021.jpg,1,0,0,0,0,1,0,0,0,1,0,0,1,0,0,1,0,1,0,0
KonIQ-10k IQA Database/512x384/8507000235.jpg,1,0,0,0,0,1,0,0,1,0,0,0,1,0,0,1,0,0,0,0
KonIQ-10k IQA Database/512x384/8510093470.jpg,0,0,0,0,1,0,1,0,0,0,1,1,0,0,0,0,0,0,0,1
KonIQ-10k IQA Database/512x384/8511620322.jpg,0,1,0,0,0,1,0,0,0,1,0,0,0,1,0,1,0,0,0,0
KonIQ-10k IQA Database/512x384/8510431014.jpg,1,0,0,0,0,1,0,0,1,0,0,1,0,0,0,1,0,0,0,0
KonIQ-10k IQA Database/512x384/8512098446.jpg,0,1,0,0,0,0,1,0,0,0,1,1,0,0,0,1,0,0,0,0
KonIQ-10k IQA Database/512x384/8511131771.jpg,0,0,1,0,0,0,1,0,0,0,1,1,0,0,0,0,0,0,0,1
KonIQ-10k IQA Database/512x384/8511720535.jpg,0,0,1,0,0,0,1,0,1,0,0,1,0,0,0,0,0,0,1,0
KonIQ-10k IQA Database/512x384/85119046.jpg,0,0,1,0,0,0,1,0,0,0,1,1,0,0,0,0,0,0,0,1
KonIQ-10k IQA Database/512x384/8515006370.jpg,0,0,1,0,0,0,1,0,0,1,0,1,0,0,0,0,0,0,0,1
KonIQ-10k IQA Database/512x384/8514709398.jpg,0,0,1,0,0,0,1,0,0,1,0,1,0,0,0,0,0,0,0,1
KonIQ-10k IQA Database/512x384/8512455050.jpg,0,0,1,0,0,0,1,0,0,1,0,0,1,0,0,0,1,0,0,0
KonIQ-10k IQA Database/512x384/85152804.jpg,0,1,0,0,0,1,0,0,1,0,0,0,1,0,1,0,0,0,0,0
KonIQ-10k IQA Database/512x384/8515582085.jpg,0,0,1,0,0,0,1,0,1,0,0,1,0,0,0,0,0,0,0,1
KonIQ-10k IQA Database/512x384/8515263910.jpg,0,0,0,0,1,0,0,0,0,1,0,1,0,0,0,0,0,0,0,1
KonIQ-10k IQA Database/512x384/8515635261.jpg,0,0,1,0,0,0,1,0,1,0,0,0,1,0,0,0,0,0,0,1
KonIQ-10k IQA Database/512x384/8517283347.jpg,1,0,0,0,0,1,0,0,0,1,0,0,1,0,1,0,0,1,0,0
KonIQ-10k IQA Database/512x384/8517833832.jpg,0,0,1,0,0,0,1,0,0,0,1,1,0,0,0,0,1,0,0,0
KonIQ-10k IQA Database/512x384/8516080909.jpg,0,1,0,0,0,0,1,0,0,1,0,1,0,0,0,0,0,0,0,1
KonIQ-10k IQA Database/512x384/8517500456.jpg,0,0,1,0,0,0,1,0,1,0,0,1,0,0,0,0,0,0,0,1
KonIQ-10k IQA Database/512x384/8518560636.jpg,0,0,1,0,0,0,1,0,0,1,0,1,0,0,0,0,0,0,0,1
KonIQ-10k IQA Database/512x384/8517575081.jpg,1,0,0,0,0,1,0,0,0,1,0,1,0,0,0,0,0,1,0,0
KonIQ-10k IQA Database/512x384/8518610606.jpg,0,0,1,0,0,0,1,0,0,1,0,1,0,0,0,0,0,0,0,1
KonIQ-10k IQA Database/512x384/8519367340.jpg,1,0,0,0,0,1,0,0,0,1,0,0,1,0,0,1,0,1,0,0
KonIQ-10k IQA Database/512x384/8520990466.jpg,0,0,0,0,1,0,1,0,0,1,0,1,0,0,0,0,0,0,0,1
KonIQ-10k IQA Database/512x384/8522041587.jpg,0,0,1,0,0,0,1,0,0,0,1,1,0,0,0,0,0,0,0,1
KonIQ-10k IQA Database/512x384/8520265759.jpg,0,0,1,0,0,0,1,0,0,1,0,1,0,0,0,0,0,0,0,1
KonIQ-10k IQA Database/512x384/8521866643.jpg,0,0,0,0,1,1,0,0,0,1,0,0,0,1,0,0,0,0,1,0
KonIQ-10k IQA Database/512x384/8522094125.jpg,0,0,1,0,0,0,1,0,1,0,0,1,0,0,0,0,0,0,0,1
KonIQ-10k IQA Database/512x384/8522515607.jpg,0,0,1,0,0,0,1,0,0,1,0,0,1,0,0,0,1,0,0,0
KonIQ-10k IQA Database/512x384/8522546794.jpg,0,0,0,1,0,0,1,0,0,1,0,1,0,0,0,0,1,0,0,0
KonIQ-10k IQA Database/512x384/8522481331.jpg,1,0,0,0,0,1,0,0,0,1,0,1,0,0,0,1,0,0,0,0
KonIQ-10k IQA Database/512x384/8523298395.jpg,1,0,0,0,0,1,0,0,1,0,0,0,1,0,0,0,0,0,1,0
KonIQ-10k IQA Database/512x384/8523540447.jpg,1,0,0,0,0,1,0,0,0,1,0,1,0,0,1,1,0,0,0,0
KonIQ-10k IQA Database/512x384/8523976721.jpg,0,0,0,0,1,0,1,0,0,0,1,0,0,1,0,0,0,0,0,1
KonIQ-10k IQA Database/512x384/85240920.jpg,0,0,1,0,0,1,0,0,0,1,0,1,0,0,0,1,0,0,0,0
KonIQ-10k IQA Database/512x384/8524995451.jpg,0,0,1,0,0,0,1,0,0,0,1,0,1,0,0,0,1,0,0,0
KonIQ-10k IQA Database/512x384/8525376754.jpg,0,0,1,0,0,0,1,0,0,1,0,0,0,1,0,0,1,0,0,0
KonIQ-10k IQA Database/512x384/8528201518.jpg,0,0,1,0,0,0,1,0,0,1,0,1,0,0,0,0,0,0,0,1
KonIQ-10k IQA Database/512x384/8528934790.jpg,0,0,0,0,1,1,0,0,0,1,0,0,1,0,1,0,0,0,0,0
KonIQ-10k IQA Database/512x384/8527988312.jpg,0,1,0,0,0,1,0,0,0,1,0,0,0,1,1,1,0,0,1,0
KonIQ-10k IQA Database/512x384/8529310556.jpg,0,0,0,0,1,1,0,0,1,0,0,1,0,0,0,1,1,0,0,0
KonIQ-10k IQA Database/512x384/8529310804.jpg,0,1,0,0,0,1,0,0,1,0,0,1,0,0,0,1,1,0,0,0
KonIQ-10k IQA Database/512x384/8529412192.jpg,0,0,0,0,1,1,0,0,0,1,0,0,1,0,0,0,1,0,1,0
KonIQ-10k IQA Database/512x384/8529490962.jpg,0,0,0,0,1,1,0,0,0,1,0,0,1,0,0,0,1,0,1,0
KonIQ-10k IQA Database/512x384/8529541053.jpg,0,0,1,0,0,0,1,0,0,1,0,0,1,0,0,0,1,0,0,0
KonIQ-10k IQA Database/512x384/8529705971.jpg,1,0,0,0,0,1,0,0,0,1,0,0,1,0,1,0,1,1,0,0
KonIQ-10k IQA Database/512x384/8530273249.jpg,0,0,1,0,0,0,1,0,0,0,1,1,0,0,0,0,1,0,0,0
KonIQ-10k IQA Database/512x384/8530355188.jpg,1,0,0,0,0,0,0,0,0,0,1,1,0,0,0,0,0,0,0,1
KonIQ-10k IQA Database/512x384/8530869068.jpg,0,0,0,0,1,1,0,0,1,0,0,0,1,0,1,0,1,1,0,0
KonIQ-10k IQA Database/512x384/8531375153.jpg,1,0,0,0,0,1,0,0,0,1,0,1,0,0,0,1,0,0,0,0
KonIQ-10k IQA Database/512x384/8532133819.jpg,0,1,0,0,0,1,0,0,1,0,0,1,0,0,1,0,0,0,0,0
KonIQ-10k IQA Database/512x384/85321338195.jpg,0,1,0,0,0,1,0,0,1,0,0,1,0,0,1,0,0,0,0,0
KonIQ-10k IQA Database/512x384/8531633123.jpg,1,0,0,0,0,1,0,0,1,0,0,0,0,1,0,1,0,1,0,0
KonIQ-10k IQA Database/512x384/8532727626.jpg,0,0,1,0,0,0,1,0,0,1,0,1,0,0,0,0,0,0,0,1
KonIQ-10k IQA Database/512x384/8535035859.jpg,0,0,1,0,0,0,0,1,0,1,0,0,1,0,0,0,1,0,0,0
KonIQ-10k IQA Database/512x384/8532549490.jpg,0,0,1,0,0,0,1,0,0,1,0,0,1,0,0,0,0,0,0,1
KonIQ-10k IQA Database/512x384/8533805271.jpg,0,0,1,0,0,0,1,0,1,0,0,1,0,0,0,0,0,0,0,1
KonIQ-10k IQA Database/512x384/8533373653.jpg,0,1,0,0,0,1,0,0,1,0,0,0,1,0,0,0,1,0,0,0
KonIQ-10k IQA Database/512x384/8537113381.jpg,0,0,1,0,0,0,1,0,0,1,0,1,0,0,0,0,0,0,0,1
KonIQ-10k IQA Database/512x384/8534896880.jpg,1,0,0,0,0,1,0,0,1,0,0,0,1,0,0,0,1,0,1,0
KonIQ-10k IQA Database/512x384/8535232822.jpg,1,0,0,0,0,1,0,0,0,1,0,0,0,1,0,0,0,0,1,0
KonIQ-10k IQA Database/512x384/8539118741.jpg,0,0,0,0,1,0,1,0,0,0,1,1,0,0,0,0,0,0,0,1
KonIQ-10k IQA Database/512x384/8539488665.jpg,1,0,0,0,0,1,0,0,0,1,0,0,1,0,0,0,0,0,1,0
KonIQ-10k IQA Database/512x384/8540532034.jpg,0,0,1,0,0,0,1,0,0,1,0,1,0,0,0,0,0,0,0,1
KonIQ-10k IQA Database/512x384/8539554428.jpg,0,0,0,0,1,1,0,0,1,0,0,1,0,0,0,0,0,0,0,1
KonIQ-10k IQA Database/512x384/8539670364.jpg,0,0,1,0,0,0,1,0,0,0,1,1,0,0,0,0,1,0,0,0
KonIQ-10k IQA Database/512x384/8539498079.jpg,0,0,1,0,0,0,1,0,0,1,0,1,0,0,0,0,0,0,0,1
KonIQ-10k IQA Database/512x384/8544556866.jpg,0,0,0,0,1,1,0,0,1,0,0,0,1,0,0,1,0,0,0,0
KonIQ-10k IQA Database/512x384/8541006859.jpg,0,0,1,0,0,0,1,0,0,1,0,0,1,0,0,0,1,0,0,0
KonIQ-10k IQA Database/512x384/8545722241.jpg,0,0,0,0,1,1,0,0,0,1,0,0,1,0,0,0,0,1,0,0
KonIQ-10k IQA Database/512x384/8546237134.jpg,0,0,1,0,0,0,1,0,1,0,0,1,0,0,0,0,1,0,0,0
KonIQ-10k IQA Database/512x384/8545905705.jpg,0,0,1,0,0,0,1,0,0,1,0,1,0,0,0,0,1,0,0,0
KonIQ-10k IQA Database/512x384/8546547724.jpg,0,0,0,0,1,0,1,0,1,0,0,1,0,0,0,0,0,0,0,1
KonIQ-10k IQA Database/512x384/8545406642.jpg,1,0,0,0,0,1,0,0,1,0,0,1,0,0,1,0,0,0,0,0
KonIQ-10k IQA Database/512x384/8546536299.jpg,0,0,1,0,0,0,1,0,0,1,0,1,0,0,0,1,0,0,0,0
KonIQ-10k IQA Database/512x384/8546849368.jpg,0,0,0,1,0,1,0,0,1,0,0,1,0,0,0,0,1,0,0,0
KonIQ-10k IQA Database/512x384/8546838188.jpg,0,0,1,0,0,0,1,0,0,1,0,1,0,0,0,0,0,0,0,1
KonIQ-10k IQA Database/512x384/8547424731.jpg,0,0,0,0,1,0,0,0,0,1,0,1,0,0,0,1,0,0,0,0
KonIQ-10k IQA Database/512x384/8550575599.jpg,0,0,1,0,0,0,1,0,0,0,1,1,0,0,0,0,1,0,0,0
KonIQ-10k IQA Database/512x384/8550306054.jpg,0,0,1,0,0,0,1,0,0,0,1,0,1,0,0,0,1,0,0,0
KonIQ-10k IQA Database/512x384/8549600155.jpg,0,1,0,0,0,1,0,0,0,1,0,0,1,0,1,1,0,0,0,0
KonIQ-10k IQA Database/512x384/8549362115.jpg,1,0,0,0,0,1,0,0,0,1,0,0,1,0,0,1,1,0,0,0
KonIQ-10k IQA Database/512x384/8550746603.jpg,1,0,0,0,0,1,0,0,1,0,0,1,0,0,0,0,0,1,0,0
KonIQ-10k IQA Database/512x384/8551222492.jpg,0,0,0,1,0,1,0,0,1,0,0,1,0,0,0,1,1,0,0,0
KonIQ-10k IQA Database/512x384/8551620615.jpg,1,0,0,0,0,1,0,0,0,1,0,0,1,0,0,1,0,1,0,0
KonIQ-10k IQA Database/512x384/8552101917.jpg,0,0,1,0,0,0,1,0,0,1,0,0,1,0,0,0,1,0,0,0
KonIQ-10k IQA Database/512x384/8552550792.jpg,1,0,0,0,0,0,0,0,0,0,1,1,0,0,0,0,0,0,0,1
KonIQ-10k IQA Database/512x384/8552740610.jpg,0,0,1,0,0,0,1,0,0,0,1,1,0,0,0,0,1,0,0,0
KonIQ-10k IQA Database/512x384/8552590099.jpg,0,0,1,0,0,0,1,0,0,1,0,1,0,0,0,0,0,0,0,1
KonIQ-10k IQA Database/512x384/8553449461.jpg,0,0,0,0,1,0,1,0,1,0,0,1,0,0,0,0,0,0,0,1
KonIQ-10k IQA Database/512x384/8553006135.jpg,0,0,0,0,1,1,0,0,1,0,0,0,1,0,1,0,1,0,0,0
KonIQ-10k IQA Database/512x384/8556005393.jpg,1,0,0,0,0,1,0,0,1,0,0,0,1,0,0,0,0,0,1,0
KonIQ-10k IQA Database/512x384/8553471741.jpg,0,0,1,0,0,0,1,0,0,1,0,1,0,0,0,1,0,0,0,0
KonIQ-10k IQA Database/512x384/8555190491.jpg,0,0,0,0,1,1,0,0,1,0,0,1,0,0,0,1,0,0,0,0
KonIQ-10k IQA Database/512x384/8554330315.jpg,0,0,0,0,1,0,1,0,1,0,0,1,0,0,0,0,0,0,0,1
KonIQ-10k IQA Database/512x384/8553130419.jpg,0,1,0,0,0,0,1,0,0,0,1,1,0,0,0,0,0,0,0,1
KonIQ-10k IQA Database/512x384/8556290824.jpg,0,0,1,0,0,0,1,0,0,1,0,1,0,0,0,0,1,0,0,0
KonIQ-10k IQA Database/512x384/8554033162.jpg,0,0,0,1,0,0,1,0,1,0,0,0,1,0,0,0,1,0,0,0
KonIQ-10k IQA Database/512x384/8558582535.jpg,0,1,0,0,0,0,1,0,0,0,1,0,1,0,1,0,0,0,0,0
KonIQ-10k IQA Database/512x384/8556730555.jpg,0,0,0,0,1,1,0,0,1,0,0,1,0,0,0,1,0,0,1,0
KonIQ-10k IQA Database/512x384/8556786880.jpg,0,0,1,0,0,0,1,0,0,1,0,1,0,0,0,0,0,0,0,1
KonIQ-10k IQA Database/512x384/8560160557.jpg,0,1,0,0,0,0,1,0,0,0,1,0,1,0,0,1,0,0,0,0
KonIQ-10k IQA Database/512x384/8560249138.jpg,0,0,1,0,0,0,1,0,0,0,1,1,0,0,0,0,1,0,0,0
KonIQ-10k IQA Database/512x384/8559592041.jpg,0,1,0,0,0,1,0,0,0,1,0,1,0,0,1,1,0,0,0,0
KonIQ-10k IQA Database/512x384/8560249157.jpg,1,0,0,0,0,1,0,0,0,1,0,0,0,1,0,0,0,1,0,0
KonIQ-10k IQA Database/512x384/8561557613.jpg,0,0,1,0,0,0,1,0,0,0,1,1,0,0,0,0,0,0,0,1
KonIQ-10k IQA Database/512x384/8564299084.jpg,0,1,0,0,0,1,0,0,1,0,0,0,1,0,1,0,0,0,0,0
KonIQ-10k IQA Database/512x384/8562649420.jpg,0,0,1,0,0,0,1,0,0,1,0,1,0,0,0,0,0,0,0,1
KonIQ-10k IQA Database/512x384/8564706371.jpg,0,0,1,0,0,0,1,0,1,0,0,0,1,0,0,0,1,0,0,0
KonIQ-10k IQA Database/512x384/8565939221.jpg,0,0,1,0,0,0,1,0,0,1,0,0,1,0,0,0,1,0,0,0
KonIQ-10k IQA Database/512x384/8565023764.jpg,0,0,1,0,0,0,1,0,1,0,0,0,1,0,0,0,1,0,0,0
KonIQ-10k IQA Database/512x384/8565990156.jpg,0,0,1,0,0,1,0,0,1,0,0,0,1,0,0,1,0,0,0,0
KonIQ-10k IQA Database/512x384/8567636458.jpg,0,0,0,0,1,0,1,0,0,0,1,0,0,1,0,0,0,0,0,1
KonIQ-10k IQA Database/512x384/8566161884.jpg,0,0,1,0,0,0,1,0,0,1,0,1,0,0,0,0,0,0,0,1
KonIQ-10k IQA Database/512x384/8567878134.jpg,0,0,0,0,1,0,1,0,0,0,1,1,0,0,0,0,0,0,0,1
KonIQ-10k IQA Database/512x384/8565941333.jpg,1,0,0,0,0,1,0,0,1,0,0,0,1,0,0,1,0,0,0,0
KonIQ-10k IQA Database/512x384/8568057395.jpg,0,0,1,0,0,0,1,0,0,1,0,1,0,0,0,0,1,0,0,0
KonIQ-10k IQA Database/512x384/8568761304.jpg,0,0,1,0,0,0,1,0,0,1,0,1,0,0,0,1,0,0,0,0
KonIQ-10k IQA Database/512x384/8570186179.jpg,0,0,0,1,0,0,1,0,0,1,0,1,0,0,0,0,1,0,0,0
KonIQ-10k IQA Database/512x384/8569001906.jpg,1,0,0,0,0,1,0,0,1,0,0,1,0,0,0,1,0,0,0,0
KonIQ-10k IQA Database/512x384/8568890785.jpg,0,0,1,0,0,0,1,0,0,0,1,0,1,0,0,0,1,0,0,0
KonIQ-10k IQA Database/512x384/8572309728.jpg,0,0,1,0,0,0,1,0,1,0,0,1,0,0,0,0,0,0,0,1
KonIQ-10k IQA Database/512x384/8568663212.jpg,0,1,0,0,0,1,0,0,0,1,0,0,1,0,1,1,0,0,0,0
KonIQ-10k IQA Database/512x384/8572873286.jpg,0,0,1,0,0,0,1,0,0,0,1,0,1,0,0,0,0,0,0,1
KonIQ-10k IQA Database/512x384/8573160777.jpg,0,0,1,0,0,0,1,0,0,1,0,1,0,0,0,0,0,0,0,1
KonIQ-10k IQA Database/512x384/8570770544.jpg,1,0,0,0,0,1,0,0,0,1,0,1,0,0,0,0,0,0,0,1
KonIQ-10k IQA Database/512x384/8575096989.jpg,1,0,0,0,0,1,0,0,1,0,0,1,0,0,1,0,0,0,1,0
KonIQ-10k IQA Database/512x384/8573294301.jpg,0,0,0,0,1,1,0,0,0,1,0,1,0,0,0,0,0,0,0,1
KonIQ-10k IQA Database/512x384/8580729000.jpg,0,1,0,0,0,1,0,0,0,1,0,1,0,0,0,1,1,0,0,0
KonIQ-10k IQA Database/512x384/8581043227.jpg,1,0,0,0,0,1,0,0,0,1,0,1,0,0,0,0,0,0,0,1
KonIQ-10k IQA Database/512x384/8582877561.jpg,0,0,0,0,1,0,1,0,0,1,0,1,0,0,0,0,0,0,0,1
KonIQ-10k IQA Database/512x384/8583578292.jpg,0,1,0,0,0,1,0,0,0,1,0,0,1,0,1,0,0,0,0,0
KonIQ-10k IQA Database/512x384/8585320404.jpg,1,0,0,0,0,1,0,0,0,1,0,1,0,0,0,1,0,0,0,0
KonIQ-10k IQA Database/512x384/8588348191.jpg,0,0,1,0,0,0,1,0,0,0,1,0,1,0,0,0,0,0,0,1
KonIQ-10k IQA Database/512x384/8587794241.jpg,0,0,0,0,1,0,1,0,0,0,1,1,0,0,0,0,0,0,0,1
KonIQ-10k IQA Database/512x384/8586661877.jpg,0,0,0,1,0,1,0,0,1,0,0,1,0,0,0,0,1,0,0,0
KonIQ-10k IQA Database/512x384/8589152246.jpg,1,0,0,0,0,1,0,0,1,0,0,0,1,0,0,0,1,1,0,0
KonIQ-10k IQA Database/512x384/8583898549.jpg,0,0,1,0,0,0,1,0,0,1,0,1,0,0,0,1,0,0,0,0
KonIQ-10k IQA Database/512x384/8589157666.jpg,0,0,1,0,0,0,1,0,0,0,1,0,1,0,0,0,1,0,0,0
KonIQ-10k IQA Database/512x384/8589543288.jpg,0,0,0,0,1,1,0,0,1,0,0,0,1,0,0,0,1,1,0,0
KonIQ-10k IQA Database/512x384/8590374545.jpg,0,0,1,0,0,1,0,0,0,1,0,1,0,0,0,0,0,0,0,1
KonIQ-10k IQA Database/512x384/8590640853.jpg,1,0,0,0,0,1,0,0,1,0,0,0,1,0,0,1,0,0,1,0
KonIQ-10k IQA Database/512x384/8593005656.jpg,0,0,1,0,0,0,1,0,0,1,0,1,0,0,0,0,0,0,0,1
KonIQ-10k IQA Database/512x384/8590498036.jpg,0,0,0,0,1,1,0,0,1,0,0,1,0,0,0,0,1,0,0,0
KonIQ-10k IQA Database/512x384/8595244033.jpg,0,1,0,0,0,1,0,0,1,0,0,0,1,0,1,0,0,0,1,0
KonIQ-10k IQA Database/512x384/8595112756.jpg,1,0,0,0,0,1,0,0,1,0,0,0,0,1,1,0,0,0,1,0
KonIQ-10k IQA Database/512x384/8595845896.jpg,0,0,0,0,1,0,1,0,0,0,1,1,0,0,0,0,0,0,0,1
KonIQ-10k IQA Database/512x384/8591936597.jpg,1,0,0,0,0,1,0,0,1,0,0,1,0,0,0,1,1,0,0,0
KonIQ-10k IQA Database/512x384/8595948410.jpg,0,0,0,0,1,0,1,0,0,0,1,1,0,0,0,0,0,0,0,1
KonIQ-10k IQA Database/512x384/8596148572.jpg,0,0,0,0,1,1,0,0,0,1,0,0,1,0,1,0,1,1,0,0
KonIQ-10k IQA Database/512x384/8596963541.jpg,1,0,0,0,0,1,0,0,0,1,0,1,0,0,0,0,0,0,0,1
KonIQ-10k IQA Database/512x384/8596349698.jpg,0,1,0,0,0,1,0,0,1,0,0,0,0,1,1,1,0,1,0,0
KonIQ-10k IQA Database/512x384/8596901738.jpg,0,0,1,0,0,0,1,0,0,0,1,0,1,0,0,0,1,0,0,0
KonIQ-10k IQA Database/512x384/8596983746.jpg,0,0,0,1,0,0,1,0,0,1,0,1,0,0,0,0,0,0,0,1
KonIQ-10k IQA Database/512x384/8597007982.jpg,1,0,0,0,0,1,0,0,1,0,0,0,1,0,0,0,0,0,1,0
KonIQ-10k IQA Database/512x384/8597381500.jpg,0,1,0,0,0,1,0,0,0,1,0,0,1,0,0,0,1,0,1,0
KonIQ-10k IQA Database/512x384/8596361580.jpg,1,0,0,0,0,1,0,0,0,1,0,1,0,0,0,1,0,0,0,0
KonIQ-10k IQA Database/512x384/8599488070.jpg,0,0,1,0,0,0,1,0,0,0,1,0,1,0,0,0,1,0,0,0
KonIQ-10k IQA Database/512x384/8600472805.jpg,0,0,0,0,1,0,1,0,1,0,0,1,0,0,0,0,0,0,0,1
KonIQ-10k IQA Database/512x384/8600322713.jpg,0,0,1,0,0,1,0,0,1,0,0,1,0,0,0,0,0,0,0,1
KonIQ-10k IQA Database/512x384/859991088.jpg,0,0,1,0,0,0,1,0,0,0,1,0,0,1,0,0,1,0,0,0
KonIQ-10k IQA Database/512x384/8599891034.jpg,0,1,0,0,0,1,0,0,1,0,0,1,0,0,1,1,0,0,0,0
KonIQ-10k IQA Database/512x384/8600036440.jpg,0,0,1,0,0,0,1,0,0,0,1,0,1,0,0,0,1,0,0,0
KonIQ-10k IQA Database/512x384/8600489475.jpg,0,1,0,0,0,1,0,0,0,1,0,0,1,0,0,0,0,0,1,0
KonIQ-10k IQA Database/512x384/8600504349.jpg,1,0,0,0,0,1,0,0,0,1,0,1,0,0,0,1,0,0,0,0
KonIQ-10k IQA Database/512x384/8600750192.jpg,0,0,1,0,0,0,1,0,0,0,1,1,0,0,0,0,1,0,0,0
KonIQ-10k IQA Database/512x384/8602273631.jpg,0,1,0,0,0,0,0,0,0,1,0,1,0,0,0,0,0,0,0,1
KonIQ-10k IQA Database/512x384/8601680123.jpg,0,0,1,0,0,0,1,0,0,0,1,1,0,0,0,0,0,0,0,1
KonIQ-10k IQA Database/512x384/8602435402.jpg,0,1,0,0,0,1,0,0,0,1,0,0,1,0,0,1,1,0,0,0
KonIQ-10k IQA Database/512x384/8601119886.jpg,0,1,0,0,0,1,0,0,0,1,0,0,1,0,1,1,0,0,0,0
KonIQ-10k IQA Database/512x384/8602839124.jpg,0,0,0,0,1,1,0,0,0,1,0,1,0,0,0,1,0,0,0,0
KonIQ-10k IQA Database/512x384/8604323835.jpg,0,0,1,0,0,0,1,0,1,0,0,1,0,0,0,0,0,0,0,1
KonIQ-10k IQA Database/512x384/8606964079.jpg,1,0,0,0,0,1,0,0,0,1,0,0,1,0,0,0,0,1,0,0
KonIQ-10k IQA Database/512x384/8607616136.jpg,0,0,1,0,0,0,1,0,0,0,1,1,0,0,0,0,1,0,0,0
KonIQ-10k IQA Database/512x384/8607324496.jpg,0,0,1,0,0,0,1,0,0,0,1,1,0,0,0,0,1,0,0,0
KonIQ-10k IQA Database/512x384/8607422328.jpg,0,0,1,0,0,0,1,0,0,0,1,1,0,0,0,0,1,0,0,0
KonIQ-10k IQA Database/512x384/8608196738.jpg,0,0,1,0,0,0,1,0,1,0,0,0,1,0,0,0,1,0,0,0
KonIQ-10k IQA Database/512x384/8604870622.jpg,0,0,1,0,0,0,1,0,0,1,0,1,0,0,0,0,0,0,0,1
KonIQ-10k IQA Database/512x384/8608282741.jpg,0,0,1,0,0,0,1,0,0,0,1,1,0,0,0,0,0,0,0,1
KonIQ-10k IQA Database/512x384/8610015449.jpg,0,1,0,0,0,1,0,0,0,1,0,0,1,0,0,0,0,0,1,0
KonIQ-10k IQA Database/512x384/8608557464.jpg,0,0,1,0,0,0,1,0,0,1,0,1,0,0,0,0,0,0,0,1
KonIQ-10k IQA Database/512x384/8610505282.jpg,0,0,0,1,0,0,1,0,1,0,0,1,0,0,0,0,1,0,0,0
KonIQ-10k IQA Database/512x384/8608242752.jpg,1,0,0,0,0,1,0,0,0,1,0,1,0,0,0,1,0,0,0,0
KonIQ-10k IQA Database/512x384/8610965034.jpg,0,0,0,0,1,1,0,0,1,0,0,1,0,0,0,0,0,0,0,1
KonIQ-10k IQA Database/512x384/8610701081.jpg,0,0,0,0,1,1,0,0,0,1,0,1,0,0,0,0,0,0,0,1
KonIQ-10k IQA Database/512x384/8611793668.jpg,0,0,1,0,0,0,1,0,1,0,0,0,1,0,0,0,1,0,0,0
KonIQ-10k IQA Database/512x384/8610523080.jpg,0,0,0,0,1,1,0,0,0,1,0,1,0,0,0,0,1,1,0,0
KonIQ-10k IQA Database/512x384/8612503268.jpg,0,0,1,0,0,0,1,0,1,0,0,1,0,0,0,1,0,0,0,0
KonIQ-10k IQA Database/512x384/8613516565.jpg,0,0,0,0,1,1,0,0,0,1,0,1,0,0,0,0,0,0,1,0
KonIQ-10k IQA Database/512x384/8616708613.jpg,0,0,1,0,0,0,1,0,0,1,0,0,1,0,0,0,1,0,0,0
KonIQ-10k IQA Database/512x384/8615148214.jpg,0,0,1,0,0,0,1,0,0,1,0,1,0,0,0,0,1,0,0,0
KonIQ-10k IQA Database/512x384/8616750908.jpg,0,0,1,0,0,0,1,0,0,1,0,0,0,1,0,0,1,0,0,0
KonIQ-10k IQA Database/512x384/8615756718.jpg,0,0,0,0,1,1,0,0,1,0,0,1,0,0,1,0,0,0,0,0
KonIQ-10k IQA Database/512x384/8613815314.jpg,1,0,0,0,0,1,0,0,1,0,0,0,0,1,0,1,0,0,0,0
KonIQ-10k IQA Database/512x384/8617030862.jpg,0,1,0,0,0,1,0,0,0,1,0,1,0,0,1,1,0,0,0,0
KonIQ-10k IQA Database/512x384/8616342001.jpg,1,0,0,0,0,0,0,0,0,0,1,0,0,1,0,0,0,0,1,0
KonIQ-10k IQA Database/512x384/8617343673.jpg,0,0,0,0,1,1,0,0,1,0,0,1,0,0,0,0,0,0,1,0
KonIQ-10k IQA Database/512x384/8617452211.jpg,0,0,0,0,1,0,1,0,0,1,0,1,0,0,0,0,1,0,0,0
KonIQ-10k IQA Database/512x384/8617920561.jpg,0,0,1,0,0,1,0,0,0,1,0,1,0,0,0,0,0,0,0,1
KonIQ-10k IQA Database/512x384/8618147512.jpg,0,0,1,0,0,0,1,0,0,1,0,1,0,0,0,0,0,0,0,1
KonIQ-10k IQA Database/512x384/8619398770.jpg,1,0,0,0,0,1,0,0,0,1,0,1,0,0,0,1,0,0,0,0
KonIQ-10k IQA Database/512x384/8618789190.jpg,0,0,0,0,1,1,0,0,0,1,0,0,1,0,0,1,0,0,0,0
KonIQ-10k IQA Database/512x384/8617517082.jpg,0,0,0,0,1,1,0,0,1,0,0,0,0,1,0,1,0,0,0,0
KonIQ-10k IQA Database/512x384/8619422796.jpg,1,0,0,0,0,1,0,0,1,0,0,0,1,0,1,1,0,0,0,0
KonIQ-10k IQA Database/512x384/8620919369.jpg,0,0,1,0,0,0,1,0,0,0,1,0,1,0,0,0,0,1,0,0
KonIQ-10k IQA Database/512x384/8620686347.jpg,0,1,0,0,0,1,0,0,1,0,0,0,1,0,1,0,0,0,0,0
KonIQ-10k IQA Database/512x384/8623527706.jpg,0,0,0,0,1,0,0,0,0,1,0,1,0,0,0,0,0,0,0,1
KonIQ-10k IQA Database/512x384/8623218161.jpg,0,1,0,0,0,1,0,0,0,1,0,0,0,1,0,0,0,1,1,0
KonIQ-10k IQA Database/512x384/8625160006.jpg,0,0,0,0,1,0,1,0,0,1,0,1,0,0,0,0,0,0,0,1
KonIQ-10k IQA Database/512x384/8626678643.jpg,0,0,1,0,0,0,1,0,0,1,0,1,0,0,0,0,0,0,0,1
KonIQ-10k IQA Database/512x384/8626945283.jpg,1,0,0,0,0,0,0,1,0,0,1,0,0,1,0,0,0,0,1,0
KonIQ-10k IQA Database/512x384/86243803.jpg,0,0,0,0,1,0,0,0,0,1,0,1,0,0,0,0,0,0,0,1
KonIQ-10k IQA Database/512x384/8627391076.jpg,0,0,0,1,0,1,0,0,0,1,0,1,0,0,1,0,0,0,0,0
KonIQ-10k IQA Database/512x384/8627453045.jpg,0,0,0,0,1,1,0,0,1,0,0,0,1,0,0,0,1,0,0,0
KonIQ-10k IQA Database/512x384/8627956046.jpg,0,1,0,0,0,1,0,0,0,1,0,0,0,1,0,0,0,0,1,0
KonIQ-10k IQA Database/512x384/8630845484.jpg,0,0,1,0,0,0,1,0,1,0,0,1,0,0,0,0,1,0,0,0
KonIQ-10k IQA Database/512x384/8629754639.jpg,0,0,1,0,0,0,1,0,1,0,0,1,0,0,0,0,1,0,0,0
KonIQ-10k IQA Database/512x384/8628548669.jpg,0,0,1,0,0,0,1,0,0,1,0,0,1,0,0,0,0,0,0,1
KonIQ-10k IQA Database/512x384/8631292769.jpg,0,1,0,0,0,1,0,0,0,1,0,0,1,0,0,0,0,0,0,1
KonIQ-10k IQA Database/512x384/8631436677.jpg,0,0,1,0,0,0,1,0,1,0,0,1,0,0,0,0,0,0,0,1
KonIQ-10k IQA Database/512x384/8632003704.jpg,0,0,0,0,1,0,1,0,1,0,0,1,0,0,0,0,0,0,0,1
KonIQ-10k IQA Database/512x384/8632135169.jpg,0,0,0,1,0,0,1,0,1,0,0,1,0,0,0,0,1,0,0,0
KonIQ-10k IQA Database/512x384/8629854370.jpg,0,0,0,0,1,1,0,0,0,1,0,0,1,0,0,1,0,0,1,0
KonIQ-10k IQA Database/512x384/8634276040.jpg,0,0,0,0,1,0,0,1,0,0,1,0,1,0,1,0,0,0,1,0
KonIQ-10k IQA Database/512x384/8634101418.jpg,1,0,0,0,0,1,0,0,0,1,0,0,1,0,0,0,0,1,0,0
KonIQ-10k IQA Database/512x384/8634679976.jpg,0,0,1,0,0,0,1,0,1,0,0,1,0,0,0,1,0,0,1,0
KonIQ-10k IQA Database/512x384/8633987600.jpg,0,0,1,0,0,0,1,0,0,1,0,1,0,0,0,0,0,0,0,1
KonIQ-10k IQA Database/512x384/8636582269.jpg,0,0,1,0,0,0,1,0,0,1,0,1,0,0,0,0,0,0,1,0
KonIQ-10k IQA Database/512x384/8635239066.jpg,0,0,0,0,1,1,0,0,0,1,0,0,0,1,1,0,0,0,0,0
KonIQ-10k IQA Database/512x384/8636633195.jpg,0,0,1,0,0,0,1,0,0,1,0,1,0,0,0,0,0,0,0,1
KonIQ-10k IQA Database/512x384/8636811972.jpg,0,0,0,1,0,0,1,0,0,1,0,1,0,0,0,0,1,0,0,0
KonIQ-10k IQA Database/512x384/8634744119.jpg,0,0,0,1,0,1,0,0,1,0,0,1,0,0,0,0,1,0,0,0
KonIQ-10k IQA Database/512x384/8636833629.jpg,0,0,1,0,0,0,1,0,0,0,1,0,1,0,0,0,0,1,0,0
KonIQ-10k IQA Database/512x384/8637618858.jpg,0,1,0,0,0,1,0,0,0,1,0,1,0,0,0,0,0,0,1,0
KonIQ-10k IQA Database/512x384/8638666116.jpg,0,0,0,1,0,0,1,0,1,0,0,1,0,0,0,0,1,0,0,0
KonIQ-10k IQA Database/512x384/8638507719.jpg,0,0,0,0,1,1,0,0,0,1,0,1,0,0,0,1,0,0,0,0
KonIQ-10k IQA Database/512x384/8639628841.jpg,0,0,1,0,0,0,1,0,0,1,0,1,0,0,0,1,0,0,0,0
KonIQ-10k IQA Database/512x384/8639669088.jpg,0,0,0,0,1,1,0,0,1,0,0,0,1,0,0,1,1,0,0,0
KonIQ-10k IQA Database/512x384/8639759293.jpg,0,0,1,0,0,0,1,0,0,1,0,1,0,0,0,0,0,0,0,1
KonIQ-10k IQA Database/512x384/8639919087.jpg,0,0,1,0,0,0,1,0,1,0,0,1,0,0,0,0,0,0,0,1
KonIQ-10k IQA Database/512x384/8640408375.jpg,0,0,1,0,0,0,1,0,0,1,0,1,0,0,0,1,0,0,0,0
KonIQ-10k IQA Database/512x384/8641316746.jpg,0,0,1,0,0,0,1,0,0,1,0,1,0,0,0,0,1,0,0,0
KonIQ-10k IQA Database/512x384/8639922039.jpg,0,0,1,0,0,0,1,0,1,0,0,1,0,0,0,1,0,0,0,0
KonIQ-10k IQA Database/512x384/8640671500.jpg,1,0,0,0,0,0,0,0,0,0,1,1,0,0,0,1,0,0,0,0
KonIQ-10k IQA Database/512x384/8639811289.jpg,0,0,0,1,0,1,0,0,1,0,0,1,0,0,0,1,1,0,0,0
KonIQ-10k IQA Database/512x384/8641533130.jpg,1,0,0,0,0,1,0,0,1,0,0,0,0,1,1,0,0,0,0,0
KonIQ-10k IQA Database/512x384/8642082647.jpg,0,0,0,0,1,0,1,0,0,0,1,1,0,0,0,0,0,0,0,1
KonIQ-10k IQA Database/512x384/8644125724.jpg,0,1,0,0,0,1,0,0,1,0,0,0,1,0,1,0,0,0,0,0
KonIQ-10k IQA Database/512x384/8642168798.jpg,0,0,0,0,1,1,0,0,1,0,0,1,0,0,1,0,0,1,0,0
KonIQ-10k IQA Database/512x384/8642430238.jpg,0,0,1,0,0,0,1,0,1,0,0,1,0,0,0,1,0,0,0,0
KonIQ-10k IQA Database/512x384/8644207930.jpg,0,0,1,0,0,0,1,0,0,1,0,1,0,0,0,0,0,0,0,1
KonIQ-10k IQA Database/512x384/8642423630.jpg,0,0,1,0,0,0,1,0,1,0,0,1,0,0,0,0,0,0,0,1
KonIQ-10k IQA Database/512x384/8644571098.jpg,1,0,0,0,0,1,0,0,1,0,0,1,0,0,0,0,0,0,1,0
KonIQ-10k IQA Database/512x384/8644363471.jpg,1,0,0,0,0,1,0,0,0,1,0,0,0,1,0,1,0,0,0,0
KonIQ-10k IQA Database/512x384/8644395037.jpg,0,0,1,0,0,0,1,0,0,0,1,0,0,1,0,0,1,0,0,0
KonIQ-10k IQA Database/512x384/8644731627.jpg,0,1,0,0,0,1,0,0,0,1,0,1,0,0,0,0,1,0,0,0
KonIQ-10k IQA Database/512x384/8645679476.jpg,0,1,0,0,0,1,0,0,1,0,0,1,0,0,0,0,0,0,0,1
KonIQ-10k IQA Database/512x384/8645014360.jpg,0,0,1,0,0,0,1,0,0,0,1,0,1,0,0,0,1,0,0,0
KonIQ-10k IQA Database/512x384/8645856155.jpg,0,0,1,0,0,0,1,0,0,1,0,1,0,0,0,0,0,0,0,1
KonIQ-10k IQA Database/512x384/8645919775.jpg,1,0,0,0,0,1,0,0,0,1,0,0,0,1,1,0,0,1,1,0
KonIQ-10k IQA Database/512x384/8646019769.jpg,1,0,0,0,0,1,0,0,1,0,0,1,0,0,0,0,0,1,0,0
KonIQ-10k IQA Database/512x384/8644935134.jpg,0,0,1,0,0,0,1,0,0,1,0,1,0,0,0,0,1,0,0,0
KonIQ-10k IQA Database/512x384/8645927718.jpg,0,0,0,0,1,1,0,0,0,1,0,1,0,0,0,1,0,0,0,0
KonIQ-10k IQA Database/512x384/8647121069.jpg,0,0,0,0,1,1,0,0,1,0,0,1,0,0,0,0,1,0,0,0
KonIQ-10k IQA Database/512x384/8647880189.jpg,0,1,0,0,0,1,0,0,1,0,0,0,1,0,1,0,0,0,1,0
KonIQ-10k IQA Database/512x384/8646711055.jpg,0,0,1,0,0,0,1,0,0,0,1,1,0,0,0,0,0,0,0,1
KonIQ-10k IQA Database/512x384/8648111033.jpg,0,1,0,0,0,0,1,0,0,0,1,0,1,0,0,0,1,0,0,0
KonIQ-10k IQA Database/512x384/8650438745.jpg,0,0,1,0,0,0,1,0,0,1,0,1,0,0,0,0,1,0,0,0
KonIQ-10k IQA Database/512x384/8650041199.jpg,0,0,1,0,0,1,0,0,1,0,0,1,0,0,0,0,0,0,0,1
KonIQ-10k IQA Database/512x384/8651960690.jpg,1,0,0,0,0,1,0,0,0,0,1,1,0,0,0,1,0,0,0,0
KonIQ-10k IQA Database/512x384/8650038281.jpg,0,0,0,0,1,1,0,0,0,1,0,0,0,1,1,0,0,0,1,0
KonIQ-10k IQA Database/512x384/8648273876.jpg,1,0,0,0,0,1,0,0,1,0,0,1,0,0,0,1,0,0,1,0
KonIQ-10k IQA Database/512x384/8650937010.jpg,0,0,1,0,0,0,1,0,0,0,1,1,0,0,0,1,1,0,0,0
KonIQ-10k IQA Database/512x384/8652814108.jpg,0,1,0,0,0,1,0,0,0,1,0,1,0,0,0,0,0,0,0,1
KonIQ-10k IQA Database/512x384/8653149698.jpg,1,0,0,0,0,1,0,0,1,0,0,1,0,0,0,1,0,0,0,0
KonIQ-10k IQA Database/512x384/86543550.jpg,1,0,0,0,0,1,0,0,1,0,0,0,1,0,1,0,0,0,1,0
KonIQ-10k IQA Database/512x384/8655538784.jpg,0,0,1,0,0,0,1,0,0,0,1,1,0,0,0,0,1,0,0,0
KonIQ-10k IQA Database/512x384/8653060124.jpg,0,1,0,0,0,1,0,0,0,1,0,0,1,0,0,1,1,0,0,0
KonIQ-10k IQA Database/512x384/8653385211.jpg,0,0,0,0,1,1,0,0,0,1,0,1,0,0,0,0,0,0,0,1
KonIQ-10k IQA Database/512x384/8655212711.jpg,1,0,0,0,0,1,0,0,0,0,1,1,0,0,1,0,0,0,0,0
KonIQ-10k IQA Database/512x384/8658407746.jpg,0,0,1,0,0,0,1,0,0,0,1,0,1,0,0,0,1,0,0,0
KonIQ-10k IQA Database/512x384/8654833683.jpg,0,0,1,0,0,0,1,0,1,0,0,1,0,0,0,0,0,0,0,1
KonIQ-10k IQA Database/512x384/8657980323.jpg,1,0,0,0,0,1,0,0,1,0,0,0,1,0,1,1,1,0,0,0
KonIQ-10k IQA Database/512x384/8658742127.jpg,1,0,0,0,0,1,0,0,0,1,0,0,1,0,0,0,0,1,1,0
KonIQ-10k IQA Database/512x384/8659008037.jpg,0,0,0,0,1,1,0,0,1,0,0,0,0,1,1,0,0,0,0,0
KonIQ-10k IQA Database/512x384/8660939599.jpg,0,0,0,0,1,1,0,0,1,0,0,0,0,1,1,0,0,0,0,0
KonIQ-10k IQA Database/512x384/8664375707.jpg,0,0,1,0,0,0,1,0,0,1,0,0,1,0,0,0,0,0,0,1
KonIQ-10k IQA Database/512x384/8661391867.jpg,0,0,1,0,0,0,1,0,0,0,1,1,0,0,0,0,0,1,0,0
KonIQ-10k IQA Database/512x384/8665123695.jpg,0,0,0,0,1,0,0,0,0,1,0,1,0,0,0,0,0,0,0,1
KonIQ-10k IQA Database/512x384/8663368144.jpg,0,0,1,0,0,0,1,0,0,1,0,0,1,0,0,0,1,0,0,0
KonIQ-10k IQA Database/512x384/8665859306.jpg,0,0,0,0,1,1,0,0,1,0,0,0,0,1,1,0,0,0,0,0
KonIQ-10k IQA Database/512x384/8666962145.jpg,0,0,1,0,0,0,1,0,0,1,0,1,0,0,0,0,0,0,0,1
KonIQ-10k IQA Database/512x384/8667622533.jpg,0,0,0,0,1,1,0,0,1,0,0,0,1,0,0,1,0,0,0,0
KonIQ-10k IQA Database/512x384/8667121921.jpg,0,1,0,0,0,1,0,0,0,1,0,1,0,0,0,1,0,0,0,0
KonIQ-10k IQA Database/512x384/8668135949.jpg,0,0,0,0,1,1,0,0,1,0,0,1,0,0,0,0,0,0,0,1
KonIQ-10k IQA Database/512x384/8668432915.jpg,0,0,0,1,0,1,0,0,1,0,0,1,0,0,0,0,0,0,0,1
KonIQ-10k IQA Database/512x384/8667761330.jpg,1,0,0,0,0,1,0,0,0,1,0,0,1,0,0,0,0,1,0,0
KonIQ-10k IQA Database/512x384/8667640386.jpg,0,0,1,0,0,0,1,0,0,0,1,0,1,0,0,0,0,0,0,1
KonIQ-10k IQA Database/512x384/8668194198.jpg,1,0,0,0,0,1,0,0,0,1,0,0,1,0,1,1,0,0,0,0
KonIQ-10k IQA Database/512x384/8668692139.jpg,0,0,1,0,0,0,1,0,0,0,1,1,0,0,0,0,1,0,0,0
KonIQ-10k IQA Database/512x384/8668357579.jpg,0,0,1,0,0,0,1,0,0,1,0,0,1,0,0,0,1,0,0,0
KonIQ-10k IQA Database/512x384/8668839930.jpg,0,0,0,1,0,0,1,0,0,1,0,1,0,0,0,0,1,0,0,0
KonIQ-10k IQA Database/512x384/8669455182.jpg,0,0,1,0,0,0,1,0,0,1,0,1,0,0,0,0,1,0,0,0
KonIQ-10k IQA Database/512x384/8669807326.jpg,0,0,0,1,0,0,1,0,0,1,0,1,0,0,0,0,0,0,0,1
KonIQ-10k IQA Database/512x384/8669765013.jpg,0,0,1,0,0,0,1,0,0,1,0,1,0,0,0,0,0,0,0,1
KonIQ-10k IQA Database/512x384/8669827233.jpg,0,0,1,0,0,0,1,0,1,0,0,1,0,0,0,0,0,0,1,0
KonIQ-10k IQA Database/512x384/8669875850.jpg,0,0,0,0,1,1,0,0,1,0,0,1,0,0,0,1,0,0,0,0
KonIQ-10k IQA Database/512x384/8670524662.jpg,0,0,0,0,1,1,0,0,1,0,0,0,0,1,1,0,0,0,0,0
KonIQ-10k IQA Database/512x384/8670498239.jpg,0,0,1,0,0,0,1,0,1,0,0,1,0,0,0,0,0,0,0,1
KonIQ-10k IQA Database/512x384/8669987529.jpg,0,0,0,0,1,1,0,0,0,1,0,0,1,0,0,1,1,0,0,0
KonIQ-10k IQA Database/512x384/8671346109.jpg,0,0,1,0,0,0,1,0,0,1,0,0,1,0,0,0,1,0,0,0
KonIQ-10k IQA Database/512x384/8672886430.jpg,0,0,0,1,0,0,1,0,1,0,0,1,0,0,0,0,0,0,0,1
KonIQ-10k IQA Database/512x384/8673060245.jpg,1,0,0,0,0,0,1,0,0,0,1,1,0,0,0,0,0,0,0,1
KonIQ-10k IQA Database/512x384/8674617206.jpg,0,0,1,0,0,0,1,0,0,0,1,1,0,0,0,0,1,0,0,0
KonIQ-10k IQA Database/512x384/8673410143.jpg,0,0,0,1,0,1,0,0,0,1,0,1,0,0,0,1,0,0,0,0
KonIQ-10k IQA Database/512x384/8676061963.jpg,0,0,1,0,0,0,1,0,0,1,0,1,0,0,0,0,0,0,0,1
KonIQ-10k IQA Database/512x384/8675618794.jpg,0,0,1,0,0,0,1,0,0,0,1,1,0,0,0,0,1,0,0,0
KonIQ-10k IQA Database/512x384/8675742263.jpg,1,0,0,0,0,1,0,0,0,1,0,1,0,0,0,1,0,0,0,0
KonIQ-10k IQA Database/512x384/8676415201.jpg,0,0,0,1,0,0,1,0,1,0,0,1,0,0,0,0,1,0,0,0
KonIQ-10k IQA Database/512x384/8676993848.jpg,0,0,0,0,1,1,0,0,0,1,0,1,0,0,0,0,1,0,0,0
KonIQ-10k IQA Database/512x384/8679754087.jpg,1,0,0,0,0,1,0,0,0,1,0,1,0,0,0,1,0,1,0,0
KonIQ-10k IQA Database/512x384/8677186401.jpg,1,0,0,0,0,1,0,0,0,1,0,0,1,0,0,1,0,0,0,0
KonIQ-10k IQA Database/512x384/8681619509.jpg,0,0,0,0,1,1,0,0,1,0,0,0,1,0,1,0,1,0,0,0
KonIQ-10k IQA Database/512x384/8680382358.jpg,1,0,0,0,0,1,0,0,1,0,0,1,0,0,0,1,0,0,0,0
KonIQ-10k IQA Database/512x384/8684784453.jpg,1,0,0,0,0,1,0,0,1,0,0,0,0,1,1,1,0,1,0,0
KonIQ-10k IQA Database/512x384/8683573016.jpg,1,0,0,0,0,1,0,0,0,1,0,1,0,0,0,1,0,0,0,0
KonIQ-10k IQA Database/512x384/8683910174.jpg,0,0,1,0,0,0,1,0,0,0,1,0,1,0,0,0,1,0,0,0
KonIQ-10k IQA Database/512x384/8688105270.jpg,0,0,0,1,0,0,0,1,0,1,0,1,0,0,0,0,1,0,0,0
KonIQ-10k IQA Database/512x384/8686047954.jpg,0,0,1,0,0,0,1,0,0,1,0,1,0,0,0,0,0,0,0,1
KonIQ-10k IQA Database/512x384/8687168552.jpg,1,0,0,0,0,1,0,0,0,1,0,1,0,0,0,1,1,0,0,0
KonIQ-10k IQA Database/512x384/8688570494.jpg,0,0,0,0,1,1,0,0,0,1,0,0,1,0,0,1,0,0,1,0
KonIQ-10k IQA Database/512x384/8687755587.jpg,0,0,1,0,0,1,0,0,0,1,0,1,0,0,0,0,1,0,0,0
KonIQ-10k IQA Database/512x384/8689490321.jpg,0,0,0,0,1,1,0,0,0,1,0,0,1,0,1,0,1,0,0,0
KonIQ-10k IQA Database/512x384/86894903219.jpg,0,0,0,0,1,1,0,0,0,1,0,0,1,0,0,0,1,0,0,0
KonIQ-10k IQA Database/512x384/8688672632.jpg,1,0,0,0,0,1,0,0,1,0,0,0,1,0,1,1,0,1,0,0
KonIQ-10k IQA Database/512x384/8690378205.jpg,0,0,1,0,0,0,1,0,0,0,1,0,1,0,0,0,0,0,0,1
KonIQ-10k IQA Database/512x384/8691629871.jpg,1,0,0,0,0,1,0,0,0,1,0,0,1,0,0,0,0,1,0,0
KonIQ-10k IQA Database/512x384/8691429186.jpg,0,1,0,0,0,1,0,0,0,1,0,1,0,0,0,0,0,0,0,1
KonIQ-10k IQA Database/512x384/8691658021.jpg,1,0,0,0,0,1,0,0,0,1,0,1,0,0,0,0,0,0,0,1
KonIQ-10k IQA Database/512x384/8692247074.jpg,0,0,0,0,1,0,1,0,1,0,0,1,0,0,0,0,0,0,0,1
KonIQ-10k IQA Database/512x384/869382458.jpg,1,0,0,0,0,0,0,0,0,0,1,1,0,0,0,1,0,0,0,0
KonIQ-10k IQA Database/512x384/8693865711.jpg,1,0,0,0,0,1,0,0,0,1,0,1,0,0,0,1,0,1,0,0
KonIQ-10k IQA Database/512x384/8693045087.jpg,1,0,0,0,0,1,0,0,0,1,0,1,0,0,0,1,0,0,0,0
KonIQ-10k IQA Database/512x384/8693359675.jpg,0,0,0,0,1,1,0,0,0,1,0,0,1,0,1,1,0,1,0,0
KonIQ-10k IQA Database/512x384/8695656651.jpg,0,0,1,0,0,0,1,0,0,0,1,1,0,0,0,0,1,0,0,0
KonIQ-10k IQA Database/512x384/8695646882.jpg,0,0,1,0,0,0,1,0,1,0,0,1,0,0,0,0,0,0,0,1
KonIQ-10k IQA Database/512x384/8697211336.jpg,1,0,0,0,0,1,0,0,1,0,0,1,0,0,0,1,0,0,0,0
KonIQ-10k IQA Database/512x384/8696567124.jpg,0,0,1,0,0,0,1,0,0,0,1,0,1,0,0,0,1,0,0,0
KonIQ-10k IQA Database/512x384/8696013314.jpg,0,0,1,0,0,0,1,0,0,1,0,1,0,0,0,0,1,0,0,0
KonIQ-10k IQA Database/512x384/8698328366.jpg,0,0,0,0,1,1,0,0,1,0,0,0,1,0,1,0,0,0,0,0
KonIQ-10k IQA Database/512x384/8697765454.jpg,0,0,0,0,1,1,0,0,0,1,0,0,1,0,0,0,1,1,0,0
KonIQ-10k IQA Database/512x384/8697364440.jpg,0,0,1,0,0,0,1,0,0,1,0,1,0,0,0,0,1,0,0,0
KonIQ-10k IQA Database/512x384/8699039377.jpg,0,0,0,0,1,1,0,0,1,0,0,1,0,0,0,1,0,0,0,0
KonIQ-10k IQA Database/512x384/8700100428.jpg,0,1,0,0,0,1,0,0,1,0,0,0,1,0,1,1,0,0,0,0
KonIQ-10k IQA Database/512x384/8701957904.jpg,1,0,0,0,0,1,0,0,0,1,0,1,0,0,0,1,0,0,0,0
KonIQ-10k IQA Database/512x384/8702530063.jpg,0,0,1,0,0,0,1,0,0,1,0,1,0,0,0,0,0,0,0,1
KonIQ-10k IQA Database/512x384/8702092556.jpg,1,0,0,0,0,1,0,0,1,0,0,0,1,0,1,1,0,0,0,0
KonIQ-10k IQA Database/512x384/8702450132.jpg,0,0,0,0,1,0,0,0,0,0,1,1,0,0,0,0,0,0,0,1
KonIQ-10k IQA Database/512x384/8702518420.jpg,0,0,0,0,1,1,0,0,1,0,0,1,0,0,0,1,0,0,0,0
KonIQ-10k IQA Database/512x384/8701800150.jpg,1,0,0,0,0,1,0,0,0,1,0,1,0,0,0,1,0,0,0,0
KonIQ-10k IQA Database/512x384/8702541866.jpg,0,0,0,0,1,0,1,0,0,1,0,1,0,0,0,1,0,0,0,0
KonIQ-10k IQA Database/512x384/8703113665.jpg,0,0,1,0,0,0,1,0,0,0,1,0,1,0,0,0,1,0,0,0
KonIQ-10k IQA Database/512x384/8702657469.jpg,0,0,0,0,1,1,0,0,1,0,0,1,0,0,0,0,0,0,1,0
KonIQ-10k IQA Database/512x384/8703680136.jpg,0,0,1,0,0,0,1,0,0,1,0,1,0,0,0,0,0,0,0,1
KonIQ-10k IQA Database/512x384/8703657043.jpg,0,0,1,0,0,0,1,0,0,1,0,1,0,0,0,0,1,0,0,0
KonIQ-10k IQA Database/512x384/8704133333.jpg,1,0,0,0,0,1,0,0,0,1,0,1,0,0,0,1,0,0,0,0
KonIQ-10k IQA Database/512x384/8704001812.jpg,0,0,1,0,0,0,1,0,0,1,0,1,0,0,0,1,0,0,0,0
KonIQ-10k IQA Database/512x384/8703712845.jpg,0,0,1,0,0,0,1,0,0,1,0,1,0,0,0,0,1,0,0,0
KonIQ-10k IQA Database/512x384/8706343716.jpg,0,0,0,1,0,1,0,0,0,1,0,1,0,0,0,1,0,0,0,0
KonIQ-10k IQA Database/512x384/8705060352.jpg,1,0,0,0,0,1,0,0,1,0,0,0,1,0,1,0,0,1,0,0
KonIQ-10k IQA Database/512x384/8705536207.jpg,1,0,0,0,0,0,1,0,0,0,1,0,0,1,0,0,0,1,0,0
KonIQ-10k IQA Database/512x384/8707214366.jpg,0,0,0,0,1,1,0,0,1,0,0,0,1,0,1,0,0,1,0,0
KonIQ-10k IQA Database/512x384/8707676839.jpg,0,0,1,0,0,0,1,0,0,0,1,0,1,0,0,0,0,0,0,1
KonIQ-10k IQA Database/512x384/8709304294.jpg,0,0,1,0,0,0,1,0,0,0,1,1,0,0,0,0,0,0,0,1
KonIQ-10k IQA Database/512x384/8706810197.jpg,1,0,0,0,0,1,0,0,1,0,0,1,0,0,1,0,0,0,1,0
KonIQ-10k IQA Database/512x384/8709697980.jpg,0,0,1,0,0,0,1,0,0,1,0,1,0,0,0,0,0,0,0,1
KonIQ-10k IQA Database/512x384/8711977206.jpg,0,0,1,0,0,0,1,0,0,1,0,1,0,0,0,0,0,0,0,1
KonIQ-10k IQA Database/512x384/8710431611.jpg,1,0,0,0,0,1,0,0,1,0,0,1,0,0,0,1,0,0,0,0
KonIQ-10k IQA Database/512x384/8710250301.jpg,0,1,0,0,0,1,0,0,0,1,0,0,0,1,0,0,0,0,1,0
KonIQ-10k IQA Database/512x384/8709597894.jpg,0,1,0,0,0,1,0,0,1,0,0,1,0,0,0,1,1,0,0,0
KonIQ-10k IQA Database/512x384/8714823724.jpg,0,0,1,0,0,0,1,0,0,1,0,0,1,0,0,0,1,0,0,0
KonIQ-10k IQA Database/512x384/8715170978.jpg,0,0,1,0,0,0,1,0,0,0,1,1,0,0,0,0,0,1,0,0
KonIQ-10k IQA Database/512x384/8713381356.jpg,0,0,1,0,0,0,1,0,0,1,0,1,0,0,0,0,1,0,0,0
KonIQ-10k IQA Database/512x384/8713537516.jpg,0,0,1,0,0,0,1,0,1,0,0,1,0,0,0,0,1,0,0,0
KonIQ-10k IQA Database/512x384/8715241935.jpg,0,1,0,0,0,1,0,0,0,1,0,1,0,0,0,1,0,0,0,0
KonIQ-10k IQA Database/512x384/8715401905.jpg,0,0,1,0,0,0,1,0,0,0,1,1,0,0,0,0,1,0,0,0
KonIQ-10k IQA Database/512x384/8715753944.jpg,1,0,0,0,0,1,0,0,0,1,0,0,1,0,1,1,0,1,0,0
KonIQ-10k IQA Database/512x384/8717130944.jpg,0,0,0,0,1,0,1,0,0,1,0,0,0,1,0,0,0,0,0,1
KonIQ-10k IQA Database/512x384/8716882404.jpg,0,0,1,0,0,1,0,0,1,0,0,0,1,0,0,0,0,0,0,1
KonIQ-10k IQA Database/512x384/8718552383.jpg,0,0,0,0,1,0,0,1,1,0,0,0,1,0,0,0,1,0,0,0
KonIQ-10k IQA Database/512x384/8717637188.jpg,0,0,0,0,1,1,0,0,1,0,0,0,1,0,0,0,1,0,0,0
KonIQ-10k IQA Database/512x384/8718842570.jpg,1,0,0,0,0,1,0,0,1,0,0,0,1,0,0,0,0,1,0,0
KonIQ-10k IQA Database/512x384/8720193519.jpg,0,0,0,0,1,0,1,0,0,0,1,1,0,0,0,0,0,0,1,0
KonIQ-10k IQA Database/512x384/8718592525.jpg,0,1,0,0,0,0,1,0,0,1,0,0,0,1,0,0,0,0,0,1
KonIQ-10k IQA Database/512x384/8721056397.jpg,0,0,0,0,1,1,0,0,1,0,0,0,0,1,1,0,0,0,0,0
KonIQ-10k IQA Database/512x384/872022815.jpg,0,0,1,0,0,0,1,0,0,0,1,0,1,0,0,0,1,0,0,0
KonIQ-10k IQA Database/512x384/8722198954.jpg,0,0,0,0,1,1,0,0,1,0,0,0,1,0,1,0,0,0,0,0
KonIQ-10k IQA Database/512x384/8724425373.jpg,1,0,0,0,0,1,0,0,0,1,0,0,0,1,0,0,0,1,0,0
KonIQ-10k IQA Database/512x384/8723579314.jpg,0,0,1,0,0,1,0,0,0,1,0,1,0,0,0,0,1,0,0,0
KonIQ-10k IQA Database/512x384/8724561762.jpg,1,0,0,0,0,1,0,0,0,1,0,0,1,0,0,1,0,0,0,0
KonIQ-10k IQA Database/512x384/8725613522.jpg,0,0,1,0,0,0,1,0,0,0,1,1,0,0,0,0,0,0,0,1
KonIQ-10k IQA Database/512x384/8724954192.jpg,0,1,0,0,0,0,1,0,0,0,1,0,0,1,0,0,0,0,0,1
KonIQ-10k IQA Database/512x384/8726161561.jpg,0,0,0,0,1,0,1,0,1,0,0,1,0,0,0,0,0,0,0,1
KonIQ-10k IQA Database/512x384/8726378587.jpg,0,0,0,0,1,0,1,0,1,0,0,1,0,0,0,0,0,0,0,1
KonIQ-10k IQA Database/512x384/8727344040.jpg,0,0,0,1,0,0,1,0,1,0,0,0,1,0,0,0,1,0,0,0
KonIQ-10k IQA Database/512x384/8727585507.jpg,0,0,0,0,1,1,0,0,0,1,0,0,1,0,0,0,0,1,0,0
KonIQ-10k IQA Database/512x384/8728752853.jpg,0,0,0,0,1,1,0,0,1,0,0,0,0,1,1,0,0,0,0,0
KonIQ-10k IQA Database/512x384/8728473663.jpg,0,0,1,0,0,0,1,0,0,1,0,1,0,0,0,0,0,0,0,1
KonIQ-10k IQA Database/512x384/8728469348.jpg,0,0,1,0,0,0,1,0,1,0,0,0,1,0,0,0,1,0,0,0
KonIQ-10k IQA Database/512x384/8728715575.jpg,0,0,0,0,1,1,0,0,1,0,0,1,0,0,0,1,0,0,0,0
KonIQ-10k IQA Database/512x384/8729980010.jpg,1,0,0,0,0,1,0,0,0,1,0,0,1,0,0,0,0,1,0,0
KonIQ-10k IQA Database/512x384/8729158424.jpg,0,1,0,0,0,1,0,0,1,0,0,1,0,0,1,1,0,0,0,0
KonIQ-10k IQA Database/512x384/8730747598.jpg,0,1,0,0,0,0,1,0,0,0,1,0,1,0,1,0,0,0,0,0
KonIQ-10k IQA Database/512x384/8730092034.jpg,1,0,0,0,0,1,0,0,1,0,0,1,0,0,0,1,0,0,0,0
KonIQ-10k IQA Database/512x384/8730988705.jpg,0,0,1,0,0,0,1,0,0,1,0,1,0,0,0,0,1,0,0,0
KonIQ-10k IQA Database/512x384/8730533258.jpg,0,0,0,0,1,1,0,0,1,0,0,0,1,0,1,1,1,0,0,0
KonIQ-10k IQA Database/512x384/8731143356.jpg,1,0,0,0,0,1,0,0,1,0,0,1,0,0,0,1,0,0,1,0
KonIQ-10k IQA Database/512x384/8731705218.jpg,0,0,1,0,0,0,1,0,0,1,0,1,0,0,0,0,0,0,0,1
KonIQ-10k IQA Database/512x384/8731562113.jpg,0,0,1,0,0,0,1,0,0,0,1,1,0,0,0,0,1,0,0,0
KonIQ-10k IQA Database/512x384/8732282616.jpg,0,0,1,0,0,0,1,0,1,0,0,1,0,0,0,1,0,0,0,0
KonIQ-10k IQA Database/512x384/8731687035.jpg,0,0,1,0,0,0,1,0,0,0,1,0,1,0,0,0,1,0,0,0
KonIQ-10k IQA Database/512x384/8732953050.jpg,0,0,0,0,1,1,0,0,1,0,0,1,0,0,0,0,0,1,0,0
KonIQ-10k IQA Database/512x384/8732397324.jpg,0,0,1,0,0,0,1,0,0,0,1,1,0,0,0,0,1,0,0,0
KonIQ-10k IQA Database/512x384/8732646741.jpg,0,0,1,0,0,1,0,0,1,0,0,1,0,0,0,0,0,0,0,1
KonIQ-10k IQA Database/512x384/8733519611.jpg,0,0,0,1,0,1,0,0,1,0,0,0,1,0,0,0,1,0,0,0
KonIQ-10k IQA Database/512x384/8734847489.jpg,0,0,1,0,0,0,1,0,1,0,0,1,0,0,0,0,0,0,0,1
KonIQ-10k IQA Database/512x384/8733728144.jpg,0,0,1,0,0,0,1,0,0,1,0,1,0,0,0,0,0,0,0,1
KonIQ-10k IQA Database/512x384/8733562507.jpg,1,0,0,0,0,1,0,0,0,1,0,0,1,0,1,1,0,0,0,0
KonIQ-10k IQA Database/512x384/8735700380.jpg,0,1,0,0,0,1,0,0,0,1,0,0,1,0,1,0,0,1,0,0
KonIQ-10k IQA Database/512x384/8736095629.jpg,0,0,1,0,0,0,1,0,0,1,0,1,0,0,0,0,0,0,0,1
KonIQ-10k IQA Database/512x384/8736879292.jpg,1,0,0,0,0,1,0,0,0,1,0,1,0,0,0,0,0,1,1,0
KonIQ-10k IQA Database/512x384/8736395579.jpg,0,0,0,0,1,1,0,0,1,0,0,0,0,1,0,1,1,0,0,0
KonIQ-10k IQA Database/512x384/8737972385.jpg,0,0,0,0,1,0,1,0,0,1,0,1,0,0,0,0,0,0,0,1
KonIQ-10k IQA Database/512x384/87417551179.jpg,1,0,0,0,0,1,0,0,0,1,0,1,0,0,0,1,0,0,0,0
KonIQ-10k IQA Database/512x384/8741755117.jpg,1,0,0,0,0,1,0,0,0,1,0,1,0,0,0,1,0,0,0,0
KonIQ-10k IQA Database/512x384/8742280365.jpg,0,0,1,0,0,0,1,0,0,1,0,1,0,0,0,0,1,0,0,0
KonIQ-10k IQA Database/512x384/873682751.jpg,0,0,0,1,0,0,1,0,1,0,0,1,0,0,0,0,1,0,0,0
KonIQ-10k IQA Database/512x384/8743944148.jpg,0,0,0,0,1,0,0,0,0,0,1,1,0,0,0,0,1,1,0,0
KonIQ-10k IQA Database/512x384/8742323176.jpg,0,0,1,0,0,0,1,0,0,0,1,1,0,0,0,0,1,0,0,0
KonIQ-10k IQA Database/512x384/8745291792.jpg,0,0,1,0,0,1,0,0,1,0,0,1,0,0,0,0,0,0,0,1
KonIQ-10k IQA Database/512x384/8745953241.jpg,0,0,0,0,1,0,0,0,0,0,1,0,0,1,0,0,0,0,0,1
KonIQ-10k IQA Database/512x384/8746191422.jpg,0,1,0,0,0,1,0,0,1,0,0,0,1,0,1,0,0,1,0,0
KonIQ-10k IQA Database/512x384/8746881284.jpg,0,0,0,0,1,0,0,0,0,0,1,0,0,1,1,0,0,0,0,0
KonIQ-10k IQA Database/512x384/8746457937.jpg,1,0,0,0,0,1,0,0,0,1,0,1,0,0,1,1,0,0,0,0
KonIQ-10k IQA Database/512x384/8746934807.jpg,0,0,1,0,0,0,1,0,0,1,0,1,0,0,0,0,1,0,0,0
KonIQ-10k IQA Database/512x384/8746542465.jpg,0,1,0,0,0,1,0,0,0,1,0,1,0,0,0,0,0,0,0,1
KonIQ-10k IQA Database/512x384/8748661037.jpg,0,1,0,0,0,0,0,1,0,1,0,0,1,0,1,0,0,0,0,0
KonIQ-10k IQA Database/512x384/8750299747.jpg,1,0,0,0,0,1,0,0,1,0,0,0,0,1,0,1,0,0,0,0
KonIQ-10k IQA Database/512x384/8749890133.jpg,0,0,1,0,0,0,1,0,0,1,0,1,0,0,0,1,0,0,0,0
KonIQ-10k IQA Database/512x384/8749825399.jpg,0,1,0,0,0,1,0,0,1,0,0,1,0,0,0,0,1,0,0,0
KonIQ-10k IQA Database/512x384/8751039261.jpg,0,0,1,0,0,0,1,0,0,1,0,1,0,0,0,0,0,0,0,1
KonIQ-10k IQA Database/512x384/87511338.jpg,0,0,1,0,0,0,1,0,0,1,0,1,0,0,0,0,0,0,0,1
KonIQ-10k IQA Database/512x384/8751106130.jpg,0,0,0,0,1,1,0,0,0,1,0,0,1,0,0,0,1,0,0,0
KonIQ-10k IQA Database/512x384/8750929874.jpg,0,0,0,0,1,1,0,0,0,1,0,1,0,0,0,0,0,0,0,1
KonIQ-10k IQA Database/512x384/8751065602.jpg,0,0,0,0,1,1,0,0,0,1,0,0,1,0,1,1,1,0,0,0
KonIQ-10k IQA Database/512x384/8751762111.jpg,0,0,1,0,0,1,0,0,1,0,0,0,1,0,0,0,0,0,1,0
KonIQ-10k IQA Database/512x384/8751458979.jpg,1,0,0,0,0,1,0,0,1,0,0,0,0,1,1,1,0,1,1,0
KonIQ-10k IQA Database/512x384/8751989930.jpg,0,0,1,0,0,0,1,0,0,0,1,0,1,0,0,0,1,0,0,0
KonIQ-10k IQA Database/512x384/8754025405.jpg,1,0,0,0,0,1,0,0,0,1,0,1,0,0,0,1,0,0,0,0
KonIQ-10k IQA Database/512x384/8755395714.jpg,1,0,0,0,0,1,0,0,1,0,0,1,0,0,0,1,1,0,0,0
KonIQ-10k IQA Database/512x384/8754056878.jpg,1,0,0,0,0,1,0,0,0,1,0,1,0,0,0,1,0,0,0,0
KonIQ-10k IQA Database/512x384/8755673278.jpg,0,1,0,0,0,1,0,0,0,1,0,0,1,0,0,0,0,0,0,1
KonIQ-10k IQA Database/512x384/8756419280.jpg,0,0,0,0,1,0,0,0,0,1,0,1,0,0,0,1,0,0,0,0
KonIQ-10k IQA Database/512x384/8762864048.jpg,0,0,1,0,0,0,1,0,0,1,0,1,0,0,0,0,0,0,0,1
KonIQ-10k IQA Database/512x384/8768474112.jpg,0,0,0,0,1,0,1,0,0,0,1,1,0,0,0,0,1,0,0,0
KonIQ-10k IQA Database/512x384/8755824682.jpg,0,0,0,0,1,1,0,0,1,0,0,0,1,0,1,1,1,0,0,0
KonIQ-10k IQA Database/512x384/8757692529.jpg,0,0,1,0,0,0,1,0,0,0,1,0,1,0,0,0,1,0,0,0
KonIQ-10k IQA Database/512x384/8771756230.jpg,0,1,0,0,0,0,1,0,0,0,1,0,0,1,0,0,0,0,0,1
KonIQ-10k IQA Database/512x384/8774523686.jpg,0,0,1,0,0,0,1,0,0,0,1,0,1,0,0,0,1,0,0,0
KonIQ-10k IQA Database/512x384/8772955624.jpg,0,0,0,0,1,1,0,0,0,1,0,0,1,0,0,1,0,0,0,0
KonIQ-10k IQA Database/512x384/8779946210.jpg,0,0,0,1,0,0,1,0,1,0,0,0,1,0,0,0,1,0,0,0
KonIQ-10k IQA Database/512x384/8776151757.jpg,1,0,0,0,0,1,0,0,0,1,0,1,0,0,0,1,0,0,0,0
KonIQ-10k IQA Database/512x384/8781313469.jpg,1,0,0,0,0,1,0,0,1,0,0,0,1,0,1,1,0,0,0,0
KonIQ-10k IQA Database/512x384/8781992421.jpg,1,0,0,0,0,1,0,0,1,0,0,0,1,0,0,1,0,1,0,0
KonIQ-10k IQA Database/512x384/8787599446.jpg,0,0,1,0,0,0,1,0,1,0,0,0,1,0,0,0,1,0,0,0
KonIQ-10k IQA Database/512x384/8795821243.jpg,0,0,1,0,0,0,1,0,0,1,0,0,1,0,0,0,1,0,0,0
KonIQ-10k IQA Database/512x384/8794313763.jpg,0,0,0,0,1,1,0,0,1,0,0,1,0,0,0,0,0,0,0,1
KonIQ-10k IQA Database/512x384/8797772647.jpg,0,0,0,0,1,0,0,0,0,1,0,1,0,0,0,1,0,0,0,0
KonIQ-10k IQA Database/512x384/8800590382.jpg,0,0,0,0,1,0,1,0,0,0,1,0,1,0,0,0,0,1,0,0
KonIQ-10k IQA Database/512x384/8802725309.jpg,0,0,1,0,0,0,1,0,0,0,1,1,0,0,0,0,1,0,0,0
KonIQ-10k IQA Database/512x384/8816701721.jpg,0,0,1,0,0,0,1,0,1,0,0,1,0,0,0,0,1,0,0,0
KonIQ-10k IQA Database/512x384/8812917559.jpg,1,0,0,0,0,1,0,0,1,0,0,0,1,0,1,0,1,1,0,0
KonIQ-10k IQA Database/512x384/8814635311.jpg,0,0,0,0,1,0,1,0,0,1,0,1,0,0,0,0,0,0,0,1
KonIQ-10k IQA Database/512x384/8817313814.jpg,1,0,0,0,0,1,0,0,1,0,0,0,1,0,1,0,0,0,0,0
KonIQ-10k IQA Database/512x384/8819567462.jpg,0,0,1,0,0,0,1,0,0,0,1,1,0,0,0,0,0,0,0,1
KonIQ-10k IQA Database/512x384/8821348628.jpg,0,0,0,0,1,0,1,0,0,0,1,0,0,1,0,0,0,0,0,1
KonIQ-10k IQA Database/512x384/8816975901.jpg,1,0,0,0,0,1,0,0,0,1,0,1,0,0,1,1,0,0,0,0
KonIQ-10k IQA Database/512x384/8826596290.jpg,0,0,0,0,1,0,1,0,0,1,0,1,0,0,0,0,0,0,0,1
KonIQ-10k IQA Database/512x384/8832426254.jpg,0,0,0,1,0,0,1,0,0,1,0,1,0,0,0,0,1,0,0,0
KonIQ-10k IQA Database/512x384/8836006786.jpg,1,0,0,0,0,1,0,0,1,0,0,0,0,1,1,0,0,0,0,0
KonIQ-10k IQA Database/512x384/8841313273.jpg,0,1,0,0,0,1,0,0,1,0,0,1,0,0,0,0,1,0,0,0
KonIQ-10k IQA Database/512x384/8840187174.jpg,0,0,0,0,1,0,1,0,0,0,1,1,0,0,0,0,0,0,0,1
KonIQ-10k IQA Database/512x384/8830329798.jpg,1,0,0,0,0,1,0,0,0,1,0,0,1,0,1,1,0,1,0,0
KonIQ-10k IQA Database/512x384/8844582694.jpg,0,0,1,0,0,0,1,0,0,0,1,1,0,0,0,0,0,0,0,1
KonIQ-10k IQA Database/512x384/8841877925.jpg,0,0,0,0,1,1,0,0,1,0,0,1,0,0,0,0,0,0,0,1
KonIQ-10k IQA Database/512x384/8848421856.jpg,1,0,0,0,0,1,0,0,1,0,0,1,0,0,0,1,0,0,0,0
KonIQ-10k IQA Database/512x384/8850392186.jpg,0,0,1,0,0,0,1,0,0,0,1,1,0,0,0,0,0,0,0,1
KonIQ-10k IQA Database/512x384/8851705236.jpg,0,0,1,0,0,1,0,0,1,0,0,1,0,0,0,0,0,0,0,1
KonIQ-10k IQA Database/512x384/885060581.jpg,0,0,0,0,1,1,0,0,1,0,0,1,0,0,0,1,0,0,0,0
KonIQ-10k IQA Database/512x384/8844729886.jpg,0,0,0,0,1,1,0,0,1,0,0,0,1,0,1,0,1,1,0,0
KonIQ-10k IQA Database/512x384/8850126806.jpg,1,0,0,0,0,1,0,0,0,1,0,0,0,1,0,1,0,0,1,0
KonIQ-10k IQA Database/512x384/8853329035.jpg,0,0,1,0,0,0,0,1,0,1,0,0,1,0,0,0,1,0,0,0
KonIQ-10k IQA Database/512x384/8856278655.jpg,1,0,0,0,0,1,0,0,0,1,0,1,0,0,0,1,0,0,0,0
KonIQ-10k IQA Database/512x384/8860399629.jpg,0,0,1,0,0,0,1,0,0,1,0,1,0,0,0,0,1,0,0,0
KonIQ-10k IQA Database/512x384/8858418581.jpg,0,0,1,0,0,0,1,0,1,0,0,1,0,0,0,0,0,0,0,1
KonIQ-10k IQA Database/512x384/8866395362.jpg,0,0,0,0,1,1,0,0,0,1,0,1,0,0,0,0,0,0,0,1
KonIQ-10k IQA Database/512x384/8863356627.jpg,0,0,1,0,0,0,1,0,0,1,0,1,0,0,0,0,0,0,0,1
KonIQ-10k IQA Database/512x384/8864018641.jpg,0,0,0,0,1,1,0,0,1,0,0,0,1,0,1,0,0,0,0,0
KonIQ-10k IQA Database/512x384/8859569385.jpg,0,0,0,1,0,1,0,0,0,1,0,1,0,0,0,1,1,0,0,0
KonIQ-10k IQA Database/512x384/8867729088.jpg,1,0,0,0,0,1,0,0,1,0,0,1,0,0,0,1,0,0,0,0
KonIQ-10k IQA Database/512x384/8871477031.jpg,0,0,1,0,0,0,1,0,0,1,0,1,0,0,0,0,1,0,0,0
KonIQ-10k IQA Database/512x384/8862366940.jpg,0,1,0,0,0,1,0,0,0,1,0,0,1,0,0,1,1,1,0,0
KonIQ-10k IQA Database/512x384/8872523602.jpg,0,0,0,0,1,1,0,0,0,1,0,0,1,0,1,0,0,1,0,0
KonIQ-10k IQA Database/512x384/8878353214.jpg,0,0,0,0,1,1,0,0,1,0,0,1,0,0,0,0,1,0,0,0
KonIQ-10k IQA Database/512x384/8880556755.jpg,0,0,1,0,0,0,1,0,0,1,0,1,0,0,0,0,0,0,0,1
KonIQ-10k IQA Database/512x384/8877114673.jpg,0,0,1,0,0,0,1,0,0,1,0,1,0,0,0,0,0,0,0,1
KonIQ-10k IQA Database/512x384/8880877335.jpg,0,1,0,0,0,1,0,0,1,0,0,1,0,0,0,1,0,0,0,0
KonIQ-10k IQA Database/512x384/8877350801.jpg,0,0,0,0,1,0,1,0,0,1,0,1,0,0,0,0,0,0,0,1
KonIQ-10k IQA Database/512x384/8882534571.jpg,0,0,1,0,0,0,1,0,0,0,1,0,0,1,0,0,1,0,0,0
KonIQ-10k IQA Database/512x384/8883794004.jpg,0,0,1,0,0,1,0,0,1,0,0,1,0,0,0,0,1,0,0,0
KonIQ-10k IQA Database/512x384/8883829297.jpg,0,0,1,0,0,0,1,0,0,1,0,1,0,0,0,0,1,0,0,0
KonIQ-10k IQA Database/512x384/8886401995.jpg,0,0,0,0,1,1,0,0,1,0,0,0,0,1,1,0,0,1,0,0
KonIQ-10k IQA Database/512x384/8884240572.jpg,0,1,0,0,0,0,1,0,0,1,0,1,0,0,0,0,0,0,0,1
KonIQ-10k IQA Database/512x384/8885623781.jpg,0,0,0,1,0,1,0,0,1,0,0,1,0,0,1,0,1,0,0,0
KonIQ-10k IQA Database/512x384/8891540889.jpg,0,0,1,0,0,0,1,0,0,1,0,0,1,0,0,0,1,0,0,0
KonIQ-10k IQA Database/512x384/8890374321.jpg,1,0,0,0,0,1,0,0,0,1,0,1,0,0,0,0,0,0,0,1
KonIQ-10k IQA Database/512x384/8892359151.jpg,0,0,1,0,0,0,1,0,0,0,1,0,0,1,0,0,1,0,0,0
KonIQ-10k IQA Database/512x384/8891817478.jpg,0,0,1,0,0,0,1,0,0,0,1,0,1,0,0,0,0,1,0,0
KonIQ-10k IQA Database/512x384/8893986467.jpg,0,1,0,0,0,1,0,0,0,1,0,1,0,0,0,0,0,0,0,1
KonIQ-10k IQA Database/512x384/8891882667.jpg,1,0,0,0,0,1,0,0,1,0,0,0,1,0,0,1,0,0,0,0
KonIQ-10k IQA Database/512x384/8895109111.jpg,0,0,1,0,0,0,1,0,0,0,1,1,0,0,0,0,0,0,0,1
KonIQ-10k IQA Database/512x384/8894308933.jpg,0,0,0,0,1,1,0,0,1,0,0,0,1,0,1,1,0,0,0,0
KonIQ-10k IQA Database/512x384/8896534535.jpg,1,0,0,0,0,1,0,0,0,1,0,0,0,1,1,0,0,0,1,0
KonIQ-10k IQA Database/512x384/8897373737.jpg,1,0,0,0,0,1,0,0,1,0,0,1,0,0,1,1,0,0,0,0
KonIQ-10k IQA Database/512x384/8899231880.jpg,0,0,1,0,0,0,1,0,0,0,1,0,1,0,0,0,1,0,0,0
KonIQ-10k IQA Database/512x384/8901015763.jpg,0,0,0,0,1,0,0,0,1,0,0,1,0,0,1,1,0,0,0,0
KonIQ-10k IQA Database/512x384/8902189112.jpg,0,0,0,0,1,1,0,0,1,0,0,1,0,0,1,1,0,0,1,0
KonIQ-10k IQA Database/512x384/8904864157.jpg,0,0,1,0,0,0,1,0,0,1,0,1,0,0,0,0,1,0,0,0
KonIQ-10k IQA Database/512x384/890231750.jpg,0,0,0,0,1,1,0,0,1,0,0,1,0,0,0,0,0,0,0,1
KonIQ-10k IQA Database/512x384/8902840150.jpg,1,0,0,0,0,1,0,0,1,0,0,1,0,0,0,0,0,0,0,1
KonIQ-10k IQA Database/512x384/8906347187.jpg,1,0,0,0,0,1,0,0,0,1,0,0,1,0,0,1,0,0,0,0
KonIQ-10k IQA Database/512x384/8904883731.jpg,0,0,1,0,0,0,1,0,0,1,0,1,0,0,0,0,1,0,0,0
KonIQ-10k IQA Database/512x384/8906425755.jpg,0,0,0,0,1,0,1,0,0,0,1,1,0,0,0,0,1,0,0,0
KonIQ-10k IQA Database/512x384/8905578199.jpg,0,0,1,0,0,0,1,0,0,1,0,0,0,1,0,0,0,0,0,1
KonIQ-10k IQA Database/512x384/8909034593.jpg,1,0,0,0,0,1,0,0,0,1,0,1,0,0,0,1,0,0,0,0
KonIQ-10k IQA Database/512x384/8909361776.jpg,0,0,0,1,0,1,0,0,1,0,0,1,0,0,0,0,1,0,0,0
KonIQ-10k IQA Database/512x384/8910371075.jpg,1,0,0,0,0,1,0,0,0,1,0,0,1,0,0,1,0,1,0,0
KonIQ-10k IQA Database/512x384/8902141836.jpg,0,0,1,0,0,0,1,0,0,0,1,0,1,0,0,0,1,0,0,0
KonIQ-10k IQA Database/512x384/8911730034.jpg,0,0,1,0,0,1,0,0,0,0,1,0,1,0,0,0,0,0,0,1
KonIQ-10k IQA Database/512x384/8914830252.jpg,0,0,0,0,1,0,1,0,0,1,0,1,0,0,0,0,0,0,0,1
KonIQ-10k IQA Database/512x384/8916793773.jpg,0,0,0,0,1,1,0,0,1,0,0,1,0,0,0,1,0,0,0,0
KonIQ-10k IQA Database/512x384/8911365579.jpg,0,0,1,0,0,0,1,0,0,0,1,1,0,0,0,0,1,0,0,0
KonIQ-10k IQA Database/512x384/8911411937.jpg,1,0,0,0,0,1,0,0,1,0,0,0,0,1,0,1,0,1,1,0
KonIQ-10k IQA Database/512x384/8918860577.jpg,1,0,0,0,0,1,0,0,0,1,0,0,1,0,0,1,0,0,0,0
KonIQ-10k IQA Database/512x384/8918997719.jpg,0,0,0,1,0,1,0,0,1,0,0,1,0,0,0,0,0,0,0,1
KonIQ-10k IQA Database/512x384/8924220861.jpg,1,0,0,0,0,1,0,0,1,0,0,0,0,1,1,0,0,1,0,0
KonIQ-10k IQA Database/512x384/8916833328.jpg,0,0,1,0,0,0,1,0,1,0,0,1,0,0,0,0,1,0,0,0
KonIQ-10k IQA Database/512x384/8919875155.jpg,1,0,0,0,0,1,0,0,0,1,0,1,0,0,0,0,0,1,0,0
KonIQ-10k IQA Database/512x384/8921955477.jpg,0,1,0,0,0,1,0,0,1,0,0,0,1,0,1,1,0,0,0,0
KonIQ-10k IQA Database/512x384/8923165653.jpg,0,0,0,0,1,1,0,0,1,0,0,0,1,0,1,1,0,0,1,0
KonIQ-10k IQA Database/512x384/8925668401.jpg,0,0,1,0,0,0,1,0,0,1,0,1,0,0,0,0,0,0,0,1
KonIQ-10k IQA Database/512x384/8925642155.jpg,0,0,1,0,0,0,1,0,0,1,0,1,0,0,0,0,0,0,0,1
KonIQ-10k IQA Database/512x384/8928315797.jpg,0,0,1,0,0,0,1,0,0,1,0,1,0,0,1,1,0,0,0,0
KonIQ-10k IQA Database/512x384/8929900709.jpg,0,0,1,0,0,0,1,0,0,0,1,1,0,0,0,0,1,0,0,0
KonIQ-10k IQA Database/512x384/8929337311.jpg,0,0,1,0,0,0,1,0,1,0,0,1,0,0,0,0,0,0,0,1
KonIQ-10k IQA Database/512x384/8930347179.jpg,0,0,0,0,1,1,0,0,1,0,0,0,1,0,1,0,0,0,0,0
KonIQ-10k IQA Database/512x384/8925875609.jpg,1,0,0,0,0,1,0,0,1,0,0,0,1,0,0,1,1,1,0,0
KonIQ-10k IQA Database/512x384/8930021210.jpg,1,0,0,0,0,1,0,0,0,1,0,0,1,0,0,1,0,0,0,0
KonIQ-10k IQA Database/512x384/8930722689.jpg,1,0,0,0,0,1,0,0,1,0,0,1,0,0,0,0,0,0,0,1
KonIQ-10k IQA Database/512x384/8930562482.jpg,0,0,1,0,0,1,0,0,0,1,0,1,0,0,0,0,0,0,0,1
KonIQ-10k IQA Database/512x384/8933281660.jpg,0,1,0,0,0,0,1,0,1,0,0,0,1,0,0,0,0,0,0,1
KonIQ-10k IQA Database/512x384/8930797229.jpg,0,0,1,0,0,0,0,1,1,0,0,0,0,1,0,0,0,0,0,1
KonIQ-10k IQA Database/512x384/8933319583.jpg,0,0,1,0,0,0,1,0,0,1,0,0,1,0,0,0,1,0,0,0
KonIQ-10k IQA Database/512x384/8933855427.jpg,0,0,1,0,0,0,1,0,0,1,0,1,0,0,0,0,0,0,0,1
KonIQ-10k IQA Database/512x384/8936501287.jpg,0,0,0,0,1,0,1,0,0,1,0,1,0,0,0,0,0,0,0,1
KonIQ-10k IQA Database/512x384/8937929358.jpg,0,0,0,1,0,0,1,0,1,0,0,1,0,0,0,0,1,0,0,0
KonIQ-10k IQA Database/512x384/8935938604.jpg,0,0,1,0,0,0,1,0,0,1,0,0,1,0,0,0,0,0,1,0
KonIQ-10k IQA Database/512x384/8935735197.jpg,0,0,0,0,1,0,1,0,0,0,1,0,0,1,1,0,0,0,0,0
KonIQ-10k IQA Database/512x384/89393627.jpg,0,1,0,0,0,0,1,0,0,0,1,1,0,0,0,0,1,0,0,0
KonIQ-10k IQA Database/512x384/8938472188.jpg,0,0,1,0,0,0,1,0,0,0,1,0,1,0,0,0,1,0,0,0
KonIQ-10k IQA Database/512x384/8939732555.jpg,0,0,1,0,0,0,1,0,0,0,1,1,0,0,0,0,1,0,0,0
KonIQ-10k IQA Database/512x384/8938035476.jpg,1,0,0,0,0,1,0,0,1,0,0,0,0,1,1,1,0,0,1,0
KonIQ-10k IQA Database/512x384/8940969671.jpg,0,1,0,0,0,0,1,0,0,0,1,0,1,0,0,0,0,0,0,1
KonIQ-10k IQA Database/512x384/8939389375.jpg,0,0,1,0,0,0,1,0,1,0,0,0,1,0,0,0,0,0,0,1
KonIQ-10k IQA Database/512x384/8941443262.jpg,1,0,0,0,0,1,0,0,1,0,0,0,1,0,0,1,0,1,0,0
KonIQ-10k IQA Database/512x384/8942422332.jpg,0,0,0,0,1,1,0,0,0,1,0,1,0,0,1,1,0,1,0,0
KonIQ-10k IQA Database/512x384/8946027655.jpg,0,0,0,0,1,1,0,0,1,0,0,0,1,0,1,0,0,0,0,0
KonIQ-10k IQA Database/512x384/8943413727.jpg,1,0,0,0,0,1,0,0,0,1,0,1,0,0,0,1,0,0,0,0
KonIQ-10k IQA Database/512x384/8944011983.jpg,0,0,1,0,0,0,1,0,0,1,0,1,0,0,0,0,0,0,0,1
KonIQ-10k IQA Database/512x384/8950318830.jpg,0,0,0,0,1,0,1,0,1,0,0,1,0,0,0,0,0,0,0,1
KonIQ-10k IQA Database/512x384/8948115296.jpg,0,0,0,0,1,0,1,0,0,0,1,0,1,0,0,1,1,0,0,0
KonIQ-10k IQA Database/512x384/8962032549.jpg,0,0,1,0,0,0,1,0,0,0,1,1,0,0,0,0,0,0,0,1
KonIQ-10k IQA Database/512x384/8960852902.jpg,1,0,0,0,0,1,0,0,1,0,0,0,0,1,0,1,0,0,1,0
KonIQ-10k IQA Database/512x384/8965909066.jpg,0,0,0,0,1,0,1,0,1,0,0,1,0,0,0,0,0,0,0,1
KonIQ-10k IQA Database/512x384/8968242975.jpg,0,0,1,0,0,0,1,0,0,0,1,1,0,0,0,0,1,0,0,0
KonIQ-10k IQA Database/512x384/8970878075.jpg,0,0,0,0,1,1,0,0,1,0,0,1,0,0,0,0,0,0,1,0
KonIQ-10k IQA Database/512x384/8970460328.jpg,1,0,0,0,0,1,0,0,0,1,0,1,0,0,0,1,0,0,0,0
KonIQ-10k IQA Database/512x384/8972898508.jpg,0,0,0,0,1,0,0,0,0,0,1,0,0,0,0,0,0,0,0,1
KonIQ-10k IQA Database/512x384/8973350530.jpg,1,0,0,0,0,1,0,0,1,0,0,1,0,0,0,1,0,0,0,0
KonIQ-10k IQA Database/512x384/8975077146.jpg,0,0,0,0,1,0,1,0,0,1,0,1,0,0,0,0,0,0,0,1
KonIQ-10k IQA Database/512x384/8974114251.jpg,0,0,1,0,0,0,1,0,0,1,0,1,0,0,0,0,1,0,0,0
KonIQ-10k IQA Database/512x384/8971376273.jpg,1,0,0,0,0,1,0,0,1,0,0,0,1,0,0,1,1,0,0,0
KonIQ-10k IQA Database/512x384/8975567714.jpg,0,0,0,0,1,1,0,0,1,0,0,0,1,0,1,0,0,0,0,0
KonIQ-10k IQA Database/512x384/8975860650.jpg,0,0,0,0,1,1,0,0,1,0,0,1,0,0,0,0,1,0,0,0
KonIQ-10k IQA Database/512x384/8977825134.jpg,0,0,1,0,0,0,1,0,0,0,1,0,1,0,0,0,0,0,0,1
KonIQ-10k IQA Database/512x384/8975620960.jpg,0,0,1,0,0,0,0,1,0,1,0,1,0,0,1,1,0,0,0,0
KonIQ-10k IQA Database/512x384/8978679476.jpg,0,1,0,0,0,1,0,0,1,0,0,1,0,0,0,0,0,0,0,1
KonIQ-10k IQA Database/512x384/8984699375.jpg,0,0,1,0,0,0,1,0,0,1,0,1,0,0,0,0,1,0,0,0
KonIQ-10k IQA Database/512x384/8985407469.jpg,0,0,0,1,0,0,1,0,1,0,0,0,1,0,0,0,1,0,0,0
KonIQ-10k IQA Database/512x384/8985551582.jpg,1,0,0,0,0,1,0,0,0,1,0,1,0,0,0,1,0,1,0,0
KonIQ-10k IQA Database/512x384/8984346211.jpg,0,0,0,0,1,1,0,0,1,0,0,1,0,0,0,0,0,0,0,1
KonIQ-10k IQA Database/512x384/8986260148.jpg,0,0,1,0,0,0,1,0,1,0,0,1,0,0,0,0,0,0,0,1
KonIQ-10k IQA Database/512x384/8986202022.jpg,0,0,1,0,0,0,1,0,1,0,0,0,1,0,0,0,1,0,0,0
KonIQ-10k IQA Database/512x384/898061275.jpg,1,0,0,0,0,1,0,0,0,1,0,1,0,0,0,1,0,0,0,0
KonIQ-10k IQA Database/512x384/8987485650.jpg,1,0,0,0,0,1,0,0,0,1,0,1,0,0,0,1,0,0,0,0
KonIQ-10k IQA Database/512x384/8986464809.jpg,0,1,0,0,0,1,0,0,1,0,0,0,1,0,1,1,0,0,1,0
KonIQ-10k IQA Database/512x384/8986471316.jpg,0,0,1,0,0,0,1,0,1,0,0,1,0,0,0,0,0,0,0,1
KonIQ-10k IQA Database/512x384/8988227086.jpg,0,0,1,0,0,0,1,0,0,1,0,0,1,0,0,0,1,0,0,0
KonIQ-10k IQA Database/512x384/899304128.jpg,0,0,0,0,1,1,0,0,1,0,0,0,0,1,1,0,0,0,0,0
KonIQ-10k IQA Database/512x384/8988404310.jpg,0,0,1,0,0,0,1,0,0,1,0,1,0,0,0,0,1,0,0,0
KonIQ-10k IQA Database/512x384/8988143845.jpg,0,1,0,0,0,1,0,0,1,0,0,1,0,0,1,1,0,1,0,0
KonIQ-10k IQA Database/512x384/8988892733.jpg,1,0,0,0,0,1,0,0,1,0,0,1,0,0,0,1,0,1,0,0
KonIQ-10k IQA Database/512x384/8994347098.jpg,0,0,0,0,1,0,1,0,0,1,0,0,0,1,0,0,0,0,0,1
KonIQ-10k IQA Database/512x384/8995226934.jpg,1,0,0,0,0,1,0,0,1,0,0,0,1,0,0,1,0,0,0,0
KonIQ-10k IQA Database/512x384/8998348605.jpg,0,1,0,0,0,1,0,0,1,0,0,1,0,0,1,0,0,0,0,0
KonIQ-10k IQA Database/512x384/9000701354.jpg,1,0,0,0,0,1,0,0,0,1,0,1,0,0,0,1,0,0,0,0
KonIQ-10k IQA Database/512x384/9002438378.jpg,0,1,0,0,0,0,1,0,0,1,0,1,0,0,0,0,0,0,0,1
KonIQ-10k IQA Database/512x384/9002014430.jpg,1,0,0,0,0,1,0,0,1,0,0,1,0,0,1,1,0,0,0,0
KonIQ-10k IQA Database/512x384/9003236001.jpg,1,0,0,0,0,1,0,0,0,1,0,1,0,0,0,1,0,0,0,0
KonIQ-10k IQA Database/512x384/8997198808.jpg,0,0,0,1,0,0,1,0,1,0,0,0,1,0,0,0,1,0,0,0
KonIQ-10k IQA Database/512x384/8999325582.jpg,1,0,0,0,0,1,0,0,1,0,0,0,1,0,0,1,0,0,0,0
KonIQ-10k IQA Database/512x384/9005613417.jpg,1,0,0,0,0,1,0,0,0,1,0,0,0,1,0,1,0,0,1,0
KonIQ-10k IQA Database/512x384/9005619499.jpg,0,0,0,0,1,0,1,0,1,0,0,1,0,0,0,0,0,0,0,1
KonIQ-10k IQA Database/512x384/9004727133.jpg,1,0,0,0,0,1,0,0,1,0,0,0,1,0,1,1,0,0,1,0
KonIQ-10k IQA Database/512x384/9018209858.jpg,0,0,1,0,0,0,1,0,0,0,1,1,0,0,0,0,0,0,0,1
KonIQ-10k IQA Database/512x384/9016868192.jpg,0,0,1,0,0,0,1,0,0,1,0,0,1,0,0,0,1,0,0,0
KonIQ-10k IQA Database/512x384/9007177518.jpg,0,0,0,0,1,0,1,0,1,0,0,1,0,0,0,0,0,0,0,1
KonIQ-10k IQA Database/512x384/9016164225.jpg,0,0,0,0,1,1,0,0,0,1,0,0,1,0,0,1,0,0,0,0
KonIQ-10k IQA Database/512x384/9021392547.jpg,0,0,1,0,0,0,1,0,0,0,1,0,1,0,0,0,0,1,0,0
KonIQ-10k IQA Database/512x384/9017247850.jpg,0,1,0,0,0,1,0,0,1,0,0,0,0,1,0,1,1,0,0,0
KonIQ-10k IQA Database/512x384/9019428727.jpg,0,1,0,0,0,1,0,0,0,1,0,1,0,0,0,0,0,0,1,0
KonIQ-10k IQA Database/512x384/9021755853.jpg,1,0,0,0,0,1,0,0,0,1,0,0,0,1,1,0,0,1,0,0
KonIQ-10k IQA Database/512x384/9027689601.jpg,0,0,1,0,0,1,0,0,1,0,0,1,0,0,0,0,0,0,0,1
KonIQ-10k IQA Database/512x384/9029384629.jpg,0,0,1,0,0,0,1,0,0,1,0,1,0,0,0,0,1,0,0,0
KonIQ-10k IQA Database/512x384/9029712750.jpg,0,0,0,0,1,0,1,0,1,0,0,1,0,0,0,0,0,0,0,1
KonIQ-10k IQA Database/512x384/9028566654.jpg,1,0,0,0,0,1,0,0,0,1,0,1,0,0,0,1,0,0,0,0
KonIQ-10k IQA Database/512x384/90308985937.jpg,0,0,1,0,0,0,1,0,1,0,0,1,0,0,0,0,1,0,0,0
KonIQ-10k IQA Database/512x384/9034707954.jpg,0,0,1,0,0,0,1,0,0,0,1,0,1,0,0,0,0,0,0,1
KonIQ-10k IQA Database/512x384/9034047597.jpg,0,0,0,0,1,1,0,0,1,0,0,0,1,0,0,0,1,1,0,0
KonIQ-10k IQA Database/512x384/9030898593.jpg,0,0,1,0,0,0,1,0,0,1,0,1,0,0,0,0,1,0,0,0
KonIQ-10k IQA Database/512x384/9032729328.jpg,1,0,0,0,0,1,0,0,0,1,0,1,0,0,0,1,0,0,0,0
KonIQ-10k IQA Database/512x384/9034716133.jpg,1,0,0,0,0,1,0,0,1,0,0,0,1,0,0,1,0,0,0,0
KonIQ-10k IQA Database/512x384/9034987420.jpg,0,0,1,0,0,0,1,0,0,0,1,0,1,0,0,0,1,0,0,0
KonIQ-10k IQA Database/512x384/9036022986.jpg,0,1,0,0,0,1,0,0,1,0,0,1,0,0,0,0,0,0,0,1
KonIQ-10k IQA Database/512x384/9037387298.jpg,0,0,0,0,1,1,0,0,1,0,0,0,1,0,0,1,0,0,0,0
KonIQ-10k IQA Database/512x384/9037452749.jpg,1,0,0,0,0,0,0,0,0,0,1,1,0,0,0,0,0,0,0,1
KonIQ-10k IQA Database/512x384/9036180286.jpg,0,0,0,0,1,1,0,0,1,0,0,1,0,0,0,0,1,1,0,0
KonIQ-10k IQA Database/512x384/9036594264.jpg,1,0,0,0,0,1,0,0,1,0,0,0,1,0,0,1,0,0,0,0
KonIQ-10k IQA Database/512x384/9038457719.jpg,0,0,1,0,0,0,1,0,1,0,0,1,0,0,0,1,0,0,0,0
KonIQ-10k IQA Database/512x384/9041103039.jpg,0,0,0,0,1,0,1,0,0,0,1,0,0,1,0,0,0,0,0,1
KonIQ-10k IQA Database/512x384/9042624878.jpg,0,0,1,0,0,0,1,0,0,1,0,1,0,0,0,0,1,0,0,0
KonIQ-10k IQA Database/512x384/9047016405.jpg,0,0,0,1,0,1,0,0,0,1,0,1,0,0,0,1,0,0,0,0
KonIQ-10k IQA Database/512x384/9038497618.jpg,1,0,0,0,0,1,0,0,0,1,0,0,0,1,0,0,0,1,0,0
KonIQ-10k IQA Database/512x384/9046007138.jpg,1,0,0,0,0,1,0,0,1,0,0,1,0,0,0,1,0,0,0,0
KonIQ-10k IQA Database/512x384/904761358.jpg,0,0,1,0,0,0,1,0,1,0,0,1,0,0,0,0,0,0,0,1
KonIQ-10k IQA Database/512x384/9049275396.jpg,0,0,0,0,1,1,0,0,0,1,0,1,0,0,0,1,0,0,0,0
KonIQ-10k IQA Database/512x384/9048453025.jpg,0,1,0,0,0,1,0,0,1,0,0,0,1,0,0,1,0,0,0,0
KonIQ-10k IQA Database/512x384/9050865219.jpg,1,0,0,0,0,1,0,0,1,0,0,0,0,1,1,0,0,0,1,0
KonIQ-10k IQA Database/512x384/9050414795.jpg,0,0,0,0,1,1,0,0,0,1,0,0,1,0,1,1,0,0,0,0
KonIQ-10k IQA Database/512x384/9052518863.jpg,1,0,0,0,0,1,0,0,1,0,0,0,0,1,1,0,0,0,0,0
KonIQ-10k IQA Database/512x384/9054377711.jpg,0,1,0,0,0,1,0,0,1,0,0,0,1,0,1,0,0,0,0,0
KonIQ-10k IQA Database/512x384/9053743376.jpg,0,0,1,0,0,0,1,0,0,1,0,1,0,0,0,0,1,0,0,0
KonIQ-10k IQA Database/512x384/9055579014.jpg,1,0,0,0,0,1,0,0,0,1,0,1,0,0,0,1,0,0,0,0
KonIQ-10k IQA Database/512x384/9055879747.jpg,0,0,0,0,1,0,1,0,0,0,1,0,1,0,0,0,1,0,0,0
KonIQ-10k IQA Database/512x384/9058001335.jpg,0,0,1,0,0,0,1,0,0,1,0,1,0,0,0,0,1,0,0,0
KonIQ-10k IQA Database/512x384/9058722713.jpg,0,0,0,0,1,1,0,0,1,0,0,0,0,1,1,0,0,0,0,0
KonIQ-10k IQA Database/512x384/9059681059.jpg,0,0,0,0,1,0,0,0,0,1,0,1,0,0,0,0,0,0,0,1
KonIQ-10k IQA Database/512x384/9060697338.jpg,0,0,0,1,0,1,0,0,0,1,0,1,0,0,0,0,1,0,0,0
KonIQ-10k IQA Database/512x384/9058863840.jpg,1,0,0,0,0,1,0,0,0,0,1,1,0,0,0,1,0,0,1,0
KonIQ-10k IQA Database/512x384/9060994605.jpg,0,0,1,0,0,1,0,0,1,0,0,1,0,0,0,1,0,0,0,0
KonIQ-10k IQA Database/512x384/9061831747.jpg,0,1,0,0,0,0,1,0,0,0,1,0,1,0,0,1,0,0,0,0
KonIQ-10k IQA Database/512x384/9064913927.jpg,0,0,1,0,0,0,1,0,0,0,1,0,1,0,0,0,1,0,0,0
KonIQ-10k IQA Database/512x384/9064490305.jpg,0,0,0,1,0,1,0,0,1,0,0,0,1,0,0,0,1,0,0,0
KonIQ-10k IQA Database/512x384/9063333592.jpg,0,0,1,0,0,0,1,0,0,1,0,0,1,0,0,0,1,0,0,0
KonIQ-10k IQA Database/512x384/9063924933.jpg,0,0,0,0,1,1,0,0,1,0,0,0,1,0,1,1,0,0,1,0
KonIQ-10k IQA Database/512x384/9065372715.jpg,0,0,1,0,0,0,1,0,1,0,0,1,0,0,0,0,0,0,0,1
KonIQ-10k IQA Database/512x384/9062040259.jpg,1,0,0,0,0,1,0,0,1,0,0,1,0,0,0,1,0,0,0,0
KonIQ-10k IQA Database/512x384/9065857613.jpg,0,0,0,0,1,1,0,0,0,1,0,0,1,0,0,1,1,0,0,0
KonIQ-10k IQA Database/512x384/9069424514.jpg,0,0,0,0,1,1,0,0,1,0,0,0,0,1,1,0,0,0,0,0
KonIQ-10k IQA Database/512x384/9068148685.jpg,1,0,0,0,0,1,0,0,0,1,0,0,1,0,0,1,0,1,0,0
KonIQ-10k IQA Database/512x384/9071921017.jpg,0,0,1,0,0,1,0,0,1,0,0,1,0,0,0,0,0,0,1,0
KonIQ-10k IQA Database/512x384/9069849690.jpg,0,0,0,1,0,1,0,0,0,1,0,1,0,0,0,1,0,0,0,0
KonIQ-10k IQA Database/512x384/9071963923.jpg,1,0,0,0,0,1,0,0,0,1,0,0,1,0,0,0,0,1,0,0
KonIQ-10k IQA Database/512x384/9066761491.jpg,0,0,1,0,0,0,1,0,0,1,0,1,0,0,0,0,0,0,1,0
KonIQ-10k IQA Database/512x384/9072067933.jpg,1,0,0,0,0,1,0,0,1,0,0,1,0,0,1,0,0,1,1,0
KonIQ-10k IQA Database/512x384/9070049178.jpg,0,0,0,0,1,1,0,0,0,1,0,1,0,0,1,1,0,0,0,0
KonIQ-10k IQA Database/512x384/9074183822.jpg,1,0,0,0,0,1,0,0,1,0,0,1,0,0,0,1,0,0,0,0
KonIQ-10k IQA Database/512x384/9076304306.jpg,0,0,1,0,0,0,1,0,0,0,1,1,0,0,0,0,1,0,0,0
KonIQ-10k IQA Database/512x384/9076672562.jpg,0,0,0,0,1,1,0,0,1,0,0,0,1,0,0,0,1,1,0,0
KonIQ-10k IQA Database/512x384/9072958869.jpg,1,0,0,0,0,1,0,0,0,1,0,0,1,0,0,1,0,0,0,0
KonIQ-10k IQA Database/512x384/9079493649.jpg,0,0,0,0,1,1,0,0,0,1,0,0,1,0,0,1,0,0,0,0
KonIQ-10k IQA Database/512x384/9083308350.jpg,0,0,0,0,1,0,1,0,0,0,1,0,1,0,0,1,0,0,0,0
KonIQ-10k IQA Database/512x384/9080769054.jpg,0,0,1,0,0,0,1,0,0,0,1,1,0,0,0,0,0,0,0,1
KonIQ-10k IQA Database/512x384/9093638609.jpg,0,0,0,1,0,0,1,0,1,0,0,0,1,0,0,0,1,0,0,0
KonIQ-10k IQA Database/512x384/90834437.jpg,0,0,0,0,1,1,0,0,0,1,0,0,1,0,0,0,0,0,1,0
KonIQ-10k IQA Database/512x384/9090441923.jpg,0,0,0,0,1,1,0,0,1,0,0,0,1,0,1,1,1,0,0,0
KonIQ-10k IQA Database/512x384/9081876401.jpg,0,0,0,0,1,0,0,1,1,0,0,0,1,0,0,0,1,0,0,0
KonIQ-10k IQA Database/512x384/9098295579.jpg,0,0,0,0,1,1,0,0,1,0,0,1,0,0,0,0,0,0,0,1
KonIQ-10k IQA Database/512x384/9096574214.jpg,0,0,1,0,0,1,0,0,0,1,0,1,0,0,0,0,1,0,0,0
KonIQ-10k IQA Database/512x384/9094228395.jpg,0,1,0,0,0,1,0,0,0,1,0,1,0,0,0,1,0,0,0,0
KonIQ-10k IQA Database/512x384/9102604497.jpg,0,0,1,0,0,0,1,0,0,0,1,1,0,0,0,0,0,0,0,1
KonIQ-10k IQA Database/512x384/9101482614.jpg,1,0,0,0,0,1,0,0,0,1,0,1,0,0,0,1,0,0,0,0
KonIQ-10k IQA Database/512x384/9101418859.jpg,0,1,0,0,0,1,0,0,0,1,0,0,1,0,1,1,0,0,0,0
KonIQ-10k IQA Database/512x384/9102888066.jpg,1,0,0,0,0,1,0,0,1,0,0,1,0,0,0,1,0,0,0,0
KonIQ-10k IQA Database/512x384/9109124057.jpg,0,0,1,0,0,0,1,0,0,1,0,0,1,0,0,0,1,0,0,0
KonIQ-10k IQA Database/512x384/910637798.jpg,0,0,1,0,0,0,1,0,0,0,1,0,1,0,0,0,0,0,0,1
KonIQ-10k IQA Database/512x384/9108357145.jpg,0,0,0,0,1,0,1,0,1,0,0,1,0,0,0,0,0,0,0,1
KonIQ-10k IQA Database/512x384/9106148302.jpg,0,1,0,0,0,1,0,0,1,0,0,1,0,0,0,1,0,0,0,0
KonIQ-10k IQA Database/512x384/9109755543.jpg,0,0,0,0,1,0,1,0,1,0,0,1,0,0,0,0,0,0,0,1
KonIQ-10k IQA Database/512x384/9109271301.jpg,1,0,0,0,0,1,0,0,1,0,0,0,1,0,0,1,1,0,0,0
KonIQ-10k IQA Database/512x384/9112120569.jpg,1,0,0,0,0,1,0,0,1,0,0,0,0,1,1,1,0,0,1,0
KonIQ-10k IQA Database/512x384/9113486865.jpg,0,1,0,0,0,1,0,0,1,0,0,1,0,0,0,1,1,0,0,0
KonIQ-10k IQA Database/512x384/9112424025.jpg,1,0,0,0,0,1,0,0,1,0,0,1,0,0,0,1,0,0,0,0
KonIQ-10k IQA Database/512x384/9115676276.jpg,0,0,0,0,1,1,0,0,1,0,0,1,0,0,0,1,1,0,0,0
KonIQ-10k IQA Database/512x384/9111487897.jpg,1,0,0,0,0,1,0,0,1,0,0,0,0,1,1,1,0,1,1,0
KonIQ-10k IQA Database/512x384/9118228667.jpg,0,0,0,0,1,1,0,0,0,1,0,1,0,0,0,0,0,0,1,0
KonIQ-10k IQA Database/512x384/9111310939.jpg,1,0,0,0,0,1,0,0,1,0,0,1,0,0,0,0,0,1,0,0
KonIQ-10k IQA Database/512x384/9118386163.jpg,0,0,0,0,1,1,0,0,0,1,0,1,0,0,0,1,0,0,0,0
KonIQ-10k IQA Database/512x384/9121896285.jpg,0,1,0,0,0,1,0,0,0,1,0,1,0,0,0,0,0,0,0,1
KonIQ-10k IQA Database/512x384/9119961649.jpg,0,0,0,0,1,1,0,0,1,0,0,0,1,0,0,0,1,0,0,0
KonIQ-10k IQA Database/512x384/9119225606.jpg,0,0,0,0,1,1,0,0,0,1,0,1,0,0,0,1,0,0,0,0
KonIQ-10k IQA Database/512x384/9122090851.jpg,0,1,0,0,0,0,1,0,0,0,1,0,0,1,0,0,0,0,0,1
KonIQ-10k IQA Database/512x384/9122758028.jpg,1,0,0,0,0,1,0,0,1,0,0,1,0,0,1,1,0,0,0,0
KonIQ-10k IQA Database/512x384/9119996222.jpg,1,0,0,0,0,1,0,0,0,1,0,1,0,0,0,1,0,0,0,0
KonIQ-10k IQA Database/512x384/9122759800.jpg,1,0,0,0,0,1,0,0,1,0,0,1,0,0,1,0,0,0,0,0
KonIQ-10k IQA Database/512x384/9125517985.jpg,0,0,1,0,0,0,1,0,1,0,0,1,0,0,0,0,0,0,0,1
KonIQ-10k IQA Database/512x384/9131467707.jpg,0,0,0,0,1,0,1,0,1,0,0,1,0,0,0,0,0,0,0,1
KonIQ-10k IQA Database/512x384/9130643186.jpg,0,0,0,1,0,1,0,0,1,0,0,0,1,0,1,1,1,0,0,0
KonIQ-10k IQA Database/512x384/9130413555.jpg,1,0,0,0,0,1,0,0,0,0,1,0,0,1,0,0,0,1,0,0
KonIQ-10k IQA Database/512x384/9130908149.jpg,0,0,1,0,0,0,1,0,0,0,1,1,0,0,0,0,0,0,0,1
KonIQ-10k IQA Database/512x384/9131531714.jpg,0,1,0,0,0,1,0,0,0,1,0,0,1,0,0,0,0,0,0,1
KonIQ-10k IQA Database/512x384/9131687822.jpg,0,0,0,1,0,1,0,0,1,0,0,1,0,0,0,1,1,0,0,0
KonIQ-10k IQA Database/512x384/9132059359.jpg,1,0,0,0,0,0,1,0,0,0,1,0,1,0,0,1,0,0,1,0
KonIQ-10k IQA Database/512x384/9135317445.jpg,0,0,1,0,0,0,1,0,0,1,0,1,0,0,0,0,0,0,0,1
KonIQ-10k IQA Database/512x384/9132353816.jpg,1,0,0,0,0,1,0,0,1,0,0,1,0,0,0,1,0,0,0,0
KonIQ-10k IQA Database/512x384/91357025.jpg,1,0,0,0,0,1,0,0,1,0,0,1,0,0,0,1,0,0,0,0
KonIQ-10k IQA Database/512x384/9136502604.jpg,0,0,0,0,1,1,0,0,0,1,0,0,1,0,1,1,1,0,0,0
KonIQ-10k IQA Database/512x384/9136754533.jpg,1,0,0,0,0,1,0,0,1,0,0,1,0,0,0,1,0,0,0,0
KonIQ-10k IQA Database/512x384/9138793182.jpg,0,0,1,0,0,0,1,0,0,0,1,0,1,0,0,0,1,0,0,0
KonIQ-10k IQA Database/512x384/9139430214.jpg,0,1,0,0,0,1,0,0,0,1,0,1,0,0,0,1,0,0,0,0
KonIQ-10k IQA Database/512x384/9139175955.jpg,1,0,0,0,0,1,0,0,0,1,0,1,0,0,0,0,0,1,0,0
KonIQ-10k IQA Database/512x384/9140727598.jpg,1,0,0,0,0,1,0,0,0,1,0,1,0,0,0,0,0,0,0,1
KonIQ-10k IQA Database/512x384/9141646333.jpg,0,1,0,0,0,0,1,0,0,0,1,0,0,1,0,0,0,0,0,1
KonIQ-10k IQA Database/512x384/9141403760.jpg,0,0,0,0,1,0,1,0,0,0,1,0,1,0,0,0,0,1,0,0
KonIQ-10k IQA Database/512x384/9141930190.jpg,1,0,0,0,0,1,0,0,0,1,0,0,1,0,0,1,0,0,0,0
KonIQ-10k IQA Database/512x384/9141979363.jpg,0,0,1,0,0,0,1,0,1,0,0,1,0,0,0,0,0,0,0,1
KonIQ-10k IQA Database/512x384/9142684025.jpg,0,0,1,0,0,0,1,0,1,0,0,1,0,0,0,0,1,0,0,0
KonIQ-10k IQA Database/512x384/9143291063.jpg,0,0,0,1,0,0,1,0,1,0,0,0,1,0,0,0,1,0,0,0
KonIQ-10k IQA Database/512x384/9145211353.jpg,0,1,0,0,0,0,1,0,0,0,1,1,0,0,0,0,0,0,0,1
KonIQ-10k IQA Database/512x384/9143757717.jpg,0,0,1,0,0,0,1,0,0,1,0,1,0,0,0,0,1,0,0,0
KonIQ-10k IQA Database/512x384/9146239672.jpg,0,0,0,0,1,1,0,0,0,1,0,1,0,0,1,0,0,0,0,0
KonIQ-10k IQA Database/512x384/9150255535.jpg,1,0,0,0,0,1,0,0,1,0,0,1,0,0,0,1,0,0,0,0
KonIQ-10k IQA Database/512x384/9154088552.jpg,0,0,0,0,1,1,0,0,1,0,0,1,0,0,1,0,0,0,1,0
KonIQ-10k IQA Database/512x384/9154784652.jpg,0,1,0,0,0,1,0,0,1,0,0,0,1,0,0,0,1,0,0,0
KonIQ-10k IQA Database/512x384/9154855025.jpg,0,0,0,0,1,1,0,0,1,0,0,1,0,0,0,0,1,0,0,0
KonIQ-10k IQA Database/512x384/9156115930.jpg,1,0,0,0,0,1,0,0,1,0,0,1,0,0,0,1,0,0,0,0
KonIQ-10k IQA Database/512x384/9159337218.jpg,1,0,0,0,0,1,0,0,0,1,0,1,0,0,0,1,0,0,0,0
KonIQ-10k IQA Database/512x384/9162044260.jpg,0,0,1,0,0,0,1,0,0,1,0,1,0,0,0,0,0,0,0,1
KonIQ-10k IQA Database/512x384/9162580665.jpg,0,0,0,1,0,0,1,0,1,0,0,1,0,0,0,0,1,0,0,0
KonIQ-10k IQA Database/512x384/9157119271.jpg,0,1,0,0,0,1,0,0,1,0,0,1,0,0,0,0,0,0,0,1
KonIQ-10k IQA Database/512x384/9164359125.jpg,1,0,0,0,0,1,0,0,0,1,0,0,1,0,1,1,0,1,0,0
KonIQ-10k IQA Database/512x384/9163113923.jpg,0,0,0,0,1,0,0,0,0,1,0,1,0,0,0,1,0,0,0,0
KonIQ-10k IQA Database/512x384/9166557972.jpg,0,0,0,0,1,1,0,0,0,1,0,0,1,0,1,1,0,1,0,0
KonIQ-10k IQA Database/512x384/9166911645.jpg,0,0,0,1,0,0,1,0,1,0,0,1,0,0,0,0,0,0,1,0
KonIQ-10k IQA Database/512x384/9170799378.jpg,0,0,0,0,1,1,0,0,1,0,0,1,0,0,0,0,0,0,0,1
KonIQ-10k IQA Database/512x384/9166594378.jpg,0,0,0,0,1,1,0,0,0,1,0,0,1,0,1,1,0,1,0,0
KonIQ-10k IQA Database/512x384/9176321809.jpg,0,0,1,0,0,0,1,0,0,1,0,1,0,0,0,0,1,0,0,0
KonIQ-10k IQA Database/512x384/9178485751.jpg,0,0,0,0,1,1,0,0,1,0,0,0,0,1,1,0,0,0,1,0
KonIQ-10k IQA Database/512x384/9175070760.jpg,0,0,1,0,0,0,1,0,0,1,0,1,0,0,0,0,1,0,0,0
KonIQ-10k IQA Database/512x384/9179494563.jpg,0,0,1,0,0,0,1,0,0,1,0,1,0,0,0,1,0,0,0,0
KonIQ-10k IQA Database/512x384/9183486925.jpg,1,0,0,0,0,0,0,0,0,0,1,1,0,0,0,1,0,0,0,0
KonIQ-10k IQA Database/512x384/9184965477.jpg,0,1,0,0,0,1,0,0,1,0,0,1,0,0,0,1,1,0,0,0
KonIQ-10k IQA Database/512x384/9185475668.jpg,0,0,1,0,0,0,1,0,0,1,0,1,0,0,0,0,0,0,0,1
KonIQ-10k IQA Database/512x384/9185478102.jpg,0,0,1,0,0,0,1,0,0,0,1,0,1,0,0,0,0,0,0,1
KonIQ-10k IQA Database/512x384/9186366283.jpg,0,0,0,0,1,1,0,0,1,0,0,0,1,0,1,0,0,0,0,0
KonIQ-10k IQA Database/512x384/9188365433.jpg,0,1,0,0,0,0,1,0,0,0,1,0,1,0,0,0,1,0,0,0
KonIQ-10k IQA Database/512x384/9191266611.jpg,0,1,0,0,0,1,0,0,1,0,0,1,0,0,0,0,0,0,0,1
KonIQ-10k IQA Database/512x384/9194756449.jpg,1,0,0,0,0,0,1,0,0,0,1,0,1,0,0,1,0,0,0,0
KonIQ-10k IQA Database/512x384/9195069146.jpg,1,0,0,0,0,1,0,0,0,1,0,1,0,0,0,0,0,1,0,0
KonIQ-10k IQA Database/512x384/9195323524.jpg,0,0,0,0,1,0,1,0,0,0,1,1,0,0,0,1,0,0,0,0
KonIQ-10k IQA Database/512x384/9188509301.jpg,0,0,1,0,0,0,1,0,0,1,0,1,0,0,0,0,0,0,0,1
KonIQ-10k IQA Database/512x384/9195654667.jpg,0,1,0,0,0,0,1,0,0,0,1,0,0,1,0,0,0,1,0,0
KonIQ-10k IQA Database/512x384/9198779264.jpg,0,0,1,0,0,0,1,0,0,0,1,1,0,0,0,0,0,0,0,1
KonIQ-10k IQA Database/512x384/9198766588.jpg,1,0,0,0,0,1,0,0,1,0,0,0,1,0,0,1,0,0,0,0
KonIQ-10k IQA Database/512x384/9197349207.jpg,1,0,0,0,0,1,0,0,0,1,0,1,0,0,0,1,0,0,0,0
KonIQ-10k IQA Database/512x384/9200093125.jpg,0,0,1,0,0,0,1,0,0,1,0,0,1,0,0,0,1,0,0,0
KonIQ-10k IQA Database/512x384/9201324227.jpg,1,0,0,0,0,1,0,0,0,1,0,1,0,0,0,0,0,0,0,1
KonIQ-10k IQA Database/512x384/9200829224.jpg,0,0,0,0,1,1,0,0,1,0,0,0,1,0,1,0,0,0,1,0
KonIQ-10k IQA Database/512x384/9202257544.jpg,0,1,0,0,0,1,0,0,0,1,0,1,0,0,1,1,0,0,0,0
KonIQ-10k IQA Database/512x384/9201555712.jpg,0,0,0,0,1,1,0,0,0,1,0,1,0,0,0,1,0,0,0,0
KonIQ-10k IQA Database/512x384/9202760715.jpg,1,0,0,0,0,1,0,0,1,0,0,0,1,0,0,1,0,0,0,0
KonIQ-10k IQA Database/512x384/9205194326.jpg,0,0,0,1,0,0,1,0,1,0,0,1,0,0,0,0,1,0,0,0
KonIQ-10k IQA Database/512x384/9206978293.jpg,0,0,0,0,1,1,0,0,1,0,0,0,1,0,0,1,0,0,0,0
KonIQ-10k IQA Database/512x384/9211639075.jpg,0,0,0,0,1,1,0,0,1,0,0,0,1,0,1,0,0,0,1,0
KonIQ-10k IQA Database/512x384/9210757941.jpg,0,0,1,0,0,0,1,0,0,0,1,0,1,0,0,0,1,0,0,0
KonIQ-10k IQA Database/512x384/9202851539.jpg,1,0,0,0,0,1,0,0,1,0,0,0,1,0,0,1,0,0,0,0
KonIQ-10k IQA Database/512x384/9211753203.jpg,0,0,0,0,1,1,0,0,0,1,0,0,1,0,0,0,1,1,0,0
KonIQ-10k IQA Database/512x384/9211913717.jpg,0,0,1,0,0,0,1,0,1,0,0,1,0,0,0,0,1,0,0,0
KonIQ-10k IQA Database/512x384/9211948856.jpg,0,0,0,0,1,1,0,0,1,0,0,1,0,0,0,0,0,0,0,1
KonIQ-10k IQA Database/512x384/9209619689.jpg,0,0,1,0,0,0,1,0,0,1,0,1,0,0,0,0,0,0,0,1
KonIQ-10k IQA Database/512x384/9212037816.jpg,0,0,0,0,1,1,0,0,1,0,0,1,0,0,0,0,1,0,0,0
KonIQ-10k IQA Database/512x384/9212610328.jpg,1,0,0,0,0,1,0,0,0,1,0,0,1,0,0,1,0,0,0,0
KonIQ-10k IQA Database/512x384/9213073517.jpg,0,1,0,0,0,0,1,0,0,0,1,0,1,0,0,0,0,0,0,1
KonIQ-10k IQA Database/512x384/9214795039.jpg,0,0,0,0,1,1,0,0,1,0,0,0,0,1,1,0,0,0,1,0
KonIQ-10k IQA Database/512x384/9213666869.jpg,0,0,1,0,0,0,1,0,0,1,0,1,0,0,0,0,1,0,0,0
KonIQ-10k IQA Database/512x384/9215861266.jpg,0,0,0,0,1,1,0,0,0,1,0,1,0,0,0,0,0,0,0,1
KonIQ-10k IQA Database/512x384/9215122110.jpg,1,0,0,0,0,0,0,1,0,0,1,0,0,1,1,1,0,0,0,0
KonIQ-10k IQA Database/512x384/9215295027.jpg,1,0,0,0,0,1,0,0,0,1,0,0,1,0,0,1,0,0,0,0
KonIQ-10k IQA Database/512x384/9220351854.jpg,0,0,1,0,0,0,1,0,0,1,0,1,0,0,0,0,0,0,0,1
KonIQ-10k IQA Database/512x384/9217457237.jpg,1,0,0,0,0,1,0,0,0,1,0,0,1,0,0,1,0,0,0,0
KonIQ-10k IQA Database/512x384/9216910965.jpg,0,0,1,0,0,0,1,0,0,1,0,1,0,0,0,1,0,0,0,0
KonIQ-10k IQA Database/512x384/9221345159.jpg,0,0,0,1,0,1,0,0,0,1,0,1,0,0,0,1,1,0,0,0
KonIQ-10k IQA Database/512x384/9220693447.jpg,0,1,0,0,0,1,0,0,1,0,0,0,1,0,0,1,1,0,0,0
KonIQ-10k IQA Database/512x384/9222727460.jpg,0,0,1,0,0,0,1,0,0,1,0,1,0,0,0,0,0,0,0,1
KonIQ-10k IQA Database/512x384/9220941622.jpg,1,0,0,0,0,1,0,0,1,0,0,0,1,0,1,1,0,1,0,0
KonIQ-10k IQA Database/512x384/9225485643.jpg,0,0,1,0,0,0,1,0,0,1,0,1,0,0,0,0,0,0,0,1
KonIQ-10k IQA Database/512x384/9224664940.jpg,0,0,0,0,1,0,1,0,0,0,1,0,1,0,0,0,1,0,0,0
KonIQ-10k IQA Database/512x384/9223641047.jpg,0,0,1,0,0,0,1,0,0,0,1,1,0,0,0,0,0,0,0,1
KonIQ-10k IQA Database/512x384/9225734576.jpg,0,0,0,0,1,1,0,0,0,1,0,1,0,0,0,1,0,0,0,0
KonIQ-10k IQA Database/512x384/9226793819.jpg,0,0,1,0,0,0,1,0,0,0,1,0,1,0,0,0,0,1,0,0
KonIQ-10k IQA Database/512x384/9225878690.jpg,0,0,1,0,0,0,1,0,0,1,0,0,1,0,0,0,1,0,0,0
KonIQ-10k IQA Database/512x384/9226799273.jpg,0,0,1,0,0,0,1,0,0,1,0,1,0,0,0,1,0,1,0,0
KonIQ-10k IQA Database/512x384/9230199139.jpg,1,0,0,0,0,0,0,1,0,0,1,0,0,1,0,0,0,0,0,1
KonIQ-10k IQA Database/512x384/9229803299.jpg,0,0,1,0,0,0,1,0,0,1,0,1,0,0,0,0,0,0,0,1
KonIQ-10k IQA Database/512x384/9232225621.jpg,0,0,1,0,0,0,1,0,1,0,0,1,0,0,0,0,0,0,0,1
KonIQ-10k IQA Database/512x384/9232371989.jpg,1,0,0,0,0,0,0,0,0,0,1,0,0,1,0,0,0,0,0,1
KonIQ-10k IQA Database/512x384/9230996141.jpg,1,0,0,0,0,1,0,0,1,0,0,1,0,0,0,1,0,0,0,0
KonIQ-10k IQA Database/512x384/92317233.jpg,0,0,1,0,0,0,1,0,0,1,0,1,0,0,0,0,0,0,0,1
KonIQ-10k IQA Database/512x384/9232503869.jpg,0,0,1,0,0,0,1,0,0,0,1,1,0,0,0,0,1,0,0,0
KonIQ-10k IQA Database/512x384/92336148.jpg,0,0,0,0,1,1,0,0,1,0,0,0,0,1,1,0,0,0,1,0
KonIQ-10k IQA Database/512x384/9234807959.jpg,1,0,0,0,0,0,1,0,0,0,1,0,0,1,1,1,0,0,0,0
KonIQ-10k IQA Database/512x384/9232794108.jpg,1,0,0,0,0,1,0,0,1,0,0,1,0,0,1,1,0,0,0,0
KonIQ-10k IQA Database/512x384/9237243302.jpg,0,0,0,0,1,0,1,0,1,0,0,1,0,0,0,0,0,0,0,1
KonIQ-10k IQA Database/512x384/9237285028.jpg,1,0,0,0,0,1,0,0,0,1,0,1,0,0,0,1,0,0,0,0
KonIQ-10k IQA Database/512x384/9238616212.jpg,0,0,1,0,0,0,1,0,0,1,0,1,0,0,0,0,1,0,0,0
KonIQ-10k IQA Database/512x384/9237488355.jpg,0,1,0,0,0,1,0,0,1,0,0,1,0,0,1,1,1,0,0,0
KonIQ-10k IQA Database/512x384/9239862860.jpg,0,0,0,0,1,1,0,0,1,0,0,1,0,0,1,0,0,0,0,0
KonIQ-10k IQA Database/512x384/9239005893.jpg,1,0,0,0,0,1,0,0,1,0,0,0,1,0,1,1,1,0,0,0
KonIQ-10k IQA Database/512x384/9240332205.jpg,0,0,0,0,1,1,0,0,1,0,0,1,0,0,0,1,0,0,0,0
KonIQ-10k IQA Database/512x384/9240392822.jpg,0,1,0,0,0,0,1,0,0,0,1,0,0,1,0,0,0,1,0,0
KonIQ-10k IQA Database/512x384/9241531106.jpg,1,0,0,0,0,1,0,0,1,0,0,0,1,0,1,1,1,0,0,0
KonIQ-10k IQA Database/512x384/9244573247.jpg,0,0,1,0,0,0,1,0,0,0,1,0,1,0,0,0,1,0,0,0
KonIQ-10k IQA Database/512x384/9242083882.jpg,0,0,0,0,1,1,0,0,0,1,0,0,1,0,0,1,0,0,0,0
KonIQ-10k IQA Database/512x384/9245144961.jpg,1,0,0,0,0,1,0,0,1,0,0,0,1,0,0,0,0,0,1,0
KonIQ-10k IQA Database/512x384/9245259823.jpg,0,0,0,0,1,0,1,0,0,1,0,1,0,0,0,0,0,1,0,0
KonIQ-10k IQA Database/512x384/9246527762.jpg,0,0,0,0,1,0,0,0,0,1,0,1,0,0,0,0,0,0,0,1
KonIQ-10k IQA Database/512x384/92466227.jpg,0,0,1,0,0,0,1,0,0,1,0,1,0,0,0,0,0,0,0,1
KonIQ-10k IQA Database/512x384/9246656735.jpg,0,0,0,0,1,0,1,0,0,0,1,0,0,1,0,0,0,0,0,1
KonIQ-10k IQA Database/512x384/9248275667.jpg,0,0,0,0,1,0,0,0,0,1,0,1,0,0,0,0,0,0,0,1
KonIQ-10k IQA Database/512x384/9249272493.jpg,0,0,0,0,1,1,0,0,0,1,0,1,0,0,0,1,0,0,0,0
KonIQ-10k IQA Database/512x384/9249859612.jpg,0,0,0,0,1,1,0,0,1,0,0,0,1,0,0,0,1,1,0,0
KonIQ-10k IQA Database/512x384/9251645143.jpg,1,0,0,0,0,1,0,0,0,1,0,0,0,1,1,1,0,0,0,0
KonIQ-10k IQA Database/512x384/9251039345.jpg,1,0,0,0,0,1,0,0,0,1,0,0,1,0,0,1,0,0,0,0
KonIQ-10k IQA Database/512x384/9249869281.jpg,0,0,1,0,0,0,1,0,0,1,0,1,0,0,0,0,0,0,0,1
KonIQ-10k IQA Database/512x384/9255279783.jpg,1,0,0,0,0,1,0,0,1,0,0,1,0,0,0,1,0,0,0,0
KonIQ-10k IQA Database/512x384/9256620726.jpg,1,0,0,0,0,1,0,0,1,0,0,1,0,0,0,1,0,0,0,0
KonIQ-10k IQA Database/512x384/9256298469.jpg,1,0,0,0,0,1,0,0,1,0,0,1,0,0,0,1,0,0,0,0
KonIQ-10k IQA Database/512x384/9253116202.jpg,0,0,1,0,0,0,1,0,0,1,0,1,0,0,0,0,1,0,0,0
KonIQ-10k IQA Database/512x384/9257237144.jpg,0,0,0,0,1,1,0,0,1,0,0,0,1,0,1,0,0,0,0,0
KonIQ-10k IQA Database/512x384/9258059092.jpg,1,0,0,0,0,1,0,0,0,1,0,0,0,1,0,1,0,0,0,0
KonIQ-10k IQA Database/512x384/9258012910.jpg,0,0,1,0,0,0,1,0,1,0,0,1,0,0,0,0,1,0,0,0
KonIQ-10k IQA Database/512x384/9262147694.jpg,1,0,0,0,0,1,0,0,0,1,0,1,0,0,0,1,0,0,0,0
KonIQ-10k IQA Database/512x384/9257583469.jpg,0,0,1,0,0,0,1,0,1,0,0,1,0,0,0,0,0,0,0,1
KonIQ-10k IQA Database/512x384/9263759875.jpg,0,0,1,0,0,0,1,0,0,1,0,0,1,0,0,0,1,0,0,0
KonIQ-10k IQA Database/512x384/9259054228.jpg,0,1,0,0,0,1,0,0,1,0,0,0,1,0,1,0,0,0,0,0
KonIQ-10k IQA Database/512x384/9265274583.jpg,0,0,1,0,0,0,1,0,1,0,0,1,0,0,0,0,1,0,0,0
KonIQ-10k IQA Database/512x384/9264499657.jpg,0,0,0,0,1,0,1,0,0,0,1,0,0,1,0,0,0,0,0,1
KonIQ-10k IQA Database/512x384/9265763356.jpg,0,0,0,0,1,0,1,0,1,0,0,0,1,0,0,0,0,0,0,1
KonIQ-10k IQA Database/512x384/9264744599.jpg,0,0,1,0,0,0,1,0,0,1,0,1,0,0,0,1,0,0,0,0
KonIQ-10k IQA Database/512x384/9267882389.jpg,0,1,0,0,0,1,0,0,1,0,0,1,0,0,0,1,0,1,0,0
KonIQ-10k IQA Database/512x384/9269067450.jpg,0,0,1,0,0,0,1,0,0,0,1,1,0,0,0,0,0,0,1,0
KonIQ-10k IQA Database/512x384/9269537075.jpg,1,0,0,0,0,1,0,0,1,0,0,1,0,0,0,1,0,0,0,0
KonIQ-10k IQA Database/512x384/9274677525.jpg,0,1,0,0,0,1,0,0,0,1,0,1,0,0,0,0,0,0,0,1
KonIQ-10k IQA Database/512x384/9274541718.jpg,0,0,1,0,0,0,1,0,1,0,0,0,1,0,0,0,1,1,0,0
KonIQ-10k IQA Database/512x384/927380470.jpg,0,0,0,0,1,1,0,0,0,1,0,1,0,0,0,1,0,0,1,0
KonIQ-10k IQA Database/512x384/9269195837.jpg,1,0,0,0,0,1,0,0,0,1,0,1,0,0,0,1,0,0,1,0
KonIQ-10k IQA Database/512x384/927454491.jpg,0,0,1,0,0,0,1,0,0,1,0,1,0,0,0,0,0,0,1,0
KonIQ-10k IQA Database/512x384/9277184417.jpg,0,0,0,0,1,0,0,0,0,0,1,0,0,1,0,0,0,0,0,1
KonIQ-10k IQA Database/512x384/9281657562.jpg,0,0,1,0,0,0,1,0,1,0,0,1,0,0,0,0,0,0,0,1
KonIQ-10k IQA Database/512x384/9286263885.jpg,0,0,1,0,0,0,1,0,0,0,1,0,1,0,0,0,1,0,0,0
KonIQ-10k IQA Database/512x384/9283322341.jpg,1,0,0,0,0,1,0,0,1,0,0,1,0,0,0,0,0,1,0,0
KonIQ-10k IQA Database/512x384/9283273348.jpg,1,0,0,0,0,1,0,0,0,1,0,0,1,0,0,1,1,0,0,0
KonIQ-10k IQA Database/512x384/9287500291.jpg,0,0,0,0,1,1,0,0,1,0,0,1,0,0,1,0,0,0,0,0
KonIQ-10k IQA Database/512x384/9284536346.jpg,0,0,1,0,0,0,1,0,1,0,0,1,0,0,0,0,1,0,0,0
KonIQ-10k IQA Database/512x384/9286580231.jpg,0,0,0,0,1,1,0,0,1,0,0,0,1,0,0,0,1,1,0,0
KonIQ-10k IQA Database/512x384/9283219931.jpg,1,0,0,0,0,1,0,0,1,0,0,0,1,0,0,0,0,1,0,0
KonIQ-10k IQA Database/512x384/9284861098.jpg,0,0,0,0,1,1,0,0,1,0,0,0,1,0,1,1,1,1,0,0
KonIQ-10k IQA Database/512x384/9289816970.jpg,0,0,0,0,1,1,0,0,1,0,0,1,0,0,0,0,0,0,0,1
KonIQ-10k IQA Database/512x384/9290273110.jpg,0,0,0,0,1,0,1,0,0,1,0,1,0,0,0,0,0,1,0,0
KonIQ-10k IQA Database/512x384/9290321332.jpg,1,0,0,0,0,1,0,0,1,0,0,1,0,0,0,1,0,0,0,0
KonIQ-10k IQA Database/512x384/9291621754.jpg,0,0,0,1,0,0,0,0,0,1,0,1,0,0,0,0,0,0,0,1
KonIQ-10k IQA Database/512x384/9297541584.jpg,1,0,0,0,0,1,0,0,0,1,0,1,0,0,0,1,0,0,0,0
KonIQ-10k IQA Database/512x384/9295408685.jpg,1,0,0,0,0,1,0,0,0,1,0,0,1,0,0,1,0,0,0,0
KonIQ-10k IQA Database/512x384/9297933012.jpg,1,0,0,0,0,0,0,0,0,0,1,1,0,0,0,1,0,0,0,0
KonIQ-10k IQA Database/512x384/9294636383.jpg,0,0,0,0,1,0,0,0,0,0,1,0,0,1,0,0,0,0,0,1
KonIQ-10k IQA Database/512x384/9298572085.jpg,0,1,0,0,0,1,0,0,1,0,0,0,1,0,1,0,0,0,0,0
KonIQ-10k IQA Database/512x384/9301597304.jpg,0,0,0,0,1,0,1,0,0,0,1,1,0,0,0,0,0,0,0,1
KonIQ-10k IQA Database/512x384/9299238943.jpg,0,1,0,0,0,1,0,0,0,1,0,1,0,0,0,0,0,0,0,1
KonIQ-10k IQA Database/512x384/9301174145.jpg,1,0,0,0,0,1,0,0,1,0,0,1,0,0,1,0,0,0,1,0
KonIQ-10k IQA Database/512x384/9302290265.jpg,0,0,0,0,1,1,0,0,1,0,0,0,1,0,0,1,0,0,0,0
KonIQ-10k IQA Database/512x384/9303678528.jpg,1,0,0,0,0,1,0,0,0,1,0,0,1,0,0,0,0,1,1,0
KonIQ-10k IQA Database/512x384/9304089120.jpg,0,0,0,0,1,1,0,0,1,0,0,1,0,0,0,1,0,0,0,0
KonIQ-10k IQA Database/512x384/9304302078.jpg,0,0,0,0,1,1,0,0,0,1,0,0,1,0,1,1,0,0,0,0
KonIQ-10k IQA Database/512x384/9310356178.jpg,1,0,0,0,0,1,0,0,0,1,0,0,1,0,0,0,0,1,0,0
KonIQ-10k IQA Database/512x384/9307347958.jpg,0,0,1,0,0,0,1,0,0,1,0,1,0,0,0,0,0,0,0,1
KonIQ-10k IQA Database/512x384/9306814074.jpg,1,0,0,0,0,1,0,0,1,0,0,0,1,0,1,1,1,0,0,0
KonIQ-10k IQA Database/512x384/9304786049.jpg,0,0,1,0,0,0,1,0,0,1,0,1,0,0,0,0,1,0,0,0
KonIQ-10k IQA Database/512x384/9309381016.jpg,0,1,0,0,0,0,0,1,0,0,1,1,0,0,1,0,0,0,1,0
KonIQ-10k IQA Database/512x384/9314256771.jpg,0,0,0,0,1,0,1,0,1,0,0,0,0,1,0,0,0,0,0,1
KonIQ-10k IQA Database/512x384/930643510.jpg,0,0,1,0,0,0,1,0,0,0,1,1,0,0,0,0,1,0,0,0
KonIQ-10k IQA Database/512x384/9315620500.jpg,1,0,0,0,0,1,0,0,0,1,0,0,1,0,0,1,1,0,0,0
KonIQ-10k IQA Database/512x384/9318049470.jpg,0,0,0,1,0,1,0,0,1,0,0,0,1,0,0,0,1,1,0,0
KonIQ-10k IQA Database/512x384/9322027317.jpg,0,0,0,0,1,1,0,0,1,0,0,1,0,0,0,1,0,0,0,0
KonIQ-10k IQA Database/512x384/9318914214.jpg,1,0,0,0,0,0,0,0,0,0,1,0,1,0,0,0,0,0,0,1
KonIQ-10k IQA Database/512x384/9317715562.jpg,1,0,0,0,0,1,0,0,0,1,0,1,0,0,0,0,0,1,0,0
KonIQ-10k IQA Database/512x384/9321343770.jpg,0,0,0,0,1,1,0,0,1,0,0,1,0,0,0,0,0,0,0,1
KonIQ-10k IQA Database/512x384/9322601223.jpg,1,0,0,0,0,1,0,0,1,0,0,0,1,0,1,1,0,0,0,0
KonIQ-10k IQA Database/512x384/9324301658.jpg,0,1,0,0,0,1,0,0,0,1,0,0,1,0,0,0,0,0,0,1
KonIQ-10k IQA Database/512x384/9324654543.jpg,0,1,0,0,0,1,0,0,0,1,0,0,1,0,1,1,1,1,0,0
KonIQ-10k IQA Database/512x384/9327556810.jpg,0,0,0,0,1,1,0,0,0,1,0,1,0,0,0,0,0,0,0,1
KonIQ-10k IQA Database/512x384/9326601195.jpg,0,0,0,0,1,0,1,0,1,0,0,1,0,0,0,0,0,0,0,1
KonIQ-10k IQA Database/512x384/9324716054.jpg,0,0,1,0,0,1,0,0,1,0,0,0,1,0,0,0,1,0,0,0
KonIQ-10k IQA Database/512x384/9328342385.jpg,1,0,0,0,0,1,0,0,1,0,0,0,0,1,1,1,0,0,1,0
KonIQ-10k IQA Database/512x384/9328964042.jpg,0,0,0,0,1,0,0,0,0,1,0,1,0,0,0,0,0,0,0,1
KonIQ-10k IQA Database/512x384/9329940580.jpg,1,0,0,0,0,0,0,0,0,0,1,1,0,0,0,0,0,0,0,1
KonIQ-10k IQA Database/512x384/9327697070.jpg,0,0,0,0,1,1,0,0,1,0,0,0,1,0,0,1,1,0,0,0
KonIQ-10k IQA Database/512x384/9332496650.jpg,1,0,0,0,0,1,0,0,1,0,0,0,1,0,0,1,0,0,0,0
KonIQ-10k IQA Database/512x384/9331151234.jpg,0,0,1,0,0,0,1,0,0,1,0,1,0,0,0,0,0,0,0,1
KonIQ-10k IQA Database/512x384/9332533553.jpg,0,0,1,0,0,0,1,0,0,1,0,1,0,0,0,0,0,0,0,1
KonIQ-10k IQA Database/512x384/9333294037.jpg,1,0,0,0,0,1,0,0,0,1,0,0,1,0,0,0,0,1,0,0
KonIQ-10k IQA Database/512x384/9334502001.jpg,1,0,0,0,0,1,0,0,1,0,0,1,0,0,0,1,0,0,0,0
KonIQ-10k IQA Database/512x384/9335509582.jpg,0,0,0,0,1,0,1,0,0,1,0,1,0,0,0,0,0,0,0,1
KonIQ-10k IQA Database/512x384/9333668178.jpg,0,0,0,0,1,0,1,0,1,0,0,0,0,1,0,0,0,0,0,1
KonIQ-10k IQA Database/512x384/9337247723.jpg,1,0,0,0,0,1,0,0,1,0,0,0,1,0,0,0,1,1,0,0
KonIQ-10k IQA Database/512x384/9336450850.jpg,0,0,0,0,1,0,1,0,1,0,0,1,0,0,0,0,0,0,0,1
KonIQ-10k IQA Database/512x384/9335639356.jpg,0,0,1,0,0,0,1,0,0,1,0,1,0,0,0,0,0,0,1,0
KonIQ-10k IQA Database/512x384/9339437714.jpg,0,1,0,0,0,1,0,0,0,1,0,1,0,0,0,0,0,0,1,0
KonIQ-10k IQA Database/512x384/9339173002.jpg,0,0,1,0,0,0,0,1,0,1,0,0,1,0,0,0,1,0,0,0
KonIQ-10k IQA Database/512x384/9339023066.jpg,1,0,0,0,0,1,0,0,1,0,0,0,1,0,1,1,0,1,0,0
KonIQ-10k IQA Database/512x384/9341605084.jpg,0,0,0,0,1,1,0,0,1,0,0,1,0,0,1,0,0,0,0,0
KonIQ-10k IQA Database/512x384/9338607155.jpg,1,0,0,0,0,1,0,0,0,1,0,0,1,0,1,1,1,0,0,0
KonIQ-10k IQA Database/512x384/9342036891.jpg,0,0,0,0,1,0,0,0,0,0,1,1,0,0,0,0,0,0,0,1
KonIQ-10k IQA Database/512x384/9341616816.jpg,0,0,0,0,1,1,0,0,1,0,0,0,0,1,1,0,0,0,0,0
KonIQ-10k IQA Database/512x384/9342285552.jpg,0,0,0,1,0,1,0,0,0,1,0,1,0,0,0,0,0,0,0,1
KonIQ-10k IQA Database/512x384/9344542617.jpg,0,0,1,0,0,0,1,0,0,0,1,1,0,0,0,0,1,0,0,0
KonIQ-10k IQA Database/512x384/9342669344.jpg,0,0,0,0,1,1,0,0,1,0,0,0,1,0,1,1,0,0,0,0
KonIQ-10k IQA Database/512x384/9344271524.jpg,0,0,0,0,1,1,0,0,0,1,0,1,0,0,0,0,0,0,0,1
KonIQ-10k IQA Database/512x384/9345882583.jpg,0,0,0,1,0,1,0,0,1,0,0,1,0,0,0,0,1,0,0,0
KonIQ-10k IQA Database/512x384/93459908799.jpg,0,0,1,0,0,0,0,1,0,0,1,0,1,0,0,1,1,0,0,0
KonIQ-10k IQA Database/512x384/9346378862.jpg,0,1,0,0,0,1,0,0,0,1,0,0,1,0,0,1,1,0,0,0
KonIQ-10k IQA Database/512x384/93473094.jpg,0,0,1,0,0,0,1,0,0,0,1,1,0,0,0,0,0,0,0,1
KonIQ-10k IQA Database/512x384/9346802331.jpg,0,0,1,0,0,0,1,0,0,1,0,0,1,0,0,0,1,0,0,0
KonIQ-10k IQA Database/512x384/9346372358.jpg,0,0,0,0,1,1,0,0,1,0,0,1,0,0,0,0,0,0,1,0
KonIQ-10k IQA Database/512x384/9348271980.jpg,0,0,0,0,1,1,0,0,1,0,0,1,0,0,0,1,0,0,0,0
KonIQ-10k IQA Database/512x384/9346160455.jpg,0,0,0,0,1,1,0,0,1,0,0,0,1,0,0,1,1,0,0,0
KonIQ-10k IQA Database/512x384/9348847345.jpg,0,1,0,0,0,0,1,0,0,1,0,0,1,0,0,0,0,0,0,1
KonIQ-10k IQA Database/512x384/9345990879.jpg,0,0,0,0,1,1,0,0,0,1,0,0,1,0,0,1,1,0,0,0
KonIQ-10k IQA Database/512x384/935105924.jpg,0,0,1,0,0,0,1,0,0,0,1,1,0,0,0,0,1,0,0,0
KonIQ-10k IQA Database/512x384/9348876103.jpg,0,0,0,0,1,0,0,0,0,0,1,1,0,0,0,0,0,0,0,1
KonIQ-10k IQA Database/512x384/93488473459.jpg,0,0,1,0,0,0,1,0,0,1,0,0,1,0,0,0,0,0,0,1
KonIQ-10k IQA Database/512x384/9349890960.jpg,0,0,0,0,1,1,0,0,0,1,0,1,0,0,0,1,0,0,0,0
KonIQ-10k IQA Database/512x384/9351387644.jpg,1,0,0,0,0,1,0,0,1,0,0,0,1,0,1,0,0,0,0,0
KonIQ-10k IQA Database/512x384/9352087961.jpg,0,1,0,0,0,0,1,0,0,0,1,0,0,1,0,0,0,0,0,1
KonIQ-10k IQA Database/512x384/9362014571.jpg,0,0,0,0,1,1,0,0,0,1,0,0,0,1,0,0,0,1,0,0
KonIQ-10k IQA Database/512x384/9365989820.jpg,0,0,0,0,1,0,0,0,0,0,1,0,0,1,0,0,0,0,0,1
KonIQ-10k IQA Database/512x384/9362231010.jpg,1,0,0,0,0,1,0,0,1,0,0,1,0,0,0,1,0,0,0,0
KonIQ-10k IQA Database/512x384/9352825622.jpg,1,0,0,0,0,1,0,0,0,1,0,0,1,0,0,1,0,0,0,0
KonIQ-10k IQA Database/512x384/9354878188.jpg,1,0,0,0,0,1,0,0,1,0,0,0,1,0,0,1,0,0,0,0
KonIQ-10k IQA Database/512x384/9353536560.jpg,0,0,1,0,0,0,1,0,1,0,0,0,1,0,0,0,1,0,0,0
KonIQ-10k IQA Database/512x384/9363143543.jpg,1,0,0,0,0,1,0,0,1,0,0,0,0,1,1,0,0,1,0,0
KonIQ-10k IQA Database/512x384/9366566723.jpg,1,0,0,0,0,1,0,0,1,0,0,0,1,0,0,1,1,0,0,0
KonIQ-10k IQA Database/512x384/9369983914.jpg,0,0,1,0,0,0,1,0,0,1,0,1,0,0,0,0,0,0,0,1
KonIQ-10k IQA Database/512x384/9369620513.jpg,0,0,1,0,0,0,1,0,1,0,0,1,0,0,0,1,0,0,0,0
KonIQ-10k IQA Database/512x384/9372862494.jpg,0,0,0,0,1,0,0,0,0,0,1,0,0,1,0,0,0,0,1,0
KonIQ-10k IQA Database/512x384/9375359458.jpg,0,0,0,0,1,1,0,0,1,0,0,0,0,1,1,0,0,0,1,0
KonIQ-10k IQA Database/512x384/9372534946.jpg,0,0,1,0,0,0,1,0,1,0,0,1,0,0,0,0,0,0,0,1
KonIQ-10k IQA Database/512x384/9372136957.jpg,0,0,0,1,0,0,0,0,0,1,0,1,0,0,0,0,0,0,0,1
KonIQ-10k IQA Database/512x384/9373483438.jpg,0,0,1,0,0,0,1,0,0,1,0,1,0,0,0,0,0,0,0,1
KonIQ-10k IQA Database/512x384/9376075949.jpg,0,0,0,0,1,0,1,0,1,0,0,1,0,0,0,0,0,0,0,1
KonIQ-10k IQA Database/512x384/9379361831.jpg,1,0,0,0,0,1,0,0,1,0,0,0,1,0,0,1,0,0,0,0
KonIQ-10k IQA Database/512x384/9379457487.jpg,1,0,0,0,0,1,0,0,1,0,0,0,1,0,0,1,0,0,0,0
KonIQ-10k IQA Database/512x384/9380189805.jpg,0,0,0,0,1,1,0,0,1,0,0,0,1,0,1,1,0,0,0,0
KonIQ-10k IQA Database/512x384/9379310013.jpg,1,0,0,0,0,1,0,0,1,0,0,0,1,0,0,1,0,0,0,0
KonIQ-10k IQA Database/512x384/9384228809.jpg,0,0,0,0,1,1,0,0,0,1,0,1,0,0,0,0,0,0,0,1
KonIQ-10k IQA Database/512x384/9387665300.jpg,0,0,0,0,1,1,0,0,1,0,0,0,1,0,1,0,1,1,0,0
KonIQ-10k IQA Database/512x384/9389784838.jpg,1,0,0,0,0,1,0,0,0,1,0,0,1,0,0,1,0,0,0,0
KonIQ-10k IQA Database/512x384/9389671360.jpg,0,0,1,0,0,0,1,0,0,0,1,1,0,0,0,0,0,0,0,1
KonIQ-10k IQA Database/512x384/9391288768.jpg,0,0,0,0,1,0,1,0,1,0,0,1,0,0,0,0,0,0,0,1
KonIQ-10k IQA Database/512x384/9401118786.jpg,0,0,1,0,0,0,1,0,0,1,0,1,0,0,0,0,0,0,0,1
KonIQ-10k IQA Database/512x384/93917546.jpg,0,1,0,0,0,1,0,0,1,0,0,0,0,1,1,0,0,0,0,0
KonIQ-10k IQA Database/512x384/9393485021.jpg,0,0,0,0,1,1,0,0,1,0,0,0,1,0,1,1,1,0,0,0
KonIQ-10k IQA Database/512x384/9394014608.jpg,0,0,1,0,0,0,1,0,1,0,0,1,0,0,0,1,0,0,0,0
KonIQ-10k IQA Database/512x384/9398081258.jpg,1,0,0,0,0,1,0,0,0,1,0,1,0,0,0,1,0,0,0,0
KonIQ-10k IQA Database/512x384/9401387705.jpg,0,0,1,0,0,0,0,1,1,0,0,1,0,0,0,0,0,0,0,1
KonIQ-10k IQA Database/512x384/9401940143.jpg,0,0,1,0,0,0,1,0,0,0,1,1,0,0,0,0,1,0,0,0
KonIQ-10k IQA Database/512x384/940371579.jpg,0,0,0,1,0,0,0,0,0,1,0,1,0,0,0,0,0,0,0,1
KonIQ-10k IQA Database/512x384/9405444471.jpg,1,0,0,0,0,1,0,0,0,1,0,1,0,0,0,1,0,0,0,0
KonIQ-10k IQA Database/512x384/9406773963.jpg,1,0,0,0,0,0,0,0,0,0,1,0,0,1,0,0,0,1,0,0
KonIQ-10k IQA Database/512x384/9406497605.jpg,0,0,0,0,1,1,0,0,1,0,0,0,1,0,0,0,1,1,0,0
KonIQ-10k IQA Database/512x384/9406525947.jpg,0,0,0,0,1,1,0,0,1,0,0,1,0,0,0,0,1,1,0,0
KonIQ-10k IQA Database/512x384/9407500995.jpg,0,0,1,0,0,0,1,0,0,1,0,1,0,0,0,0,0,0,0,1
KonIQ-10k IQA Database/512x384/9408208696.jpg,1,0,0,0,0,1,0,0,0,1,0,1,0,0,0,1,0,0,0,0
KonIQ-10k IQA Database/512x384/9407500904.jpg,0,0,1,0,0,0,1,0,0,1,0,1,0,0,0,0,0,0,0,1
KonIQ-10k IQA Database/512x384/9409533366.jpg,0,0,1,0,0,0,1,0,1,0,0,1,0,0,0,0,1,0,0,0
KonIQ-10k IQA Database/512x384/9408400121.jpg,0,0,0,0,1,1,0,0,1,0,0,0,1,0,0,1,0,0,0,0
KonIQ-10k IQA Database/512x384/9413392698.jpg,0,0,1,0,0,0,1,0,0,0,1,1,0,0,0,0,0,0,0,1
KonIQ-10k IQA Database/512x384/9416795305.jpg,0,0,0,0,1,1,0,0,1,0,0,1,0,0,0,0,0,0,0,1
KonIQ-10k IQA Database/512x384/9418862819.jpg,0,0,0,0,1,0,1,0,0,0,1,0,1,0,0,1,1,0,0,0
KonIQ-10k IQA Database/512x384/9417195704.jpg,0,0,1,0,0,0,1,0,1,0,0,0,1,0,0,0,1,0,1,0
KonIQ-10k IQA Database/512x384/9424457746.jpg,0,0,0,0,1,0,1,0,1,0,0,1,0,0,0,0,0,0,0,1
KonIQ-10k IQA Database/512x384/9419143176.jpg,1,0,0,0,0,1,0,0,0,1,0,0,1,0,1,1,1,0,1,0
KonIQ-10k IQA Database/512x384/9419183210.jpg,1,0,0,0,0,1,0,0,1,0,0,0,0,1,1,0,0,1,1,0
KonIQ-10k IQA Database/512x384/9426505697.jpg,0,0,1,0,0,0,1,0,0,0,1,0,1,0,0,0,1,0,0,0
KonIQ-10k IQA Database/512x384/9424726743.jpg,1,0,0,0,0,1,0,0,0,1,0,0,1,0,0,0,0,1,1,0
KonIQ-10k IQA Database/512x384/9427704319.jpg,0,1,0,0,0,1,0,0,1,0,0,0,1,0,0,0,1,0,0,0
KonIQ-10k IQA Database/512x384/9428890222.jpg,1,0,0,0,0,1,0,0,0,1,0,1,0,0,0,1,0,0,0,0
KonIQ-10k IQA Database/512x384/9433458685.jpg,0,0,0,0,1,0,1,0,0,0,1,0,0,1,0,0,0,0,0,1
KonIQ-10k IQA Database/512x384/9429089796.jpg,0,0,1,0,0,0,1,0,0,1,0,1,0,0,0,0,0,0,0,1
KonIQ-10k IQA Database/512x384/9432792818.jpg,0,0,0,0,1,0,1,0,1,0,0,1,0,0,0,0,0,0,0,1
KonIQ-10k IQA Database/512x384/9428417271.jpg,0,1,0,0,0,1,0,0,0,1,0,1,0,0,1,1,1,0,0,0
KonIQ-10k IQA Database/512x384/9433764311.jpg,1,0,0,0,0,1,0,0,1,0,0,0,1,0,1,0,0,0,0,0
KonIQ-10k IQA Database/512x384/9434602286.jpg,0,0,0,0,1,1,0,0,1,0,0,0,1,0,1,0,0,1,0,0
KonIQ-10k IQA Database/512x384/9435287371.jpg,0,0,0,0,1,1,0,0,0,1,0,0,1,0,0,1,0,0,1,0
KonIQ-10k IQA Database/512x384/9434819807.jpg,0,0,0,1,0,0,1,0,1,0,0,1,0,0,0,0,1,0,0,0
KonIQ-10k IQA Database/512x384/9438182965.jpg,0,0,0,0,1,0,1,0,0,1,0,1,0,0,0,0,0,0,0,1
KonIQ-10k IQA Database/512x384/9439902792.jpg,0,0,0,0,1,1,0,0,1,0,0,1,0,0,0,1,0,0,0,0
KonIQ-10k IQA Database/512x384/9439964500.jpg,0,0,0,0,1,0,0,0,0,1,0,1,0,0,0,0,0,0,0,1
KonIQ-10k IQA Database/512x384/9438332547.jpg,1,0,0,0,0,1,0,0,1,0,0,0,1,0,0,1,0,0,0,0
KonIQ-10k IQA Database/512x384/9439720567.jpg,0,1,0,0,0,1,0,0,1,0,0,0,1,0,1,0,0,0,1,0
KonIQ-10k IQA Database/512x384/9438428165.jpg,0,1,0,0,0,1,0,0,1,0,0,1,0,0,0,0,1,0,0,0
KonIQ-10k IQA Database/512x384/9442161547.jpg,0,0,1,0,0,0,1,0,0,1,0,0,1,0,0,0,1,0,0,0
KonIQ-10k IQA Database/512x384/944341845.jpg,0,0,1,0,0,0,1,0,0,0,1,1,0,0,0,0,0,0,0,1
KonIQ-10k IQA Database/512x384/9444126747.jpg,0,0,0,0,1,1,0,0,1,0,0,0,1,0,1,1,1,0,0,0
KonIQ-10k IQA Database/512x384/9445529272.jpg,0,0,1,0,0,0,1,0,0,0,1,1,0,0,0,0,1,0,0,0
KonIQ-10k IQA Database/512x384/9455732786.jpg,0,1,0,0,0,1,0,0,0,1,0,0,1,0,0,0,1,0,0,0
KonIQ-10k IQA Database/512x384/9456887097.jpg,1,0,0,0,0,0,0,0,0,0,1,1,0,0,0,1,0,0,0,0
KonIQ-10k IQA Database/512x384/9450353504.jpg,1,0,0,0,0,0,1,0,0,0,1,0,1,0,0,0,0,1,0,0
KonIQ-10k IQA Database/512x384/9445074981.jpg,0,1,0,0,0,1,0,0,1,0,0,1,0,0,0,0,0,0,0,1
KonIQ-10k IQA Database/512x384/9455543659.jpg,0,0,0,0,1,1,0,0,1,0,0,0,1,0,0,1,1,1,0,0
KonIQ-10k IQA Database/512x384/9458038705.jpg,0,0,1,0,0,0,1,0,0,1,0,1,0,0,0,0,0,0,0,1
KonIQ-10k IQA Database/512x384/9457716836.jpg,0,0,0,0,1,1,0,0,0,1,0,0,1,0,1,1,0,0,0,0
KonIQ-10k IQA Database/512x384/9458474537.jpg,0,0,1,0,0,0,1,0,0,0,1,1,0,0,0,0,0,0,0,1
KonIQ-10k IQA Database/512x384/9458811902.jpg,1,0,0,0,0,1,0,0,0,1,0,1,0,0,0,1,0,0,0,0
KonIQ-10k IQA Database/512x384/9460489511.jpg,1,0,0,0,0,1,0,0,1,0,0,1,0,0,0,1,0,0,1,0
KonIQ-10k IQA Database/512x384/9458721242.jpg,0,0,1,0,0,0,1,0,0,0,1,1,0,0,0,0,1,0,0,0
KonIQ-10k IQA Database/512x384/9461924966.jpg,0,0,1,0,0,0,1,0,0,1,0,1,0,0,0,0,1,0,0,0
KonIQ-10k IQA Database/512x384/9462111992.jpg,1,0,0,0,0,1,0,0,1,0,0,0,1,0,0,1,0,0,0,0
KonIQ-10k IQA Database/512x384/9459450025.jpg,0,1,0,0,0,1,0,0,0,1,0,0,1,0,0,1,0,0,1,0
KonIQ-10k IQA Database/512x384/9463299362.jpg,1,0,0,0,0,1,0,0,0,1,0,1,0,0,0,0,1,0,0,0
KonIQ-10k IQA Database/512x384/9463363154.jpg,0,0,1,0,0,0,1,0,0,1,0,1,0,0,0,0,0,0,0,1
KonIQ-10k IQA Database/512x384/9467289840.jpg,1,0,0,0,0,1,0,0,0,1,0,1,0,0,0,1,0,0,0,0
KonIQ-10k IQA Database/512x384/9468744508.jpg,0,0,0,1,0,0,1,0,1,0,0,0,1,0,0,0,1,0,0,0
KonIQ-10k IQA Database/512x384/9467953954.jpg,1,0,0,0,0,1,0,0,1,0,0,1,0,0,0,1,0,0,0,0
KonIQ-10k IQA Database/512x384/9471314459.jpg,0,0,0,0,1,1,0,0,1,0,0,0,1,0,1,0,0,0,0,0
KonIQ-10k IQA Database/512x384/9469622762.jpg,1,0,0,0,0,1,0,0,0,1,0,0,0,1,0,1,0,1,0,0
KonIQ-10k IQA Database/512x384/9470847928.jpg,0,0,0,0,1,1,0,0,1,0,0,0,1,0,1,0,0,1,0,0
KonIQ-10k IQA Database/512x384/9472829997.jpg,0,0,1,0,0,0,1,0,0,0,1,0,1,0,0,0,0,0,0,1
KonIQ-10k IQA Database/512x384/9475748691.jpg,0,0,1,0,0,0,1,0,0,0,1,1,0,0,0,0,0,0,0,1
KonIQ-10k IQA Database/512x384/9474360756.jpg,0,0,1,0,0,0,1,0,0,1,0,0,1,0,0,0,1,0,0,0
KonIQ-10k IQA Database/512x384/9473084663.jpg,0,0,1,0,0,0,1,0,0,1,0,1,0,0,0,0,0,0,0,1
KonIQ-10k IQA Database/512x384/9472868070.jpg,0,1,0,0,0,1,0,0,0,1,0,0,1,0,0,0,0,1,0,0
KonIQ-10k IQA Database/512x384/9476849940.jpg,0,0,1,0,0,0,1,0,0,1,0,1,0,0,0,0,0,0,0,1
KonIQ-10k IQA Database/512x384/9476907478.jpg,1,0,0,0,0,1,0,0,1,0,0,1,0,0,0,0,0,1,0,0
KonIQ-10k IQA Database/512x384/9477685137.jpg,0,0,1,0,0,1,0,0,1,0,0,0,1,0,0,0,1,0,0,0
KonIQ-10k IQA Database/512x384/9477847678.jpg,1,0,0,0,0,1,0,0,0,1,0,0,1,0,0,1,0,0,0,0
KonIQ-10k IQA Database/512x384/9480350471.jpg,0,1,0,0,0,1,0,0,1,0,0,0,0,1,1,0,0,0,1,0
KonIQ-10k IQA Database/512x384/9480702491.jpg,1,0,0,0,0,1,0,0,0,1,0,1,0,0,0,0,0,1,1,0
KonIQ-10k IQA Database/512x384/9479081195.jpg,1,0,0,0,0,1,0,0,0,1,0,1,0,0,0,1,0,0,0,0
KonIQ-10k IQA Database/512x384/9479870149.jpg,0,0,0,0,1,1,0,0,1,0,0,0,1,0,1,1,0,0,0,0
KonIQ-10k IQA Database/512x384/9482188665.jpg,0,0,0,0,1,1,0,0,0,1,0,0,1,0,1,0,0,0,0,0
KonIQ-10k IQA Database/512x384/9482519952.jpg,1,0,0,0,0,1,0,0,0,1,0,1,0,0,0,1,1,0,0,0
KonIQ-10k IQA Database/512x384/9482512663.jpg,0,0,0,0,1,1,0,0,1,0,0,0,1,0,1,0,1,0,0,0
KonIQ-10k IQA Database/512x384/9483838441.jpg,1,0,0,0,0,1,0,0,1,0,0,1,0,0,0,1,0,0,0,0
KonIQ-10k IQA Database/512x384/9483190108.jpg,0,1,0,0,0,1,0,0,1,0,0,0,1,0,0,1,1,0,0,0
KonIQ-10k IQA Database/512x384/9484887965.jpg,0,0,1,0,0,0,1,0,1,0,0,1,0,0,0,1,0,0,0,0
KonIQ-10k IQA Database/512x384/9485678546.jpg,0,1,0,0,0,1,0,0,0,1,0,1,0,0,0,0,0,0,0,1
KonIQ-10k IQA Database/512x384/9484990711.jpg,1,0,0,0,0,0,1,0,0,0,1,0,0,1,0,1,0,0,0,0
KonIQ-10k IQA Database/512x384/9485553260.jpg,1,0,0,0,0,1,0,0,0,1,0,1,0,0,0,0,0,1,1,0
KonIQ-10k IQA Database/512x384/9486578471.jpg,0,0,1,0,0,0,1,0,1,0,0,1,0,0,0,0,0,0,0,1
KonIQ-10k IQA Database/512x384/9487232298.jpg,0,0,0,0,1,1,0,0,1,0,0,0,1,0,0,1,0,0,0,0
KonIQ-10k IQA Database/512x384/9487747992.jpg,0,0,0,0,1,0,0,0,0,1,0,1,0,0,0,1,0,0,1,0
KonIQ-10k IQA Database/512x384/94886803.jpg,1,0,0,0,0,1,0,0,0,1,0,1,0,0,1,0,0,0,0,0
KonIQ-10k IQA Database/512x384/9488096665.jpg,1,0,0,0,0,1,0,0,1,0,0,1,0,0,1,0,0,1,1,0
KonIQ-10k IQA Database/512x384/9489836089.jpg,0,0,0,0,1,1,0,0,1,0,0,0,1,0,1,0,0,0,1,0
KonIQ-10k IQA Database/512x384/9488864072.jpg,0,0,1,0,0,0,1,0,0,0,1,1,0,0,0,0,1,0,0,0
KonIQ-10k IQA Database/512x384/9490079439.jpg,1,0,0,0,0,1,0,0,0,1,0,0,0,1,1,0,1,0,0,0
KonIQ-10k IQA Database/512x384/9490329837.jpg,0,0,0,0,1,1,0,0,1,0,0,0,1,0,0,0,1,0,0,0
KonIQ-10k IQA Database/512x384/9493293324.jpg,0,0,0,0,1,1,0,0,0,1,0,0,0,1,0,0,0,1,0,0
KonIQ-10k IQA Database/512x384/9494293866.jpg,0,0,1,0,0,0,1,0,0,0,1,0,1,0,0,0,1,0,0,0
KonIQ-10k IQA Database/512x384/9494790787.jpg,0,0,0,0,1,1,0,0,1,0,0,1,0,0,0,0,1,1,0,0
KonIQ-10k IQA Database/512x384/9496541245.jpg,0,0,1,0,0,0,1,0,0,0,1,1,0,0,0,0,0,0,0,1
KonIQ-10k IQA Database/512x384/9495726171.jpg,0,0,0,1,0,0,1,0,1,0,0,1,0,0,0,0,0,0,1,0
KonIQ-10k IQA Database/512x384/9494953335.jpg,0,0,0,0,1,0,1,0,0,1,0,1,0,0,0,0,1,1,0,0
KonIQ-10k IQA Database/512x384/9496059717.jpg,0,0,1,0,0,0,1,0,0,1,0,1,0,0,0,0,1,0,0,0
KonIQ-10k IQA Database/512x384/9497710012.jpg,0,0,0,0,1,0,1,0,0,0,1,0,0,1,0,0,0,0,0,1
KonIQ-10k IQA Database/512x384/9497146011.jpg,0,0,0,0,1,0,0,0,0,0,1,0,0,1,0,0,0,0,0,1
KonIQ-10k IQA Database/512x384/9498977620.jpg,1,0,0,0,0,1,0,0,0,1,0,0,1,0,0,0,0,0,1,0
KonIQ-10k IQA Database/512x384/9500372295.jpg,0,0,1,0,0,0,1,0,0,0,1,0,1,0,0,0,1,0,0,0
KonIQ-10k IQA Database/512x384/9497810800.jpg,0,0,0,0,1,1,0,0,0,1,0,0,1,0,0,0,1,1,0,0
KonIQ-10k IQA Database/512x384/9502087003.jpg,0,1,0,0,0,0,1,0,0,0,1,0,0,1,1,0,0,0,0,0
KonIQ-10k IQA Database/512x384/95019293.jpg,0,0,1,0,0,0,1,0,0,0,1,1,0,0,0,0,0,0,0,1
KonIQ-10k IQA Database/512x384/950420073.jpg,1,0,0,0,0,1,0,0,1,0,0,0,1,0,0,1,0,0,0,0
KonIQ-10k IQA Database/512x384/9507159381.jpg,0,0,0,0,1,0,1,0,0,0,1,0,0,1,0,0,0,0,1,0
KonIQ-10k IQA Database/512x384/9506730000.jpg,1,0,0,0,0,1,0,0,0,1,0,1,0,0,0,1,0,0,0,0
KonIQ-10k IQA Database/512x384/9505522131.jpg,0,0,0,0,1,0,1,0,0,1,0,0,0,1,0,0,0,0,0,1
KonIQ-10k IQA Database/512x384/9508337257.jpg,0,0,0,0,1,1,0,0,1,0,0,0,0,1,1,0,0,0,1,0
KonIQ-10k IQA Database/512x384/9508596066.jpg,0,1,0,0,0,1,0,0,1,0,0,1,0,0,0,0,1,0,0,0
KonIQ-10k IQA Database/512x384/9510794857.jpg,0,0,0,0,1,0,1,0,0,0,1,0,1,0,0,0,0,1,0,0
KonIQ-10k IQA Database/512x384/9510636160.jpg,0,0,0,0,1,1,0,0,0,1,0,0,1,0,1,1,0,0,0,0
KonIQ-10k IQA Database/512x384/9510873691.jpg,0,0,1,0,0,0,1,0,0,1,0,1,0,0,0,0,0,0,0,1
KonIQ-10k IQA Database/512x384/9513920516.jpg,1,0,0,0,0,1,0,0,0,1,0,0,0,1,0,1,0,0,0,0
KonIQ-10k IQA Database/512x384/9512191283.jpg,0,0,0,0,1,1,0,0,1,0,0,1,0,0,1,0,0,0,1,0
KonIQ-10k IQA Database/512x384/9512008685.jpg,0,1,0,0,0,0,1,0,0,0,1,0,0,1,0,0,0,0,0,1
KonIQ-10k IQA Database/512x384/9517140367.jpg,0,0,1,0,0,0,1,0,0,0,1,0,1,0,0,0,1,0,0,0
KonIQ-10k IQA Database/512x384/9517941769.jpg,0,0,1,0,0,0,1,0,0,1,0,1,0,0,0,0,0,0,0,1
KonIQ-10k IQA Database/512x384/9518037590.jpg,0,1,0,0,0,1,0,0,1,0,0,0,1,0,1,0,0,0,1,0
KonIQ-10k IQA Database/512x384/9515243339.jpg,0,0,0,0,1,1,0,0,0,1,0,0,1,0,0,1,1,0,0,0
KonIQ-10k IQA Database/512x384/9519070785.jpg,0,0,0,0,1,1,0,0,1,0,0,0,0,1,1,0,0,0,1,0
KonIQ-10k IQA Database/512x384/9521784071.jpg,0,0,1,0,0,0,1,0,0,1,0,1,0,0,0,0,0,0,0,1
KonIQ-10k IQA Database/512x384/9522074895.jpg,0,0,0,0,1,1,0,0,1,0,0,1,0,0,1,0,0,0,0,0
KonIQ-10k IQA Database/512x384/952167260.jpg,0,0,0,1,0,0,1,0,1,0,0,1,0,0,0,0,1,0,0,0
KonIQ-10k IQA Database/512x384/9522817562.jpg,1,0,0,0,0,1,0,0,1,0,0,1,0,0,1,1,0,0,1,0
KonIQ-10k IQA Database/512x384/9523088763.jpg,0,1,0,0,0,1,0,0,1,0,0,0,1,0,1,0,0,1,0,0
KonIQ-10k IQA Database/512x384/9524699151.jpg,1,0,0,0,0,1,0,0,1,0,0,1,0,0,0,1,0,0,0,0
KonIQ-10k IQA Database/512x384/9525267533.jpg,0,0,1,0,0,0,1,0,0,1,0,1,0,0,0,0,0,0,0,1
KonIQ-10k IQA Database/512x384/9523882653.jpg,0,0,0,0,1,1,0,0,0,1,0,1,0,0,1,0,0,1,1,0
KonIQ-10k IQA Database/512x384/9526511129.jpg,0,0,0,0,1,1,0,0,1,0,0,0,1,0,0,1,1,0,0,0
KonIQ-10k IQA Database/512x384/9526789940.jpg,1,0,0,0,0,1,0,0,0,1,0,0,1,0,0,1,0,0,0,0
KonIQ-10k IQA Database/512x384/9526812010.jpg,0,0,0,1,0,0,1,0,0,1,0,1,0,0,0,0,0,0,0,1
KonIQ-10k IQA Database/512x384/9527678556.jpg,0,0,0,0,1,1,0,0,1,0,0,1,0,0,0,0,1,1,0,0
KonIQ-10k IQA Database/512x384/9527733918.jpg,1,0,0,0,0,1,0,0,0,1,0,1,0,0,0,1,0,0,0,0
KonIQ-10k IQA Database/512x384/9527980922.jpg,0,1,0,0,0,1,0,0,0,1,0,1,0,0,0,0,0,0,0,1
KonIQ-10k IQA Database/512x384/9527961628.jpg,0,0,1,0,0,0,1,0,0,0,1,1,0,0,0,0,1,0,0,0
KonIQ-10k IQA Database/512x384/9528268471.jpg,0,0,0,1,0,1,0,0,1,0,0,1,0,0,0,0,1,0,0,0
KonIQ-10k IQA Database/512x384/9528230846.jpg,1,0,0,0,0,1,0,0,1,0,0,0,1,0,0,1,1,0,0,0
KonIQ-10k IQA Database/512x384/9530920367.jpg,0,0,0,0,1,1,0,0,1,0,0,1,0,0,1,0,0,0,0,0
KonIQ-10k IQA Database/512x384/9528238832.jpg,0,0,1,0,0,0,1,0,0,1,0,1,0,0,0,0,0,0,0,1
KonIQ-10k IQA Database/512x384/9530922505.jpg,0,0,0,0,1,1,0,0,1,0,0,1,0,0,1,0,0,0,0,0
KonIQ-10k IQA Database/512x384/9535859777.jpg,0,0,1,0,0,0,1,0,0,1,0,1,0,0,0,0,1,1,0,0
KonIQ-10k IQA Database/512x384/9534283737.jpg,1,0,0,0,0,1,0,0,0,1,0,1,0,0,0,1,0,0,0,0
KonIQ-10k IQA Database/512x384/9535634646.jpg,0,0,1,0,0,0,1,0,0,1,0,1,0,0,0,0,0,0,0,1
KonIQ-10k IQA Database/512x384/9536013325.jpg,0,0,0,0,1,1,0,0,1,0,0,1,0,0,1,0,0,0,1,0
KonIQ-10k IQA Database/512x384/9536683213.jpg,1,0,0,0,0,1,0,0,1,0,0,1,0,0,0,1,0,0,0,0
KonIQ-10k IQA Database/512x384/9538010793.jpg,0,0,1,0,0,0,1,0,1,0,0,1,0,0,0,0,0,0,0,1
KonIQ-10k IQA Database/512x384/9537434864.jpg,1,0,0,0,0,1,0,0,0,1,0,1,0,0,0,1,0,0,0,0
KonIQ-10k IQA Database/512x384/9540532896.jpg,1,0,0,0,0,1,0,0,0,1,0,1,0,0,0,1,0,0,0,0
KonIQ-10k IQA Database/512x384/9539965008.jpg,0,1,0,0,0,1,0,0,1,0,0,1,0,0,0,0,1,0,0,0
KonIQ-10k IQA Database/512x384/9541231306.jpg,0,0,0,1,0,0,1,0,0,1,0,1,0,0,0,0,1,1,0,0
KonIQ-10k IQA Database/512x384/9538674147.jpg,0,0,1,0,0,0,1,0,0,0,1,1,0,0,0,0,1,0,0,0
KonIQ-10k IQA Database/512x384/9541303452.jpg,0,0,0,1,0,1,0,0,0,1,0,1,0,0,0,1,1,0,0,0
KonIQ-10k IQA Database/512x384/9541618071.jpg,0,0,0,0,1,1,0,0,1,0,0,1,0,0,0,1,0,0,0,0
KonIQ-10k IQA Database/512x384/9543397077.jpg,0,1,0,0,0,1,0,0,1,0,0,1,0,0,0,0,0,0,1,0
KonIQ-10k IQA Database/512x384/9544682172.jpg,0,0,0,0,1,1,0,0,1,0,0,1,0,0,0,0,0,0,1,0
KonIQ-10k IQA Database/512x384/9547511197.jpg,0,0,0,0,1,1,0,0,0,1,0,0,0,1,1,0,0,0,0,0
KonIQ-10k IQA Database/512x384/9546481286.jpg,0,1,0,0,0,1,0,0,1,0,0,0,0,1,1,1,0,0,0,0
KonIQ-10k IQA Database/512x384/9545794561.jpg,0,0,0,0,1,1,0,0,1,0,0,1,0,0,1,0,0,0,0,0
KonIQ-10k IQA Database/512x384/9544478990.jpg,0,0,0,0,1,1,0,0,1,0,0,0,1,0,0,1,0,0,0,0
KonIQ-10k IQA Database/512x384/9549856021.jpg,0,0,1,0,0,0,1,0,0,1,0,1,0,0,0,0,1,0,0,0
KonIQ-10k IQA Database/512x384/9550375184.jpg,1,0,0,0,0,1,0,0,0,1,0,0,1,0,1,1,0,0,0,0
KonIQ-10k IQA Database/512x384/9549652790.jpg,0,0,0,0,1,1,0,0,0,1,0,0,1,0,0,1,1,1,0,0
KonIQ-10k IQA Database/512x384/9550673458.jpg,0,0,1,0,0,0,0,1,0,0,1,1,0,0,0,0,0,0,0,1
KonIQ-10k IQA Database/512x384/9554062765.jpg,0,0,0,0,1,0,1,0,0,0,1,1,0,0,0,0,0,0,0,1
KonIQ-10k IQA Database/512x384/9557331185.jpg,0,0,1,0,0,0,1,0,0,1,0,1,0,0,0,0,0,0,0,1
KonIQ-10k IQA Database/512x384/9553679433.jpg,1,0,0,0,0,1,0,0,0,1,0,0,1,0,0,1,1,0,0,0
KonIQ-10k IQA Database/512x384/9560250736.jpg,1,0,0,0,0,1,0,0,0,1,0,0,1,0,0,0,0,1,1,0
KonIQ-10k IQA Database/512x384/9562837541.jpg,0,0,0,0,1,1,0,0,1,0,0,1,0,0,0,1,1,0,0,0
KonIQ-10k IQA Database/512x384/9561571974.jpg,0,0,1,0,0,0,1,0,0,1,0,1,0,0,0,0,1,0,0,0
KonIQ-10k IQA Database/512x384/9561731191.jpg,0,0,0,0,1,1,0,0,1,0,0,1,0,0,0,1,0,0,0,0
KonIQ-10k IQA Database/512x384/9565379403.jpg,0,0,1,0,0,0,1,0,0,1,0,1,0,0,0,0,0,0,0,1
KonIQ-10k IQA Database/512x384/9567386872.jpg,0,0,0,0,1,1,0,0,1,0,0,0,0,1,1,0,0,0,0,0
KonIQ-10k IQA Database/512x384/9569732421.jpg,0,0,0,0,1,1,0,0,0,1,0,0,1,0,1,1,0,0,0,0
KonIQ-10k IQA Database/512x384/9569803128.jpg,1,0,0,0,0,1,0,0,0,1,0,1,0,0,0,0,0,1,0,0
KonIQ-10k IQA Database/512x384/9566357532.jpg,1,0,0,0,0,1,0,0,1,0,0,1,0,0,0,1,0,0,0,0
KonIQ-10k IQA Database/512x384/9571610402.jpg,0,1,0,0,0,0,1,0,0,1,0,0,0,1,0,0,0,1,0,0
KonIQ-10k IQA Database/512x384/95721252.jpg,0,0,1,0,0,0,1,0,1,0,0,1,0,0,0,0,0,0,0,1
KonIQ-10k IQA Database/512x384/9572676975.jpg,0,0,0,0,1,1,0,0,0,1,0,1,0,0,0,1,0,0,0,0
KonIQ-10k IQA Database/512x384/9577991089.jpg,0,0,1,0,0,0,1,0,0,1,0,1,0,0,0,0,1,1,0,0
KonIQ-10k IQA Database/512x384/9581038288.jpg,1,0,0,0,0,1,0,0,0,1,0,0,1,0,0,0,0,1,0,0
KonIQ-10k IQA Database/512x384/9577464036.jpg,1,0,0,0,0,1,0,0,0,1,0,1,0,0,0,1,0,0,0,0
KonIQ-10k IQA Database/512x384/9581108826.jpg,1,0,0,0,0,1,0,0,1,0,0,0,1,0,0,1,0,0,0,0
KonIQ-10k IQA Database/512x384/9581336227.jpg,0,0,0,0,1,0,1,0,0,0,1,0,0,1,0,0,0,0,0,1
KonIQ-10k IQA Database/512x384/9578088583.jpg,1,0,0,0,0,1,0,0,1,0,0,0,1,0,0,0,0,1,0,0
KonIQ-10k IQA Database/512x384/9582086369.jpg,1,0,0,0,0,1,0,0,0,1,0,0,1,0,0,1,0,0,0,0
KonIQ-10k IQA Database/512x384/9582851453.jpg,0,1,0,0,0,0,1,0,0,0,1,0,0,1,0,0,0,1,0,0
KonIQ-10k IQA Database/512x384/9582874322.jpg,0,1,0,0,0,0,1,0,0,0,1,0,0,1,0,0,0,0,0,1
KonIQ-10k IQA Database/512x384/9583278733.jpg,0,0,0,0,1,1,0,0,0,1,0,1,0,0,0,1,1,0,1,0
KonIQ-10k IQA Database/512x384/9584563009.jpg,0,0,0,0,1,0,1,0,1,0,0,1,0,0,0,0,0,0,0,1
KonIQ-10k IQA Database/512x384/9583424619.jpg,0,0,0,0,1,0,1,0,0,1,0,1,0,0,0,0,0,0,0,1
KonIQ-10k IQA Database/512x384/9584749572.jpg,0,0,1,0,0,0,1,0,0,1,0,1,0,0,0,0,0,0,0,1
KonIQ-10k IQA Database/512x384/9585740831.jpg,0,0,0,0,1,1,0,0,0,1,0,1,0,0,0,0,0,0,0,1
KonIQ-10k IQA Database/512x384/9587142056.jpg,0,0,1,0,0,1,0,0,1,0,0,0,1,0,1,0,0,0,0,0
KonIQ-10k IQA Database/512x384/9587630414.jpg,0,0,0,0,1,1,0,0,1,0,0,1,0,0,1,0,0,0,0,0
KonIQ-10k IQA Database/512x384/9586652263.jpg,0,0,1,0,0,0,1,0,1,0,0,0,1,0,0,0,1,0,0,0
KonIQ-10k IQA Database/512x384/9590556429.jpg,0,0,1,0,0,0,1,0,0,1,0,1,0,0,0,0,0,0,0,1
KonIQ-10k IQA Database/512x384/9589321595.jpg,0,0,0,0,1,1,0,0,0,1,0,1,0,0,1,0,0,0,1,0
KonIQ-10k IQA Database/512x384/9588413178.jpg,1,0,0,0,0,1,0,0,1,0,0,1,0,0,1,1,1,0,0,0
KonIQ-10k IQA Database/512x384/9589470493.jpg,1,0,0,0,0,1,0,0,0,0,1,0,0,1,0,0,0,1,0,0
KonIQ-10k IQA Database/512x384/9593149678.jpg,0,1,0,0,0,1,0,0,0,1,0,1,0,0,0,0,1,0,0,0
KonIQ-10k IQA Database/512x384/9590947426.jpg,0,1,0,0,0,1,0,0,0,1,0,1,0,0,0,1,0,0,0,0
KonIQ-10k IQA Database/512x384/9592992525.jpg,1,0,0,0,0,1,0,0,0,1,0,1,0,0,0,0,0,0,0,1
KonIQ-10k IQA Database/512x384/9594906572.jpg,1,0,0,0,0,1,0,0,1,0,0,0,1,0,1,1,1,0,0,0
KonIQ-10k IQA Database/512x384/9596892460.jpg,1,0,0,0,0,1,0,0,0,1,0,0,1,0,1,1,0,0,0,0
KonIQ-10k IQA Database/512x384/9602489525.jpg,0,0,1,0,0,0,1,0,0,1,0,0,1,0,0,0,1,0,0,0
KonIQ-10k IQA Database/512x384/9600932470.jpg,0,0,0,0,1,1,0,0,1,0,0,0,0,1,1,0,1,0,0,0
KonIQ-10k IQA Database/512x384/9597188417.jpg,0,0,1,0,0,0,1,0,0,1,0,1,0,0,0,0,0,0,0,1
KonIQ-10k IQA Database/512x384/9602714230.jpg,0,0,0,0,1,1,0,0,1,0,0,1,0,0,0,0,0,0,0,1
KonIQ-10k IQA Database/512x384/9604185976.jpg,0,1,0,0,0,1,0,0,1,0,0,0,1,0,0,0,1,0,0,0
KonIQ-10k IQA Database/512x384/9602922316.jpg,0,0,0,0,1,1,0,0,1,0,0,0,1,0,0,0,1,1,0,0
KonIQ-10k IQA Database/512x384/9605303857.jpg,0,0,0,0,1,1,0,0,1,0,0,0,1,0,0,0,1,1,0,0
KonIQ-10k IQA Database/512x384/9606775848.jpg,0,0,0,0,1,0,1,0,0,0,1,0,0,1,0,0,0,0,0,1
KonIQ-10k IQA Database/512x384/9607964223.jpg,0,0,0,0,1,1,0,0,1,0,0,0,1,0,1,0,0,0,0,0
KonIQ-10k IQA Database/512x384/9606718162.jpg,0,0,1,0,0,0,1,0,1,0,0,0,1,0,0,0,1,1,0,0
KonIQ-10k IQA Database/512x384/9605307671.jpg,0,0,0,0,1,1,0,0,1,0,0,0,1,0,0,0,1,1,0,0
KonIQ-10k IQA Database/512x384/9613563930.jpg,1,0,0,0,0,1,0,0,1,0,0,0,1,0,0,0,0,1,0,0
KonIQ-10k IQA Database/512x384/9609818482.jpg,0,0,1,0,0,0,1,0,1,0,0,1,0,0,0,0,1,0,0,0
KonIQ-10k IQA Database/512x384/9613807416.jpg,0,0,1,0,0,0,1,0,1,0,0,1,0,0,0,0,0,0,0,1
KonIQ-10k IQA Database/512x384/9615940305.jpg,0,0,0,0,1,1,0,0,1,0,0,0,1,0,1,0,0,0,0,0
KonIQ-10k IQA Database/512x384/9618300510.jpg,0,0,1,0,0,0,1,0,0,1,0,0,1,0,0,0,0,0,0,1
KonIQ-10k IQA Database/512x384/9615457112.jpg,0,0,0,0,1,1,0,0,0,1,0,1,0,0,0,1,0,0,0,0
KonIQ-10k IQA Database/512x384/9618688199.jpg,0,0,0,0,1,1,0,0,0,0,1,0,0,1,0,0,0,0,1,0
KonIQ-10k IQA Database/512x384/9618361879.jpg,0,0,1,0,0,1,0,0,1,0,0,0,1,0,0,0,0,0,0,1
KonIQ-10k IQA Database/512x384/9618367899.jpg,0,0,1,0,0,1,0,0,1,0,0,0,1,0,0,1,0,0,1,0
KonIQ-10k IQA Database/512x384/9619949433.jpg,0,1,0,0,0,1,0,0,1,0,0,1,0,0,1,0,0,0,0,0
KonIQ-10k IQA Database/512x384/9625551668.jpg,1,0,0,0,0,1,0,0,0,1,0,0,1,0,0,1,0,0,0,0
KonIQ-10k IQA Database/512x384/9623701556.jpg,0,1,0,0,0,0,1,0,0,1,0,0,0,1,1,0,0,1,0,0
KonIQ-10k IQA Database/512x384/9625138420.jpg,1,0,0,0,0,1,0,0,0,1,0,0,1,0,0,1,0,1,0,0
KonIQ-10k IQA Database/512x384/9629455923.jpg,0,0,0,0,1,1,0,0,1,0,0,0,1,0,1,1,0,0,0,0
KonIQ-10k IQA Database/512x384/9630325643.jpg,0,0,0,1,0,0,0,0,1,0,0,1,0,0,0,0,1,0,0,0
KonIQ-10k IQA Database/512x384/9632208628.jpg,0,0,1,0,0,0,0,1,0,1,0,0,1,0,0,0,1,0,0,0
KonIQ-10k IQA Database/512x384/9630240273.jpg,0,0,0,0,1,1,0,0,1,0,0,1,0,0,0,0,0,0,0,1
KonIQ-10k IQA Database/512x384/9629668489.jpg,0,1,0,0,0,1,0,0,1,0,0,0,1,0,0,1,0,1,0,0
KonIQ-10k IQA Database/512x384/9633489441.jpg,0,1,0,0,0,1,0,0,0,1,0,0,1,0,1,0,1,0,0,0
KonIQ-10k IQA Database/512x384/9634215065.jpg,0,0,1,0,0,1,0,0,1,0,0,1,0,0,0,0,1,0,0,0
KonIQ-10k IQA Database/512x384/9638117839.jpg,0,0,0,0,1,1,0,0,1,0,0,0,0,1,1,0,0,0,0,0
KonIQ-10k IQA Database/512x384/9642249347.jpg,0,0,0,0,1,0,1,0,1,0,0,1,0,0,0,0,0,0,0,1
KonIQ-10k IQA Database/512x384/9639418449.jpg,0,0,1,0,0,1,0,0,1,0,0,1,0,0,0,0,0,0,1,0
KonIQ-10k IQA Database/512x384/9641836616.jpg,1,0,0,0,0,1,0,0,1,0,0,1,0,0,0,1,0,0,0,0
KonIQ-10k IQA Database/512x384/9642986357.jpg,0,0,1,0,0,0,1,0,0,1,0,1,0,0,0,0,0,1,0,0
KonIQ-10k IQA Database/512x384/9646156379.jpg,0,1,0,0,0,1,0,0,1,0,0,1,0,0,1,0,0,0,1,0
KonIQ-10k IQA Database/512x384/9642841042.jpg,0,0,0,0,1,1,0,0,0,1,0,0,1,0,0,1,0,0,0,0
KonIQ-10k IQA Database/512x384/9648549075.jpg,0,0,0,0,1,1,0,0,1,0,0,0,1,0,1,0,0,0,0,0
KonIQ-10k IQA Database/512x384/9646776074.jpg,0,0,0,0,1,0,1,0,1,0,0,1,0,0,0,0,0,0,0,1
KonIQ-10k IQA Database/512x384/9650165015.jpg,0,0,1,0,0,0,1,0,0,1,0,1,0,0,0,0,0,0,0,1
KonIQ-10k IQA Database/512x384/9642860901.jpg,1,0,0,0,0,1,0,0,1,0,0,0,0,1,1,0,0,1,1,0
KonIQ-10k IQA Database/512x384/9650999310.jpg,1,0,0,0,0,0,1,0,0,0,1,0,0,1,1,1,0,0,0,0
KonIQ-10k IQA Database/512x384/9648319367.jpg,1,0,0,0,0,1,0,0,1,0,0,0,1,0,1,0,1,1,1,0
KonIQ-10k IQA Database/512x384/9651547204.jpg,0,0,1,0,0,0,1,0,0,1,0,1,0,0,0,0,0,0,0,1
KonIQ-10k IQA Database/512x384/9653701546.jpg,0,0,0,0,1,1,0,0,1,0,0,0,1,0,1,0,0,0,0,0
KonIQ-10k IQA Database/512x384/9652506914.jpg,0,0,0,0,1,0,0,0,0,1,0,1,0,0,0,0,0,0,0,1
KonIQ-10k IQA Database/512x384/9654393465.jpg,0,1,0,0,0,1,0,0,1,0,0,0,1,0,1,0,0,0,0,0
KonIQ-10k IQA Database/512x384/9654462771.jpg,0,0,0,1,0,1,0,0,0,1,0,1,0,0,0,1,0,0,0,0
KonIQ-10k IQA Database/512x384/9654367147.jpg,0,1,0,0,0,1,0,0,1,0,0,1,0,0,0,0,1,0,0,0
KonIQ-10k IQA Database/512x384/9653610008.jpg,0,0,0,1,0,1,0,0,1,0,0,1,0,0,0,0,1,0,0,0
KonIQ-10k IQA Database/512x384/9655773082.jpg,1,0,0,0,0,1,0,0,0,1,0,0,1,0,0,0,0,1,0,0
KonIQ-10k IQA Database/512x384/9656195199.jpg,1,0,0,0,0,1,0,0,1,0,0,1,0,0,0,1,0,0,0,0
KonIQ-10k IQA Database/512x384/9657273121.jpg,0,0,0,1,0,1,0,0,0,1,0,0,1,0,0,1,1,0,0,0
KonIQ-10k IQA Database/512x384/9657450632.jpg,0,0,1,0,0,0,1,0,1,0,0,1,0,0,0,0,0,0,0,1
KonIQ-10k IQA Database/512x384/9657096738.jpg,1,0,0,0,0,0,1,0,1,0,0,1,0,0,0,1,0,0,0,0
KonIQ-10k IQA Database/512x384/965852463.jpg,0,0,1,0,0,0,1,0,0,0,1,0,1,0,0,0,0,0,0,1
KonIQ-10k IQA Database/512x384/9657756963.jpg,1,0,0,0,0,1,0,0,0,1,0,1,0,0,0,1,0,0,0,0
KonIQ-10k IQA Database/512x384/9657446583.jpg,1,0,0,0,0,1,0,0,0,1,0,1,0,0,1,1,0,0,0,0
KonIQ-10k IQA Database/512x384/9658774813.jpg,1,0,0,0,0,1,0,0,1,0,0,0,0,1,0,0,0,0,1,0
KonIQ-10k IQA Database/512x384/96655810.jpg,1,0,0,0,0,1,0,0,1,0,0,0,0,1,1,0,0,0,1,0
KonIQ-10k IQA Database/512x384/9660068454.jpg,0,0,1,0,0,0,1,0,0,0,1,1,0,0,0,0,0,0,0,1
KonIQ-10k IQA Database/512x384/9665864657.jpg,0,0,0,0,1,1,0,0,0,1,0,0,0,1,1,0,0,0,0,0
KonIQ-10k IQA Database/512x384/9665243526.jpg,1,0,0,0,0,1,0,0,0,1,0,0,1,0,0,1,0,0,0,0
KonIQ-10k IQA Database/512x384/9669015372.jpg,0,0,0,0,1,1,0,0,0,1,0,0,0,1,1,0,0,0,0,0
KonIQ-10k IQA Database/512x384/9659355544.jpg,0,0,0,0,1,0,1,0,0,1,0,0,0,1,0,1,1,0,0,0
KonIQ-10k IQA Database/512x384/9668766101.jpg,0,0,0,0,1,0,1,0,0,0,1,0,0,1,0,1,0,0,0,0
KonIQ-10k IQA Database/512x384/9669000594.jpg,0,0,1,0,0,0,1,0,0,1,0,1,0,0,0,0,0,0,0,1
KonIQ-10k IQA Database/512x384/9669417942.jpg,0,0,0,0,1,1,0,0,0,0,1,0,1,0,0,0,0,1,1,0
KonIQ-10k IQA Database/512x384/9670754375.jpg,0,0,0,0,1,0,1,0,1,0,0,1,0,0,0,0,0,0,0,1
KonIQ-10k IQA Database/512x384/9673401997.jpg,0,0,0,0,1,0,0,0,0,0,1,0,0,1,0,0,0,0,0,1
KonIQ-10k IQA Database/512x384/9674243129.jpg,0,0,1,0,0,0,1,0,0,1,0,1,0,0,0,0,0,0,0,1
KonIQ-10k IQA Database/512x384/967548785.jpg,0,0,1,0,0,0,1,0,0,0,1,1,0,0,0,0,1,0,0,0
KonIQ-10k IQA Database/512x384/9677256773.jpg,0,0,1,0,0,0,1,0,0,0,1,0,1,0,0,0,1,0,0,0
KonIQ-10k IQA Database/512x384/9677255399.jpg,0,0,1,0,0,0,1,0,0,0,1,0,1,0,0,0,1,0,0,0
KonIQ-10k IQA Database/512x384/9678381010.jpg,0,0,1,0,0,0,1,0,0,0,1,0,1,0,0,0,0,0,0,1
KonIQ-10k IQA Database/512x384/9677297702.jpg,1,0,0,0,0,1,0,0,0,1,0,1,0,0,0,1,0,0,0,0
KonIQ-10k IQA Database/512x384/9678787326.jpg,0,0,0,0,1,0,0,0,0,1,0,1,0,0,0,0,0,0,0,1
KonIQ-10k IQA Database/512x384/9671600986.jpg,1,0,0,0,0,1,0,0,0,0,1,0,1,0,0,1,0,0,0,0
KonIQ-10k IQA Database/512x384/9680493700.jpg,0,0,1,0,0,0,1,0,0,0,1,0,1,0,0,0,1,0,0,0
KonIQ-10k IQA Database/512x384/9686480737.jpg,1,0,0,0,0,1,0,0,0,1,0,0,0,1,0,0,0,1,0,0
KonIQ-10k IQA Database/512x384/9684211981.jpg,1,0,0,0,0,1,0,0,1,0,0,1,0,0,0,1,0,0,0,0
KonIQ-10k IQA Database/512x384/9681377633.jpg,1,0,0,0,0,1,0,0,1,0,0,0,0,1,0,0,0,0,1,0
KonIQ-10k IQA Database/512x384/9687081006.jpg,0,0,1,0,0,0,1,0,0,1,0,1,0,0,0,0,1,0,0,0
KonIQ-10k IQA Database/512x384/9683345746.jpg,1,0,0,0,0,1,0,0,0,1,0,0,1,0,0,0,0,1,0,0
KonIQ-10k IQA Database/512x384/9685106937.jpg,0,0,1,0,0,1,0,0,0,1,0,1,0,0,0,1,0,0,0,0
KonIQ-10k IQA Database/512x384/9686337427.jpg,1,0,0,0,0,0,0,0,0,0,1,1,0,0,0,0,0,1,0,0
KonIQ-10k IQA Database/512x384/9687603044.jpg,0,0,1,0,0,0,0,1,0,1,0,0,1,0,0,0,1,0,0,0
KonIQ-10k IQA Database/512x384/9692018769.jpg,0,0,1,0,0,0,1,0,0,1,0,0,1,0,0,0,1,0,0,0
KonIQ-10k IQA Database/512x384/9694060266.jpg,0,0,0,0,1,1,0,0,1,0,0,0,0,1,1,0,0,0,0,0
KonIQ-10k IQA Database/512x384/9687869732.jpg,0,0,1,0,0,0,1,0,0,1,0,1,0,0,0,0,0,0,0,1
KonIQ-10k IQA Database/512x384/9690359369.jpg,0,0,1,0,0,0,1,0,0,0,1,0,1,0,0,0,1,0,0,0
KonIQ-10k IQA Database/512x384/9689861322.jpg,0,0,1,0,0,0,1,0,0,1,0,1,0,0,0,0,0,0,1,0
KonIQ-10k IQA Database/512x384/9692544079.jpg,0,0,1,0,0,0,1,0,0,0,1,0,0,1,0,0,1,0,0,0
KonIQ-10k IQA Database/512x384/9688720350.jpg,0,0,1,0,0,0,1,0,0,1,0,1,0,0,0,0,1,0,0,0
KonIQ-10k IQA Database/512x384/9694884270.jpg,1,0,0,0,0,1,0,0,0,0,1,0,0,1,0,0,0,0,0,1
KonIQ-10k IQA Database/512x384/9695487597.jpg,0,0,0,0,1,1,0,0,1,0,0,0,0,1,1,0,0,0,0,0
KonIQ-10k IQA Database/512x384/9695883869.jpg,0,0,0,0,1,1,0,0,1,0,0,1,0,0,0,1,0,0,0,0
KonIQ-10k IQA Database/512x384/9699196303.jpg,0,0,0,0,1,0,1,0,1,0,0,1,0,0,1,1,0,0,0,0
KonIQ-10k IQA Database/512x384/9701303901.jpg,0,0,1,0,0,0,1,0,0,1,0,1,0,0,0,0,0,0,0,1
KonIQ-10k IQA Database/512x384/9700041426.jpg,0,0,0,0,1,1,0,0,1,0,0,1,0,0,0,1,0,0,0,0
KonIQ-10k IQA Database/512x384/9700460977.jpg,1,0,0,0,0,1,0,0,1,0,0,1,0,0,0,0,0,0,0,1
KonIQ-10k IQA Database/512x384/9702019166.jpg,0,0,1,0,0,0,1,0,0,0,1,0,1,0,0,0,0,0,0,1
KonIQ-10k IQA Database/512x384/9703418771.jpg,0,1,0,0,0,0,1,0,0,0,1,0,0,1,0,0,0,0,0,1
KonIQ-10k IQA Database/512x384/9702746204.jpg,0,0,0,0,1,0,1,0,0,1,0,0,1,0,0,1,1,0,0,0
KonIQ-10k IQA Database/512x384/9707926050.jpg,1,0,0,0,0,1,0,0,0,1,0,1,0,0,0,1,0,0,0,0
KonIQ-10k IQA Database/512x384/9707913077.jpg,0,0,0,0,1,1,0,0,1,0,0,1,0,0,0,1,0,0,0,0
KonIQ-10k IQA Database/512x384/9708878805.jpg,1,0,0,0,0,1,0,0,0,1,0,0,0,1,0,1,0,0,0,0
KonIQ-10k IQA Database/512x384/970460687.jpg,0,0,1,0,0,0,1,0,0,1,0,1,0,0,0,0,0,0,0,1
KonIQ-10k IQA Database/512x384/9702908989.jpg,0,0,0,0,1,1,0,0,1,0,0,0,1,0,1,1,0,0,1,0
KonIQ-10k IQA Database/512x384/9709188366.jpg,0,0,1,0,0,0,1,0,0,1,0,1,0,0,0,0,0,0,0,1
KonIQ-10k IQA Database/512x384/9710823281.jpg,0,0,0,0,1,0,1,0,0,0,1,0,0,1,0,0,0,0,0,1
KonIQ-10k IQA Database/512x384/9710495757.jpg,0,0,0,0,1,1,0,0,1,0,0,1,0,0,0,1,0,0,0,0
KonIQ-10k IQA Database/512x384/9712191760.jpg,0,0,0,0,1,1,0,0,1,0,0,1,0,0,1,0,0,0,1,0
KonIQ-10k IQA Database/512x384/9712051180.jpg,0,0,0,0,1,1,0,0,1,0,0,0,1,0,0,1,1,0,0,0
KonIQ-10k IQA Database/512x384/9713017105.jpg,0,0,0,1,0,1,0,0,1,0,0,1,0,0,0,0,1,0,0,0
KonIQ-10k IQA Database/512x384/9714595106.jpg,0,0,1,0,0,0,1,0,1,0,0,0,1,0,0,0,1,0,0,0
KonIQ-10k IQA Database/512x384/9716659455.jpg,0,1,0,0,0,1,0,0,0,1,0,1,0,0,0,0,1,0,0,0
KonIQ-10k IQA Database/512x384/9712984770.jpg,0,1,0,0,0,1,0,0,0,1,0,0,1,0,0,0,0,0,0,1
KonIQ-10k IQA Database/512x384/9716988368.jpg,0,0,1,0,0,0,1,0,0,1,0,1,0,0,0,0,1,0,0,0
KonIQ-10k IQA Database/512x384/9720517445.jpg,0,1,0,0,0,1,0,0,0,1,0,1,0,0,0,0,0,0,0,1
KonIQ-10k IQA Database/512x384/9719700871.jpg,0,0,1,0,0,0,1,0,1,0,0,1,0,0,0,0,0,0,1,0
KonIQ-10k IQA Database/512x384/9719721958.jpg,1,0,0,0,0,1,0,0,1,0,0,0,1,0,1,1,1,0,0,0
KonIQ-10k IQA Database/512x384/9723327327.jpg,1,0,0,0,0,1,0,0,1,0,0,0,0,1,1,0,0,0,0,0
KonIQ-10k IQA Database/512x384/9723956053.jpg,0,0,1,0,0,0,1,0,0,1,0,1,0,0,0,0,0,0,0,1
KonIQ-10k IQA Database/512x384/9723836931.jpg,1,0,0,0,0,1,0,0,1,0,0,0,1,0,1,1,0,0,0,0
KonIQ-10k IQA Database/512x384/9722821291.jpg,0,0,1,0,0,0,1,0,0,0,1,0,1,0,0,0,1,0,0,0
KonIQ-10k IQA Database/512x384/9724373732.jpg,0,1,0,0,0,1,0,0,1,0,0,0,1,0,0,0,1,0,0,0
KonIQ-10k IQA Database/512x384/9726620129.jpg,0,0,1,0,0,0,1,0,0,1,0,1,0,0,0,0,0,0,0,1
KonIQ-10k IQA Database/512x384/9724107986.jpg,0,0,0,0,1,0,1,0,1,0,0,1,0,0,0,0,0,0,0,1
KonIQ-10k IQA Database/512x384/9727569377.jpg,0,0,0,0,1,1,0,0,1,0,0,0,1,0,1,0,0,0,0,0
KonIQ-10k IQA Database/512x384/9725681826.jpg,0,1,0,0,0,1,0,0,1,0,0,1,0,0,1,1,0,0,0,0
KonIQ-10k IQA Database/512x384/9730872137.jpg,0,0,1,0,0,0,1,0,0,0,1,1,0,0,0,0,0,0,0,1
KonIQ-10k IQA Database/512x384/9731493509.jpg,0,0,1,0,0,0,1,0,0,0,1,0,1,0,0,0,0,1,0,0
KonIQ-10k IQA Database/512x384/9727736297.jpg,0,1,0,0,0,1,0,0,0,1,0,0,1,0,0,0,1,0,0,0
KonIQ-10k IQA Database/512x384/9733980007.jpg,0,0,1,0,0,0,1,0,0,0,1,0,0,1,0,0,1,0,0,0
KonIQ-10k IQA Database/512x384/9732569997.jpg,0,0,1,0,0,0,1,0,0,1,0,1,0,0,0,0,1,0,0,0
KonIQ-10k IQA Database/512x384/9737673243.jpg,0,0,1,0,0,0,1,0,0,0,1,0,1,0,0,0,0,0,0,1
KonIQ-10k IQA Database/512x384/9740171796.jpg,1,0,0,0,0,1,0,0,0,1,0,1,0,0,0,1,0,0,0,0
KonIQ-10k IQA Database/512x384/9741202505.jpg,0,0,1,0,0,0,1,0,0,0,1,1,0,0,0,0,0,0,0,1
KonIQ-10k IQA Database/512x384/9743636678.jpg,0,0,0,0,1,0,1,0,0,0,1,1,0,0,0,0,0,0,0,1
KonIQ-10k IQA Database/512x384/9737356732.jpg,0,0,0,1,0,1,0,0,1,0,0,1,0,0,0,0,1,1,0,0
KonIQ-10k IQA Database/512x384/9742193422.jpg,0,1,0,0,0,1,0,0,0,1,0,1,0,0,0,0,0,0,0,1
KonIQ-10k IQA Database/512x384/9753718946.jpg,0,1,0,0,0,1,0,0,1,0,0,0,1,0,1,0,0,0,0,0
KonIQ-10k IQA Database/512x384/9758297555.jpg,1,0,0,0,0,0,0,0,0,0,1,1,0,0,0,0,0,0,0,1
KonIQ-10k IQA Database/512x384/9762345346.jpg,0,0,0,0,1,0,1,0,0,1,0,1,0,0,0,0,0,0,0,1
KonIQ-10k IQA Database/512x384/9754442293.jpg,1,0,0,0,0,1,0,0,1,0,0,0,0,1,1,1,0,0,0,0
KonIQ-10k IQA Database/512x384/9760551223.jpg,0,0,1,0,0,0,1,0,1,0,0,0,1,0,0,0,1,0,0,0
KonIQ-10k IQA Database/512x384/9759154326.jpg,0,0,0,0,1,1,0,0,1,0,0,0,0,1,1,0,0,0,1,0
KonIQ-10k IQA Database/512x384/9762410596.jpg,0,0,0,0,1,1,0,0,0,1,0,1,0,0,0,1,0,0,0,0
KonIQ-10k IQA Database/512x384/9763431522.jpg,0,0,1,0,0,0,1,0,1,0,0,0,1,0,0,0,0,0,0,1
KonIQ-10k IQA Database/512x384/9765112254.jpg,0,0,1,0,0,0,1,0,0,0,1,1,0,0,0,0,0,0,0,1
KonIQ-10k IQA Database/512x384/9766865862.jpg,0,0,1,0,0,0,1,0,0,0,1,1,0,0,0,0,0,0,1,0
KonIQ-10k IQA Database/512x384/9766930762.jpg,0,0,1,0,0,0,1,0,0,0,1,1,0,0,0,0,0,0,0,1
KonIQ-10k IQA Database/512x384/9767151984.jpg,0,1,0,0,0,0,1,0,0,0,1,1,0,0,0,0,0,0,0,1
KonIQ-10k IQA Database/512x384/9767747482.jpg,1,0,0,0,0,1,0,0,0,1,0,1,0,0,0,1,0,0,0,0
KonIQ-10k IQA Database/512x384/9768629394.jpg,0,0,0,0,1,1,0,0,0,1,0,0,0,1,1,0,0,0,0,0
KonIQ-10k IQA Database/512x384/976846781.jpg,0,0,0,0,1,1,0,0,1,0,0,1,0,0,0,1,0,0,0,0
KonIQ-10k IQA Database/512x384/9768559232.jpg,0,0,0,0,1,1,0,0,0,1,0,1,0,0,0,0,0,0,0,1
KonIQ-10k IQA Database/512x384/9768426856.jpg,0,0,1,0,0,0,1,0,0,0,1,0,1,0,0,0,0,1,0,0
KonIQ-10k IQA Database/512x384/9767373513.jpg,0,0,0,0,1,0,1,0,1,0,0,0,0,1,0,1,1,0,0,0
KonIQ-10k IQA Database/512x384/9769299262.jpg,0,0,0,0,1,1,0,0,0,1,0,0,1,0,1,1,0,0,0,0
KonIQ-10k IQA Database/512x384/9772275331.jpg,0,0,1,0,0,0,1,0,1,0,0,1,0,0,0,0,0,0,1,0
KonIQ-10k IQA Database/512x384/9770742411.jpg,1,0,0,0,0,1,0,0,1,0,0,1,0,0,0,1,0,0,0,0
KonIQ-10k IQA Database/512x384/9768810935.jpg,0,1,0,0,0,1,0,0,0,1,0,1,0,0,1,1,1,0,0,0
KonIQ-10k IQA Database/512x384/9774901765.jpg,1,0,0,0,0,0,0,0,0,0,1,1,0,0,0,0,0,0,0,1
KonIQ-10k IQA Database/512x384/9777290841.jpg,1,0,0,0,0,1,0,0,0,1,0,1,0,0,0,1,0,0,0,0
KonIQ-10k IQA Database/512x384/9784161203.jpg,0,0,0,0,1,0,1,0,0,0,1,1,0,0,0,0,0,0,0,1
KonIQ-10k IQA Database/512x384/9780398791.jpg,0,1,0,0,0,1,0,0,1,0,0,1,0,0,0,1,0,0,0,0
KonIQ-10k IQA Database/512x384/9784668705.jpg,1,0,0,0,0,1,0,0,1,0,0,0,1,0,0,1,0,0,0,0
KonIQ-10k IQA Database/512x384/9788787724.jpg,0,0,1,0,0,0,1,0,0,1,0,1,0,0,0,0,1,0,0,0
KonIQ-10k IQA Database/512x384/9795395745.jpg,1,0,0,0,0,1,0,0,0,0,1,1,0,0,1,0,0,0,0,0
KonIQ-10k IQA Database/512x384/9795259723.jpg,0,0,0,0,1,0,0,0,0,1,0,1,0,0,0,0,0,0,0,1
KonIQ-10k IQA Database/512x384/9802094923.jpg,0,1,0,0,0,0,1,0,0,0,1,0,0,1,0,0,0,0,0,1
KonIQ-10k IQA Database/512x384/97984449.jpg,0,0,1,0,0,0,1,0,0,0,1,0,1,0,0,0,1,0,0,0
KonIQ-10k IQA Database/512x384/9805144264.jpg,0,0,1,0,0,0,1,0,0,1,0,1,0,0,0,0,0,0,0,1
KonIQ-10k IQA Database/512x384/9808126155.jpg,0,0,1,0,0,0,1,0,0,0,1,1,0,0,0,0,1,0,0,0
KonIQ-10k IQA Database/512x384/9806684784.jpg,1,0,0,0,0,1,0,0,0,1,0,0,0,1,1,1,0,0,0,0
KonIQ-10k IQA Database/512x384/9814999.jpg,1,0,0,0,0,1,0,0,0,1,0,1,0,0,0,0,0,1,0,0
KonIQ-10k IQA Database/512x384/9819586584.jpg,0,0,1,0,0,1,0,0,1,0,0,0,1,0,0,0,1,0,1,0
KonIQ-10k IQA Database/512x384/9813135.jpg,1,0,0,0,0,1,0,0,0,1,0,1,0,0,0,0,0,1,0,0
KonIQ-10k IQA Database/512x384/9822906336.jpg,1,0,0,0,0,0,1,0,0,0,1,1,0,0,0,0,0,0,0,1
KonIQ-10k IQA Database/512x384/9822554264.jpg,0,0,1,0,0,0,1,0,0,0,1,1,0,0,0,0,1,0,0,0
KonIQ-10k IQA Database/512x384/9822707366.jpg,0,0,0,0,1,0,1,0,1,0,0,0,1,0,0,0,0,0,0,1
KonIQ-10k IQA Database/512x384/9821930934.jpg,0,0,0,0,1,1,0,0,1,0,0,0,1,0,0,0,1,0,0,0
KonIQ-10k IQA Database/512x384/9823108104.jpg,0,0,0,0,1,1,0,0,1,0,0,1,0,0,0,0,1,0,0,0
KonIQ-10k IQA Database/512x384/9823089054.jpg,0,0,1,0,0,0,1,0,0,0,1,1,0,0,0,0,1,0,0,0
KonIQ-10k IQA Database/512x384/9826425224.jpg,0,0,1,0,0,0,1,0,1,0,0,1,0,0,0,0,0,0,0,1
KonIQ-10k IQA Database/512x384/9829643193.jpg,0,1,0,0,0,1,0,0,0,1,0,1,0,0,0,0,0,0,0,1
KonIQ-10k IQA Database/512x384/9834223025.jpg,0,0,0,0,1,1,0,0,1,0,0,0,1,0,0,0,1,1,0,0
KonIQ-10k IQA Database/512x384/9823593036.jpg,0,0,0,0,1,1,0,0,0,1,0,0,0,1,0,0,0,0,1,0
KonIQ-10k IQA Database/512x384/9831633846.jpg,0,0,1,0,0,0,1,0,0,1,0,1,0,0,0,0,0,0,1,0
KonIQ-10k IQA Database/512x384/9835851375.jpg,0,0,1,0,0,0,1,0,0,1,0,1,0,0,0,1,0,0,0,0
KonIQ-10k IQA Database/512x384/9842476936.jpg,0,1,0,0,0,0,1,0,0,0,1,0,1,0,0,1,0,0,0,0
KonIQ-10k IQA Database/512x384/9842027236.jpg,0,1,0,0,0,1,0,0,0,1,0,1,0,0,0,0,0,0,0,1
KonIQ-10k IQA Database/512x384/9844170304.jpg,1,0,0,0,0,1,0,0,0,1,0,0,0,1,1,1,0,0,1,0
KonIQ-10k IQA Database/512x384/9849484955.jpg,0,0,1,0,0,0,1,0,0,0,1,1,0,0,0,0,1,0,0,0
KonIQ-10k IQA Database/512x384/9843144115.jpg,0,0,1,0,0,0,1,0,1,0,0,1,0,0,0,1,0,0,0,0
KonIQ-10k IQA Database/512x384/9847211516.jpg,0,0,1,0,0,0,1,0,0,1,0,1,0,0,0,0,1,0,0,0
KonIQ-10k IQA Database/512x384/9859562873.jpg,0,0,1,0,0,0,1,0,0,1,0,1,0,0,0,0,1,0,0,0
KonIQ-10k IQA Database/512x384/9866104216.jpg,0,1,0,0,0,1,0,0,0,1,0,0,1,0,0,0,1,0,0,0
KonIQ-10k IQA Database/512x384/9873105273.jpg,0,0,1,0,0,0,1,0,0,0,1,1,0,0,0,0,0,0,0,1
KonIQ-10k IQA Database/512x384/9866692876.jpg,0,1,0,0,0,1,0,0,0,1,0,0,1,0,0,1,1,0,0,0
KonIQ-10k IQA Database/512x384/9876829794.jpg,0,0,0,0,1,1,0,0,0,1,0,0,1,0,0,1,0,0,0,0
KonIQ-10k IQA Database/512x384/9877013785.jpg,0,0,0,0,1,1,0,0,1,0,0,1,0,0,1,0,0,0,0,0
KonIQ-10k IQA Database/512x384/9877078626.jpg,1,0,0,0,0,1,0,0,0,1,0,1,0,0,0,1,0,0,0,0
KonIQ-10k IQA Database/512x384/9884831806.jpg,0,0,1,0,0,0,1,0,0,1,0,1,0,0,0,0,1,0,0,0
KonIQ-10k IQA Database/512x384/9884648494.jpg,0,1,0,0,0,1,0,0,1,0,0,1,0,0,0,0,1,0,0,0
KonIQ-10k IQA Database/512x384/9878706283.jpg,1,0,0,0,0,0,1,0,0,0,1,0,1,0,0,1,0,0,0,0
KonIQ-10k IQA Database/512x384/9898091624.jpg,0,0,1,0,0,0,1,0,0,1,0,0,1,0,0,0,0,1,0,0
KonIQ-10k IQA Database/512x384/9895608016.jpg,0,0,0,0,1,1,0,0,0,1,0,0,1,0,0,1,1,0,0,0
KonIQ-10k IQA Database/512x384/9895678845.jpg,0,0,0,0,1,1,0,0,0,1,0,0,1,0,0,1,0,0,0,0
KonIQ-10k IQA Database/512x384/9905676544.jpg,0,0,1,0,0,1,0,0,1,0,0,1,0,0,0,0,0,0,1,0
KonIQ-10k IQA Database/512x384/9905421695.jpg,0,1,0,0,0,0,1,0,0,0,1,0,1,0,0,1,0,0,0,0
KonIQ-10k IQA Database/512x384/9906667675.jpg,0,0,1,0,0,0,1,0,0,1,0,1,0,0,0,0,0,0,0,1
KonIQ-10k IQA Database/512x384/9910216783.jpg,0,0,0,0,1,1,0,0,1,0,0,0,1,0,1,0,0,0,0,0
KonIQ-10k IQA Database/512x384/9910043795.jpg,0,0,0,0,1,1,0,0,1,0,0,0,1,0,0,1,1,0,0,0
KonIQ-10k IQA Database/512x384/9915601385.jpg,0,0,1,0,0,0,1,0,0,0,1,1,0,0,0,0,1,0,0,0
KonIQ-10k IQA Database/512x384/9916890605.jpg,0,0,1,0,0,0,1,0,0,1,0,1,0,0,0,0,1,0,0,0
KonIQ-10k IQA Database/512x384/9919248523.jpg,0,1,0,0,0,1,0,0,0,1,0,1,0,0,0,0,0,0,1,0
KonIQ-10k IQA Database/512x384/9913105155.jpg,0,0,1,0,0,0,1,0,0,1,0,1,0,0,0,0,0,0,0,1
KonIQ-10k IQA Database/512x384/9923517944.jpg,0,0,1,0,0,0,1,0,0,1,0,1,0,0,0,0,1,0,0,0
KonIQ-10k IQA Database/512x384/9923882853.jpg,0,0,1,0,0,0,1,0,0,0,1,1,0,0,0,0,0,0,0,1
KonIQ-10k IQA Database/512x384/9923967865.jpg,1,0,0,0,0,1,0,0,1,0,0,0,0,1,1,1,0,1,0,0
KonIQ-10k IQA Database/512x384/9925803176.jpg,0,0,0,0,1,1,0,0,1,0,0,0,1,0,0,0,1,0,0,0
KonIQ-10k IQA Database/512x384/9927178013.jpg,0,0,1,0,0,0,1,0,0,1,0,1,0,0,0,0,1,0,0,0
KonIQ-10k IQA Database/512x384/992920521.jpg,0,0,0,0,1,1,0,0,1,0,0,1,0,0,0,1,0,0,0,0
KonIQ-10k IQA Database/512x384/9932883805.jpg,0,0,0,1,0,1,0,0,1,0,0,0,1,0,0,0,1,0,0,0
KonIQ-10k IQA Database/512x384/9933953566.jpg,0,0,0,0,1,1,0,0,1,0,0,1,0,0,1,1,0,1,1,0
KonIQ-10k IQA Database/512x384/9935149655.jpg,1,0,0,0,0,1,0,0,1,0,0,0,0,1,0,0,0,1,0,0
KonIQ-10k IQA Database/512x384/9934338535.jpg,0,0,0,0,1,1,0,0,1,0,0,0,1,0,0,1,1,0,0,0
KonIQ-10k IQA Database/512x384/99355212.jpg,1,0,0,0,0,1,0,0,1,0,0,0,1,0,0,0,0,0,1,0
KonIQ-10k IQA Database/512x384/9936084895.jpg,1,0,0,0,0,1,0,0,1,0,0,0,0,1,0,0,0,1,0,0
KonIQ-10k IQA Database/512x384/9935622.jpg,0,0,1,0,0,0,1,0,0,1,0,1,0,0,0,0,1,0,0,0
KonIQ-10k IQA Database/512x384/9941134286.jpg,0,0,1,0,0,0,1,0,0,1,0,1,0,0,0,1,0,0,0,0
KonIQ-10k IQA Database/512x384/9937341544.jpg,0,0,0,0,1,1,0,0,1,0,0,0,1,0,1,1,1,0,0,0
KonIQ-10k IQA Database/512x384/9945099433.jpg,0,0,1,0,0,0,1,0,0,0,1,1,0,0,0,1,0,0,0,0
KonIQ-10k IQA Database/512x384/9942195273.jpg,0,0,1,0,0,0,1,0,1,0,0,0,1,0,0,0,1,0,0,0
KonIQ-10k IQA Database/512x384/9942057643.jpg,0,0,1,0,0,0,1,0,1,0,0,0,1,0,0,0,1,0,0,0
KonIQ-10k IQA Database/512x384/9941646054.jpg,0,0,1,0,0,0,1,0,0,1,0,1,0,0,0,0,1,0,0,0
KonIQ-10k IQA Database/512x384/9947368873.jpg,0,0,1,0,0,0,1,0,0,1,0,1,0,0,0,0,0,0,1,0
KonIQ-10k IQA Database/512x384/9954707815.jpg,1,0,0,0,0,1,0,0,0,0,1,1,0,0,0,1,0,0,0,0
KonIQ-10k IQA Database/512x384/9961801436.jpg,0,1,0,0,0,0,1,0,0,0,1,0,1,0,0,0,0,0,0,1
KonIQ-10k IQA Database/512x384/9960023395.jpg,0,0,1,0,0,0,1,0,0,1,0,1,0,0,0,0,1,0,0,0
KonIQ-10k IQA Database/512x384/9967844514.jpg,0,0,1,0,0,0,0,1,0,1,0,1,0,0,0,0,1,0,0,0
KonIQ-10k IQA Database/512x384/9975733946.jpg,1,0,0,0,0,1,0,0,0,1,0,0,1,0,0,0,0,1,1,0
KonIQ-10k IQA Database/512x384/9962870083.jpg,0,1,0,0,0,0,0,1,0,1,0,1,0,0,0,0,1,0,0,0
KonIQ-10k IQA Database/512x384/9973079444.jpg,0,0,0,0,1,0,0,1,0,1,0,0,1,0,1,0,1,0,0,0
KonIQ-10k IQA Database/512x384/9977056676.jpg,0,0,0,0,1,0,1,0,0,0,1,0,1,0,1,0,1,0,0,0
KonIQ-10k IQA Database/512x384/9977191265.jpg,1,0,0,0,0,1,0,0,1,0,0,1,0,0,0,1,0,0,0,0
KonIQ-10k IQA Database/512x384/9978257554.jpg,0,0,1,0,0,0,1,0,0,1,0,1,0,0,0,0,0,0,0,1
KonIQ-10k IQA Database/512x384/9984535544.jpg,1,0,0,0,0,1,0,0,0,1,0,0,1,0,0,1,0,0,0,0
KonIQ-10k IQA Database/512x384/9991999836.jpg,0,0,0,1,0,0,1,0,1,0,0,1,0,0,0,0,1,0,0,0
KonIQ-10k IQA Database/512x384/9996001596.jpg,0,0,0,0,1,0,1,0,1,0,0,1,0,0,0,0,0,0,0,1
KonIQ-10k IQA Database/512x384/9991658304.jpg,0,0,0,0,1,1,0,0,1,0,0,1,0,0,0,1,0,0,0,0
KonIQ-10k IQA Database/512x384/9995874256.jpg,0,0,1,0,0,0,1,0,0,1,0,1,0,0,0,0,0,0,0,1
KonIQ-10k IQA Database/512x384/9994596295.jpg,0,1,0,0,0,1,0,0,1,0,0,0,1,0,1,1,1,0,0,0
KonIQ-10k IQA Database/512x384/99945962959.jpg,0,1,0,0,0,1,0,0,1,0,0,0,1,0,1,1,1,0,0,0
