quantity_level,quantity_evidence,clutter_level,clutter_evidence,image_name
low,"Only one visually distinguishable object is present: a human figure wearing a shirt, discernible by faint illumination on the torso and arms.;The head and hands are largely indistinct due to extreme darkness; no other separate objects or parts are reliably perceivable.;The background is uniformly black with no visible texture, edges, or additional elements.",low,"The single figure occupies a central region with ample surrounding black space, resulting in low spatial density.;No overlapping or interleaved elements are visible; the figure is isolated and not occluded by other objects.;There is only one perceptual focal region (the illuminated torso), with no competing visual elements to disrupt grouping.",IS1/co1/IS_I_C01_D01.jpg
low,"A single person is the dominant visual element;Two clearly distinguishable glasses on the table (one held, one to the right);One visible wristwatch on the left wrist;No other discrete objects are perceptually separable against the black background",low,"All objects are spatially well-separated: person centered, glasses positioned apart on the table surface;No occlusion or overlap between the person, glasses, or watch;Large areas of uniform black background provide ample negative space;Visual grouping is straightforward: figure + two foreground objects with clear boundaries",IS1/co1/IS_I_C01_D06.jpg
low,"Only one clearly discernible figure (a person) is visible, with minimal additional elements: a faint outline of a glass-like object on the left and possibly arms/hands, but these are not fully separable due to extreme low light.;The rest of the image is near-uniform blackness; no other distinct objects or parts can be reliably perceived as separate visual entities.",low,"The single figure occupies a central region with large surrounding empty (black) space, indicating low spatial density.;No overlapping or interleaved objects are observable; the few discernible elements are spatially isolated and not competing for attention.;Perceptual grouping is trivial—there is essentially one dominant visual entity with no internal fragmentation or occlusion that impedes separation.",IS1/co1/IS_I_C01_D04.jpg
low,"A single person (head, torso, arms) is the dominant visual entity;Two glasses on the table (one held, one placed);One wristwatch on the left wrist;The dark background contains no discernible objects or texture — it is uniformly black and thus contributes no additional visual elements",low,"All objects are spatially separated: the person occupies the central region, the two glasses are positioned to left and right with clear gaps between them and the body;No occlusion or overlap among the visible objects — the hands hold one glass without obscuring other elements;The black background provides ample negative space, reducing spatial density;Only three foreground objects (person, two glasses, watch counted as part of arm/hand) are present and easily perceptually grouped",IS1/co1/IS_I_C01_D03.jpg
low,The image contains a single person as the primary subject.;Two clear glass objects (glasses of liquid) are visible on the table.;One wristwatch on the left wrist is discernible.;No other distinct visual objects or parts are present; the background is uniformly black and lacks texture or features.,low,"All objects are spatially separated: the person is centered, the two glasses are placed to the left and right with clear gaps between them and the subject.;No occlusion or overlap occurs among the visible elements.;The black background provides ample negative space, enhancing separation of foreground elements.;At a glance, the scene can be parsed into three clearly distinguishable entities (person, left glass, right glass) plus one small accessory (watch), with no competing focal points.",IS1/co1/IS_I_C01_D02.jpg
low,"A single person (head, torso, arms) is the dominant visual entity.;Two clear glasses on the table are distinguishable as separate objects.;One wristwatch on the left wrist is visible as a distinct object.;The table surface is present but not segmented into multiple objects; it functions as a continuous support plane.;No other discrete, separable objects are visible against the black background.",low,"All objects are spatially well-separated: the person occupies the central region, the two glasses are placed apart on the table, and the watch is localized on one wrist.;There is no occlusion or overlap between any of the identifiable objects.;Large areas of empty (black) background provide strong separation and reduce spatial density.;At a glance, the scene can be parsed into three main components: person, left glass, right glass—with the watch as a minor附属 element—without perceptual competition.",IS1/co1/IS_I_C01_D08.jpg
low,"A single person is the dominant visual element;Two transparent glasses on the table (one held, one to the right);One wristwatch on the left wrist;The dark background lacks distinguishable objects or texture;No other clearly separable objects are visible",low,"All objects are spatially well-separated: person centered, glasses placed apart on the table;No occlusion or overlap between objects; arms rest cleanly on surface, glasses do not intersect with body or each other;Large areas of empty (dark) background provide strong separation;Only three foreground objects (person, two glasses, watch counted as part of person’s arm), all clearly delineated",IS1/co1/IS_I_C01_D05.jpg
low,"A single person is the dominant visual element;Two clearly distinguishable glasses on the table (one held, one to the right);One visible wristwatch on the left wrist;No other discrete objects are perceptually separable against the black background",low,"All objects are spatially well-separated: person centered, glasses positioned apart on the table surface;No occlusion or overlap between the person, glasses, or watch;Large areas of uniform black background provide ample negative space;Only three foreground object groups (person, left glass + hand, right glass), each clearly bounded and non-interleaved",IS1/co1/IS_I_C01_D09.jpg
low,Only one clearly distinguishable figure (a person) is visible.;A single glass held in the hands is the only other discernible object.;The background is uniformly dark with no separable elements or textures treated as objects.,low,"The person and the glass are spatially separated from each other and from the background.;No overlapping or interleaving of objects; the glass is held in front but remains visually distinct.;There is ample empty (dark) space surrounding the figure, facilitating easy perceptual segregation.",IS1/co1/IS_I_C01_D07.jpg
low,"A single person is the dominant visual element.;Two clearly distinguishable glasses on the table (one held, one resting).;One wristwatch visible on the left wrist.;The dark background contains no discernible objects or texture—only uniform blackness.;Total visually separable entities: person, two glasses, watch → ≤5 distinct objects.",low,"All objects are spatially well-separated: the person occupies the central region, glasses are placed on the table with clear gaps between them and the body.;No occlusion or overlap between objects; each object has unambiguous boundaries against the black background.;High negative space (black background) surrounds all elements, facilitating easy perceptual segregation.;Only one primary focal region (the person’s face), with secondary elements positioned peripherally and non-competing.",IS1/co1/IS_I_C01_D10.jpg
low,"A single person is the dominant visual element.;Two transparent glasses are clearly distinguishable on the table.;One wristwatch on the left arm is visible.;The shirt, though textured, forms a single cohesive object; no separate buttons or collar details are visually distinct enough to count as independent objects under coarse estimation.;No other discrete objects are present against the black background.",low,"All objects are spatially well-separated: the person occupies the central region, the two glasses are placed apart on the table, and the watch is localized on the wrist.;No occlusion or overlap between objects—each is fully visible and perceptually isolatable.;Large areas of empty (black) background provide strong separation, reducing spatial density.;Only one primary focal point (the person’s face/upper torso), with secondary elements clearly subordinate and non-competing.",IS1/co1/IS_I_C01_D11.jpg
low,A single person is the dominant visual element;Two clearly distinguishable glasses on the table;One visible wristwatch on the left arm;No other discrete objects are visually separable against the black background,low,"The person, two glasses, and watch are spatially well-separated with large dark voids between them;No occlusion or overlap among the visible objects;The black background provides high negative space, allowing each object to be easily isolated perceptually;Only one primary focal region (the person’s face and upper torso), with secondary elements positioned peripherally without competing for attention",IS1/co1/IS_I_C01_D12.jpg
low,"A single person is the dominant visual element;Two transparent glasses on the table (one held, one resting);One wristwatch on the left wrist;The table surface is visible but not segmented into distinct objects;No other clearly separable objects are present against the black background",low,"All objects are spatially well-separated: person centered, glasses placed apart on the table;No occlusion or overlap between objects; each object has clear boundaries and surrounding negative space;The black background provides high contrast and isolates each element visually;Only three foreground objects (person, two glasses, watch — but watch is attached to person), and they occupy distinct regions without crowding",IS1/co1/IS_I_C01_D13.jpg
low,"A single person (head, torso, arms) is the dominant visual entity.;Two clear glasses on the table (one held, one resting).;One wristwatch on the left wrist.;The black background is uniform and lacks distinguishable objects or texture.;No other discrete objects are visually separable; clothing folds and hair are parts of the person, not independent objects.",low,"All objects are spatially well-separated: the person occupies the central region, glasses are placed on either side with visible negative space around them.;No occlusion or overlap between distinct objects (e.g., hands grip but do not obscure the glass; watch is clearly visible on wrist).;The black background provides high contrast and ample empty space, reducing spatial density.;Only three discrete non-person objects (2 glasses + 1 watch), all positioned with clear separation and minimal interference in perceptual grouping.",IS1/co1/IS_I_C01_D14.jpg
medium,"A person (1), a green armchair with multiple pillows (at least 4 distinct pillow surfaces), a wine glass (1), a wine bottle (1), a fruit bowl with 3–4 visible fruits (orange, apple, banana, grapes), a newspaper (1), a small side table (1), a wooden shelf unit (1), books on shelf (≈8–10 spines distinguishable), candles and holder (3 items: red cup, purple candle, blue candle + tray), a potted yucca plant (1), a framed artwork (1), and a leaf-patterned curtain (1 background element treated as single visual entity). Total visually separable objects ≈25–30, which is moderate—not sparse, not densely packed.",medium,"Objects are distributed across foreground, midground, and background without severe occlusion, but spatial density is noticeable: the shelf holds tightly arranged books and objects; the armchair has overlapping pillows; the side table contains bottle, newspaper, and bowl in close proximity. However, most objects retain clear boundaries and are not heavily interleaved—e.g., the person is clearly separated from the shelf, and the plant stands apart. No extreme overlap or visual merging; perceptual grouping is feasible at a glance, but requires some effort due to moderate density in localized zones (shelf, sofa area).",IS1/co2/IS_I_C02_D01.jpg
medium,"A person (1), a green armchair with multiple pillows (at least 4 distinct pillow shapes/colors), a wine glass (1), a bottle (1), a fruit bowl with ~5 visible fruits, a newspaper (1), a small shelf holding ~10 books, a red bowl, two candles on a tray, a potted plant (1 large yucca + 1 smaller succulent), and a framed artwork (1). Total visually distinguishable objects ≈ 25–30, which is moderate—not sparse, but not densely packed.",medium,"Objects are spatially distributed across foreground, midground, and background without severe overlap, but several regions show moderate density: the shelf has tightly arranged books and decor; the coffee table holds bottle, bowl, and paper in close proximity; the sofa area combines person, glass, and multiple pillows with partial occlusion (e.g., hand gripping glass partially hides stem, pillows abut each other). No extreme crowding or visual fusion, but perceptual separation requires slight effort due to proximity and interleaving in localized zones.",IS1/co2/IS_I_C02_D04.jpg
medium,"A person (1), a sofa with at least 4 distinct pillows (red, blue, lime green, and another green), a wine glass (1), a bottle of wine (1), a fruit bowl with multiple fruits (banana, orange, apple, grapes — visually separable as 4+ items), a newspaper (1), a small table (1), a wooden shelf unit (1), books on the shelf (≈10–12 spines visible as separate objects), three candles on a tray (3), a potted plant (1), a framed artwork (1), and a curtain with leaf pattern (treated as 1 background element, not counted as multiple due to being a continuous pattern). Total distinguishable objects ≈25–30, which is moderate—not sparse, but not densely packed.",medium,"Objects are spatially distributed across distinct zones (left shelf/table area, center person/sofa, right curtain), reducing overall overlap. However, the left side shows moderate density: books tightly aligned on shelves, fruit bowl overlapping with bottle and newspaper on the table, and candles close to the bowl—creating localized occlusion and visual competition. The sofa area has multiple pillows tightly arranged, slightly interleaved, and the person’s arm partially obscures the hoodie text. No severe occlusion or chaotic layering, but not fully separated either—some grouping difficulty at a glance in the left third of the image.",IS1/co2/IS_I_C02_D02.jpg
medium,"A person (1), a sofa with multiple pillows (at least 4 distinct pillow shapes/colors), a wine glass (1), a bottle (1), a fruit bowl with several fruits (≥5 items), a small table with a newspaper (1+), a bookshelf with ~10 visible books/spines, two candles and a bowl on the shelf (3), a potted plant (1), a framed picture (1), and a leaf-patterned curtain (treated as background texture, not counted as objects). Total distinguishable foreground/midground objects ≈ 20–25, which is moderate—not sparse, but not densely packed.",medium,"Objects are distributed across distinct zones (left shelf, center table, right sofa), reducing overlap; however, the bookshelf has tightly arranged books and decorative items, the sofa has overlapping pillows and the person’s limbs partially occluding the glass and lap, and the foreground table combines bottle, newspaper, and bowl in close proximity. There is no severe occlusion or visual merging, but spatial density in localized regions (e.g., shelf, sofa seating area) creates moderate difficulty in rapid perceptual segmentation.",IS1/co2/IS_I_C02_D05.jpg
medium,"A person (1), a sofa with at least 4 distinct pillows (2–5), a wine glass (6), a wine bottle (7), a fruit bowl with 3+ visible fruits (8–10), a newspaper (11), a small side table (12), a wooden shelf unit (13), books on the shelf (~8–10 distinguishable spines, counted as multiple objects) (14–23), two candles and a dish (24–26), a red bowl (27), a potted plant with trunk and leaves (28), a second smaller plant (29), a framed artwork (30), and a leaf-patterned curtain (31 — treated as one visual object despite pattern due to unified texture/region). Total visually separable entities: ~25–30, which is moderate—not sparse, but not densely packed.",medium,"Objects are distributed across distinct zones (left shelf, center table, right sofa, background wall), reducing overlap; however, the shelf contains tightly arranged books and items, the coffee table holds multiple overlapping objects (bottle, newspaper, bowl), and the sofa area has several pillows and the person partially occluding some elements. The curtain pattern adds visual texture but does not increase object count; still, the foreground/midground contains competing focal points (person, wine glass, fruit bowl, newspaper), requiring slight effort to parse spatial relationships. No severe occlusion, but not fully separated either.",IS1/co2/IS_I_C02_D03.jpg
medium,"A person seated on a sofa (1 distinct figure);Multiple books on a shelf (visually distinguishable spines, ~10–15 items);A bowl with fruit (apple, orange, banana, grapes — ~4–5 distinct items within one container);A wine bottle and a newspaper on a side table (2 distinct objects);Two candles and a red cup on a tray (3 distinct items);A potted plant with trunk and leaves (1 main plant object, though leaves are numerous, they form a coherent visual unit);Three pillows on the sofa (green, blue, red — 3 distinct objects);A framed picture on the wall (1 object);A curtain with leaf pattern (treated as 1 background surface, not counted as multiple objects per definition)",medium,"Objects are distributed across multiple zones (shelf, table, sofa, wall), but several areas show moderate spatial density: the bookshelf is tightly packed with books, the side table holds bottle, newspaper, and bowl in close proximity;Some occlusion occurs: the person’s arm partially covers the green pillow; the wine glass overlaps the lap area; fruit in the bowl overlaps each other;No extreme crowding or complete visual fusion, but perceptual separation requires effort in denser regions (e.g., distinguishing individual book spines or fruit pieces);The scene has multiple competing focal points (person, plant, bookshelf, side table), yet each remains reasonably separable at a glance",IS1/co2/IS_I_C02_D06.jpg
medium,"A person (1);Green armchair with multiple cushions (at least 3 distinct pillows: green, blue, red);Wine glass (1);Bottle of wine (1);Fruit bowl with visible fruits (banana, orange, apple, grapes — ~4 distinguishable items);Newspaper (1);Wooden shelf with multiple books (visually distinguishable spines: ~10–12);Decorative items on shelf: red cup, candle tray with two candles (3 items);Potted plant (yucca-type) with trunk and leaf cluster (1 object, though complex internally);Smaller plant behind it (1);Framed artwork on wall (1);Leaf-patterned curtain (1 large background element, not counted as multiple objects due to uniform pattern)",medium,"Objects are distributed across foreground (table with bottle, fruit, newspaper), midground (person, chair, pillows), and background (shelf, plants, curtain), creating layered depth but not extreme overlap;The shelf contains tightly packed books and decor, causing local spatial density;The fruit bowl has overlapping fruits, and the pillows on the chair partially occlude each other;No severe occlusion of major elements (e.g., person is clearly separable, wine glass is distinct), but visual grouping requires effort due to multiple competing midground elements (person, glass, pillows, plant);Sufficient negative space exists between major regions (e.g., wall area above shelf, space beside chair), preventing high clutter",IS1/co2/IS_I_C02_D07.jpg
high,"Multiple distinct objects visible: person, wine glass, wine bottle, fruit bowl with at least 5 identifiable fruits (banana, orange, apple, grapes, possibly pear), newspaper, coffee table, bookshelf with ~12+ books, two candles on a tray, ceramic bowl, framed artwork, potted plant (yucca) with multiple leaf clusters, sofa with 3+ pillows (green, blue, red), and patterned curtain with repeated leaf motifs (treated as one background element but contributing to object count via repeated distinguishable leaf shapes).;The scene contains numerous discrete visual entities across foreground, midground, and background layers.",medium,"Objects are spatially distributed with some separation: the person occupies the right side, the bookshelf and table are on the left, the plant is in the center-back — providing moderate visual breathing room.;However, the bookshelf is densely packed with books and decorative items; the coffee table holds multiple overlapping items (bottle, bowl, newspaper); the sofa has tightly arranged pillows; and the curtain pattern adds dense repeating elements in the background.;No severe occlusion of major objects (e.g., person fully visible, wine glass unobstructed), but the density of small items in localized regions creates moderate difficulty in rapid perceptual segmentation.",IS1/co2/IS_I_C02_D08.jpg
high,"Multiple distinct objects: person, sofa, 3+ pillows, wine glass, wine bottle, fruit bowl with ≥5 visible fruits (banana, orange, apple, grapes), newspaper, bookshelf with ~15+ books, decorative bowl, two candles, ceramic cup, framed artwork, potted plant (yucca), smaller plant, curtain with leaf pattern (treated as one background element, not counted as multiple objects), and small dish on shelf.;Each book spine is visually distinguishable; each fruit in the bowl is separable; each pillow is a distinct visual entity; all items on the shelf are individually resolvable.",medium,"Objects are spatially distributed across foreground, midground, and background with clear separation zones: person on sofa (central), side table (left foreground), bookshelf (left midground), plants (midground), curtain (right background).;Some occlusion occurs: hand partially obscures wine glass base, person’s arm overlaps torso, pillows overlap sofa edges—but no severe interleaving or dense packing.;No strong competing focal points: person is dominant, but other elements are arranged peripherally without visual crowding; sufficient negative space exists between major object groups (e.g., gap between bookshelf and sofa, open wall area above shelf).;The leaf-patterned curtain adds texture but does not increase object count or cause perceptual interference—background pattern is not counted as clutter-inducing per definition.",IS1/co2/IS_I_C02_D09.jpg
high,"Multiple books on two shelves (at least 15+ spines visible);Fruit bowl containing at least 5 distinct fruits (banana, orange, apple, grapes, possibly others);Two candles and a red bowl on the top shelf;A framed artwork on the wall;A potted yucca plant with multiple leaf clusters and trunk;A second smaller green plant behind the person;A wine bottle, newspaper, and placemat on the coffee table;The person (one figure), sofa, multiple pillows (green, blue, red), and blanket;Curtain with repeating leaf pattern (treated as one background element, not counted as separate objects per definition)",medium,"Objects are grouped in distinct zones (shelf, table, sofa area), reducing overall spatial overlap;Some occlusion: fruit partially overlaps in bowl; books tightly packed but still individually distinguishable; person’s arm partially obscures pillow;No extreme density—there is visible negative space between major object groups (e.g., gap between shelf and sofa, wall space above);Multiple focal regions (person, shelf, plant) compete for attention but remain separable without significant visual strain",IS1/co2/IS_I_C02_D11.jpg
high,"Multiple books on two shelves (at least 10+ spines visible);Fruit bowl containing at least 5 distinct fruits (banana, orange, apple, grapes, leafy greens);Bottle of wine with striped label;Newspaper folded on table;Three candles on a dish (two blue, one purple);Red ceramic cup;Potted yucca plant with multiple fronds and trunk;Smaller potted plant beside it;Man seated on sofa;Sofa with at least 4 distinct pillows (green, blue, red, lime);Framed artwork on wall;Patterned curtain with repeated leaf motifs (treated as background texture, not counted as objects; but the curtain itself is one object);Hoodie, jeans, glasses — treated as parts of the person, not separate objects per se, but clothing details contribute to visual elements",medium,"Objects are arranged in distinct zones: left shelf/table, central plant, right sofa—reducing spatial overlap;No severe occlusion: most objects are fully or mostly visible (e.g., books not stacked haphazardly, fruit bowl contents discernible);Some density on the left side (shelf + table items close together), creating local visual competition;The man’s hand holding the wine glass partially overlaps his torso and lap, but does not obscure major elements;Pillows on sofa are adjacent but separable; no interweaving or entanglement;Background curtain has high pattern density, but as a continuous surface it contributes less to *object* clutter than to texture—per definition, clutter concerns object arrangement, not background texture",IS1/co2/IS_I_C02_D10.jpg
high,"Multiple distinct objects visible: person, wine glass, wine bottle, fruit bowl with at least 5 identifiable fruits (banana, orange, apple, grapes, possibly pear), newspaper, red cup, two candles on a dish, potted plant (yucca) with multiple leaves and trunk, second smaller plant, bookshelf with ~12+ books (visually separable spines), framed artwork, curtain with leaf pattern (treated as one background element, not counted as separate objects), sofa, three pillows (green, blue, red), and hoodie text (not an object).;At least 20+ visually distinguishable foreground/midground objects are present, exceeding typical 'many' thresholds in complexity studies.",medium,"Objects are distributed across multiple planes (foreground table, midground shelf/plant/person, background curtain/wall), providing some spatial separation.;Some occlusion occurs: the person partially obscures the sofa and pillows; the fruit bowl overlaps the bottle and newspaper slightly; books are tightly packed but still individually discernible.;No extreme density or interweaving—there are visible gaps (e.g., wall space above shelf, empty floor area), and major elements (person, plant, shelf) occupy distinct regions, reducing perceptual competition.;The scene has multiple focal candidates (person, wine glass, fruit bowl, plant), but they are spaced enough to allow sequential parsing without severe ambiguity.",IS1/co2/IS_I_C02_D12.jpg
high,"Multiple distinct books on two shelves (at least 15+ spines visible);Fruit bowl containing ≥5 identifiable fruits (banana, orange, apple, grapes, possibly others);Wine bottle with striped label;Newspaper with visible text and image;Three candles on a tray;Ceramic bowl and glass dish on shelf;Potted yucca plant with multiple leaf clusters and trunk;Man with visible clothing, glasses, hair, facial features;Sofa with at least 4 distinct cushions (green, blue, red, partial yellow);Framed artwork with large leaf motif;Patterned curtain with repeating leaf elements (treated as one background texture, but the leaf motifs are visually distinct repeating units contributing to object count);Side table surface with multiple items arranged",medium,"Objects are densely arranged on shelves and side table, with minimal empty space between books and decorative items;Some occlusion: fruit partially obscures bowl rim; books tightly packed; wine bottle partially overlaps newspaper;However, major objects (man, sofa, plant, shelf unit, artwork) remain spatially separated with clear boundaries;No severe interleaving or visual fusion—elements can be segmented with moderate effort; no overwhelming competing focal points simultaneously demanding attention",IS1/co2/IS_I_C02_D13.jpg
high,"Three people visible as distinct figures;Multiple furniture items: low table, bookshelf, sofa, floor mats;Numerous books on shelf (visually separable spines);Several decorative objects: framed artwork, potted plants (at least two), bowls, candles;Game-related items: board game on table, Trivial Pursuit box, snack bag, beverage cans/bottles, scattered cards;Pillows, scarves, and clothing details contribute to distinguishable visual parts",high,"Objects densely packed in central floor area: game box, snacks, drinks, cards all overlapping or adjacent on small mat;Foreground elements (people, mats, items) occlude parts of background (bookshelf, sofa legs);Vertical stacking on bookshelf creates layered visual density;Multiple competing focal regions: left person gesturing, center game table, right person on sofa, wall pattern—no dominant empty space to guide grouping;Floor-level items lack clear spatial separation; visual boundaries between objects are blurred due to proximity and low lighting",IS1/co3/IS_I_C03_D01.jpg
medium,"A person (1);Green armchair with multiple cushions (at least 3 distinct pillows: lime green, blue, red);Wine glass (1);Bottle of wine (1);Fruit bowl with visible fruits (apple, orange, banana, grapes — ~4–5 distinguishable items);Wooden shelf holding: ceramic bowl, two candles on dish, and ~10+ books (visually separable spines);Potted plant with trunk and leaf clusters (~2 major visual parts: trunk + foliage);Smaller plant in front (~1);Framed artwork on wall (1);Newspaper on table (1);Curtain with leaf pattern (treated as background texture, not counted as objects per definition);Total visually distinguishable objects ≈ 20–25, which is moderate—not sparse, not densely packed",medium,"Objects are distributed across foreground, midground, and background without severe overlap, but spatial density is noticeable: the shelf is tightly packed with books and decor; the coffee table holds bottle, bowl, and newspaper in close proximity;;The person’s arm partially occludes the green pillow and torso overlaps chair back, creating mild occlusion;;Multiple competing focal regions: person’s face, wine glass, fruit bowl, and bookshelf all draw attention simultaneously;;However, clear separation exists between major regions (e.g., person vs. shelf vs. plant), preventing high clutter; no dense interleaving or extreme crowding.",IS1/co2/IS_I_C02_D14.jpg
high,"Three people present as distinct visual entities;Multiple books on two shelves (dozens visible);Several potted plants (at least three distinct plants);Furniture items: green sofa, small black coffee table, wooden shelf unit, floor cushions;Game-related items: Trivial Pursuit box, HUGO gift bag, board game surface, cards in hand;Snack and drink containers: chip bag, juice carton, Coca-Cola can, Dr Pepper bottle;Decorative items: framed artwork, fruit bowl, candles, pillow, scarf;Floor mats and clothing items (socks, pants, sweaters) contributing to distinguishable elements",medium,"Objects are distributed across floor, furniture, and shelves with moderate spatial density;Some overlap/occlusion: e.g., snack items and game boxes on blue mat partially overlapping; person on left partially obscures red cushion;No extreme crowding or dense interweaving—significant floor space remains visible between groups of objects;Visual groupings exist (e.g., game items clustered on mat, books on shelf), aiding perceptual separation;Background curtain pattern is visually busy but treated as background texture, not counted as clutter-inducing objects per definition",IS1/co3/IS_I_C03_D02.jpg
high,"Three people visible as distinct figures;Multiple furniture items: bookshelf, low table, sofa, floor mat;Numerous books on shelf (visually distinguishable spines);Several potted plants (at least three distinct plant forms);Game boxes (Trivial Pursuit, Hugo bag), snack bags (Jumbo Snack), beverage cans/bottles;Framed artwork, fruit bowl, decorative bowls and cups on shelf;Scattered cards and small objects on floor/mat;Patterned curtain with repeating leaf motifs (treated as background texture, not counted as objects per definition; however, the leaf elements are visually distinct enough to contribute to object count in foreground/midground layers)",high,"Objects densely packed on floor around central area: game boxes, snacks, drinks, cards all overlapping or adjacent with minimal spacing;Bookshelf is tightly filled with books and containers, creating visual density;People seated in close proximity with limbs and objects intermingling (e.g., man’s legs crossing into shared space, woman partially occluded by man’s arm/shoulder);Foreground contains multiple competing elements (snack bag, can, game box, cards) within a small region, reducing separability;Midground has overlapping layers: table under shelf, plants near wall, person behind sofa edge — spatial interleaving makes segmentation difficult at a glance",IS1/co3/IS_I_C03_D03.jpg
high,"Multiple distinct objects visible: three people, two potted plants, a framed picture, a bookshelf with numerous books and containers, a small table with a board game, snack bags (e.g., yellow chip bag), beverage cans/bottles, gift bags, cards on floor, cushions, and wall pattern elements.;The bookshelf alone contains >10 distinguishable items (books, bowls, cups, fruit bowl).;Floor area includes at least 6+ discrete items (snack bags, drinks, game boxes, cards, mats, shoes/socks).;Wall features include framed art, plant leaves, and repeating leaf/cherry pattern—each leaf or cluster may count as a distinguishable visual element in the background pattern.",high,"Objects are densely packed in the central floor area: snacks, games, drinks, and cards occupy a small region with minimal empty space.;Occlusion occurs: the man on the right partially obscures the floor items near his legs; the woman on the sofa overlaps with pillows and background pattern.;Multiple competing focal regions: left person holding cards, center floor items, right person with phone, background shelf and wall pattern—all draw attention simultaneously.;Visual grouping is difficult: overlapping layers (e.g., blue mat under items, legs over mats, bags beside legs) reduce perceptual separability.",IS1/co3/IS_I_C03_D05.jpg
medium,"Three people are clearly distinguishable as separate visual entities.;Multiple discrete objects on the floor: at least two snack bags, a board game box, a can, a small white object, and a plastic bottle.;Furniture elements: a bookshelf with visible books (multiple spines), a low table with items on top, a sofa, and a cushion.;Decorative elements: two potted plants, a framed picture on the wall, and patterned wallpaper (but wallpaper texture is not counted as objects per definition).;Total visually separable entities exceed ~15 but do not reach high-density levels typical of cluttered market scenes.",high,"Objects on the floor are densely packed in the central area: snack bags, game box, can, and bottle occupy a small region with minimal empty space between them.;The low table is covered with a colorful board game surface and other items, creating overlapping visual layers.;People are seated close together, with limbs and clothing partially occluding nearby floor objects (e.g., man’s legs near snack bags).;The bookshelf contains many tightly arranged books, contributing to local density in the mid-ground.;Multiple competing visual regions (floor items, table, people, plants) draw attention simultaneously, making rapid perceptual grouping difficult in low-light conditions.",IS1/co3/IS_I_C03_D04.jpg
high,"Three people visible as distinct figures;Multiple books on shelves (at least 15–20 spines distinguishable);Several snack items on floor: chip bag, soda can, bottled drink, two boxes (Trivial Pursuit, Hugo), small card;Furniture elements: low table, bookshelf, sofa, cushion, potted plants (at least 3 plants);Wall decor: framed picture, patterned wallpaper with repeated leaf/fruit motifs (but only counted as background texture, not objects);Additional small items: bowl of fruit, cups, decorative cylinders on shelf",high,"Objects densely packed on floor around seated individuals: snacks, game boxes, cards, drinks in close proximity with minimal separation;Low table partially occluded by items and people’s limbs;Bookshelf contents tightly arranged with overlapping spines and vertical stacking;Foreground floor area contains multiple overlapping visual elements (e.g., chip bag near can, box near foot, card near leg);People’s postures and limbs intersect spatially with objects (e.g., man’s legs cross over mat and near game box), increasing perceptual interleaving;No large unoccupied regions; even the floor space is filled with discrete items, reducing visual breathing room",IS1/co3/IS_I_C03_D07.jpg
medium,"Three people are visually distinguishable as separate figures.;At least two potted plants are visible (left and center-right).;A bookshelf with multiple books and containers (e.g., red bowl, fruit bowl) contributes several distinct items.;A low table holds a board game (Trivial Pursuit box, snack bags, cans, cards), yielding ~6–8 discernible objects.;Wall art (one framed picture) and patterned wallpaper add background elements, but only the framed picture qualifies as a distinct object per definition (wallpaper texture is not counted as objects).;Total distinguishable objects: ~15–20 (people, plants, furniture, tabletop items, frame), which is moderate—not sparse, not densely packed.",high,"Objects on the floor (snack bags, cans, cards, game box) are tightly grouped with minimal negative space, creating visual density.;The central area (table + floor items) shows overlapping and interleaved elements—e.g., snack bags partially obscuring game box, cans near cards.;People are seated close together and partially occlude background elements (e.g., person on right blocks part of sofa and wall), reducing separability.;Multiple competing focal regions: left person, center table/food, right person, and background plants/art—all vying for attention without clear visual grouping or separation.;Low lighting exacerbates perceptual difficulty in separating adjacent objects, though clutter judgment is based on spatial arrangement, not illumination per se; the spatial crowding remains evident despite darkness.",IS1/co3/IS_I_C03_D06.jpg
high,"Three people visible as distinct figures;Multiple books on shelves (at least 15+ spines distinguishable);Several containers on shelf: bowl of fruit, orange bowl, two candles, glass dish;Board game on small table with visible tokens and cards;Four snack/beverage items on floor: bag of chips, Coca-Cola can, juice box, Dr Pepper bottle;Two board game boxes on floor (Trivial Pursuit, Hugo gift bag);Scattered cards on floor near left person;Two potted plants (left and center-right);Framed artwork on wall;Couch with at least two pillows;Shelf unit, small side table, blue mat on floor, red cushion under left person",medium,"Objects are distributed across floor, furniture, and shelves without heavy overlap;Floor area contains multiple discrete items (snacks, games, drinks, cards) but with visible separation and empty floor space between them;No significant occlusion among foreground objects; each item remains visually separable;Background elements (bookshelf, plants, wall art) are arranged with spacing and do not densely crowd the visual field;Three people occupy distinct spatial zones (left floor, right floor, back couch), reducing perceptual interference",IS1/co3/IS_I_C03_D09.jpg
high,"Three people visible as distinct figures;Multiple books on two shelves (at least 15–20 spines distinguishable);Several snack items: bag of 'Jumbo Snack Megapus', can of Coca-Cola, juice box, bottle of soda, red shopping bag with 'HUGO' logo;Board game box ('Trivial Pursuit'), game cards on floor and in hands;Two potted plants (left and center-right), plus wall-mounted framed artwork;Furniture: low coffee table, bookshelf, sofa, cushion(s), blue mat on floor;Miscellaneous: bowl of fruit, ceramic cups, candles, scarf, phone in woman’s hand",high,"Objects densely packed on floor: snacks, drinks, game box, cards, and mats occupy overlapping visual space near center;Low coffee table is covered with colorful game board and other items, creating visual competition;Foreground contains multiple foreground elements (feet, socks, bottles, cards) interleaved with midground objects (game, snacks), reducing separation;Background includes layered elements: bookshelf behind table, plants flanking scene, patterned wallpaper adding texture that competes with object boundaries;No large empty regions; even floor space is occupied by mats, objects, and limbs, increasing spatial density",IS1/co3/IS_I_C03_D10.jpg
high,"Three people present as distinct visual entities;Multiple furniture items: bookshelf, coffee table, sofa, floor cushions;Numerous books on shelf (at least 15+ spines visible);Several decorative objects: framed picture, potted plants (2), bowls, candles, fruit bowl;Game-related items: Trivial Pursuit box (2), board game on table, cards in hands and on floor;Snack and drink containers: chip bag, juice box, Coca-Cola can, Dr Pepper bottle, Hugo gift bag;Clothing and accessories: scarves, socks, shirts, pants — each contributing to distinguishable visual parts;Patterned curtain with repeating leaf/fruit motifs (treated as one background element, not counted as separate objects per definition)",high,"Objects densely packed on floor: snacks, drinks, game boxes, cards, and people’s limbs occupy overlapping spatial zones;Coffee table surface crowded with game board, cards, and small items; hard to isolate individual elements;Bookshelf filled to capacity with books and objects, reducing negative space and increasing visual density;Foreground and midground contain multiple competing focal points (people, game, snacks, drinks) with minimal separation;Partial occlusion: e.g., person on right partially obscures sofa edge; cards near feet blend with floor mat; bottles near legs create visual entanglement;Floor mats (blue and red) intersect with seated/postural positions, creating layered spatial zones that interfere with perceptual grouping",IS1/co3/IS_I_C03_D11.jpg
medium,"Three people are clearly distinguishable as separate visual entities.;At least two potted plants (left and center-right) are visible.;A bookshelf with multiple books and containers (e.g., red bowl, fruit bowl, blue cups).;A framed picture on the wall.;Several floor-level items: snack bags (at least two), board game box ('Trivial Pursuit'), can, small cards, water bottle, and a dark mat.;Couch with pillows and patterned wallpaper in background contributing to distinct surface elements.",high,"Objects are densely packed on the floor: snack bags, game box, can, cards, and bottle occupy a small central area with minimal separation.;The bookshelf is filled with overlapping or tightly arranged items (books, bowls, cups), reducing perceptual separation.;Foreground figures partially occlude floor objects (e.g., legs over game box and snacks), creating interleaving of human forms and objects.;Multiple competing focal regions: left person, right person, center floor items, and background shelf/wall all draw attention simultaneously without clear spatial partitioning.;Low lighting reduces contrast and edge definition, exacerbating difficulty in separating adjacent objects (e.g., dark clothing blending with floor/mat).",IS1/co3/IS_I_C03_D12.jpg
high,"Multiple distinct objects are visible: a vase with roses, a wine bottle, a bouquet of fruit (bananas, oranges, pears, apples), a beige teddy bear, a black plush bear, a color checker chart, a framed photograph, a teacup with saucer and plate stack, a ball of yarn, a folded shirt collar with cufflinks, a wooden coaster, a newspaper clipping, and decorative straw—totaling >15 visually separable entities.",high,"Objects are densely packed on the tabletop with minimal negative space; many items overlap or abut closely (e.g., fruit pile touches teddy bear and bottle, teacup stack sits near yarn and shirt, photo frame partially obscures black bear), creating spatial interleaving that impedes immediate perceptual grouping.;Multiple competing focal regions exist: left-side floral/fruit cluster, center teacup/yarn/color chart, right-side photo/black bear/shirt—each drawing attention simultaneously without clear visual hierarchy or separation.;Occlusion is present: the black bear is partially hidden behind the photo frame and yarn; the newspaper is partially covered by fruit and straw; the shirt collar overlaps the cufflink and coaster.",IS1/co4/IS_I_C04_D01.jpg
high,"Three people visible as distinct figures;Multiple books on two shelves (dozens of spines distinguishable);Several decorative items on shelf: bowls, candles, fruit bowl, plant pot;Two potted plants (one left, one right);Game board on low table with visible tokens and cards;Snack bag (Juusto Snacks), soda can (Coca-Cola), juice box (Vital), Dr Pepper bottle, red gift bag, Trivial Pursuit box, and scattered cards on floor;Furniture elements: couch, low table, side table, rugs, pillows, framed artwork;Curtain with repeating leaf pattern (treated as one background element, not counted as multiple objects per definition)",high,"Objects densely packed on floor between seated individuals: game box, snacks, drinks, cards, gift bag all within a small area with minimal empty space;Low table holds game board with overlapping components (tokens, cards, board edges);Shelf is tightly filled with books and decor, with little separation between items;Foreground contains multiple mid-sized objects (snacks, drinks, boxes) that partially occlude each other and compete for attention;Visual field has multiple focal zones: left person + shelf, center floor items, right person + couch — creating competing attentional pulls without clear visual grouping",IS1/co3/IS_I_C03_D13.jpg
high,"Three people present as distinct visual entities;Multiple books on two shelves (dozens visible, tightly packed);Several decorative items on shelf: bowl of fruit, red cup, blue cylinders, glass dish;Potted plants (at least two large ones);Framed artwork on wall;Board game on low table with visible components (spinner, cards, tokens);Snack bags (Juusto Snack, Hugo gift bag), beverage cans/bottles (Coca-Cola, Dr Pepper, juice box);Multiple cards on floor and in hands;Cushions and pillows (yellow, blue, red);Patterned curtain with dense leaf/fruit motif (treated as background texture, not counted as objects; but contributes to visual density)",high,"Objects are densely packed on shelves with minimal negative space between books and decor;Floor area contains overlapping items: board game box, snack bags, drinks, cards, and people’s legs/feet intermingling visually;Foreground objects (snacks, cards, cans) partially occlude each other and the game table;Multiple competing focal regions: left person holding card, center game table, right person on couch, background shelf—no single dominant spatial grouping;Visual elements at multiple depths (floor, table, shelf, couch, wall) create interleaved layers that hinder rapid perceptual segregation",IS1/co3/IS_I_C03_D14.jpg
high,"Multiple distinct objects are visible: vase with roses, wine bottle, teddy bear, black plush bear, framed photo, color chart, yarn ball, teacup with saucers, folded shirt, rolled napkin with ring, wooden coaster, newspaper, fruit cluster (bananas, pears, oranges, apples), and decorative straw bundle — totaling >15 visually separable entities.",high,"Objects are densely packed across the table surface with minimal negative space; many items overlap or abut closely (e.g., fruit pile partially covers newspaper, teacup sits on stacked saucers adjacent to yarn and shirt, bears flank color chart with little separation).;Multiple competing focal regions exist: left-side floral/fruit group, center tea set/yarn/color chart, right-side plush bear/photo/shirt — making rapid perceptual grouping difficult.;Occlusion is present: newspaper is partially hidden by fruit and straw; shirt collar overlaps napkin; background backdrop merges with tabletop objects at edges, reducing visual isolation.",IS1/co4/IS_I_C04_D02.jpg
medium,"Three people are clearly distinguishable as separate visual entities.;Multiple distinct objects on the floor: two board game boxes (Jungle Speed, Trivial Pursuit), a red gift bag, a snack bag, a soda can, a plastic bottle, and scattered cards.;Furniture includes a bookshelf with visible books (approx. 15–20 spines), a small coffee table, a sofa, and two potted plants.;Wall decor includes one framed picture and patterned wallpaper (but wallpaper pattern is background texture, not counted as discrete objects).;Total visually separable objects (people, furniture pieces, floor items, plants, shelf contents) number in the 20–30 range — more than few, but not densely packed across the entire scene.",medium,"Objects on the floor are grouped in a central area (games, snacks, drinks), creating moderate spatial density there, with some overlap (e.g., snack bag partially covering game box).;The bookshelf contains many tightly packed books, producing local high density, but it occupies a bounded region and does not dominate the whole field of view.;People are seated with limbs and objects intermingling (e.g., man’s legs near game boxes, woman’s phone held near lap), causing mild occlusion and competing focal points.;However, large areas of floor and wall remain relatively empty; objects are not uniformly distributed nor heavily interleaved across the entire image, preventing high clutter.",IS1/co3/IS_I_C03_D08.jpg
high,"Multiple distinct objects are visible: a vase with roses, a wine bottle, a beige teddy bear, a black stuffed animal, a framed photograph, a color checker chart, a ball of yarn, a white teacup with saucer and plate, a folded shirt collar, a wooden coaster, a bundle of straw, a newspaper section, and a fruit arrangement including bananas, pears, oranges, lemons, and apples — totaling >15 clearly separable visual entities.",high,"Objects are densely packed across the tabletop with minimal negative space; many items overlap or abut closely (e.g., fruit pile against bottle and bear, teacup on stacked plates near yarn and shirt, photo frame adjacent to black plush toy), creating spatial crowding.;Multiple competing focal regions exist: left-side floral/fruit cluster, center tea set/yarn/color chart, right-side plush/photo/shirt — making rapid perceptual grouping difficult.;Partial occlusions occur (e.g., newspaper partially under fruit and straw, shirt collar overlapping coaster), increasing difficulty in segmenting individual elements at a glance.",IS1/co4/IS_I_C04_D03.jpg
high,"Multiple distinct objects are clearly visible: vase with flowers, wine bottle, teddy bear, black plush animal, framed photo, fruit cluster (bananas, pears, oranges, apples), teacup with saucers, yarn balls, color checker chart, folded shirt collar with cufflink, wooden coaster, newspaper fragment, and straw bundle — totaling >12 separable visual entities.",high,"Objects are densely packed across the tabletop with minimal negative space; many items overlap or abut closely (e.g., fruit pile touches bottle and bear, teacup sits on stacked saucers adjacent to yarn and shirt, photo frame leans against black plush animal), creating visual interleaving and competing focal points (flowers, bear, photo, color chart all draw attention simultaneously).",IS1/co4/IS_I_C04_D05.jpg
high,"Multiple distinct objects: vase with roses, wine bottle, teddy bear (beige), black stuffed animal, framed photo, teacup with saucers, yarn ball, folded shirt/collar, wooden coaster, newspaper fragment, fruit cluster (bananas, pears, oranges, apples), color checker chart, and background landscape print — all visually separable as individual entities.;The fruit cluster alone contains ≥6 distinguishable fruits; the table setting includes ≥5 discrete items (cup, saucers, napkin, yarn, coaster); plus ≥7 additional foreground/midground objects — total clearly exceeds 15 visually distinct elements.",high,"Objects are densely packed across the tabletop with minimal negative space between them — e.g., fruit pile abuts wine bottle, which touches teddy bear; teacup sits near yarn, shirt, and coaster in tight proximity.;Occlusion occurs: the newspaper is partially covered by fruit and straw; the black stuffed animal partially overlaps the framed photo’s base; the color chart leans against background, partially obscured by other items.;Multiple strong focal regions compete for attention: left-side floral/fruit group, center teacup/yarn/chart, right-side photo/stuffed animal — no clear visual hierarchy or separation, making rapid perceptual grouping difficult.",IS1/co4/IS_I_C04_D04.jpg
high,"Multiple distinct objects are visible: vase with roses, wine bottle, beige teddy bear, black plush bear, framed photo, color checker chart, two balls of yarn, teacup with saucer and plate, folded shirt collar, wooden coaster, newspaper fragment, bundle of straw, and a fruit arrangement containing bananas, oranges, pears, lemons, and apples — totaling >15 clearly separable visual entities.",high,"Objects are densely packed across the tabletop with minimal negative space; many items overlap or abut closely (e.g., fruit pile touches teddy bear and bottle; yarn sits beside cup and shirt; photo leans against black bear; straw bundle lies over newspaper).;Multiple competing focal regions exist: left-side floral/fruit group, center tea set/yarn, right-side photo/bear/shirt — making rapid perceptual grouping difficult.;Occlusion is present: the black bear partially hides the background print; the newspaper is partially covered by straw and fruit; the cup obscures part of the saucer stack.",IS1/co4/IS_I_C04_D07.jpg
high,"Multiple distinct objects: vase with roses, wine bottle, teddy bear, black plush bear, framed photo, fruit cluster (bananas, oranges, pears, apple), yarn ball, teacup with saucers, folded shirt, cufflink/bracelet, wooden coaster, newspaper fragment, color checker chart, and background landscape print — all visually separable as individual entities.",high,"Objects are densely packed on the table surface with minimal negative space; many items overlap or abut closely (e.g., fruit pile touches teddy bear and bottle; teacup sits atop stacked saucers near yarn and shirt; framed photo partially occludes black bear; newspaper fragment interleaved under fruit and straw).;Multiple competing visual anchors (flowers, bears, photo, color chart, fruit) draw attention simultaneously, making rapid perceptual grouping difficult.;Layering is evident: foreground objects (teacup, fruit) partially obscure midground elements (newspaper, yarn), and background print is visible only in upper right, contributing to depth-induced segmentation difficulty.",IS1/co4/IS_I_C04_D06.jpg
high,"Multiple distinct objects: vase with roses, wine bottle, teddy bear (beige), black plush bear, framed photo, color checker chart, two fruit clusters (bananas, pears, oranges, apples), orange, apple, yarn skeins (2), teacup with saucer and spoon, stacked plates, folded shirt with cufflink, patterned napkin, wooden coaster, newspaper fragment, straw bundle — totaling >15 clearly separable visual entities.",high,"Objects are densely packed across the table surface with minimal negative space; many items overlap or abut directly (e.g., fruit cluster touches bottle and bear; teacup sits on plates that rest on newspaper; napkin and shirt partially cover other items); multiple competing focal points (roses, bears, photo, color chart) draw attention simultaneously; perceptual grouping is difficult due to interleaving of shapes, textures, and scales without clear spatial partitioning.",IS1/co4/IS_I_C04_D09.jpg
high,"Multiple distinct objects are visible: a vase with red roses and greenery, a wine bottle, a beige teddy bear, a black teddy bear, a framed photograph, a color checker chart, a ball of yarn, a teacup with saucer and plate, a folded white shirt collar, a wooden coaster, a bundle of straw, a newspaper clipping, and a fruit arrangement including bananas, pears, oranges, apples, and lemons — totaling >15 clearly separable visual entities.",high,"Objects are densely packed across the tabletop with minimal negative space; many items overlap or abut closely (e.g., fruit pile touches teddy bear and wine bottle; yarn sits beside teacup and shirt; color chart partially occludes background foliage; framed photo overlaps black bear).;Multiple competing focal regions exist: left-side floral/fruit cluster, center teacup/yarn/chart group, right-side bear/photo/shirt group — making rapid perceptual segmentation difficult.;Layering is evident: newspaper under fruit, straw on top of newspaper, cup on stacked plates, shirt draped over yarn — increasing visual interleaving.",IS1/co4/IS_I_C04_D08.jpg
high,"Multiple distinct objects are visible: vase with red roses and green foliage, wine bottle, teddy bear with bow, black plush bear, framed photograph, color checker chart, apple, orange, banana, pear, lemon, newspaper, teacup with saucer and spoon, yarn ball, folded white shirt, rolled fabric item with cufflink, wooden coaster, and straw bundle — totaling >15 clearly separable visual entities.",high,"Objects are densely packed across the table surface with minimal empty space; many items overlap or abut (e.g., fruit pile partially covers newspaper, teddy bear sits beside wine bottle and orange, teacup stack rests on saucer near yarn and shirt), creating spatial interleaving; multiple strong focal points (roses, teddy bear, photo, color chart) compete for attention simultaneously; perceptual grouping is difficult at a glance due to lack of clear spatial separation.",IS1/co4/IS_I_C04_D10.jpg
high,"Multiple distinct objects are visible: a vase with roses, a wine bottle, a bouquet of fruits (bananas, lemons, pears, oranges), a beige teddy bear, a black plush bear, a color checker chart, a framed photograph, a white teacup with saucer and plate, a ball of yarn, a folded shirt collar with cufflinks, a wooden coaster, a newspaper fragment, and decorative straw—totaling >15 visually separable entities.",high,"Objects are densely packed across the table surface with minimal negative space; many items overlap or abut closely (e.g., fruit pile against bottle and bear, cup stack partially occluding newspaper, yarn near apple and bear), creating interleaved boundaries; multiple high-contrast elements (red roses, black bear, colorful chart, photo) compete for attention without clear spatial grouping.",IS1/co4/IS_I_C04_D12.jpg
high,"Multiple distinct objects are visible: a vase with roses, a wine bottle, a beige teddy bear, a black plush bear, a framed photograph, a color checker chart, a ball of yarn, a white shirt collar, a teacup with saucer and spoon, a wooden coaster, a newspaper clipping, and a fruit arrangement (bananas, pears, oranges, apples, lemons).;The fruit arrangement alone contains at least 8–10 individual fruits, each visually separable.;Additional small items include raffia strands, napkin rings, and patterned fabric elements—each contributing to the count of distinguishable visual entities.",high,"Objects are densely packed across the tabletop with minimal negative space; many items touch or nearly overlap (e.g., fruit pile against wine bottle, teddy bear adjacent to orange and apple, teacup near yarn and shirt).;Occlusion occurs: the newspaper is partially covered by raffia and fruit; the black bear partially obscures the background image; the color chart overlaps the backdrop edge.;Multiple strong focal regions compete for attention: the red roses, the bright color chart, the smiling face in the photo, the teacup set, and the fruit cluster—all simultaneously salient and spatially intermingled.;Perceptual grouping is difficult at a glance due to heterogeneous object types, sizes, and orientations crammed into a confined foreground plane.",IS1/co4/IS_I_C04_D11.jpg
high,"Multiple distinct objects: vase with roses, wine bottle, teddy bear, black plush bear, framed photo, teacup with saucers, yarn ball, folded shirt, napkin ring, wooden coaster, color checker chart, newspaper, fruit cluster (bananas, pears, oranges, apple), and straw bundle — totaling >15 clearly separable visual entities.",high,"Objects are densely packed across the tabletop with minimal negative space; several items overlap or abut closely (e.g., fruit pile touches teddy bear and bottle; teacup stack sits near yarn and shirt; framed photo partially occludes black bear; newspaper underlies multiple items).;Multiple competing focal regions: left (flowers/fruit), center (bear/color chart/teacup), right (photo/black bear/shirt), making rapid perceptual grouping difficult.;Layering is evident: newspaper beneath objects, straw bundle draped over fruit, napkin ring on folded cloth — increasing spatial interleaving and reducing visual separation.",IS1/co4/IS_I_C04_D13.jpg
medium,"Two clearly distinguishable people in foreground;One large spherical sculptural object (geometric, segmented, snow-covered);One birch tree with visible trunk and sparse branches;A stacked stone feature partially covered in snow;A building facade with multiple windows (each window frame + glass reflection forms a distinct visual element);Snowdrifts forming several mounded shapes on ground",low,"Major elements are well separated spatially: people centered, sculpture to right, tree to left, stone pile left-midground, building as continuous backdrop;No significant occlusion between primary objects; each retains clear silhouette and boundaries;Large areas of unoccupied snow provide negative space between objects;The sculpture, though complex in surface geometry, is a single cohesive visual entity and does not interleave with other objects;Windows reflect trees but do not create overlapping foreground-background confusion",IS1/co5/IS_I_C05_D01.jpg
medium,"Two clearly distinguishable people in foreground;One large spherical sculptural object (geometric, segmented, snow-covered);One birch tree with visible trunk and sparse branches;A pile of snow-dusted rocks to the left;A modern building with multiple windows and distinct architectural planes;Several snow mounds and ground snow patches forming separate visual masses",low,"Foreground elements (two people, sculpture) are well-separated spatially with clear gaps between them;Background building is a single coherent structure without overlapping components obscuring each other;No significant occlusion among major objects: people stand in front of building but do not obscure its main features; sculpture floats above without intersecting figures;Snow-covered ground provides uniform negative space that enhances separation of objects;Visual attention can be directed sequentially to each major element without perceptual interference",IS1/co5/IS_I_C05_D03.jpg
high,"Multiple distinct objects are clearly visible: a vase with roses, a wine bottle, a bouquet of fruit (bananas, pears, oranges, apples), a beige teddy bear, a black plush bear, a color checker chart, a ball of yarn, a teacup with saucer and plate stack, a folded shirt collar with cufflinks, a framed photo, a wooden coaster, a newspaper clipping, and decorative straw—totaling >15 separable visual entities.",high,"Objects are densely packed across the tabletop with minimal negative space; many items overlap or abut directly (e.g., fruit pile against bottle and bear, teacup on stacked plates near yarn and shirt, photo frame adjacent to black bear), creating spatial interleaving.;Multiple competing focal regions: left-side floral/fruit cluster, center teddy bear/color chart, right-side black bear/photo—each drawing attention simultaneously, hindering rapid perceptual grouping.;Occlusion occurs: the newspaper is partially covered by fruit and straw; the shirt collar overlaps the cufflink and napkin; the black bear partially hides the background print.",IS1/co4/IS_I_C04_D14.jpg
medium,"Two clearly distinguishable people in foreground;One large spherical sculpture with segmented facets (counted as one object despite internal structure);One bare birch tree with visible trunk and branches;A stone wall/rock pile covered partially in snow (treated as one aggregated object due to cohesion);A multi-section building facade with windows, horizontal siding, and roofline (treated as one architectural mass, though composed of parts);Snow-covered ground with undulations but no distinct discrete objects beyond the above",low,"Objects are spatially well-separated: people stand in open snow, sculpture is elevated and isolated, tree is left of center, rock pile is left background, building forms a continuous backdrop;No occlusion between major objects; each has clear visual boundaries and surrounding negative space;No overlapping elements at the perceptual level—e.g., the sculpture does not intersect with people or building in the image plane;Visual grouping is straightforward: foreground (people), midground (sculpture, tree, rocks), background (building)",IS1/co5/IS_I_C05_D02.jpg
medium,"Two clearly distinguishable people in foreground;One large spherical sculpture (geometric, faceted, snow-covered);One birch tree with visible trunk and sparse branches;A stacked woodpile (visually grouped as one object despite internal parts);A building facade with multiple windows and structural elements (treated as one architectural unit, but windows and roofline add distinct visual parts);Snow mounds and ground surface (treated as background texture, not counted as separate objects)",low,Foreground figures are well-separated spatially and stand out against snow;The spherical sculpture is isolated on its pedestal and does not overlap with other major objects;The birch tree stands apart from the woodpile and building;Large areas of unoccupied snow provide visual breathing space between objects;No significant occlusion or interleaving among primary objects,IS1/co5/IS_I_C05_D04.jpg
medium,"Two clearly distinguishable people in foreground;One large spherical sculptural object (geometric, segmented, snow-covered);One birch tree with visible trunk and sparse branches;A rock pile covered partially in snow (visually cohesive unit);A building facade with multiple windows (treated as a single structural element due to continuous surface and framing);Snow-covered ground forming a continuous base layer",low,"All major objects are spatially separated: people stand apart from sculpture, tree, and rock pile;No occlusion between primary elements; each object has clear visual boundaries;Ample snow-covered negative space between objects reduces spatial density;The sculpture, though complex in geometry, is a single unified form and does not interleave with other objects;Windows reflect sky/trees but do not create perceptual overlap with foreground elements",IS1/co5/IS_I_C05_D05.jpg
medium,"Two clearly distinguishable people in foreground;One large spherical sculpture (geometric, faceted, snow-covered);One birch tree with visible trunk and sparse branches;A stacked rock formation partially covered in snow;A building with multiple windows and wooden panels (treated as one structural object despite subdivisions);Snow mounds and ground cover treated as background texture, not separate objects",low,"Foreground figures are well-separated spatially with clear gaps between them and other elements;The sculpture stands on a pole, elevated and isolated from surrounding objects;The birch tree is positioned to the left, distinct from the rock pile and building;No significant occlusion between major objects; each retains visual integrity;Large areas of unoccupied snow provide negative space that aids separation",IS1/co5/IS_I_C05_D06.jpg
medium,"Two clearly distinguishable people in foreground;One large spherical sculptural object (geometric, segmented, snow-covered);One birch tree with visible trunk and sparse branches;A pile of snow-covered rocks to the left;A modern building with multiple window units and visible structural elements (e.g., roofline, eaves, shutters);Several distinct architectural features: windows, wooden siding panels, snow on roof edges",low,"Large areas of unoccupied snow in foreground and midground provide visual separation;The two people stand apart with clear space between them and surrounding objects;The sculpture is isolated in upper-right and does not overlap with other major elements;The birch tree is spatially separated from the rock pile and building;No significant occlusion among major objects; each retains clear silhouette and boundary;Background building elements are arranged in a regular, non-interleaved pattern with visible gaps (e.g., between windows)",IS1/co5/IS_I_C05_D07.jpg
medium,"Two clearly distinguishable people in the foreground;One large sculptural object (geometric snow-covered sphere) behind the right person;One birch tree on the left with visible trunk and branches;A stone pile covered partially in snow to the left;A building facade with multiple windows and structural elements (e.g., horizontal siding, roofline);Snow mounds forming distinct ground forms",low,"Objects are well-separated spatially: people stand apart from each other and from the sculpture, tree, and stone pile;Minimal occlusion: no major overlapping between primary objects; each retains clear silhouette;Large areas of unoccupied snow provide visual breathing space between elements;The building forms a continuous background plane without fragmented intrusion into foreground;No dense interweaving of shapes or competing focal points that impede rapid grouping",IS1/co5/IS_I_C05_D10.jpg
medium,"Two clearly distinguishable people in foreground;One large spherical sculptural object (geometric, snow-covered);One birch tree with visible trunk and sparse branches;A stone wall or rock pile partially covered in snow;A building with multiple windows and distinct architectural sections (roofline, wood cladding, glass panels);Snowdrifts forming several distinct mounds on ground",low,"Foreground figures are well-separated from each other and from background elements;The sculptural sphere is isolated in upper right, not overlapping with other major objects;Birch tree stands alone on left, with clear negative space around its trunk;Stone wall is spatially distinct and does not interleave with other objects;Building forms a coherent backdrop without fragmented occlusion; windows reflect but do not create visual fragmentation;Snow on ground forms smooth, continuous surfaces with minimal fine texture interference",IS1/co5/IS_I_C05_D09.jpg
medium,"Two clearly distinguishable people in foreground;One large spherical sculptural object (geometric, segmented, snow-covered);One birch tree with visible trunk and sparse branches;A stacked stone wall (visually cohesive but composed of many individual rocks; counted as one object due to strong grouping and continuity);A building facade with multiple windows (treated as one structural object despite multiple panes, as they form a unified architectural surface);Snow mounds and ground cover treated as background texture, not separate objects",low,"All major objects are spatially separated: people stand apart from sculpture, tree, and building;No occlusion between primary objects — each has clear silhouette and surrounding negative space;The sculpture is elevated on a pole, avoiding contact with snow or people;Foreground snow forms smooth, undifferentiated planes that do not interfere with object separation;Visual attention can be directed sequentially (e.g., person → sculpture → tree) without competition",IS1/co5/IS_I_C05_D08.jpg
medium,"Two clearly distinguishable people in foreground;One large spherical sculptural object (snow-covered, segmented);One birch tree with visible trunk and sparse branches;A stacked stone pile covered partially in snow;A modern building with multiple windows and distinct architectural sections (e.g., dark cladding, wood paneling, overhangs);Snow mounds forming several distinct ground masses",low,"All major objects are spatially separated with clear gaps of snow or sky between them;No occlusion among the primary elements: people, sculpture, tree, stone pile, and building are all fully visible and non-overlapping;The background building is horizontally extended but its features (windows, panels) are aligned and not interleaved;The snow-covered ground forms smooth, undulating surfaces that do not fragment the scene into competing visual patches;The composition allows immediate parsing of individual entities without visual search effort",IS1/co5/IS_I_C05_D11.jpg
medium,"Two clearly distinguishable people in foreground;One large spherical sculptural object (geometric, segmented, snow-covered);One birch tree with visible trunk and sparse branches;A rock pile partially covered in snow (visually cohesive unit);Multiple windows on building facade (grouped as architectural features, but individually discernible);Building structure itself (wooden walls, roofline, overhangs) forms several distinct planar elements",low,"Foreground figures are well-separated from each other and from background elements;Large sculpture is isolated in visual space, not overlapping with people or building;Significant snow-covered ground provides empty space between objects;No occlusion between major objects: people, sculpture, tree, and building are all fully visible and spatially distinct;Background architecture is horizontally extended but not densely packed; windows and panels form regular, separable patterns",IS1/co5/IS_I_C05_D12.jpg
medium,"Two clearly distinguishable people in foreground;One large spherical sculpture with segmented panels (counted as one object despite internal structure);One birch tree with visible trunk and branches;A stone wall/rock pile with multiple distinct rocks (treated as a single aggregated object due to tight grouping and snow cover);A building facade with multiple windows and roof sections, but visually unified as one architectural mass;Snow-covered ground with undulations, but treated as background surface, not discrete objects",low,"Foreground figures are well-separated from each other and from background elements;Large sculpture is spatially isolated and does not overlap with people or building;Significant empty snow space between objects provides visual separation;No occlusion between major elements: people, sculpture, tree, and building remain fully visible and distinct;Spatial layout is sparse; no dense packing or interleaving of objects",IS1/co5/IS_I_C05_D13.jpg
medium,"Two clearly distinguishable people in foreground;One large spherical sculpture (geometric, segmented, snow-covered);One birch tree with visible trunk and branches;A rock pile covered partially in snow (visually cohesive unit);A building with multiple windows and wooden facade elements (treated as one structural object with sub-elements like window panes and siding, but not counted individually per definition);Snow mounds forming distinct ground contours",low,"Objects are spatially well-separated: people centered, sculpture to right, tree to left, rock pile left-midground, building forms a continuous backdrop;Minimal occlusion: no major overlapping between primary objects; each retains clear silhouette;Ample snow-covered ground provides negative space between elements;No dense interleaving or visual crowding; scene can be parsed at a glance into discrete components",IS1/co5/IS_I_C05_D14.jpg
medium,"Multiple bare trees (approximately 10–15 distinguishable trunks/branch clusters);At least three distinct building structures with different rooflines and facades;A few visible benches and lampposts in the midground;Snow-covered ground as a uniform foreground, not counted as an object",low,Large expanses of unoccupied snow in the foreground provide ample negative space;Trees are spaced apart with clear separation between trunks and branches;Buildings are spatially distinct with no occlusion between them;No overlapping elements or dense groupings; visual elements are easily separable at a glance,IS1/co6/IS_I_C06_D03.jpg
medium,"Several distinct buildings (at least 3 major structures with different forms);Multiple bare trees (≈8–12 clearly separable trunks and canopy outlines);A few lampposts and benches visible in the midground;A few small human figures (2–3 discernible dark shapes);Snow-covered ground as a single continuous surface, not counted as an object",low,Large expanse of open snow in the foreground creates significant negative space;Buildings are spatially separated with clear gaps between them;Trees stand individually with minimal overlap or occlusion;No dense layering or interleaving of elements; objects are easily segmented at a glance;Horizon line is unobstructed and provides clear visual separation between ground and sky,IS1/co6/IS_I_C06_D01.jpg
medium,"Several distinct bare trees (≈8–12 clearly separable trunks/branch clusters);Three main building structures visible (left low brick block, central angular glass/brick building, right multi-story brick building);A few small lampposts and benches in the midground;Snow-covered ground as a single uniform field (not counted as an object);No dense foliage or small scattered items; objects are discrete and sparse overall",low,"Large expanses of empty snow in foreground and between objects provide clear separation;Buildings and trees are spatially isolated with visible gaps; minimal occlusion;Vertical elements (trees, buildings) are well-separated horizontally and vertically;No overlapping or interleaved structures; scene can be parsed at a glance without visual competition",IS1/co6/IS_I_C06_D04.jpg
medium,"Multiple bare trees (approximately 10–15 distinct trunks/branch clusters) are visible across the midground.;Three main building structures are distinguishable: a prominent angular brick building with a sloped roof, a lower rectangular brick building to its left, and a multi-story brick building to the right.;A few lampposts and low horizontal elements (e.g., benches or railings) are scattered in the snow-covered foreground/midground.;The snowfield in the foreground is largely uniform and lacks discrete objects; it does not contribute to object count.",low,"Objects are well-separated by large expanses of unoccupied snow in the foreground and midground.;No significant occlusion or overlap between buildings and trees; each structure and tree cluster maintains clear visual boundaries.;Spatial density is low: vertical elements (trees, buildings) are spaced apart with ample negative space, enabling easy perceptual segmentation.;The scene presents a single dominant architectural form and a sparse tree line without competing focal regions that interfere with grouping.",IS1/co6/IS_I_C06_D02.jpg
medium,"Multiple bare trees (approximately 10–15 distinguishable trunks/branch clusters);Three main building structures with distinct geometric forms (left low brick block, central angular glass/brick structure, right multi-story brick building);Several lampposts (at least 4 visible);A few benches or low horizontal elements near the treeline;Snow-covered ground as a single continuous foreground plane (not counted as an object)",low,"Large expanses of unoccupied snow in the foreground provide strong separation between elements;Trees are spaced apart with clear gaps; no significant occlusion among them;Buildings are spatially separated and do not overlap visually;No dense interleaving of objects; each major element occupies its own region with ample negative space;Visual grouping is straightforward: foreground snow, midground trees/lampposts, background buildings",IS1/co6/IS_I_C06_D06.jpg
medium,"Several distinct buildings (at least 3 major structures with different forms);Multiple bare trees (approximately 10–15 visually separable trunks/branch clusters);A few lampposts and low horizontal elements (e.g., benches or railings) visible in midground;A few small human figures on the right side;No dense foliage or fine-textured background elements—most objects are coarse and separable",low,"Large expanse of snow in foreground provides significant empty space, separating midground and background elements;Buildings are spatially isolated with clear gaps between them;Trees are sparsely distributed and do not overlap significantly; their bare branches do not create dense visual entanglement;No occlusion between major objects: each building and tree group remains perceptually distinct;Visual grouping is straightforward—no competing focal points pulling attention simultaneously",IS1/co6/IS_I_C06_D05.jpg
medium,"Multiple bare trees (approximately 10–15 distinguishable trunks/branch clusters);Three main building structures with distinct geometric forms (left low block, central angular building, right multi-story block);Several lampposts and small ground-level elements (benches, snow mounds) visible in midground;Foreground is a uniform snow field with no discernible objects",low,Large areas of unoccupied snow in foreground provide substantial negative space;Buildings are spatially separated with clear gaps between them;Trees are sparsely distributed and do not overlap significantly; branches are thin and non-interleaved due to winter leaflessness;No occlusion between major objects—each building and tree group remains visually distinct and separable at a glance,IS1/co6/IS_I_C06_D07.jpg
medium,"Multiple bare trees (approximately 10–15 distinguishable trunks/branch clusters);Three main building structures with distinct geometric forms;Several lampposts and low horizontal elements (e.g., benches, railings);Snow-covered ground as a uniform foreground plane (not counted as an object);No small scattered objects or dense foliage; objects are discrete and separable",low,"Large expanses of unoccupied snow in the foreground provide strong visual separation;Trees are spaced apart with clear gaps between trunks and branches;Buildings are distinct volumes with clean edges and minimal occlusion among them;No overlapping objects or interleaved structures; spatial layout is open and sparse;Perceptual grouping is straightforward: foreground (snow), midground (trees/lampposts), background (buildings)",IS1/co6/IS_I_C06_D08.jpg
medium,"Multiple distinct bare trees (≈10–15 visible trunks/branch clusters);Three main building structures with clearly separable forms (left low block, central angular structure, right multi-story block);Several lampposts and benches scattered in mid-ground;Snow-covered ground as a single continuous surface (not counted as object);Cloud formations in sky are diffuse and not discrete objects",low,"Large expanses of unoccupied snow in foreground provide strong separation between mid- and background elements;Trees are spaced apart with clear gaps; no occlusion among them;Buildings are spatially separated and do not overlap visually;No overlapping or interleaving of objects—each element stands out against the snow or sky background;Visual grouping is straightforward: foreground snow, mid-ground trees/lampposts, background buildings",IS1/co6/IS_I_C06_D09.jpg
medium,"Multiple bare trees (approximately 10–15 distinguishable trunks/branch clusters);At least three distinct building structures with different geometries and rooflines;Several lampposts (visible as discrete vertical elements, ~4–5);A few small human figures near the right building (2–3 distinguishable silhouettes);Snow-covered ground and snow piles are continuous surfaces, not counted as separate objects",low,"Large expanses of unoccupied snow in the foreground provide significant negative space;Trees are spaced apart with clear separation between trunks and branches;Buildings are spatially isolated from each other and from trees, with visible gaps;No occlusion or overlapping between major objects; all key elements are fully visible and separable;Visual grouping is straightforward: foreground snow, midground trees/lampposts, background buildings",IS1/co6/IS_I_C06_D10.jpg
medium,"Multiple bare trees (approximately 10–15 distinguishable trunks/canopies);Three main building structures with distinct geometric forms;Several lampposts and benches visible in mid-ground;A few small human figures (2–3) discernible near the buildings;Snow-covered ground with faint footprints, but these are texture/trace, not separate objects",low,"Large expanse of open snow in foreground provides substantial negative space;Trees are spaced apart with clear gaps between them, no occlusion or overlap;Buildings are separated by distance and unobstructed sightlines;No overlapping elements; all major objects are fully visible and perceptually isolatable;Visual grouping is straightforward: foreground (snow), mid-ground (trees, lampposts, people), background (buildings)",IS1/co6/IS_I_C06_D11.jpg
medium,"Multiple bare trees (approximately 10–15 distinguishable trunks/branch clusters);Three main building structures visible (left low brick, central angular glass/brick, right multi-story brick);Several lampposts and benches scattered in midground;Snow-covered ground with faint footprints and subtle texture variations",low,Large expanse of uniform snow in foreground provides significant empty space;Buildings are spatially separated with clear gaps between them;Trees are spaced apart with minimal occlusion; branches do not densely interweave;No overlapping objects or visual crowding; elements are easily individuated at a glance,IS1/co6/IS_I_C06_D12.jpg
low,"Only one faintly discernible visual entity is present: a human figure (torso and arms), barely visible against near-total darkness.;No other distinct objects, parts, or separable visual elements can be reliably perceived; background is uniformly dark with no distinguishable features.",low,"The single perceived figure occupies a central region with large surrounding empty (dark) space, showing no spatial density or overlap.;There are no competing elements or occlusions; the scene lacks any interleaving or grouping ambiguity due to extreme sparsity of visible content.",IS2/co1/IS_II_C01_D01.jpg
medium,"Multiple bare trees (approximately 10–15 distinguishable trunks/branch clusters);At least three distinct building structures with different shapes and orientations;Several lampposts and benches visible in the midground;A few scattered footprints and small snow mounds in the foreground;A plume of smoke/vapor in the sky, forming one additional visual element",low,"Large expanse of uniform snow in the foreground creates significant empty space;Trees are spaced apart with clear gaps between them, no occlusion or overlap;Buildings are separated by open ground and trees; their forms do not interleave;No dense groupings or overlapping elements—each object stands out individually;Visual elements are distributed sparsely across the frame, allowing easy perceptual separation",IS1/co6/IS_I_C06_D13.jpg
medium,"Multiple bare trees (approximately 10–15 distinguishable trunks/branch clusters);At least three distinct building structures (central angular brick building, left low brick structure, right multi-story brick building);Several lampposts (at least 3 visible);Snow-covered ground as a continuous field (not counted as an object);Roofline details and windows form discrete visual elements but are subcomponents of larger structures",low,"Large expanse of unobstructed snow in the foreground creates significant negative space;Trees are spaced apart with clear separation between trunks and branches;Buildings are distinct and not overlapping; their silhouettes are cleanly separated against the sky;No occlusion between major objects—each building and tree group is visually isolatable;Horizontal layering (foreground snow, midground trees/buildings, background sky) supports easy perceptual segmentation",IS1/co6/IS_I_C06_D14.jpg
low,"A single person (head, torso, arms) is the dominant visual entity.;Two clear glasses on the table (one on left, one held in right hand).;One wristwatch on the left wrist.;The table surface and background are uniform black with no discernible texture or objects.;No other visually separable items (e.g., napkins, utensils, decorations) are present.",low,"All objects are spatially well-separated: person centered, left glass isolated on left, right glass held in hand with clear negative space around it.;No occlusion between objects: the glasses do not overlap the person’s body or each other; the watch is fully visible on the wrist.;Large areas of empty black background provide strong separation between elements.;Only three foreground objects (person, two glasses, plus watch as a sub-element) are clearly delineated with minimal spatial competition.",IS2/co1/IS_II_C01_D02.jpg
low,"A single person is visible (head, torso, arms);One wristwatch on the left wrist;Two drinking glasses (one held in right hand, one on table to left);A dark tabletop surface (treated as background, not a distinct object);No other clearly separable visual entities; background is uniformly black and lacks texture or features",low,"All objects are spatially well-separated: person centered, glasses placed apart with clear gaps;No occlusion between objects—hands, watch, and glasses are fully visible and distinct;Minimal spatial density: large areas of empty black background surround all elements;Only two foreground objects (glasses) plus the person; no overlapping or interleaving",IS2/co1/IS_II_C01_D04.jpg
low,"A single person is the dominant visual element;Two clear glasses (one on left, one held in right hand);One wristwatch on left wrist;The table surface is visible but not segmented into distinct objects;No other discrete, visually separable objects are present in the frame",low,"All objects are spatially well-separated: person centered, glasses placed apart on table and in hand;No occlusion or overlap between objects; each object has clear boundaries against the dark background;Large areas of empty (dark) background provide strong separation;Only three foreground objects (person, two glasses, watch — but watch is attached to person, so effectively three distinct visual entities), with minimal spatial competition",IS2/co1/IS_II_C01_D06.jpg
low,"A single person is the dominant visual element.;Two transparent glasses on the table are clearly distinguishable as separate objects.;A watch on the left wrist is visible as a distinct object.;The shirt and table surface are continuous surfaces, not counted as separate objects under the definition (they lack discrete boundaries as independent entities).;No other visually separable objects are present against the black background.",low,"All objects (person, two glasses, watch) are spatially well-separated with ample negative space around them.;No occlusion or overlap between objects: the glasses sit on the table in front of the person, and the watch is on the wrist without intersecting other elements.;The black background provides strong separation, making each object easily isolatable perceptually.;There is only one primary focal region (the person’s face and upper torso), with secondary elements arranged symmetrically and distantly enough to avoid competing attention.",IS2/co1/IS_II_C01_D03.jpg
low,"The image contains a single person, two transparent glasses (one held, one on table), and a watch on the left wrist — totaling ~4–5 visually distinguishable objects.;The black background is uniform and lacks texture or additional elements; no other objects or parts are perceptually separable.",low,"All objects are spatially well-separated: the person occupies the central region, the two glasses are placed apart on the table surface, and the watch is localized on the wrist without occlusion.;No overlapping or interleaving of objects; clear negative space surrounds each element, enabling easy perceptual segregation at a glance.;Only one dominant focal region (the person’s face/hands), with minimal competing attentional pulls.",IS2/co1/IS_II_C01_D07.jpg
low,"A single person is the central visual entity.;Two transparent glasses on the table are clearly distinguishable as separate objects.;A watch on the person's left wrist is visible as a distinct object.;The shirt and table surface are background/containing surfaces, not counted as separate objects under the definition (only visually distinguishable *objects* or *parts* that stand out as entities).;No other discrete, separable objects are present; the dark background is uniform and non-structured.",low,"The person, two glasses, and watch are spatially well-separated with ample negative space around each.;No occlusion or overlap between the main objects: the glasses sit on the table in front of the person, and the watch is on the wrist without intersecting other elements.;The composition has a clear focal point (the person’s face), and the other elements are arranged symmetrically and sparsely on the table.;At a glance, each object can be easily individuated and grouped without perceptual strain.",IS2/co1/IS_II_C01_D05.jpg
low,"A single person (head, torso, arms) is the dominant visual entity.;Two clear glasses on the table (one partially filled with bubbly liquid, one with water).;One wristwatch on the left wrist.;The shirt and background are uniform surfaces without discrete object parts; they do not count as separate objects under the definition.;Total visually distinguishable objects: person, two glasses, one watch → 4 distinct entities.",low,"Objects are spatially well-separated: the person is centered, glasses are placed to left and right with ample negative space between them and the subject.;No occlusion or overlap among the main objects; each is fully visible and easily isolatable.;The dark background provides strong separation, minimizing visual interference.;Only three foreground objects (two glasses, one watch) plus the person, all arranged with clear spacing—no competing focal points or dense packing.",IS2/co1/IS_II_C01_D08.jpg
low,"A single person is the dominant visual element;Two transparent glasses (one on left, one held in right hand);One wristwatch on left wrist;The table surface is visible but not segmented into distinct objects;No other clearly separable objects are present; background is uniformly dark and featureless",low,"All objects are spatially well-separated: person centered, glasses placed apart with clear negative space between them;No occlusion or overlap among the main elements (glasses, watch, arms, torso);The dark background provides strong separation, enhancing perceptual isolation of each object;Only three foreground objects (person, two glasses, watch counted as part of arm) are visually distinct and easily grouped without competition",IS2/co1/IS_II_C01_D09.jpg
low,"A single person is visible as the central figure.;Two distinct glasses (one on left, one held in right hand) are clearly separable objects.;A watch on the left wrist is a fourth distinguishable object.;The table surface is dark and uniform, contributing no additional discernible objects.;No other visually separable elements (e.g., background items, utensils, decorations) are present.",low,"All objects are spatially well-separated: person centered, glasses placed apart, watch localized on wrist.;No occlusion or overlap between objects; each object occupies its own region with clear boundaries.;Large areas of dark background provide ample negative space, reducing spatial density.;Visual grouping is straightforward: figure + two glasses + watch, with no competing focal points.",IS2/co1/IS_II_C01_D10.jpg
low,"A single person (head, torso, arms) is the primary visual entity.;Two clear drinking glasses on the table — one in front-left, one held in right hand.;One wristwatch on left wrist.;The shirt and background are continuous surfaces, not discrete objects.;Total visually distinguishable discrete objects: person, two glasses, one watch → 4 items, which is few.",low,"All objects are spatially well-separated: person centered, glasses placed apart on a dark reflective surface with ample negative space.;No occlusion or overlap between objects; each object has clear boundaries against the black background.;The composition has a single dominant focal point (the person’s face), with secondary elements positioned peripherally and unambiguously.;The dark uniform background enhances separation, reducing perceptual interference.",IS2/co1/IS_II_C01_D11.jpg
low,"A single person is the dominant visual element.;Two transparent glasses on the table (one partially obscured by the person’s arm, one held in hand).;One wristwatch on the left wrist.;The shirt and background are uniform surfaces without distinct object parts; they do not count as separate objects under the definition (only distinguishable *objects or parts*).;Total visually separable objects: person, two glasses, one watch → 4 items, which qualifies as 'few' (Low quantity).",low,"Objects are spatially well-separated: the person occupies the center, glasses are placed to left and right with clear gaps, watch is localized on wrist.;No occlusion between primary objects: the glasses are not overlapping each other; the person’s hands and arms frame but do not obscure the glasses significantly.;Large black background provides ample negative space, reducing spatial density.;At a glance, elements can be easily segmented and grouped without perceptual effort.",IS2/co1/IS_II_C01_D12.jpg
low,"A single person is visible as the central figure.;Two distinct glasses (one on left, one held in right hand) are clearly separable objects.;One wristwatch on the left wrist is identifiable.;The table surface is a continuous background plane, not counted as an object.;No other visually distinguishable objects or parts are present; background is uniformly dark and featureless.",low,"All objects (person, two glasses, watch) are spatially well-separated with ample dark negative space around them.;No occlusion or overlap between objects: the glasses do not intersect, and the person’s arms and hands are clearly delineated.;The composition has a single dominant focal region (the person’s face and upper torso), with peripheral elements (glasses) placed distinctly apart.;Perceptual grouping is immediate and unambiguous: each object stands out against the dark background without visual competition.",IS2/co1/IS_II_C01_D13.jpg
high,"Multiple distinct objects visible: person, green sofa, red and lime pillows, wine glass, wine bottle, fruit bowl with bananas/oranges/grapes, wooden shelf with books (≥10 spines distinguishable), candles (3), ceramic bowl, framed artwork, potted plant (yucca-like), smaller plant, newspaper, coffee table surface, curtain with leaf pattern (treated as background texture, not counted), and floor area — total visually separable entities exceeds 20.",medium,"Objects are distributed across foreground, midground, and background with moderate spatial separation; e.g., the shelf is organized but densely packed with books and decor items, the coffee table holds multiple overlapping items (bottle, newspaper, bowl), and the sofa area has several pillows and the person partially occluding the seat—but there are still clear gaps (e.g., wall space, floor area) and no severe overlap or visual entanglement preventing object segregation at a glance.",IS2/co2/IS_II_C02_D02.jpg
medium,"A person seated on a sofa (1 distinct figure);Multiple pillows (at least 3: green, red, blue) on the sofa;A wine glass held in hand (1);A bottle of wine on the coffee table (1);A fruit bowl with bananas, oranges, and grapes (counted as 1 container + multiple fruits, but fruits are visually distinct elements — ~5–6 distinguishable fruit items);A newspaper or magazine stack (1–2 layered items);A wooden shelf with books (≥6 visible spines), candles (2), and a red bowl (1);A potted plant (1 trunk + leaf cluster, treated as 1 object; secondary smaller plant near base adds ~1 more);A framed picture on wall (1);Patterned curtain/wallpaper with leaf motifs (treated as background texture, NOT counted per definition)",medium,"Objects are distributed across foreground (coffee table), midground (sofa, person), and background (shelf, plant, curtain), with moderate spatial separation;Some overlap occurs: fruit bowl partially obscures books behind it; person’s arm overlaps pillow; wine glass overlaps torso region;The coffee table contains several items (bottle, newspaper, bowl) in close proximity, creating localized density;The shelf has tightly packed books and objects, but they remain individually discernible without severe occlusion;No extreme crowding or visual fragmentation; scene can be parsed in ~2–3 s without significant perceptual strain",IS2/co2/IS_II_C02_D01.jpg
high,"Multiple distinct objects visible: person, sofa, multiple pillows (at least 3), wine glass, wine bottle, newspaper, fruit bowl with bananas, oranges, grapes, individual fruits distinguishable, bookshelf with ~10+ books (spines visible as separate items), two candles, ceramic bowl on saucer, potted plant with trunk and leaf clusters, framed artwork, curtain with leaf pattern (though pattern is background texture, the large leaf motifs are visually separable elements), small side table, and footrest/coffee table surface.;Even excluding fine-grained texture, there are >20 perceptually separable visual entities.",medium,"Objects are spatially distributed across foreground, midground, and background without severe overlap; e.g., the person sits clearly on the sofa, the coffee table holds items in a relatively ordered layout, and the bookshelf is structured.;However, the left side shows moderate density: books tightly packed on shelves, fruit bowl crowded with multiple fruits, and the coffee table has overlapping items (newspaper partially under bottle, bowl near edge).;The right side (person + sofa + pillows) is less dense, but the curtain’s leaf pattern introduces competing visual elements that slightly increase perceptual load without occlusion.;No extreme occlusion or interleaving; most objects remain individually discernible at a glance, but the number and proximity of items prevent a 'sparse' perception.",IS2/co2/IS_II_C02_D03.jpg
high,"Multiple distinct objects visible: person, wine glass, bottle, newspaper, fruit bowl with bananas/oranges/grapes, several books on shelf (at least 8 spines distinguishable), three candles, ceramic bowl on saucer, potted plant with trunk and fronds, framed artwork, sofa, multiple pillows (green, red, blue), and patterned curtain background with leaf motifs (treated as a single textured background element, not counted as separate objects).;At least 15+ visually separable foreground/midground objects are present, excluding background texture.",medium,"Objects are distributed across multiple planes (foreground table, midground shelf and sofa, background wall/plant), with clear spatial separation between major groupings (e.g., table items vs. shelf vs. person).;Some local density exists: the bookshelf holds many books closely packed, and the coffee table has several items (bottle, newspaper, bowl) in close proximity, but they remain visually separable without significant occlusion.;No severe overlap or interleaving; the person is clearly separated from surrounding objects, and the plant does not obscure major elements. The scene allows for relatively easy perceptual grouping at a glance.",IS2/co2/IS_II_C02_D05.jpg
high,"Multiple books on shelves (at least 10+ spines visible);Fruit bowl containing bananas, oranges, grapes (≥5 distinct fruit items);Bottle of wine, newspaper, candle holders (orange bowl, purple and blue candles), plant with trunk and leaves, framed artwork, sofa with 3 distinct pillows (green, red, blue), person holding wine glass, and additional small objects on table and shelf",medium,"Objects are distributed across multiple planes (foreground table, midground shelf, background sofa/plant/wall) with clear spatial separation between major groups;Minimal occlusion: most objects remain visually distinct; e.g., books are aligned vertically, fruit is contained in a bowl, pillows rest separately on sofa;Some local density exists (e.g., bookshelf area, coffee table items), but sufficient negative space and depth cues allow perceptual grouping without significant interference;No severe overlapping or interleaving that impedes rapid segmentation of elements",IS2/co2/IS_II_C02_D06.jpg
medium,"A person seated on a sofa (1 distinct figure);Sofa with at least three visible cushions (green, red, blue — 3 distinct objects);Potted plant with trunk and fronds (1 object, though multi-part, perceived as unit);Small wooden shelf holding: bowl of fruit (1), bottle (1), two candles (2), red bowl on saucer (1), and multiple books (≥5 spines visible, but grouped as bookshelf contents — conservatively counted as 1–2 visual units due to alignment and uniformity);Coffee table with newspaper (1), wine bottle (1), and partial surface (1);Framed artwork on wall (1);Patterned curtain with leaf/cherry motif (treated as background texture, not counted as discrete objects per definition)",medium,"Objects are distributed across foreground (table), midground (person, sofa, plant), and background (shelf, wall), with moderate spatial separation;Some overlap/occlusion: person partially obscures green cushion; fruit bowl overlaps shelf edge; newspaper and bottle on table are adjacent but not heavily interleaved;Multiple competing visual regions: person’s face/hand, wine glass, fruit bowl, and shelf items each draw attention, but none dominate overwhelmingly;No extreme density: empty wall space above shelf, visible floor area, and clear gaps between major elements prevent high clutter",IS2/co2/IS_II_C02_D04.jpg
medium,"A person (1), a sofa with multiple pillows (at least 3 distinct pillows: green, red, blue), a wine glass (1), a bottle (1), a fruit bowl with multiple fruits (bananas, oranges, grapes — visually separable as distinct items), a newspaper (1), a side table (1), a bookshelf with ~12 visible books/spines, two candles and a bowl on the shelf (3), a potted plant (1), a framed picture (1), and a curtain pattern (treated as background texture, not counted). Total distinguishable objects ≈ 25–30, which is moderate—not sparse, but not densely packed.",medium,"Objects are distributed across distinct zones (left shelf, center table, right sofa), reducing overlap; however, the bookshelf contains tightly aligned books with similar colors and heights, creating local density; the fruit bowl contains overlapping fruits; the sofa has multiple pillows in close proximity with partial occlusion; the foreground table holds bottle, newspaper, and bowl in relatively tight arrangement. No severe occlusion or visual fusion, but some spatial crowding in localized areas prevents effortless separation at a glance.",IS2/co2/IS_II_C02_D07.jpg
medium,"A person (1), a green armchair (1), multiple pillows (at least 3 distinct colors: lime, red, blue), a wine glass (1), a wine bottle (1), a fruit bowl with bananas, oranges, grapes (counted as 1 container + ~5 visible fruit items), a newspaper (1), a small table (1), a wooden shelf unit (1), books on shelf (~8 visible spines), candles (3), a red bowl on saucer (1), a potted plant (1 large yucca-like, 1 smaller leafy plant), and a framed artwork (1). Total visually distinguishable objects ≈ 20–25, which is moderate—not sparse, but not densely packed.",medium,"Objects are distributed across distinct zones (left shelf/table, center floor/plant, right sofa), reducing overlap; however, the left side shows spatial density: books tightly stacked, fruit bowl next to bottle and newspaper on same small table, candles above books—creating local crowding. The sofa area has overlapping pillows and the person’s limbs partially occluding the chair and cushions. No severe occlusion or visual entanglement, but enough proximity and competing elements (e.g., colorful pillows, patterned shirt, leafy curtain) to hinder instant perceptual grouping. Not low clutter due to localized density; not high because major regions remain separable.",IS2/co2/IS_II_C02_D09.jpg
medium,"A person seated on a sofa (1);Sofa with at least three distinct pillows (green, red, blue) (3+);Wine glass held in hand (1);Bottle of wine on coffee table (1);Newspaper on coffee table (1);Wooden bowl of fruit containing bananas, oranges, grapes (counted as one composite object due to tight grouping and shared container) (1);Bookshelf with ~10–12 visible book spines (treated as individual distinguishable objects) (10–12);Three candles and a red bowl on shelf (4);Potted plant (yucca-like) behind sofa (1);Smaller plant beside it (1);Framed artwork on wall (1);Curtain with leaf pattern (pattern not counted as objects; only the curtain as a single background element) (1)",medium,"Objects are distributed across multiple zones (left shelf, coffee table, sofa, background), reducing overall density;Some spatial overlap: newspaper partially covers coffee table surface, fruit bowl sits near bottle, books tightly packed on shelf;Pillows on sofa are adjacent but not overlapping; person’s posture creates visual separation from surrounding items;No severe occlusion—most objects remain fully or largely visible;Moderate number of competing focal points: person, wine glass, fruit bowl, and bookshelf all draw attention, but spacing allows perceptual grouping",IS2/co2/IS_II_C02_D08.jpg
high,"Multiple distinct objects visible: person, green sofa, three pillows (green, red, blue), wine glass, bottle, newspaper, fruit bowl with bananas/oranges/grapes, wooden shelf with books, candles, bowl, and plant pot, plus a tall potted plant, framed artwork, and patterned curtain — totaling >15 clearly separable visual entities.",medium,"Objects are spatially distributed across foreground, midground, and background with some separation (e.g., sofa vs. shelf vs. wall), reducing overlap; however, the coffee table holds several items (bottle, newspaper, fruit bowl) in close proximity, and the shelf is densely packed with books and decor, creating localized density; no severe occlusion, but multiple competing elements (person, wine glass, fruit, pillows, plant) draw attention simultaneously.",IS2/co2/IS_II_C02_D10.jpg
high,"Multiple distinct objects visible: person, sofa, three pillows (green, red, blue), wine glass, wine bottle, newspaper, wooden fruit bowl, bananas, oranges, grapes, small potted palm tree, second smaller plant, framed artwork, shelf unit, five books on top shelf (including colored spines and candles), three candles (orange bowl, purple, blue), and multiple books on lower shelf (at least 8 visible spines).;Each book spine, candle, fruit, and pillow is visually separable as an individual entity; total count exceeds 20 distinguishable objects.",medium,"Objects are arranged in distinct zones (left shelf area, central floor table, right sofa area), providing some spatial separation.;However, the left shelf and coffee table contain densely packed items: books tightly aligned, fruit bowl overlapping with bottle and newspaper, candles grouped on shelf—creating localized high-density regions.;No severe occlusion between major objects (e.g., person not obscured, sofa clearly visible), but perceptual grouping requires effort due to competing mid-ground elements (e.g., plant, shelf, and sofa all occupy similar depth planes).;The background curtain pattern adds visual texture but per instructions is ignored for clutter; only object arrangement matters.",IS2/co2/IS_II_C02_D11.jpg
medium,"Three people are clearly distinguishable as separate visual entities.;Multiple books on a shelf (approx. 15–20 visible spines, grouped but individually discernible).;Several distinct objects on the floor: snack bag, board game box, red can, small black object, red shopping bag, and a low table with a board game on it.;Two potted plants (left and behind person), a framed picture, and decorative items on the shelf (bowls, candles).;Furniture elements: couch, low table, cushion under left person — all visually separable.",medium,"Objects on the floor (snack bag, game box, can, bag) are clustered in a small central area, creating local spatial density.;The low table holds a board game with many small components visible, contributing to localized visual density.;The bookshelf is densely packed with books and objects, but they remain mostly non-overlapping and arranged in rows, limiting occlusion.;People occupy distinct zones (floor left, floor right, couch back), reducing overall overlap; no major occlusion between main figures.;Background wallpaper has repeating leaf pattern, but per instructions, background texture is ignored for clutter assessment.",IS2/co3/IS_II_C03_D01.jpg
medium,"A person (1), a sofa with multiple pillows (at least 3 distinct pillows: green, red, blue), a wine glass (1), a bottle (1), a fruit bowl with bananas, oranges, and grapes (counted as one container + multiple fruits but visually grouped; still contributes several distinguishable elements), a newspaper (1), a small table (1), a bookshelf with ~8 visible books/spines, 3 candles, 1 ceramic bowl on a saucer, 1 potted plant (yucca-like) with trunk and fronds, 1 smaller plant behind it, 1 framed picture on wall, and a curtain with leaf pattern (pattern not counted as objects, but the curtain as a single background element). Total visually separable entities ≈ 20–25, which is more than 'few' but not densely packed—hence medium.",medium,"Objects are distributed across foreground, midground, and background with some spatial separation, but there are zones of density: the left side has bookshelf, fruit bowl, bottle, newspaper, and candles in close proximity; the sofa area has overlapping pillows and the person partially occluding the green pillow. The fruit bowl contains multiple fruits that are tightly packed and visually interleaved. The bookshelf items are aligned but closely spaced, creating moderate local density. However, large empty wall areas and clear separation between major regions (e.g., person vs. shelf) prevent high clutter. No severe occlusion or visual confusion, but not sparse either.",IS2/co2/IS_II_C02_D12.jpg
medium,"A person (1), a green armchair (1), three pillows (green, red, blue) (3), a wine glass (1), a bottle of wine (1), a fruit bowl with multiple fruits (counted as 1 composite object), a newspaper (1), a small table (1), a wooden shelf unit (1), books on shelf (grouped as ~1–2 visual units due to alignment), candles and bowl on shelf (3 distinct items), a potted plant (1), a framed picture (1), and a leaf-patterned curtain (treated as background texture, not counted). Total distinguishable foreground/midground objects ≈ 12–15, which is moderate.",medium,"Objects are spatially distributed but not sparse: the shelf holds multiple items in close proximity (candles, bowl, books), the coffee table holds bottle, newspaper, and edge of fruit bowl, and the armchair area contains overlapping pillows and the person’s limbs partially occluding the chair. However, there are clear gaps (e.g., wall space, floor area), no severe occlusion between major objects, and most items remain perceptually separable at a glance—no dense interleaving or visual crowding that impedes segmentation.",IS2/co2/IS_II_C02_D13.jpg
high,"Three people visible as distinct visual entities;Multiple books on two shelves (dozens of spines distinguishable);Several decorative items on shelf: bowls, candles, dish;Board game on low table with tokens and central board;Snack bag (Juusto Snacks), Trivial Pursuit box, purple card holder, red gift bag;Coca-Cola can, water bottle, red cushion, blue rug, green sofa with multiple pillows;Potted plant with many leaves, framed artwork, patterned curtain with repeated leaf/cherry motifs;Various clothing items and accessories (glasses, socks, shoes partially visible)",medium,"Objects are distributed across floor, table, shelves, and furniture without dense overlap;Most foreground objects (snack bag, game box, drinks) sit on blue rug with clear spacing between them;Background elements (shelf, sofa, curtain) are layered but not heavily occluding each other;Some mild spatial density near the low table and floor area where game components and snacks cluster;No severe occlusion; individuals and major objects remain visually separable at a glance",IS2/co3/IS_II_C03_D02.jpg
medium,"Three people are clearly distinguishable visual entities.;Multiple distinct objects on the floor: snack bag, soda can, board game box, card holder, plastic bottle, blue mat, red cushion.;Furniture elements: bookshelf with visible books (multiple spines), low table with board game, sofa with pillows, side table.;Decorative items: framed picture, potted plants (at least two), bowls and cups on shelf, patterned curtain.;Total visually separable entities number ~15–25, not sparse but not densely packed—coarse estimate: moderate.",medium,"Objects on the floor (snacks, drinks, games) are grouped in a localized area but remain mostly non-overlapping and individually discernible.;The bookshelf contains many books, but their spines are aligned and separable; no severe occlusion.;People occupy distinct spatial zones (left, center-right, background), with minimal overlap between figures and foreground objects.;Some visual competition exists (e.g., colorful snack bag, board game, bottle on blue mat), but no dense interleaving or heavy occlusion that impedes segmentation.;Background curtain has a busy pattern, but per definitions, background texture is excluded from clutter assessment; only object-level spatial relationships count.",IS2/co3/IS_II_C03_D03.jpg
medium,"Three people are visually distinguishable as separate figures.;A bookshelf with multiple books (visually grouped but individually discernible as vertical elements).;At least two snack bags, a can, and a small bottle on the floor/low surface.;A framed picture on the wall, a potted plant on the left, and another plant behind the person on the right.;A low table or surface holding what appears to be a board game or spread items.;Total distinguishable objects: ~10–15 discrete visual entities (people, furniture, containers, plants, wall art, etc.).",high,"Objects are densely packed in the central-lower half of the image (snacks, drinks, game, people’s legs overlapping).;Significant occlusion: people partially obscure each other and foreground objects; the person on the right overlaps the central table area.;Low lighting reduces contrast and edge definition, making separation of adjacent objects harder (e.g., legs vs. floor, bags vs. shadows).;Multiple competing mid-ground elements (bookshelf, table, snacks) create visual competition without clear spatial separation or negative space.",IS2/co3/IS_II_C03_D04.jpg
high,"Three people visible as distinct figures;Multiple books on a shelf (at least 10+ spines distinguishable);Several containers on the shelf (red bowl, brown bowl, blue cylinder, etc.);At least two potted plants with distinct foliage structures;A framed picture on the wall;A small low table with items on top (board game components, cards);Snack bag (Juicy Snacks), soda can, water bottle, board game box, and other small objects on floor/mats;Couch with cushions, and a red cushion on floor under one person;Patterned wallpaper with repeating leaf/cherry motifs (treated as background texture, not counted as objects per definition — but foreground objects are numerous)",high,"Objects densely packed on the floor: snack bag, cans, game boxes, and personal items occupy overlapping visual space near the center;The low bookshelf is tightly filled with books and containers, with minimal empty space;People sit in close proximity, partially occluding each other and nearby objects (e.g., person on right partially obscures game box and bottle);Multiple competing focal regions: left person + phone, center floor items, right person + bottle, background shelf and plants — no clear visual hierarchy or separation;Floor mats and scattered items create interleaved layers that hinder perceptual grouping",IS2/co3/IS_II_C03_D05.jpg
high,"Three people present as distinct visual entities;Multiple books on shelves (at least 15–20 visible spines);Several decorative objects on shelf: bowls, vases, candles (≥5);Board game on low table with visible components (cards, tokens);Snack bag (Juusto Snacks), two beverage containers (Coca-Cola can, Jaffa bottle);Game boxes on floor (Trivial Pursuit ×2, plus red box);Card holder and loose cards on floor;Potted plant (left), second plant behind sofa, framed artwork, curtain pattern elements;Furniture: two small tables, sofa, cushions, floor mats, pillows — each contributing separate visual units",medium,"Objects are distributed across floor, low table, shelf, and sofa, with moderate spatial separation;Some overlap/occlusion: e.g., snack bag partially covers game box; person’s legs intersect with floor items;No extreme density in any single region; floor area has open wood space between items;Visual grouping is possible: e.g., game-related items cluster near center, books form a coherent shelf unit;Background elements (curtain pattern, plant leaves) add texture but do not significantly interfere with foreground object separation",IS2/co3/IS_II_C03_D07.jpg
high,"Three people visible as distinct figures;Multiple books on shelf (at least 15+ spines distinguishable);Several decorative objects on shelf (bowls, candles, dish);Board game on low table with tokens and cards;Snack bag (Justo Snacks), two beverage containers (Coca-Cola can, Jaffa bottle), purple card holder, Trivial Pursuit box, red gift bag, and small stack of cards on floor;Furniture elements: green sofa, wooden bookshelf, low table, red cushion, blue rug;Plants: large potted plant left, smaller plant behind sofa, leafy curtain pattern (treated as background texture, not counted), framed artwork;Clothing items and accessories (glasses, socks, shoes) add further distinguishable parts",medium,"Objects are distributed across floor, low table, shelf, and sofa, with some spatial separation;Floor area contains multiple items (snack bag, drinks, game box, cards, rug) in close proximity but mostly non-overlapping;Bookshelf is densely packed but organized vertically; books remain individually discernible;No severe occlusion between major objects; people are seated with clear personal space;Visual attention is drawn to several focal regions (game table, snack bag, people), but scene remains parseable without excessive effort",IS2/co3/IS_II_C03_D06.jpg
high,"Three people visible as distinct visual entities;Multiple books on two shelves (dozens of spines distinguishable);Several containers on shelf (bowl, red cup, blue cylinders);Board game on low table with colorful surface and pieces;Snack bag (Juusto Snacks), two board game boxes (e.g., 'Trivial Pursuit'), a purple object, a Coca-Cola can, and a plastic bottle on floor;Potted plant left, second potted plant behind sofa, framed artwork on wall;Sofa with cushions, small stool or chair under right person, red cushion under left person;Wallpaper pattern with repeated leaf/cherry motifs (but per definition, background texture is NOT counted as objects; however, the large-scale leaf elements are visually distinct and contribute to object count)",high,"Objects densely packed on floor: snack bag, game boxes, can, bottle, and cards within close proximity with minimal empty space;Low bookshelf is fully filled with books and containers, creating vertical stacking and occlusion;People seated in overlapping spatial zones—left person on floor near shelf, right person on mat near sofa, middle person partially behind table—creating layered depth and partial occlusions;Multiple competing focal regions: floor items, shelf, table game, people’s hands/objects they hold, and background plants/wallpaper all draw attention simultaneously;Visual separation is impeded by shared color tones (e.g., blues, reds) and lack of clear spatial boundaries between object groups",IS2/co3/IS_II_C03_D08.jpg
medium,"Three people are clearly distinguishable visual entities.;Multiple distinct objects on the floor: a board game (Trivial Pursuit), a snack bag, a soda can, a small purple box, and a water bottle — at least 5 items.;Furniture elements: a low table, a bookshelf with visible books (≥10 spines), a sofa, and two potted plants.;Wall decor: one framed picture and patterned curtain/covering with leaf motifs (treated as background texture, not counted as discrete objects).;Total visually separable objects ≈ 20–30 (people, furniture pieces, floor items, books as grouped but individually discernible spines), which falls in the medium range.",medium,"Objects on the floor (game, snacks, drinks) are spatially close but not overlapping; they occupy a localized area without severe occlusion.;The bookshelf is densely packed with books, creating local high-density regions, but the shelf itself is a coherent structure that aids grouping.;People are seated in distinct zones (left, right, back), reducing interpersonal overlap; however, their proximity to floor objects creates moderate visual competition for attention.;No extreme occlusion or interleaving; most objects retain clear boundaries and are perceptually separable with minimal effort, but the scene lacks large empty spaces, preventing low clutter.;The leaf-patterned wall adds texture but does not significantly interfere with foreground object separation; thus, it contributes minimally to clutter.",IS2/co3/IS_II_C03_D09.jpg
high,"Three people visible as distinct figures;Multiple books on shelves (at least 10+ spines distinguishable);Several decorative objects on shelf: red bowl, wooden bowl, two cylindrical candles, glass dish;Framed artwork on wall;Two potted plants (one left, one behind sofa);Board game on low table with colorful surface and pieces;Snack bag (Jussi Snacks), soda can, water bottle, small purple box, and game box on floor;Couch with cushions, rug, and wooden floorboards contributing to segmented visual elements",high,"Objects densely packed on the low bookshelf and floor area;Overlapping visual layers: people seated in foreground partially occlude floor items (snack bag, cans, game box);Multiple mid-ground elements compete for attention: board game, books, shelf decor, plants;Floor items are spatially interleaved with seated individuals’ limbs and clothing, reducing separation;Limited empty space between objects—e.g., snack bag sits near can and game box with no clear gaps",IS2/co3/IS_II_C03_D12.jpg
medium,"Three people are clearly distinguishable as separate visual entities.;A bookshelf with multiple books (visually grouped but individually discernible as distinct volumes).;Several discrete objects on the floor: snack bag, soda can, game box, small container, and a low table with items on it.;Two potted plants (left and behind person), a framed picture, and wall decor (leafy pattern) — though the wallpaper is background texture and not counted as objects; only the plant pots and frame count as distinct objects.;Total visually separable entities: ~10–15 (people, furniture pieces, containers, plants, shelf, table, framed art, etc.) — more than few, fewer than many.",high,"Objects are densely packed in the central floor area: snack bag, can, game box, and table all occupy a small region with minimal separation.;Partial occlusion: the person on the left partially obscures the red cushion; the person on the right overlaps with foreground objects; the middle person is partially hidden behind the table.;Multiple competing focal regions: faces of three people, the colorful snack bag, the game board on the table, and the bookshelf all draw attention simultaneously.;Low spatial separation between foreground and midground elements (e.g., floor items near seated people), reducing perceptual grouping ease.;The dim lighting exacerbates difficulty in separating adjacent elements, though per definition we assess *perceptual* separability — and even under these conditions, the density and overlap remain evident.",IS2/co3/IS_II_C03_D10.jpg
high,"Three people present as distinct visual entities;Multiple books on two shelves (dozens visible, varying colors and spines);Several decorative objects: potted plant (left), second plant (right), framed artwork, bowls, candles on shelf;Game table with board game components (tokens, cards, board surface);Snack bag (Juusto Snacks), Coca-Cola can, water bottle, red Hugo shopping bag, Trivial Pursuit box, purple card holders, playing cards in hands;Furniture elements: low table, side table, sofa, cushions, floor mats, curtains with leaf pattern (patterned but treated as background texture, not counted as objects; however, the curtain’s large-scale leaf motifs are visually distinct and contribute to object count);Clothing items (shirts, jeans, socks) are not counted as separate objects per standard practice unless detached; only worn garments as part of person silhouettes",medium,"Objects are distributed across floor, low table, shelves, and sofa, with moderate spatial density in central area (e.g., snacks, games, bottles clustered on floor mat);Some occlusion: books partially overlap on shelves; game components on table partially cover each other; person on right partially obscures sofa cushion;No extreme crowding or overlapping that prevents segmentation—most objects retain clear boundaries and are separable at a glance;Background elements (curtain pattern, plants) are visually distinct but do not heavily interfere with foreground object separation;Three focal regions (left person, center game area, right person) compete mildly for attention, but scene remains parseable without prolonged effort",IS2/co3/IS_II_C03_D11.jpg
medium,"Three people are clearly distinguishable visual entities.;A bookshelf with multiple books (≈15–20 visible spines), plus decorative items (bowl, cups, plant pot) on top.;A low table with a board game (one object, but with many small components like cards and tokens visible on its surface).;Floor-level objects: two snack bags, two beverage containers (can and bottle), a box (Trivial Pursuit), and small purple blocks — ≈6–8 distinct items.;Furniture: sofa, cushion(s), red floor cushion, blue rug — ≈4–5 major pieces.;Wall elements: framed artwork, potted plant left, potted plant behind shelf, leafy wallpaper pattern (but wallpaper is background texture, not counted as objects).;Total visually separable objects ≈30–40, which is more than 'few' but not dense enough for 'high' quantity.",medium,"Objects are distributed across floor, table, shelf, and sofa, with moderate spatial density in the central area (table + floor items).;Some occlusion: the board game partially covers the table; snack bags and game box sit close together on the rug, with overlapping visual boundaries.;The floor area has several items (bags, can, bottle, box, blocks) within a confined region (~1 m²), creating local crowding.;However, large areas remain relatively open: left side of floor, right side near sofa, and upper wall space are sparse, preventing high clutter.;No severe interweaving or deep layering; most objects retain clear silhouettes and separation at glance, though grouping requires attention.",IS2/co3/IS_II_C03_D13.jpg
high,"Multiple distinct objects are clearly visible: a wine bottle, a bouquet of red roses in a vase, a beige teddy bear with bow, a black plush animal, a framed photograph, a white teacup with saucer and spoon, a ball of yarn, an apple, an orange, two pears, several small tomatoes, a folded white shirt, a wooden coaster, a newspaper, a color checker chart, and decorative straw — totaling >15 visually separable entities.",high,"Objects are densely packed across the tabletop with minimal negative space; many items overlap or abut closely (e.g., fruit pile near bottle and bear, teacup on saucers partially overlapping newspaper, yarn next to apple and cup, shirt folded beside frame and coaster).;Multiple competing focal regions exist: left-side fruit/bottle/bear, center teacup/yarn/color chart, right-side photo/black plush/shirt — causing visual interference and difficulty in rapid perceptual grouping.;Occlusion is present: the black plush partially hides the background poster, the newspaper is partially covered by fruit and cup, and the yarn obscures part of the apple.",IS2/co4/IS_II_C04_D01.jpg
high,"Multiple distinct objects are clearly visible: a vase with red roses and greenery, a wine bottle, a beige teddy bear with bow, a black plush panther, a framed photo, a white teacup with saucer and spoon, a newspaper, a ball of yarn, an apple, an orange, pears, straw bundle, folded shirt, rolled napkin on wooden board, color checker chart, and background landscape print — totaling >15 visually separable entities.",high,"Objects are densely packed across the tabletop with minimal negative space; several items overlap or abut closely (e.g., teddy bear touches wine bottle and orange, teacup sits on saucers which rest on newspaper, yarn overlaps apple, framed photo leans against plush panther), creating spatial interleaving that impedes immediate perceptual segregation.;Multiple competing focal regions exist: left-side floral/wine/fruit group, center teacup/yarn/newspaper cluster, right-side plush/photo/shirt group — each drawing attention simultaneously without clear visual hierarchy or separation.;The color checker chart and background landscape print add layered visual elements that intersect with foreground object boundaries, increasing segmentation difficulty.",IS2/co4/IS_II_C04_D02.jpg
high,"Multiple distinct objects are clearly visible: a wine bottle, a bouquet of roses in a vase, a beige teddy bear, a black stuffed animal, a framed photograph, a color checker chart, a cup-and-saucer set, a ball of yarn, an apple, an orange, pears, straw bundle, newspaper, folded shirt, patterned cloth roll, wooden coaster, and background landscape print — totaling >15 distinguishable visual entities.",high,"Objects are densely packed across the tabletop with minimal negative space; several items overlap or abut closely (e.g., teddy bear touches orange and wine bottle, yarn sits atop apple, cup overlaps saucer stack, shirt lies partially over coaster and cloth roll), creating interleaved boundaries that impede rapid perceptual segregation.;Multiple competing focal regions exist: left-side fruit/bottle/bear cluster, center cup/yarn/chart, right-side photo/stuffed animal/shirt—each drawing attention simultaneously without clear visual hierarchy or separation.;The background landscape print adds a large secondary visual plane that partially merges with foreground objects at edges (e.g., near black stuffed animal), increasing spatial ambiguity.",IS2/co4/IS_II_C04_D04.jpg
high,"Multiple distinct objects are clearly visible: a bouquet of roses in a vase, a wine bottle, a beige teddy bear, a black stuffed animal, a framed photograph, a color checker chart, a ball of yarn, an apple, an orange, pears, bananas, a teacup with saucer and spoon, a folded white shirt, a wooden coaster, a rolled napkin, a newspaper, and straw packaging — totaling >15 distinguishable visual entities.",high,"Objects are densely packed across the tabletop with minimal negative space; many items overlap or abut closely (e.g., fruit pile near newspaper, teddy bear adjacent to wine bottle and orange, teacup near yarn and napkin), creating spatial crowding.;Multiple competing focal points exist simultaneously: the bright red roses, the colorful chart, the smiling photo, the white shirt collar, and the teddy bear all draw attention without clear visual hierarchy.;Occlusion is present: the black stuffed animal partially obscures the background poster; the newspaper is partially covered by fruit and straw; the yarn overlaps the apple and plate edge — reducing perceptual separability.",IS2/co4/IS_II_C04_D03.jpg
high,"Multiple distinct objects are clearly visible: a wine bottle, a bouquet of roses in a vase, a beige teddy bear, a black stuffed animal, a framed photograph, a color checker chart, a newspaper, a teacup with saucer, a ball of yarn, an orange, a pear, a lemon, an apple, a folded shirt, a wooden coaster, a rolled fabric item, and decorative straw — totaling >15 visually separable entities.",high,"Objects are densely packed across the tabletop with minimal negative space; many items overlap or abut closely (e.g., fruit pile against bottle, bear beside cup, yarn near photo), creating visual competition for attention; the background includes both a plain wall and a large landscape print, adding depth layers that interfere with foreground separation; the color chart and framed photo act as strong competing focal points alongside the central bear and flowers.",IS2/co4/IS_II_C04_D05.jpg
high,"Multiple distinct objects are clearly visible: a wine bottle, a bouquet of red roses in a vase, a beige teddy bear with bow, a black plush panther, a framed photograph, a newspaper (Le Monde), a teacup with saucer and spoon, a ball of white yarn, an apple, an orange, pears, a banana, straw bundle, a folded white shirt with cufflinks, a patterned napkin roll, a wooden trivet, a color checker chart, and a large background landscape print — totaling >15 visually separable entities.",high,"Objects are densely packed across the tabletop with minimal negative space; many items overlap or abut closely (e.g., fruit pile touches bear and bottle, teacup sits on saucer which rests on newspaper, napkin roll lies across shirt collar, black plush partially obscures photo frame).;Multiple competing focal regions exist: left-side fruit/bottle/bear, center teacup/yarn/apple, right-side photo/plush/shirt — making rapid perceptual grouping difficult.;Spatial interleaving occurs: the newspaper underlies several objects, the color chart is wedged between bear and plush, and the landscape backdrop merges visually with foreground elements at the right edge, increasing segmentation difficulty.",IS2/co4/IS_II_C04_D06.jpg
high,"Multiple distinct objects are clearly visible: a wine bottle, a bouquet of red roses in a vase, a beige teddy bear with bow, a black plush animal, a framed photograph, a newspaper, a teacup with saucer and spoon, a ball of white yarn, an apple, an orange, two pears, straw bundle, folded white shirt collar, patterned cufflink/cuff, wooden coaster, color checker chart, and background landscape print — totaling >15 visually separable entities.",high,"Objects are densely packed across the tabletop with minimal negative space; many items overlap or abut closely (e.g., fruit pile near bottle and bear, cup near yarn and newspaper, shirt collar partially covering coaster), creating spatial interleaving; multiple strong visual anchors (roses, teddy bear, photo, color chart) compete for attention, making rapid perceptual grouping difficult.",IS2/co4/IS_II_C04_D09.jpg
high,"Multiple distinct objects are clearly visible: a wine bottle, a bouquet of red roses in a vase, a beige teddy bear with bow, a black plush bear, a framed photograph, a newspaper, a teacup with saucer and spoon, a wooden coaster, a folded white shirt with cufflinks, a ball of yarn, an apple, an orange, pears, tangerines, a color checker chart, and decorative straw — totaling >15 distinguishable items.",high,"Objects are densely packed across the tabletop with minimal negative space; many items overlap or abut closely (e.g., fruit pile near newspaper, teddy bear partially behind wine bottle, yarn next to cup, shirt overlapping coaster), creating visual interleaving.;Multiple competing focal regions: left-side floral/wine/fruit cluster, center teacup/yarn/color chart, right-side photo/black bear/shirt — each drawing attention simultaneously, impeding rapid perceptual grouping.;Occlusion is present: the beige bear partially hides the wine bottle base; the newspaper is partially covered by fruit and straw; the black bear is partially behind the photo frame.",IS2/co4/IS_II_C04_D07.jpg
high,"Multiple distinct objects are clearly visible: a wine bottle, a bouquet of roses in a vase, a beige teddy bear, a black stuffed animal, a framed photograph, a white teacup with saucer and plate, a ball of yarn, an apple, an orange, pears, bananas, straw bundle, folded newspaper, a white shirt collar with cufflinks, a wooden coaster, a color checker chart, and a large printed backdrop image — totaling >15 distinguishable visual entities.",high,"Objects are densely packed on the tabletop with minimal negative space; many items overlap or abut closely (e.g., fruit pile touches newspaper, bear sits beside bottle and orange, cup stack rests near yarn and shirt), creating spatial interleaving.;Multiple competing focal regions: left-side fruit/bottle/bear cluster, center teacup/yarn/color chart, right-side photo/stuffed animal/shirt — each draws attention simultaneously, hindering rapid perceptual grouping.;Occlusion occurs: the black stuffed animal partially hides the backdrop edge and overlaps the photo frame’s lower-left corner; the newspaper is partially covered by fruit and straw.",IS2/co4/IS_II_C04_D08.jpg
high,"Multiple distinct objects are clearly visible: a wine bottle, a bouquet of red roses in a vase, a beige teddy bear, a black plush animal, a framed photograph, a color checker chart, a ball of white yarn, an apple, an orange, two pears, several small citrus fruits, a newspaper, a teacup with saucer and plate, a folded white shirt collar, a wooden coaster, a patterned fabric roll, and straw-like material — totaling >15 visually separable entities.",high,"Objects are densely packed on the tabletop with minimal negative space; many items overlap or abut directly (e.g., fruit pile touches bottle and bear, newspaper under bear’s foot, cup stack partially occludes yarn, shirt collar lies atop fabric roll), creating interleaved boundaries that impede rapid perceptual segregation.;Multiple competing focal regions exist: left-side fruit/bottle/bear cluster, center teacup/yarn/color chart, right-side photo/black plush/shirt — each drawing attention simultaneously without clear visual hierarchy or separation.;The background includes a large printed landscape and a color chart, adding further visual elements that compete with foreground objects for attention, increasing overall perceptual load.",IS2/co4/IS_II_C04_D10.jpg
high,"Multiple distinct objects are clearly visible: a wine bottle, a bouquet of roses in a vase, a beige teddy bear, a black stuffed animal, a framed photograph, a teacup with saucer and plate, a ball of yarn, an apple, an orange, pears, a newspaper, a folded shirt, a wooden coaster, a color checker chart, and decorative straw — totaling >15 distinguishable visual entities.",high,"Objects are densely packed across the tabletop with minimal negative space; several items overlap or abut closely (e.g., teddy bear touches orange and wine bottle, yarn sits beside cup and apple, shirt lies near coaster and photo frame), creating interleaved boundaries that hinder rapid perceptual segmentation.;Multiple strong focal regions compete for attention: the bright red roses, the colorful color chart, the smiling face in the photo, and the white teacup—each drawing gaze simultaneously, increasing visual interference.;The background is split (gray wall vs. landscape print), adding a second layer of visual structure that interacts with foreground objects, further reducing spatial separation.",IS2/co4/IS_II_C04_D13.jpg
high,"Multiple distinct objects are clearly visible: a wine bottle, a bouquet of red roses in a vase, a beige teddy bear with bow, a black plush animal, a framed photograph, a newspaper, a teacup with saucer and spoon, a stack of plates, a ball of white yarn, an apple, two oranges, two pears, straw bundle, folded white shirt, patterned napkin with ring, wooden coaster, color checker chart, and a large background print of trees/hillside — totaling >15 distinguishable visual entities.",high,"Objects are densely packed across the tabletop with minimal negative space; many items overlap or abut closely (e.g., fruit pile touches teddy bear and bottle; newspaper under oranges and pears; teacup sits on plates that rest near yarn and napkin; framed photo partially overlaps black plush animal).;Multiple competing focal regions: left side (flowers/bottle/bear/fruit), center (color chart/teacup/yarn), right side (photo/plush/shirt/coaster) — each draws attention simultaneously, impeding rapid perceptual grouping.;Occlusion is present: the newspaper is partially covered by fruit and bear; the black plush is partially hidden behind the frame; the napkin is wrapped around a ring and tucked under the shirt collar.",IS2/co4/IS_II_C04_D11.jpg
high,"Multiple distinct objects are clearly visible: a wine bottle, a bouquet of red roses in a vase, a beige teddy bear with bow, a black plush animal, a framed photograph, a white shirt, a wooden coaster, a teacup with saucer and plate, a ball of yarn, an apple, an orange, pears, bananas, straw bundle, newspaper, and a color checker chart — totaling >15 distinguishable items.;Each object maintains its own visual identity (e.g., separate contours, textures, shapes), and none are fused into a single perceptual unit.",high,"Objects are densely packed across the tabletop with minimal negative space; many items physically abut or partially overlap (e.g., fruit pile touches teddy bear and wine bottle; yarn rests against teacup and black plush; newspaper underlies multiple items).;Multiple competing focal regions exist: left-side fruit/bottle/bear, center teacup/yarn/color chart, right-side photo/shirt/plush — making rapid perceptual grouping difficult.;The background includes a large printed landscape image that visually intrudes into the scene, adding depth layers and further reducing spatial separation between foreground objects and background elements.",IS2/co4/IS_II_C04_D12.jpg
medium,"Two clearly distinguishable people in the foreground;A large metallic flower-like sculpture on the right;A multi-pane window facade with visible frames and curtains (treated as one architectural unit, but multiple panes contribute to object parts);A stacked rock formation on the left;Several large boulders arranged along the ground in front of the building;A tree with visible trunk and foliage on the far left;A small plaque mounted on one boulder;A vertical utility box/post near the seated person",medium,"Objects are spatially distributed but not sparse: rocks, people, sculpture, and building elements occupy most of the frame without large empty areas;Some occlusion occurs: the standing person partially blocks the boulders behind him; the seated person overlaps the utility post and a boulder;The rock pile on the left is densely packed with irregular shapes, making individual stones hard to separate at a glance;The sculpture’s radial metal petals create internal visual density and compete for attention with the people and building;Despite moderate object count, there is sufficient spacing between major entities (e.g., people vs. building vs. tree) to avoid high clutter",IS2/co5/IS_II_C05_D01.jpg
medium,"Two clearly distinguishable people in foreground;Large metallic flower-like sculpture on right;Multiple large boulders arranged along walkway (approx. 10–15 distinct rock masses);One birch tree with visible trunk and foliage on left;Building facade with multiple windows (at least 6 window units), horizontal siding panels, and roofline elements;Pole with control box and attached object near right person;Ground surface (paved) and some small vegetation patches",medium,"Objects are spatially separated by ground and air gaps (e.g., people not overlapping with rocks or building);No strong occlusion between major elements: people, rocks, sculpture, and building remain visually distinct;However, the arrangement includes several mid-ground elements (rocks, pole, sculpture base) that compete for attention and reduce empty space locally—especially around the two people and the sculpture;The cluster of boulders creates localized density, but they are individually discernible; no severe interleaving or fusion of boundaries;The scene has clear foreground/midground/background layers, limiting overall perceptual interference",IS2/co5/IS_II_C05_D03.jpg
medium,"Two clearly distinguishable people in the foreground;A large metallic flower-like sculpture (one cohesive object);A modern building with multiple window units and horizontal siding panels (treated as distinct visual elements due to segmentation by frames and shadows);A cluster of large boulders (5–7 visually separable rocks, some partially overlapping but individually discernible);One birch tree with visible trunk and foliage on the left;A green utility box/post with a button panel on the right;A paved ground surface and some small vegetation patches",medium,"The boulders are densely arranged in the mid-ground, with partial occlusions and tight spacing, reducing separation clarity;The two people sit on/next to boulders that interleave with their bodies and the utility post, creating local spatial competition;The building facade has repeating window units and shadow patterns that create moderate visual density, but windows remain separable due to framing;The sculpture dominates the upper-right but does not heavily overlap other major elements; it is spatially isolated enough to avoid high clutter;No severe occlusion across the entire scene—most major objects retain clear boundaries—but the foreground/mid-ground zone shows moderate spatial crowding",IS2/co5/IS_II_C05_D02.jpg
medium,Two clearly distinguishable people in the foreground;A large metallic flower-like sculpture on the right;A multi-story building with multiple window units (each window frame + curtain forms a separable visual unit);A prominent rock wall on the left and several large boulders in the midground;A birch tree trunk and foliage on the far left;A vertical utility pole/post with a switch box near the right person;Ground surface and shadows as background elements,medium,"Objects are spatially distributed but not sparse: rocks, people, sculpture, and building occupy overlapping depth planes;The rock formations partially occlude the building base and interact visually with the people’s positions;The sculpture’s complex petal geometry creates local high-density texture, though it remains a single object;No severe overlap between major objects (e.g., people are fully visible, building is mostly unobscured), but the midground contains several similarly sized boulders close together, reducing empty space;Multiple focal regions (people, sculpture, rock wall) compete for attention without clear visual hierarchy",IS2/co5/IS_II_C05_D04.jpg
medium,Two clearly distinguishable people in foreground;One large metallic lotus-like sculpture on right;A multi-story building with multiple window units (approx. 8–10 distinct window sections visible);A birch tree with trunk and foliage on left;A prominent rock formation (composed of ~15–20 individually discernible boulders) along the midground;Several smaller rocks and ground elements near base;A vertical utility pole/post with attached box on right;At least two visible plaques or signs embedded in rocks,medium,"The rock formation occupies a large horizontal band and contains many adjacent boulders that are closely packed, reducing separation between individual stones;The sculpture’s petal-like structure creates internal visual density with overlapping metallic surfaces;People, rocks, and building are arranged in overlapping depth layers, but no severe occlusion occurs;Sufficient negative space exists (e.g., sky, paved ground) to allow separation of major objects;No strong visual crowding or fusion of object boundaries; most elements remain perceptually separable despite moderate density",IS2/co5/IS_II_C05_D05.jpg
medium,"Two clearly distinguishable people in foreground;One large metallic flower-like sculpture on right;Multiple large boulders arranged along walkway (approx. 8–12 distinct rocks);One birch tree with visible trunk and foliage on left;Building facade with multiple window units (at least 6 distinct window sections);A small plaque on a rock, a vertical utility box, and a bag carried by one person",medium,"Objects are spatially distributed but not sparse: rocks line the walkway closely, partially overlapping in depth;The sculpture, people, rocks, and building elements occupy overlapping visual planes without large empty gaps;No severe occlusion between major objects, but the arrangement creates moderate visual competition (e.g., sculpture vs. people vs. building windows);Perceptual grouping is possible (e.g., rocks form a line, people form a pair), but requires some effort due to mid-ground density",IS2/co5/IS_II_C05_D06.jpg
medium,"Two people are clearly distinguishable as separate figures.;A large metallic flower-like sculpture dominates the right side.;A modern building with multiple window units (approx. 6–8 visible panes/sections) forms a structured backdrop.;A birch tree on the left, plus scattered large boulders (≈10–15 distinct rock masses) in the foreground and midground.;A vertical utility pole with control box and a small plaque on a rock add discrete elements.;Total visually separable entities: ~20–25 distinct objects/parts, not few, but not densely packed.",low,"Objects are well spaced: people sit on separate rocks with clear ground between them and the building.;The sculpture stands isolated on its pole, with no occlusion from adjacent elements.;Boulders are arranged with visible gaps; their edges are distinct and not overlapping.;The building facade is continuous but segmented by windows—no visual crowding or interpenetration.;No significant occlusion between major elements; each object retains clear boundaries and spatial separation.;Ground plane is largely empty asphalt, providing visual breathing room.",IS2/co5/IS_II_C05_D07.jpg
medium,"Two clearly distinguishable people;One large metallic flower-like sculpture with multiple petal-shaped components (counted as one object, though composed of many parts; only distinct *objects* count, not subparts);A modern building with visible windows and cladding (one object);A birch tree with trunk and foliage (one object);A pile of large boulders on the left (treated as a single aggregated rock formation, not individual stones due to visual fusion);Several scattered boulders in the foreground (3–5 visually separable rock masses);A vertical utility pole with attached box and controls (one object);A small plaque mounted on a rock (one object)",medium,"Objects are distributed across the scene with moderate spacing, but foreground elements (boulders, people, pole, sculpture base) occupy overlapping visual zones;The sculpture’s base and the utility pole are adjacent and partially occlude each other from certain angles;The two people sit/stand near overlapping rock formations, creating local density in the lower-right quadrant;No severe occlusion or interleaving, and background (building, sky, tree) provides separation—so not high clutter;However, the combination of rocks, people, pole, and sculpture base creates competing focal regions without clear spatial partitioning, preventing low clutter",IS2/co5/IS_II_C05_D08.jpg
medium,"Two people are clearly distinguishable as separate figures.;A large metallic flower-like sculpture dominates the right side.;A modern building with multiple windows and horizontal siding forms a structured background.;A birch tree with visible trunk and foliage on the left.;A prominent rock formation (pile of boulders) to the left and foreground rocks supporting the people.;A small plaque mounted on one rock, and a utility box/post near the seated person.;These elements total roughly 8–12 visually distinct objects or object groups, not few, but not densely packed either.",medium,"Objects are spatially separated by clear ground areas (paved surface), reducing overlap.;However, the foreground contains multiple overlapping elements: rocks, people, sculpture base, and utility post in close proximity, creating localized density.;The large sculpture partially occludes the building behind it, and the people sit on/next to rocks that interlock visually with surrounding stones.;No severe occlusion across the whole scene, but perceptual grouping is slightly challenged in the lower-right quadrant due to proximity of person, rock, post, and sculpture support.;The scene does not have uniform spacing—some regions (e.g., left side with tree and rock pile) are relatively open, while others (right foreground) are denser.",IS2/co5/IS_II_C05_D09.jpg
medium,Two clearly distinguishable people in the foreground;A large metallic flower-like sculpture (one integrated object);Multiple large boulders (approximately 10–15 visually separable rock masses);A building with multiple window units (at least 6 distinct window sections visible);A tree on the left with a trunk and leafy canopy (treated as one primary object);A vertical pole supporting the sculpture and a small plaque on a rock — minor but separable elements,medium,"The boulders are densely arranged in the midground, partially overlapping and interleaved, reducing empty space between them;The two people occupy adjacent positions near the sculpture base, creating a localized grouping that competes for attention with the sculpture and rocks;The building facade has repeating window units, but they are well-aligned and not occluded, so they do not significantly increase clutter;No severe occlusion between major objects (e.g., people are fully visible, sculpture is unobstructed), but spatial density in the central zone makes rapid parsing slightly effortful;The left-side tree and right-side sculpture create two strong focal regions, contributing to moderate visual competition",IS2/co5/IS_II_C05_D10.jpg
medium,"Two clearly distinguishable people;A large metallic flower-like sculpture (one cohesive object);A modern building with multiple window units (treated as one architectural structure, but windows form distinct visual elements — ~6–8 visible panes);A prominent rock formation on the left (~10–15 individual boulders, visually separable);A line of foreground rocks (~7–9 large stones, each distinct);A tree with visible trunk and foliage on the left;A vertical utility pole/post with a control box on the right",medium,"The rock formations occupy substantial ground space and are densely packed, creating localized spatial density without full occlusion;The two people, sculpture, and building are arranged in overlapping depth layers, but no major occlusion occurs between them;The large sculpture partially overlaps the building’s upper-right corner, introducing mild visual competition;Foreground rocks and people share the same depth plane, creating moderate grouping ambiguity but still perceptually separable;No extreme crowding or interweaving; empty pavement area provides separation cues",IS2/co5/IS_II_C05_D13.jpg
medium,"Two people are clearly distinguishable as separate figures.;A large metallic spherical sculpture with petal-like segments is a single complex object but visually composed of many repeating parts; however, it is perceived as one dominant entity.;The building facade contains multiple windows (≈8–10 visible panes), each framed and separable, contributing to object count.;A pile of large rocks on the left (≈10–15 distinct boulders), and scattered rocks in the foreground (≈6–8 more) add numerous discrete elements.;A tree with visible trunk and foliage on the far left, plus smaller greenery near rocks, adds a few more distinguishable objects.;A small plaque on a rock, a vertical utility box, and a bag carried by one person are additional discrete items.",medium,"Objects are spatially distributed with some separation: people stand apart from rocks, sculpture is elevated and distinct, building forms a coherent background.;However, the foreground contains overlapping rock formations that partially occlude each other and the base of the sculpture, creating localized density.;The window grid on the building creates repetitive visual elements that compete for attention but remain orderly; not highly disordered.;No severe occlusion between major foreground subjects (people, sculpture, rocks), but the rock arrangement lacks clear spacing, increasing local perceptual load.;The scene has multiple focal regions (people, sculpture, rock pile), which slightly increases competition for attention, but each region remains reasonably separable.",IS2/co5/IS_II_C05_D11.jpg
medium,"Multiple distinct buildings (at least 3 major structures with different rooflines and facades);Several trees scattered across the scene (deciduous and coniferous, ~10–15 clearly separable trunks/crowns);A group of people visible on the lawn (~10–15 individuals, mostly as small but distinguishable figures);A paved path cutting horizontally across the midground;A tall white chimney-like structure in the background;A few lampposts and small objects (e.g., purple cube, benches) near the buildings",low,Large expanses of open green lawn provide substantial negative space between objects;Buildings are well-separated spatially and do not overlap; each has clear silhouette against sky;Trees are spaced apart with visible gaps between crowns and trunks;People are dispersed rather than densely grouped; no occlusion among them or with structures;No visual interleaving or layering that impedes segmentation—objects are easily isolatable at a glance,IS2/co6/IS_II_C06_D01.jpg
medium,"Multiple distinct buildings (at least 3 major structures with different rooflines and facades);Several trees of varying sizes and species (deciduous and coniferous), each visually separable;Numerous small human figures scattered across the lawn and path;A paved pathway, lampposts, bicycles near buildings, a white van, and a purple object (likely a bin or kiosk);A tall white chimney-like structure in the background",low,"Large expanses of open grass dominate the foreground and midground, providing ample negative space;Objects are spatially well-separated: buildings are distinct with clear gaps between them, trees are not densely packed, people are dispersed;No significant occlusion or overlapping among major elements; each building, tree, and person remains perceptually isolatable;The path runs linearly without intersecting dense object clusters, supporting easy visual segmentation",IS2/co6/IS_II_C06_D02.jpg
medium,"Two people are clearly distinguishable as separate figures.;A large metallic flower-like sculpture on the right is a single prominent object.;The building facade includes multiple windows (at least 6 visible panes), but these are framed as part of a continuous structure and not counted as independent objects unless visually segmented; here, window units appear as distinct rectangular elements due to framing and reflections.;A pile of large rocks on the left forms a cluster, but individual boulders are visually separable—approximately 10–15 discernible rock masses.;A tree with visible trunk and foliage on the far left adds one more distinct object group.;A small plaque on a rock, a bag, and a vertical post near the seated person are additional minor but distinguishable elements.",medium,"Objects are distributed across the scene with moderate spacing: people, rocks, sculpture, and building occupy distinct zones, but their proximity creates some visual competition.;The rock pile on the left is dense and overlapping, making individual boulders partially occluded—this increases local clutter.;The sculpture’s complex geometry (many petal-like facets) introduces fine detail that competes for attention with the people and building, though it does not fully overlap them.;No severe occlusion between major entities (e.g., people are fully visible, building is unobscured), but the combination of textured rocks, reflective windows, and intricate sculpture yields moderate difficulty in rapid perceptual grouping.;There are multiple potential focal points (people, sculpture, rock pile), slightly straining immediate scene organization.",IS2/co5/IS_II_C05_D12.jpg
medium,"Multiple distinct buildings (at least 3 major structures with different forms);Several trees scattered across the scene (approx. 10–15 visually separable tree crowns);A visible pathway cutting across the lawn;Small groups of people (approx. 10–20 individuals, some seated, some walking);Lampposts, a purple cube-like object, and other small discrete elements (e.g., benches, birds on grass)",low,"Large open grassy area dominates the foreground and midground, providing ample negative space;Buildings are well-separated by distance and vegetation, with no occlusion between them;Trees are spaced apart, not overlapping or densely packed;People and small objects are sparse and distributed, not clustered in a way that impedes segmentation;No visual interleaving or overlapping of major elements; all objects remain perceptually separable at a glance",IS2/co6/IS_II_C06_D03.jpg
medium,"Multiple distinct buildings (at least three major structures with different shapes and rooflines);Several trees of varying types and sizes (deciduous and coniferous), each visually separable;A visible pathway cutting across the lawn;Scattered small figures (people) on the grass, some in groups, some alone;A few discrete objects like a purple structure, lampposts, and benches",low,"Large open grassy area dominates the foreground and midground, providing ample negative space;Buildings are well-separated spatially and do not overlap; their outlines are clean and unobscured;Trees are spaced apart with clear gaps between them; no significant occlusion among major elements;People and small objects are sparse and distributed, not clustered densely;No visual crowding or interleaving of elements; scene can be parsed easily at a glance",IS2/co6/IS_II_C06_D04.jpg
medium,"Multiple distinct buildings (at least three major structures with different shapes and orientations);Several trees of varying types and sizes (deciduous and coniferous, some bare, some leafed);A visible pathway cutting across the lawn;Scattered small figures (people) on the grass and near buildings;Lampposts, benches, and other minor outdoor fixtures",low,"Large expanses of open green lawn provide ample negative space between objects;Buildings are well-separated spatially and do not overlap visually;Trees are distributed sparsely rather than densely packed;No significant occlusion or interleaving of major elements; each object remains perceptually distinct;The scene can be parsed easily at a glance with clear separation between foreground, midground, and background elements",IS2/co6/IS_II_C06_D05.jpg
medium,"Multiple distinct buildings (at least 3 major structures with different forms);Several trees scattered across the scene (approx. 10–15 visually separable trees);A paved path cutting through the lawn;At least 6–8 visible people walking or sitting, each discernible as separate figures;Street lamps and small objects (e.g., benches, bikes near building entrance) adding to object count",low,"Large expanses of open grass provide ample negative space between objects;Buildings are well-separated and not overlapping; their outlines remain distinct;Trees are spaced apart with clear gaps, no dense foliage interweaving;People are dispersed along the path and lawn, not clustered tightly;No significant occlusion: most objects are fully visible and easily segmented perceptually",IS2/co6/IS_II_C06_D08.jpg
medium,"Multiple distinct buildings (at least 3 major structures with different rooflines and facades);Several trees of varying sizes and species (deciduous and coniferous), each visually separable;A paved path cutting across the foreground;Scattered individuals and small groups on the lawn (visually distinguishable as separate figures);Streetlights, bicycles, and a few small objects (e.g., trash bin, manhole cover) visible",low,"Large expanses of open grass provide significant negative space between objects;Buildings are well-separated by distance and greenery, with no occlusion between them;Trees are spaced apart, not overlapping or densely packed;The path runs linearly without intersecting many elements; its trajectory is clear and unobstructed;No visual crowding: elements are easily segmented at a glance due to spatial isolation",IS2/co6/IS_II_C06_D07.jpg
medium,"Multiple distinct buildings (at least 3 major structures with different rooflines and facades);Several trees of varying sizes and species (deciduous and coniferous), each visually separable;A visible path cutting across the lawn;Scattered individuals and small groups on the grass (≈10–20 discernible human figures);Streetlights, a manhole cover, a white van, and a purple cube-like object — all individually distinguishable",low,"Large expanses of open green lawn provide significant negative space between objects;Buildings are well-separated by distance and vegetation; no occlusion between major structures;Trees are spaced apart with clear gaps; no dense foliage interweaving or overlapping silhouettes;Human figures and small objects are sparse and isolated on the lawn, not clustered;The scene can be parsed at a glance: foreground grass, midground path and people, background buildings — minimal perceptual competition",IS2/co6/IS_II_C06_D06.jpg
medium,"Multiple distinct buildings (at least 3 major structures with different shapes and rooflines);Several trees of varying types and sizes (deciduous and coniferous, ~10–15 clearly separable trunks/crowns);A paved pathway crossing the lawn;Scattered small figures (people) on the grass (~10–15 visible individuals or groups);Streetlights, a white van, and other minor fixtures (e.g., purple structure near building entrance)",low,"Large open grassy area dominates the foreground and midground, providing ample negative space;Buildings are well-separated spatially and do not overlap visually;Trees are spaced apart with clear gaps between them; no dense foliage occlusion;People and objects are sparsely distributed across the lawn, not clustered;No overlapping or interleaved elements that impede perceptual segregation",IS2/co6/IS_II_C06_D10.jpg
medium,"Multiple distinct buildings (at least 3 major structures with different shapes and rooflines);Several trees scattered across the scene (deciduous and coniferous, ~10–15 clearly separable trunks/crowns);A visible path cutting across the lawn;Numerous small human figures (~10–15 individuals) dispersed on the grass and walkway;Streetlights and other small fixtures (e.g., purple object near building entrance, bike rack);No dense texture or fine-grained elements dominating the view; objects remain individually resolvable",low,"Large open grassy area dominates the foreground and midground, providing ample negative space;Buildings are spatially separated by green space and trees, with no occlusion between them;Human figures are sparse and well-spaced; none overlap or crowd each other visually;Trees stand individually with clear separation from buildings and paths;No overlapping layers or interleaved elements that hinder perceptual grouping",IS2/co6/IS_II_C06_D09.jpg
medium,"Multiple distinct buildings (at least 3 major structures with different shapes and rooflines);Numerous trees (deciduous and coniferous) scattered across the scene, each visually separable;Several small human figures visible on the lawn and pathways (approx. 15–20 discernible individuals);Bicycles, lampposts, and other small man-made objects distributed sparsely but present;A prominent white spiral tower in the background adds one more distinct element",low,"Large expanses of open grass dominate the foreground and midground, providing ample negative space;Buildings are well-separated by distance and greenery; no occlusion between major structures;Trees are spaced apart with clear gaps between canopies; no dense foliage overlap;Human figures and small objects are sparse and do not cluster tightly; each remains individually resolvable;No visual crowding or interleaving—elements are cleanly bounded and spatially isolated",IS2/co6/IS_II_C06_D12.jpg
medium,"Multiple distinct buildings (at least 3 major structures with different rooflines and facades);Numerous individual trees (≈10–15 clearly separable tree crowns, some bare, some leafy);Scattered people visible across the lawn (≈15–20 discernible human figures);Several lampposts, a pathway, and small ground objects (e.g., bikes, benches) adding to object count;A tall white spiral structure in the background is a separate visual element",low,"Large expanses of open grass provide ample negative space between objects;Buildings are spatially separated and not overlapping; their forms are cleanly bounded against sky and lawn;Trees are distributed with clear gaps; no dense foliage interweaving or occlusion;People are sparsely scattered across the field, not clustered tightly;Pathway runs linearly without intersecting or obscuring other elements; visual groupings remain distinct",IS2/co6/IS_II_C06_D11.jpg
medium,"Multiple distinct buildings (at least three major structures with different shapes and rooflines);Several trees of varying sizes and species (deciduous and coniferous), each visually separable;A paved pathway cutting across the lawn;Scattered small figures of people (some sitting, some standing) visible on the grass and near buildings;Bicycles parked near building entrances;A tall white tower-like structure in the background;A purple rectangular object (possibly a sign or installation) near the central building",low,"Large expanses of open green lawn dominate the foreground and midground, providing ample negative space;Buildings are well-separated spatially with clear gaps between them and surrounding vegetation;Trees are spaced apart with no significant occlusion or overlapping silhouettes;People and bicycles are sparse and distributed rather than clustered;No visual crowding: objects do not compete for attention; scene can be parsed easily at a glance",IS2/co6/IS_II_C06_D13.jpg
low,"A single person (head, torso, arms) is the dominant visual entity.;Two clear glasses of water on the table.;One wristwatch on the left wrist.;The black background is uniform and lacks distinguishable objects or texture.;Total visually separable objects: person (1), two glasses (2), watch (1) → 4 distinct entities; no other discernible parts or items.",low,"All objects are spatially well-separated: person centered, glasses placed symmetrically on either side, watch localized on one wrist.;No occlusion or overlap between objects; each object has clear boundaries against the dark background.;Large areas of empty (black) space surround all elements, reducing spatial density.;Visual grouping is immediate: figure in center, two identical glasses flanking, watch as a small accessory — no competing focal points.",IS3/co1/IS_III_C01_D01.jpg
low,"Only one faint, indistinct shape is barely visible in the center—likely a single object or part (e.g., a shoulder or curved surface) emerging from near-total darkness.;No other visually separable objects or parts can be discerned; the rest of the image is uniform black with no detectable features.",low,"With only one perceptually distinguishable element present, there is no spatial competition, overlap, or density to cause visual interference.;The absence of multiple elements means no grouping difficulty or competing focal points arise.",IS3/co1/IS_III_C01_D05.jpg
low,"A single person (head, torso, arms) is the primary visual entity.;Two clear glasses on the table (one held, one resting).;One wristwatch on the left arm.;The t-shirt is a single garment with text, but the text is not treated as separate objects—only the garment counts as one object.;The background is a uniform black void with no discernible texture or elements.",low,"All objects are spatially well-separated: the person is centered, glasses are placed at distinct locations (left and right), and the watch is localized on the wrist.;No occlusion or overlap between objects: the hands hold one glass without obscuring the other; the watch is fully visible; the shirt text does not interfere with object boundaries.;Large areas of empty black space surround all elements, reducing spatial density.;Only one dominant focal region (the person’s face and upper torso), with secondary elements clearly subordinate and non-competing.",IS3/co1/IS_III_C01_D02.jpg
low,"One person (head, torso, arms visible as a single coherent figure);One white t-shirt with text (treated as part of the person, not a separate object);One wristwatch on left arm;Two drinking glasses on the table (one held, one to left);A dark table surface (uniform, no distinguishable features);A uniform dark background (no texture or objects)",low,"All objects are spatially well-separated: person centered, glasses placed apart on table;No occlusion between objects — arms rest clearly on table, watch visible, glasses distinct;Large areas of empty (dark) background provide strong separation;Only three discrete foreground elements (person, two glasses), all easily isolatable visually",IS3/co1/IS_III_C01_D04.jpg
low,"A single person is the central visual element.;Two transparent glasses (one held, one on table) are clearly distinguishable objects.;One wristwatch on the left arm.;The dark background is uniform and lacks discernible texture or objects.;Total visually separable entities: person, two glasses, watch — four or fewer distinct objects.",low,"All objects are spatially well-separated: person centered, glasses placed apart on a dark surface with ample negative space.;No occlusion or overlap between objects; each object has clear boundaries against the black background.;The composition features minimal foreground elements with large areas of unoccupied space, facilitating easy perceptual segregation.;Only one dominant focal region (the person’s face and upper torso), with secondary elements (glasses, watch) positioned peripherally and non-competing.",IS3/co1/IS_III_C01_D03.jpg
low,"A single person is the dominant visual element.;Two transparent glasses on the table (one held, one resting).;One wristwatch on the left arm.;The dark background contains no discernible objects or texture—only uniform darkness.;Total visually distinguishable objects: person, 2 glasses, 1 watch → 4 distinct entities.",low,"All objects are spatially well-separated: the person occupies the central region, glasses are placed on either side of the arms with clear gaps, and the watch is localized on the wrist.;No occlusion or overlap between objects; each object has unambiguous boundaries against the dark background.;Large areas of empty (dark) space surround all elements, reducing spatial density.;Only one primary focal region (the person’s face/upper torso), with secondary elements clearly subordinate and non-competing.",IS3/co1/IS_III_C01_D07.jpg
low,"A single person is the dominant visual element.;Two transparent glasses on the table are clearly distinguishable as separate objects.;One wristwatch on the left arm is visible.;The dark background contains no discernible objects—only uniform darkness (not counted as objects).;Total visually distinguishable objects: person, two glasses, one watch → 4 distinct entities.",low,"All objects are spatially separated with clear negative space between them.;No occlusion or overlap: the person’s arms rest on the table without covering the glasses; the watch is fully visible.;The composition has a single focal point (the person’s face), and the other items are arranged symmetrically and sparsely on either side.;Perceptual grouping is straightforward: person in center, glasses left/right, watch on wrist—no competing attentional demands.",IS3/co1/IS_III_C01_D06.jpg
low,"A single person is the dominant visual element.;Two transparent glasses on the table (one held, one to the left).;One wristwatch on the left arm.;The dark background contains no discernible objects or texture—only uniform darkness.;Total distinguishable objects: person, 2 glasses, 1 watch → 4 clearly separable entities.",low,"All objects are spatially well-separated: person centered, glasses placed on either side of torso, watch on wrist without overlap.;No occlusion between objects; each object has clear boundaries and surrounding negative space.;The dark background provides high contrast and isolation, aiding perceptual separation.;Only one primary focal region (the person’s face), with secondary elements positioned peripherally and unambiguously.",IS3/co1/IS_III_C01_D08.jpg
low,"Only one visually distinguishable object is present: a faint, partially illuminated torso and arms of a person wearing a shirt.;No other separate visual entities (e.g., background objects, furniture, tools) are discernible due to near-total darkness.;The face, hands, and surrounding space are not resolved as distinct objects; they merge into the dark field.",low,"The single visible object occupies a central region with large surrounding empty (dark) space, resulting in low spatial density.;There is no overlap or interleaving with other objects, as no other objects are perceptually separable.;No competing focal points exist—attention is drawn to one diffuse shape only, with no internal segmentation or fragmentation that would increase perceptual grouping difficulty.",IS3/co1/IS_III_C01_D10.jpg
low,"A single person is the dominant visual element;Two transparent glasses on the table (one held, one resting);One wristwatch on the left wrist;The dark background is uniform and lacks distinguishable objects or texture;No other discrete objects are visible; total count of clearly separable entities is ≤5",low,"All objects are spatially well-separated: person centered, glasses placed apart on the table, watch localized on wrist;No occlusion or overlap between objects; each object has clear boundaries and surrounding negative space;Background is uniformly dark with no competing elements, enabling easy perceptual segregation;Only one primary focal region (the person’s face and upper torso), with secondary elements positioned peripherally and distinctly",IS3/co1/IS_III_C01_D12.jpg
low,"A single person is the dominant visual element;Two transparent glasses on the table (one held, one resting);One wristwatch on the left wrist;One t-shirt with text (treated as a single object despite text);One faint circular shape in upper right (likely out-of-focus background artifact, not a distinct object);No other clearly separable objects are visible; background is uniformly dark and featureless",low,"All objects are spatially well-separated: person centered, glasses placed apart on table surface;No occlusion or overlap between objects—wristwatch is clearly visible on arm, glasses are distinct and unobstructed;Large areas of empty black background provide strong separation between elements;Only one primary focal region (the person’s face and upper torso), with secondary elements (glasses, watch) positioned peripherally and unambiguously",IS3/co1/IS_III_C01_D09.jpg
low,"A single person (head, torso, arms) is the primary visual entity.;Two clear glasses on the table (one held, one to the left).;One wristwatch on the left wrist.;The dark background is uniform and lacks distinguishable objects or texture.;No other discrete objects are visually separable; clothing text is not counted as a separate object under the definition (it is part of the shirt surface).",low,"All objects are spatially well-separated: the person centered, glasses placed apart on the table, watch localized on the wrist.;No occlusion or overlap between distinct objects; each object occupies its own region with clear negative space around it.;The black background provides high separation, reducing visual competition.;Only three foreground objects (person, two glasses, plus watch as a small accessory) are present and easily individuated at a glance.",IS3/co1/IS_III_C01_D11.jpg
low,"A single person is clearly visible as the main subject.;Two glasses (one held, one on table) are distinguishable.;One wristwatch on the left arm is discernible.;The background is uniformly dark with no discernible objects or texture — effectively absent as visual elements.;Total visually distinguishable objects: person, 2 glasses, 1 watch → 4 distinct entities.",low,"All objects are spatially well-separated: person centered, glasses placed apart on table surface, watch localized on wrist.;No occlusion or overlap between objects; each object occupies its own region with clear boundaries against the dark background.;Large areas of empty (dark) space surround all elements, reducing spatial density.;Only one dominant focal point (the person’s face and upper torso), with secondary elements positioned peripherally and unambiguously.",IS3/co1/IS_III_C01_D13.jpg
high,"Multiple distinct objects visible: person, sofa, three colored pillows (green, blue, red), wine glass, wine bottle, wooden bowl with fruit, newspaper, coffee table, bookshelf with ~15+ books and binders, three candles on shelf, decorative bowl with stones, framed artwork, potted plant, leaf-patterned curtain.;Each book, binder, candle, and fruit piece is visually separable as an individual element; the bookshelf alone contributes many discrete items.",medium,"Objects are spatially distributed across distinct zones (left shelf, center table, right sofa, background wall/plant), reducing overlap.;Some local density exists: the bookshelf holds many tightly arranged books/binders; the coffee table has several items (bottle, bowl, paper) in close proximity.;No major occlusion between primary objects; the person, sofa, and plant remain clearly separable. The scene allows for relatively easy perceptual grouping (e.g., shelf items vs. seating area).;However, the combination of many small items (books, fruits, candles) in confined areas creates moderate visual competition, preventing a low-clutter rating.",IS3/co2/IS_III_C02_D01.jpg
high,"Multiple distinct objects visible: person, sofa, three pillows (green, blue, red), wine glass, wine bottle, wooden fruit bowl with banana and grapes, newspaper, small table, bookshelf with ~15+ books, decorative candles (3), ceramic bowl with stones, framed artwork, potted plant (yucca), and patterned curtain with leaf motif.;The bookshelf alone contains many individually distinguishable spines; the curtain pattern adds numerous repeated but visually separable leaf shapes (treated as discrete elements per perceptual segmentation literature when clearly delineated).;At least 20+ visually separable entities are present without counting micro-details or texture.",medium,"Objects are spatially distributed across foreground, midground, and background with some separation (e.g., person on sofa is distinct from bookshelf to left, plant behind him, curtain to right).;However, the coffee table holds multiple items (bottle, bowl, newspaper) in close proximity with partial occlusion (e.g., newspaper partially under bowl edge), and the bookshelf is densely packed with books and decor items, creating local high-density zones.;No severe overlap of major objects (e.g., person not occluded by furniture), but the combination of dense bookshelf, cluttered table surface, and patterned curtain introduces moderate difficulty in rapid perceptual grouping—multiple competing regions draw attention simultaneously (person’s face, wine glass, colorful pillows, book spines).",IS3/co2/IS_III_C02_D02.jpg
medium,"A person seated on a sofa (1 distinct figure);Multiple books on a shelf (visually distinguishable spines, ~8–12 items);A wine bottle, a newspaper, a bowl with contents, and a small table (4+ distinct foreground objects);Three candles and a red cup on a shelf top (3–4 items);A potted plant (1 object);At least three pillows on the sofa (3 items);Framed artwork and leaf-patterned curtain in background (2 large background elements)",medium,"Foreground contains overlapping objects: bottle, newspaper, bowl, and table edge are closely packed with minimal separation;Shelf holds tightly arranged books and decorative items with little negative space between them;Sofa area has multiple pillows and the person’s arm/wine glass partially occluding some pillow edges;However, major objects remain perceptually separable at a glance—no severe interlacing or fusion; background elements are relatively sparse and not competing strongly with foreground",IS3/co2/IS_III_C02_D05.jpg
high,"Multiple distinct objects visible: person, wine glass, wine bottle, newspaper, wooden bowl with fruit, bookshelf with ~10+ books, three candles, red cup, plant in pot, framed artwork, curtain with leaf pattern, three colorful pillows (green, blue, red), and coffee table surface.;The bookshelf alone contains numerous individual books (at least 12 distinguishable spines), plus decorative items on top.;Foreground and background each contain multiple layered elements (e.g., bottle + newspaper + bowl on table; pillows + person + sofa + curtain behind).",medium,"Objects are spatially distributed across foreground, midground, and background with some separation (e.g., person on sofa is distinct from bookshelf to left, curtain to right).;Some occlusion occurs: the person’s arm partially obscures the wine glass; pillows overlap at edges; books are tightly packed on shelf but still individually discernible.;No extreme density or visual merging—most objects retain clear boundaries; the scene allows for relatively easy perceptual grouping (e.g., table items vs. shelf items vs. sofa area).;There are multiple focal regions (person, table, shelf, plant), but they are not so densely packed as to cause immediate perceptual overload.",IS3/co2/IS_III_C02_D04.jpg
medium,"A person (1);Sofa with three distinct pillows (green, blue, red) (3);Wine glass in hand (1);Bottle on table (1);Wooden bowl with fruit (1);Newspaper on table (1);Bookshelf with multiple books (≥6 distinguishable spines);Three candles and a ceramic bowl on shelf (4);Potted plant (1);Framed artwork (1);Curtain with leaf pattern (treated as one background element, not counted as multiple objects per definition);Total visually separable objects: ~15–20 distinct items",medium,"Objects are distributed across foreground (table), midground (person, sofa), and background (shelf, plant, curtain), but spatial density is moderate;The bookshelf contains tightly packed books with overlapping spines, creating local occlusion;Table surface has several items (bottle, bowl, newspaper) placed close together, with partial overlap (e.g., newspaper under bowl edge);Pillows on sofa are adjacent and slightly compressed, reducing separation;No severe occlusion of major objects (e.g., person fully visible, plant unobscured), and empty wall space exists, preventing high clutter;Multiple focal regions (person, table, shelf) compete mildly but remain perceptually separable at a glance",IS3/co2/IS_III_C02_D03.jpg
high,"Multiple books on shelves (at least 10+ distinguishable spines);Several decorative items on the shelf: red bowl, purple and blue candles, glass dish;A potted plant with distinct trunk and leaf clusters;Framed artwork with large leaf motifs;Coffee table holding wine bottle, wooden bowl with fruit, newspaper, and placemat;Sofa with at least three distinct colored pillows (green, blue, red);Person with visible clothing, watch, and held wine glass;Curtain with repeating leaf pattern (treated as one background element, but pattern elements are not counted as separate objects per definition)",medium,"Objects are distributed across multiple planes (foreground table, midground shelf and person, background wall/curtain) with clear separation between major zones;No significant occlusion between major objects; e.g., books are aligned, bottle and bowl sit separately on table;Some spatial density on the shelf and coffee table, but items retain individual boundaries and are not tightly packed or overlapping;The person occupies central space but does not obscure surrounding objects; visual grouping is possible (e.g., shelf items form a coherent unit);Leaf-patterned curtain adds texture but does not contribute to object-level clutter as it is a continuous background surface",IS3/co2/IS_III_C02_D06.jpg
high,"Multiple books on shelf (at least 10 distinct spines visible);Three candles and a bowl on top shelf;A framed artwork on wall;A potted yucca plant with distinct trunk and fronds;A wooden fruit bowl containing banana and grapes (counted as one object, but internal elements add perceptual parts);A wine bottle, newspaper, and placemat on coffee table;Three colorful pillows on sofa (green, blue, red);The person (one entity), plus visible watch and glass of wine;Curtain with leaf pattern (pattern not counted as objects, but large-scale repeating motif contributes to visual part count when discretized into recognizable leaf clusters)",medium,"Objects are distributed across multiple planes (foreground table, midground shelf/sofa, background wall/curtain) with clear separation between zones;No significant occlusion between major objects: books are aligned, fruit bowl is unobscured, person is clearly separated from pillows and shelf;Some spatial density on the shelf (books tightly packed) and on the coffee table (bottle, paper, bowl in close proximity), but each remains visually separable;The leaf-patterned curtain adds visual texture but does not cause overlap or interfere with object segmentation; it functions as a background layer",IS3/co2/IS_III_C02_D08.jpg
high,"Multiple books on two shelves (at least 10+ spines visible);Three candles and a bowl with pebbles on the top shelf;A red cup on a saucer;A wooden fruit bowl with corn and grapes;A wine bottle, a newspaper, and a blue placemat on the coffee table;A potted plant with distinct trunk and fronds;A framed artwork on the wall;Three distinct pillows on the sofa (green, blue, red);The person (counted as one visual entity);A wine glass held in hand;Curtain with leaf pattern (pattern elements not counted as separate objects per definition, but the curtain itself is one object; however, the *leaf motif* does not increase object count—only discrete items do)",medium,"Objects are distributed across multiple planes (foreground table, midground shelves, background wall/plant), reducing overlap;The coffee table has several items (bottle, paper, bowl) placed closely but still visually separable without occlusion;Shelves contain densely arranged books, but their linear alignment and consistent orientation allow perceptual grouping;The person occupies central-right area, but surrounding objects (pillows, plant, shelf) are spatially separated by clear gaps or depth;No major occlusion between primary objects; e.g., wine glass is clearly visible, books are mostly unobscured, plant does not intersect key foreground items",IS3/co2/IS_III_C02_D07.jpg
high,"Multiple books on shelves (at least 12 distinguishable spines);Three candles and a bowl of stones on the top shelf;A framed artwork, a potted plant, and a curtain with leaf pattern in the background;A wine bottle, newspaper, wooden fruit bowl, and placemat on the coffee table;Three distinct pillows on the sofa (green, blue, red);The person’s body, arm, hand, watch, and glass of wine are each visually separable elements;Shelf structure, sofa frame, and visible floor area add structural elements",medium,"Objects are distributed across multiple planes (foreground table, midground shelf/sofa, background wall/plant/curtain) with clear separation between layers;No significant occlusion: most objects remain fully or largely visible; e.g., books are aligned but not overlapping, pillows are adjacent but not interwoven;Some spatial density on the coffee table (bottle, paper, bowl), but items retain distinct boundaries and spacing;The leaf-patterned curtain adds visual texture but does not cause perceptual interference with foreground objects due to depth separation;The scene supports rapid grouping (e.g., shelf items vs. sofa items) without strong competing focal points",IS3/co2/IS_III_C02_D09.jpg
high,"Multiple books on two shelves (at least 15+ spines visible);Bottle, newspaper, fruit bowl with banana and grapes, three candles, ceramic bowl, saucer, and decorative dish on the side table;Potted plant with distinct trunk and fronds;Framed artwork on wall;Curtain with leaf pattern (treated as one object despite pattern, per definition: background texture not counted as separate objects; however, the curtain itself is a single visual entity);Sofa with at least three distinct pillows (green, blue, red);Person holding wine glass (person and glass counted as two distinguishable entities);Watch on wrist (small but visually separable)",medium,"Objects are arranged in distinct zones (shelf unit left, sofa right, side table foreground), reducing spatial overlap;No major occlusion between primary objects; most items are fully or mostly visible;Some density on the shelf (books tightly packed) and side table (bottle, bowl, paper clustered), creating localized moderate density;The person’s pose and the wine glass create a clear focal point, but the shelf and side table each contain multiple competing elements that require attention to parse individually;No severe interleaving or visual entanglement; empty wall space and floor area provide separation",IS3/co2/IS_III_C02_D11.jpg
medium,"A person seated on a sofa (1 distinct figure);Sofa with at least three visible cushions (green, blue, red) (3+ objects);Wine glass held in hand (1);Bottle on coffee table (1);Newspaper on table (1);Wooden bowl with contents on table (1);Bookshelf with multiple books (≥8 distinguishable spines), plus decorative items: red cup, two candles, dish with stones (≥5 more);Potted plant (1);Framed artwork on wall (1);Curtain with leaf pattern (treated as 1 background element, not counted as multiple due to uniform texture);Total visually separable entities ≈ 20–25, which is moderate—not sparse, but not densely packed",medium,"Objects are distributed across foreground (table), midground (person, sofa), and background (shelf, plant, wall art), with some spatial separation;On the coffee table: bottle, newspaper, and bowl occupy overlapping visual space and partially occlude each other, increasing local density;Bookshelf contains tightly arranged books and decor, creating a moderately dense vertical cluster;The person’s pose and hand near face introduces a competing focal point alongside the wine glass and table items;No severe occlusion or visual merging; most objects remain perceptually separable at a glance, but attention must shift between zones (table, shelf, person), indicating moderate clutter",IS3/co2/IS_III_C02_D10.jpg
medium,"A person (1);Sofa with at least 4 distinct pillows (blue, red, lime green, and a partially visible one) (4);Wine glass (1);Wine bottle (1);Wooden bowl with fruit (1);Newspaper (1);Small side table with placemat (1);Bookshelf with ~12–15 visible books/spines (counted as separate distinguishable objects);Three candles + ceramic bowl + dish on shelf (3–4);Potted plant (1);Framed artwork (1);Curtain with leaf pattern (treated as 1 background element, not subdivided per leaf due to texture-like appearance);Total visually separable objects ≈ 25–30 — more than few, fewer than many → Medium",medium,"Objects are distributed across distinct zones (left bookshelf, center table, right sofa), reducing overall density;Some spatial overlap: pillows crowd the sofa; books tightly packed on shelf; bowl, bottle, and newspaper occupy same small table surface with minimal separation;No severe occlusion of major objects, but the table area shows moderate crowding (bottle, bowl, paper, placemat all in close proximity);The person’s pose and gaze create a focal point, but the bookshelf and curtain pattern introduce competing visual interest without full fusion;Leaf-patterned curtain is high-frequency but treated as a single background texture, not contributing to object-level clutter per definition",IS3/co2/IS_III_C02_D12.jpg
medium,"A person (1);Green sofa with at least 3 distinct pillows (green, blue, red) (3+);Wine glass in hand (1);Wine bottle on table (1);Wooden bowl with fruit (1);Newspaper on table (1);Small wooden shelf with multiple books (≥6 distinguishable spines), candles (3), and a bowl of stones (1) — total ≥10 items on shelf;Potted yucca plant (1);Framed artwork on wall (1);Leaf-patterned curtain (1 background element, not counted as object);Coffee table (1)",medium,"Objects are distributed across multiple planes (foreground table, midground shelf, background wall/plant), reducing overlap;The shelf contains many books and small items packed closely, creating local density;The coffee table holds several items (bottle, bowl, newspaper) in close proximity but still visually separable;No major occlusion between primary objects (person, sofa, shelf, plant remain distinct);Pillows on sofa are adjacent but not overlapping; their colors help segmentation;Overall scene has some spatial crowding in the left half (shelf + table), but sufficient negative space around person and plant to avoid high clutter",IS3/co2/IS_III_C02_D13.jpg
medium,"Three people are clearly distinguishable visual entities.;A large colorful wheel (one object, but with many segmented parts—still counted as one cohesive object due to clear boundary and unified structure).;A green sofa with two visible cushions (sofa + 2 cushions = 3 distinct items, though cushions are attached, they are visually separable parts).;A wooden shelf unit with books, a bowl, a red cup, and a potted plant (at least 5–6 distinguishable items on/within the shelf).;A second potted plant near the wall (1 object).;A framed picture on the wall (1 object).;A can of Coca-Cola on the floor (1 object).;A bag of snacks held by the woman (1 object).;A blue rug (1 object, though large, it's a single continuous surface).;Wooden floor and curtain patterned background—but per instructions, background texture is NOT counted as objects.;Total distinguishable foreground/midground objects: ~12–15 separate visual entities.",medium,"Objects are distributed across the scene with moderate spatial separation: people occupy distinct zones (floor vs. sofa), and major items (wheel, shelf, sofa) do not heavily overlap.;However, the shelf unit contains multiple small items (books, bowl, cup, plant) in close proximity, creating localized density.;The colorful wheel has many labeled segments that compete for attention, increasing perceptual load in its region.;The curtain pattern is rich but treated as background and excluded per instructions; only foreground/midground object arrangement matters.;No severe occlusion between major objects (e.g., people don’t block key items), but the combination of the busy wheel, packed shelf, and multiple foreground items creates moderate difficulty in rapid perceptual grouping.",IS3/co3/IS_III_C03_D01.jpg
medium,"Three people are clearly distinguishable visual entities.;A large colorful wheel (one object, though segmented, perceived as a single unit).;Two potted plants (distinct stems/leaves and pots).;A framed painting on the wall.;A bookshelf with multiple books (visually grouped but individually discernible as separate items—approx. 10–15 visible spines).;A green sofa with cushions (sofa + at least two cushions = 3+ elements).;A small table holding the wheel and other items (e.g., bowl, red cup).;A can of Coca-Cola on the floor.;A snack bag held by one person.;Curtain with leaf pattern (patterned background, but not counted as discrete objects per definition).;Floor rug (one continuous element).",medium,"Objects are distributed across foreground, midground, and background without severe overlap, but spatial density is moderate: the bookshelf is tightly packed with books, the small table holds several items near the wheel, and the floor has scattered objects (can, papers, rug edge).;The wheel is visually salient and segmented, creating multiple competing color regions that draw attention, contributing to perceptual busyness.;People occupy distinct zones (floor vs. sofa), reducing occlusion, but the central area (wheel, table, nearby floor) shows moderate spatial crowding.;No heavy occlusion between major objects (e.g., people don’t block key items), but the combination of many medium-sized elements in limited floor/wall space yields moderate difficulty in immediate grouping.",IS3/co3/IS_III_C03_D02.jpg
medium,"Three people are clearly distinguishable visual entities.;A large colorful wheel (spinning prize wheel) is a single composite object but with many segmented parts; however, it functions as one perceptual unit.;Two potted plants (one on shelf, one near couch) are distinct objects.;A framed picture on the wall.;A bookshelf with multiple books—though densely packed, they form a grouped background element rather than individually separable at glance.;A small side table holding the wheel and some items.;A can of Coca-Cola on the floor.;A bag of snacks held by one person.;A green sofa with visible legs and cushions (treated as one object despite parts).;Curtain with leaf pattern (treated as one background surface, not multiple objects).;Blue rug on floor (one surface).;Total visually separable foreground/midground objects: ~10–12 distinct entities.",medium,"Objects are distributed across the scene with moderate spacing: people occupy separate zones (floor, couch), but the central area contains the wheel, table, can, and scattered papers, creating localized density.;The wheel has many colored segments and numbers, which increase local visual density but remain organized radially—still perceptually separable due to clear segmentation and contrast.;No major occlusion between primary objects (people, wheel, sofa, plant); all main entities are fully visible and not overlapping.;The bookshelf and curtain add background texture but do not interfere with foreground object separation.;There are multiple focal points (wheel, snack bag, people’s faces), but they are spatially separated enough to avoid strong competition at a glance.",IS3/co3/IS_III_C03_D03.jpg
medium,"Three people are clearly distinguishable as separate visual entities.;A large colorful wheel (spinning prize wheel) is a prominent distinct object.;At least two potted plants (one near left wall, one behind central person).;A framed picture on the left wall.;A snack bag held by the woman on the right.;A beverage can on the floor.;Furniture elements: two chairs/sofas and a small table/shelf unit.;Wallpaper with leaf pattern — but per instructions, background texture is NOT counted as objects.",medium,"Objects are distributed across foreground, midground, and background without large empty zones, creating moderate spatial density.;The colorful wheel partially overlaps the shelf and plant in the midground, causing mild occlusion.;The seated individuals and furniture occupy most of the horizontal space, limiting negative space between major elements.;The leaf-patterned wallpaper adds visual texture but does not cause high clutter because it is background and uniform; however, combined with foreground objects, it contributes to moderate perceptual load.;No severe overlap or interleaving, and main objects remain separable at a glance — thus not High clutter.",IS3/co3/IS_III_C03_D06.jpg
medium,"Three people are clearly distinguishable as separate visual entities.;A large colorful wheel (spinning or static) is a prominent object in the center-left.;Two potted plants (one tall, one smaller on shelf), a framed picture, a bookshelf with visible books, a small table, a soda can on floor, a snack bag held by one person, and a sofa/couch are all visually separable objects.;Total count of distinct objects is above 'few' but not densely packed across the entire frame — roughly 10–15 distinguishable items.",medium,"Objects are distributed across foreground, midground, and background without severe occlusion, but spatial density is moderate: the central wheel partially overlaps the shelf and plant; the seated people occupy adjacent zones with minimal negative space between them and nearby objects.;The patterned wallpaper adds visual texture but does not constitute clutter per definition (background texture is excluded); however, the combination of furniture, people, and props in a relatively confined room creates moderate spatial competition for attention.;No extreme overlap or interleaving, but perceptual separation requires some effort due to proximity of multiple mid-sized objects (e.g., wheel, shelf, plant, people) in the central visual field.",IS3/co3/IS_III_C03_D07.jpg
medium,"Three people are clearly distinguishable as separate visual entities.;A large circular spinning object (blurred disc) in the center is a distinct visual element.;A potted plant with visible trunk and fronds behind the central object.;A framed picture on the left wall.;A small shelf with at least two items (e.g., pot, dish).;A can on the floor near the seated person.;A snack bag held by the person on the right.;Wallpaper pattern with leaf motifs—but per definition, background texture is NOT counted as objects; only the large-scale leaf shapes that form discrete repeating units may contribute slightly, yet they are not visually separable as individual objects due to low contrast and integration into background.",high,"The spinning disc creates strong motion blur that overlaps and visually merges with adjacent elements (e.g., plant, person’s arm), reducing separability.;Multiple foreground elements (people, disc, can, snack bag) occupy a compact floor/sitting area with minimal empty space between them.;Occlusion occurs: the disc partially obscures the person on the left and the shelf; the person on the right partially occludes the couch and background.;The leaf-patterned wallpaper adds dense, repetitive background structure that competes with foreground objects for attention, increasing perceptual load.;Low lighting and motion blur further reduce edge definition, making it harder to perceptually group or isolate objects at a glance.",IS3/co3/IS_III_C03_D05.jpg
medium,"Three people are clearly distinguishable as separate visual entities.;A large colorful spinning wheel (one object, though complex in pattern) on a small table.;A potted plant with visible trunk and fronds behind the wheel.;A second potted plant on a side table left of frame.;Framed artwork on wall (one object).;Side table with books, bowl, red cup (multiple items but grouped and partially occluded; count as ~3–4 distinguishable items).;Coca-Cola can on floor.;Bag of snacks held by woman.;Sofa/ seating furniture (one object, though multi-part).;Curtain with leaf pattern (treated as background texture, not counted as discrete objects per definition).;Total visually separable objects ≈ 10–12 — more than few, less than many.",medium,"Objects are distributed across foreground, midground, and background without severe overlap, but spatial density is moderate: people, wheel, table, plants, and furniture occupy most of the frame.;The spinning wheel is centrally placed and visually salient, competing for attention with the people and snack bag.;Some occlusion occurs: the wheel partially obscures the side table; the man’s legs overlap with the woman’s chair leg; the snack bag overlaps her lap and arm.;No large empty areas; floor space is occupied by rug, can, and seated person; wall space is filled with art and curtain.;Perceptual grouping is possible (e.g., people form one group, furniture another), but not trivial due to interleaving of elements across depth planes.",IS3/co3/IS_III_C03_D04.jpg
medium,"Three people are clearly distinguishable visual entities.;A spinning color wheel (one object, though visually dynamic due to motion blur).;Two potted plants (one on shelf, one near sofa).;A framed picture on the wall.;A small side table with items (bowl, container, books visible on shelf beneath).;A can of Coca-Cola on the floor.;A bag of snacks held by the woman.;Sofa and floor rug as distinct large objects.;Multiple books on the shelf (grouped but individually discernible as separate spines).;Wallpaper pattern is background texture, not counted as objects per definition.",medium,"Objects are distributed across foreground, midground, and background without large empty zones, but no severe occlusion.;The spinning wheel creates motion blur that overlaps spatially with the table and nearby person’s arm, introducing local perceptual interference.;The shelf holds multiple books and containers in close proximity, creating a moderately dense region.;People and objects occupy most of the frame, yet each major element remains separable at a glance (e.g., sofa vs. rug vs. floor can, etc.).;No strong overlapping of major objects (e.g., no person fully hidden behind furniture), but spatial density is elevated due to furniture placement and scattered items.",IS3/co3/IS_III_C03_D08.jpg
medium,"Three people are clearly distinguishable as separate visual entities.;A large multicolored spherical object (likely a fan or decorative sphere) is centrally positioned and distinct.;A potted plant with visible leaves and trunk stands near the wall.;A framed artwork on the left wall is discernible as a single object.;A small side table holds several items (e.g., red cup, books/papers), but they appear merged due to low resolution; counted as 1–2 additional distinguishable elements.;A can on the floor and a patterned bag held by one person add two more identifiable objects.;The leaf-patterned wallpaper contributes texture but not discrete objects (excluded per definition).;Total visually separable objects: ~7–9, placing it at Medium.",medium,"Objects are distributed across the scene without extreme crowding, but spatial density is moderate: the sphere partially occludes the table and foreground person’s view.;The seated individuals and the sphere occupy overlapping depth planes, creating mild perceptual interference.;The background wallpaper has dense leaf patterns, but per instructions, background texture is excluded from clutter assessment — only foreground/midground object arrangement matters.;No severe occlusion between major objects (e.g., people remain fully visible), but the central sphere draws attention and competes with人物 as focal points, indicating moderate visual competition.;Empty floor space exists, yet the arrangement of people, sphere, and furniture creates a moderately dense composition that requires slight effort to parse.",IS3/co3/IS_III_C03_D10.jpg
medium,"Three people are clearly distinguishable visual entities.;A large colorful wheel (spinning prize wheel) is a single prominent object with segmented parts, but counted as one object due to unified structure.;Two potted plants (one on shelf, one near sofa), a framed painting, a small wooden shelf with books and containers, a green sofa, a blue rug, a Coca-Cola can, a snack bag, and a small black table under the wheel — each contributes to object count.;Total visually separable objects: ~12–15 distinct items (people, furniture, decor, props), which is more than 'few' but not densely packed enough for 'many'.",medium,"Objects are distributed across the scene without severe overlap, but spatial density is moderate: the shelf holds multiple books/containers, the floor has rug, can, and table, and the wheel sits near the seated person.;The wheel’s colorful segments create a high-contrast focal point that competes with the people and snack bag for attention, contributing to perceptual competition.;No major occlusion between main objects (people remain fully visible; sofa, wheel, shelf are largely unobstructed), but the arrangement lacks large empty zones—e.g., the area around the wheel is busy with table, books, and plant.;The leaf-patterned curtain adds background texture, but per instructions, texture is ignored; only discrete objects matter. Still, the foreground/midground contains several co-located items (can + rug + feet + wheel base), increasing local density.",IS3/co3/IS_III_C03_D11.jpg
high,"Multiple distinct objects are clearly visible: a vase with roses, a wine bottle, a beige teddy bear, a black teddy bear, a framed photograph, a color checker chart, a ball of yarn, a teacup with saucer, folded white cloth items, a wooden coaster, a newspaper, assorted fruits (bananas, pears, oranges, apples), and decorative straw. Each is separable as a visual entity.;At least 15+ visually distinguishable foreground/midground elements are present on the table surface alone, excluding background elements like the printed landscape backdrop.",high,"Objects are densely packed across the tabletop with minimal negative space; many items touch or nearly overlap (e.g., fruit cluster near newspaper, teddy bears adjacent to yarn and cup, photo frame leaning against black bear).;Multiple competing focal points exist simultaneously: the bright red roses, the colorful color chart, the smiling face in the photo, the patterned tablecloth, and the teacup all draw attention without clear visual hierarchy.;Occlusion occurs: the newspaper is partially covered by straw and fruit; the white cloth items are layered and intertwined with the coaster and napkin ring; the black bear partially obscures the backdrop.",IS3/co4/IS_III_C04_D01.jpg
high,"Multiple distinct objects are clearly visible: a bouquet of roses in a vase, a wine bottle, a teddy bear with bow, a black plush bear, a framed photograph, a color checker chart, a ball of yarn, a teacup with saucer and spoon, a folded white shirt, a napkin ring with cloth napkin on a wooden coaster, a newspaper, a cluster of fruits (bananas, pears, oranges, apples), and straw twine — totaling >15 distinguishable visual entities.",high,"Objects are densely packed across the tabletop with minimal negative space; many items overlap or abut directly (e.g., fruit pile touches newspaper and wine bottle, teddy bear sits adjacent to orange and apple, teacup stack overlaps newspaper edge, yarn sits near black bear and photo frame).;Multiple competing focal regions exist: left-side floral/fruit/wine group, center teddy/color-checker/cup group, right-side bear/photo/shirt group — making rapid perceptual grouping difficult.;Occlusion is present: the newspaper partially underlies fruit and straw; the teacup saucer overlaps the newspaper; the black bear partially obscures the background poster.",IS3/co4/IS_III_C04_D03.jpg
high,"Multiple distinct objects are visible: a vase with red roses, a wine bottle, a beige teddy bear, a black plush bear, a framed photograph, a color checker chart, a teacup with saucer and spoon, a ball of white yarn, a folded white shirt with cufflinks, a wooden coaster, a newspaper, a bundle of straw, and a group of fruits (bananas, pears, oranges, apples) — totaling >15 visually separable entities.;Each fruit in the cluster is individually discernible; even small items like the straw bundle and cufflinks count as separate visual elements.",high,"Objects are densely packed across the table surface with minimal negative space; many items touch or nearly overlap (e.g., teddy bear adjacent to oranges, yarn next to teacup, shirt draped over coaster).;Occlusion occurs: the black bear partially hides the background photo’s lower edge; the newspaper is partially covered by straw and fruit; the teacup sits on stacked saucers that intersect with the shirt sleeve.;Multiple strong focal regions compete for attention: the bright red roses, the colorful chart, the smiling face in the photo, and the fruit cluster all draw gaze simultaneously, impeding rapid perceptual grouping.",IS3/co4/IS_III_C04_D02.jpg
medium,"Three people are clearly distinguishable as separate visual entities.;A large rainbow-colored spinning disc (visually distinct due to motion blur and color contrast).;Two potted plants (one on shelf, one near sofa), a framed painting, a wooden shelf with books and small items, a red cup, a soda can, a snack bag, a blue rug, a green sofa with cushions, and a small black table — each counts as a separable object or group.;Total identifiable objects/groups: ~12–15 visually distinct elements, not sparse but not densely packed.",medium,"Objects are distributed across the scene with some spatial separation (e.g., person on floor vs. sofa occupants), reducing extreme density.;However, the left side shows overlapping layers: shelf with books, plant, cup, and spinning disc partially occluding background; the disc’s motion blur adds visual interference.;The snack bag is held in foreground while people occupy midground, creating competing focal points (disc, bag, faces).;Wall pattern (leafy wallpaper) introduces background texture that mildly interferes with object segmentation, though it is not counted as an object itself — its visual density contributes to perceptual crowding.;No severe occlusion between major objects, but moderate spatial interleaving prevents effortless grouping at a glance.",IS3/co3/IS_III_C03_D13.jpg
medium,"Three people are clearly distinguishable visual entities.;A large colorful wheel (one object, but with many segmented parts—however, segments are not separate objects; the wheel is a single cohesive object).;A potted plant on a shelf, another taller potted plant near the couch, and a third small plant in a white pot — three distinct plants.;A framed picture on the wall (one object).;A green sofa with visible cushions (treated as one furniture object, though multiple cushions are present; they are visually integrated).;A small black side table holding books, papers, and a bowl — multiple items, but most are grouped and partially occluded; count as ~3–4 distinguishable surface items (books, bowl, papers).;A can of Coca-Cola on the floor (one object).;A snack bag held by the woman (one object).;A blue rug covering part of the floor (one background surface, not counted as an object).;Curtain with leaf pattern (background texture, not counted as discrete objects).;Total visually separable objects: ~10–12 distinct entities (people, furniture, plants, wheel, can, snack bag, shelf items). This is more than 'few' but not dense enough for 'many'.",medium,"Objects are distributed across the scene with moderate spatial separation: people occupy distinct zones (floor, couch), and major objects (wheel, plants, shelf) are placed with visible gaps.;However, the side table contains overlapping/stacked books and papers, creating local density.;The wheel has many colored segments that compete for attention, but it remains a single coherent object; its high internal segmentation does not increase clutter *if* it’s perceived as one unit — yet the vivid colors and numbers may create mild perceptual competition.;No strong occlusion between major objects (e.g., people do not obscure furniture), but the floor area has the can, rug edge, and seated person’s legs in proximity, slightly reducing empty space locally.;There are multiple potential focal points (wheel, snack bag, people’s faces), but they are spaced apart enough to allow sequential attention rather than simultaneous overload.",IS3/co3/IS_III_C03_D09.jpg
medium,"Three people are clearly distinguishable visual entities.;A large spinning color wheel (one object, though visually dynamic due to motion blur).;A green sofa with visible cushions and legs (counted as one main object, but legs and cushions add minor parts).;A small black side table holding the wheel.;A wooden shelf with multiple books, a potted plant, a red cup, and a bowl — these constitute several distinct items (≈5–7 distinguishable objects).;Two additional potted plants (one near shelf, one behind sofa).;A Coca-Cola can on the floor.;A bag of snacks held by the woman.;A framed picture on the wall.;Patterned curtain with leaf/fruit motifs (treated as background texture, not counted as discrete objects per definition).;Total observable distinguishable objects ≈12–15, which is moderate—not sparse, but not densely packed.",medium,"Objects are distributed across the scene with some spatial separation: people occupy distinct zones (floor, sofa), and furniture is spaced apart.;However, the shelf contains multiple overlapping books and containers, creating local density.;The spinning wheel introduces motion blur that visually interleaves colors, reducing separability of its radial segments—this adds perceptual interference.;The snack bag, can, and wheel compete as mid-ground focal points, slightly fragmenting attention.;No severe occlusion between major objects (e.g., people don’t hide furniture), but the combination of mid-scene items (wheel, can, bag) and background elements (plants, curtain pattern) creates moderate visual competition.;Empty floor space exists, preventing high clutter, but the arrangement lacks large unoccupied zones, so not low clutter.",IS3/co3/IS_III_C03_D12.jpg
high,"Multiple distinct objects are clearly visible: a vase with red roses and green foliage, a wine bottle, a bunch of fruit (bananas, oranges, pears, apples), a beige teddy bear with bow, a black plush animal, a color checker chart, a framed photograph, a white teacup with saucer and spoon, a ball of yarn, a folded white shirt, a wooden coaster with a rolled cloth item, a newspaper, and straw-like material — totaling >15 visually separable entities.",high,"Objects are densely packed across the tabletop with minimal negative space; many items overlap or abut closely (e.g., fruit pile touches teddy bear and newspaper, teacup sits on saucers that rest on newspaper, yarn overlaps black plush, framed photo leans against plush and background).;Multiple competing focal regions exist: left (flowers + fruit + bottle), center (teddy + cup + chart), right (plush + photo + shirt), making rapid perceptual grouping difficult.;Occlusion is present: the black plush partially hides the background image; the newspaper is partially covered by fruit and straw; the shirt folds obscure parts of the coaster and cloth roll.",IS3/co4/IS_III_C04_D04.jpg
high,"Multiple distinct objects are clearly visible: a bouquet of roses in a vase, a wine bottle, a beige teddy bear with bow, a black teddy bear, a framed photograph, a color checker chart, a ball of white yarn, a teacup with saucer and spoon, folded white cloth (shirt/collar), a wooden coaster with cufflinks, a newspaper, and a fruit arrangement including bananas, pears, apples, oranges, and straw.;The fruit arrangement alone contains at least 6–7 individual fruits, each visually separable.;Background elements (tree/hill scene) are treated as a single backdrop and not counted as separate objects per definition; only foreground/midground discrete items count.",high,"Objects are densely packed across the tabletop with minimal negative space between them — e.g., the teddy bear sits directly beside the wine bottle and fruit, the teacup is adjacent to yarn and the framed photo, and the newspaper partially underlies fruit and straw.;Occlusion occurs: the newspaper is partially covered by fruit and straw; the white cloth overlaps the wooden coaster and cufflinks; the black bear is partially behind the framed photo.;Multiple competing focal regions exist: left (flowers + fruit + bottle), center (teddy bear + color chart + apple + orange), right (yarn + teacup + photo + cloth), making rapid perceptual grouping difficult.;No clear visual separation or spacing between object clusters — the entire foreground is filled edge-to-edge with discrete items.",IS3/co4/IS_III_C04_D05.jpg
high,"Multiple distinct objects are clearly visible: a vase with flowers, a wine bottle, a beige teddy bear, a black plush animal, a framed photo, a color chart, a ball of yarn, a teacup with saucer and spoon, an apple, an orange, bananas, pears, oranges (multiple), a newspaper, a folded shirt with cufflinks, a wooden coaster, and straw bundle — totaling >15 distinguishable visual entities.",high,"Objects are densely packed across the tabletop with minimal negative space; many items overlap or abut closely (e.g., fruit pile partially obscures newspaper, teddy bear sits adjacent to wine bottle and orange, yarn touches black plush, teacup stack overlaps shirt cuff), creating spatial interleaving.;Multiple competing focal regions: left-side fruit/bottle/bear cluster, center color chart/teacup/yarn, right-side photo/plush/shirt — no single dominant grouping, making rapid perceptual segmentation difficult.;Occlusion is present: parts of the newspaper are covered by fruit and straw; the black plush partially hides the background poster; the shirt collar overlaps the wooden coaster.",IS3/co4/IS_III_C04_D07.jpg
high,"Multiple distinct objects are clearly visible: vase with roses, wine bottle, teddy bear, black plush bear, framed photo, teacup with saucers, yarn ball, folded shirt with cufflinks, wooden coaster, newspaper, fruit cluster (oranges, pears, bananas), apple, color chart — totaling >15 visually separable entities;Each item maintains its own shape and boundary; none are fused or indistinguishable as parts of a single object",high,"Objects are densely packed across the tabletop with minimal negative space between them;Significant occlusion and interleaving: fruit partially covers newspaper, teddy bear sits in front of vase and color chart, yarn overlaps shirt, photo leans against black bear and obstructs background view;Multiple competing focal regions: left (flowers/fruit/wine), center (bear/teacup/color chart), right (photo/shirt/bear) — no clear visual hierarchy or separation;Perceptual grouping is difficult at a glance due to overlapping depth planes and tight spatial arrangement",IS3/co4/IS_III_C04_D08.jpg
high,"Multiple distinct objects are clearly visible: vase with roses, wine bottle, teddy bear, black plush animal, framed photo, teacup with saucers, yarn ball, folded shirt, napkin ring on wooden base, newspaper, fruit cluster (bananas, pears, oranges, apple), color chart, and background landscape print — totaling >15 visually separable entities.",high,"Objects are densely packed across the tabletop with minimal negative space; many items overlap or abut closely (e.g., fruit pile touches newspaper and bottle, teddy bear sits beside orange and wine bottle, teacup stack is adjacent to yarn and plush animals), creating visual crowding.;Multiple competing focal regions: left (flowers + fruit + bottle), center (teddy bear + color chart + teacup), right (plush animal + photo + shirt), making rapid perceptual grouping difficult.;Partial occlusions occur (e.g., newspaper partially covered by straw bundle and fruit; shirt folds obscure part of napkin ring base), increasing segmentation difficulty.",IS3/co4/IS_III_C04_D10.jpg
high,"Multiple distinct objects are clearly visible: a vase with red roses and greenery, a wine bottle, a beige teddy bear, a black teddy bear, a framed photograph, a color checker chart, a teacup with saucer, a newspaper, a bundle of fruit (bananas, oranges, pears, apples), a ball of yarn, folded fabric items (shirt collar, napkin), a wooden coaster with a patterned item, and a small decorative straw bundle.;At least 15+ visually separable entities can be identified without ambiguity, including individual fruits treated as separate due to clear boundaries and spatial separation.",high,"Objects are densely packed across the tabletop with minimal negative space between them; for example, the fruit cluster overlaps with the newspaper and straw bundle, the teddy bears abut the wine bottle and yarn, and the framed photo sits adjacent to the black bear and fabric items.;Several objects partially occlude others (e.g., the beige bear partially covers the orange, the yarn sits in front of the color chart, the newspaper is partially covered by fruit and straw).;Multiple competing visual focal points exist simultaneously: the bright red roses, the colorful chart, the smiling face in the photo, the white teacup, and the fruit cluster—all draw attention and resist easy perceptual grouping due to proximity and lack of clear spatial hierarchy.",IS3/co4/IS_III_C04_D06.jpg
high,"Multiple distinct objects are clearly visible: a bouquet of red roses with green foliage, a wine bottle, a teddy bear with bow, a black plush animal, a framed photograph, a color checker chart, a teacup with saucer and spoon, a ball of yarn, a folded white shirt with cufflink and patterned handkerchief on a wooden stand, a newspaper, a banana, an apple, an orange, a pear, and several small citrus fruits — totaling >15 visually separable entities.;Each object maintains its own shape, boundary, and texture, allowing them to be individually identified without merging.",high,"Objects are densely packed across the tabletop with minimal negative space; many items touch or nearly overlap (e.g., fruit pile adjacent to newspaper, teddy bear next to wine bottle, yarn near teacup and black plush).;Multiple foreground elements compete for attention simultaneously: the colorful roses, bright red apple, white teacup, framed photo, and color chart all have high local contrast and salience, creating multiple competing focal points.;Spatial interleaving is evident: straw wrapping extends over newspaper and fruit; the shirt cuff and handkerchief rest on a wooden base that partially occludes the yarn; the newspaper lies beneath some fruit stems. This reduces perceptual grouping ease.",IS3/co4/IS_III_C04_D09.jpg
high,"Multiple distinct objects are clearly visible: vase with roses, wine bottle, teddy bear, black plush bear, framed photo, teacup with saucers, yarn ball, folded shirt with cufflinks, wooden coaster, newspaper, fruit cluster (bananas, pears, oranges, apple), color checker chart, and background landscape print — totaling >15 distinguishable visual entities.",high,"Objects are densely packed across the tabletop with minimal negative space; many items overlap or abut closely (e.g., fruit pile touches newspaper and bear, teacup sits atop saucers which rest on other plates, shirt folds interleave with cufflinks and coaster).;Multiple competing focal regions exist: left-side floral/fruit group, center bear/color chart, right-side photo/plush/shirt — causing difficulty in rapid perceptual grouping.;Occlusion is present: the black bear partially hides the yarn ball; the newspaper is partially covered by straw and fruit; the framed photo leans against the bear and overlaps the shirt.",IS3/co4/IS_III_C04_D11.jpg
high,"Multiple distinct objects are clearly visible: vase with flowers, wine bottle, teddy bear, black plush animal, framed photo, teacup with saucer, yarn ball, apple, orange, banana, pear, newspaper, straw bundle, color chart, folded cloth items, wooden coaster, and patterned fabric surface — totaling >15 distinguishable visual entities.",high,"Objects are densely packed across the tabletop with minimal negative space; many items overlap or abut closely (e.g., fruit pile against bottle and bear, teacup near yarn and cloth, photo leaning against black plush), creating spatial interleaving; multiple salient elements (flowers, teddy bear, photo, color chart) compete for attention without clear visual grouping or separation.",IS3/co4/IS_III_C04_D13.jpg
high,"Multiple distinct objects are visible: a bouquet of roses in a vase, a wine bottle, a beige teddy bear, a black plush bear, a framed photograph, a color checker chart, a ball of white yarn, a folded white shirt with cufflinks, a teacup with saucer and spoon, an apple, an orange, bananas, pears, oranges, a newspaper, straw bundle, and a wooden coaster — totaling >15 visually separable entities.",high,"Objects are densely packed across the table surface with minimal negative space; many items overlap or abut closely (e.g., fruit pile touches teddy bear and newspaper, cup sits on saucer which rests on plate, yarn overlaps shirt, photo leans against black bear), creating visual interleaving and difficulty in isolating individual elements at a glance.;Multiple competing focal points (roses, teddy bear, photo, color chart) draw attention simultaneously without clear spatial separation, increasing perceptual load.",IS3/co4/IS_III_C04_D12.jpg
medium,"Two clearly distinguishable people seated on rocks;A row of ~10–12 large, individual boulders forming a linear arrangement;A prominent metallic flower-like sculpture overhead;A building facade with multiple windows (approx. 6–8 visible panes);A small tree/bush with dense foliage on the right;Flowerbeds and benches in the background (2–3 additional distinct elements);No fine-grained texture or micro-objects counted—only macroscopic separable entities",low,"The two people are spatially separated and clearly bounded against the background;Boulders are arranged in a loose linear sequence with visible gaps between them;The sculpture is isolated in upper center and does not overlap major foreground elements;Background elements (building, tree, flowerbeds) are positioned behind the main subjects with clear depth separation;No occlusion among primary objects; each object maintains visual integrity and can be segmented easily at a glance",IS3/co5/IS_III_C05_D03.jpg
medium,"Two clearly distinguishable people seated on rocks;A large metallic flower-like sculpture overhead;Multiple large boulders forming a seating/landscape feature (approx. 10–15 distinct rock masses);A building facade with multiple windows and wooden panels (treated as a single structural object, but window panes and trim add sub-elements);A small flowerbed with grouped blooms (perceived as one floral mass, not individual flowers);A tree with visible branches and berries on the right;A bench and signage ('käpyovi') in the background",medium,"The boulders are densely arranged but remain visually separable; no significant occlusion among them;The two people sit on distinct rocks with clear spacing between them and surrounding elements;The sculpture dominates the upper center but does not overlap heavily with other objects; its petal structure is internally complex but externally coherent;Background building elements (windows, wood panels) are aligned and structured, reducing perceptual interference;No strong overlapping or interleaving of foreground/midground objects; spatial gaps exist between major entities (e.g., ground surface between rocks);However, the combination of rocks, people, sculpture, and foliage creates multiple mid-level focal regions, slightly increasing perceptual load",IS3/co5/IS_III_C05_D01.jpg
medium,"Two clearly distinguishable people seated on rocks;Multiple large, irregularly shaped rocks forming a low wall or seating area (≈8–12 visually distinct rock masses);A prominent metallic sculptural canopy overhead (1 object, but with many petal-like segments—still perceived as a single integrated structure);A building facade with windows and horizontal siding (treated as 1–2 structural units due to continuous surfaces);A small flowerbed with grouped blooms (perceived as one visual unit due to proximity and uniformity);A tree/shrub with dense foliage on the right (1 perceptual unit despite internal leaf detail);A green hose on the ground (1 thin linear element)",medium,"Rocks are closely packed with minimal gaps, creating spatial density in the foreground;The two people sit among and partially occlude some rocks, introducing mild overlap;The sculptural canopy hangs low and intersects the upper visual field, competing for attention with the people and building;No large empty regions; most of the frame contains solid elements (rocks, people, building, foliage), reducing visual breathing room;However, objects remain largely separable: people are clearly foregrounded, rocks form a coherent base, canopy is distinct, and background building is unified—no severe interleaving or ambiguous boundaries",IS3/co5/IS_III_C05_D02.jpg
medium,"Two clearly distinguishable people seated on rocks;A large metallic flower-like sculpture overhead;Multiple large boulders forming a seating/landscape feature (approx. 8–12 distinct rock masses);A building facade with several windows and structural elements;A small flowerbed with clustered blooms (treated as one visual group, not individual flowers);A bush/tree on the right with dense foliage (counted as one object group);A sign with text 'käpyovi' visible near entrance",medium,"The rocks are closely packed but remain visually separable; no strong occlusion among them;The two people sit on separate rocks with clear gaps between them and surrounding stones;The overhead sculpture dominates the upper center but does not overlap heavily with other foreground elements;The building facade and foliage occupy background regions with minimal spatial interference with foreground subjects;No severe overlapping or interleaving of objects; however, the density of rocks and presence of multiple mid-ground elements (people, sculpture, rocks) create moderate spatial competition for attention",IS3/co5/IS_III_C05_D05.jpg
medium,"Two clearly distinguishable people seated on rocks;A row of large, individual boulders (approximately 8–10 visually separable rocks);A multi-petaled metal canopy structure above the subjects;A building facade with multiple windows and wooden panels (treated as a few large structural elements, not individual panes or grains);A bush with foliage and small red/orange fruits on the right;A low bench or planter with flowers in the background left;Ground surface and shadows contributing minimal additional object count",low,"People and rocks are well-separated spatially with clear gaps between them;No occlusion between major objects: the two people are fully visible, rocks are distinct, canopy is above and unobstructed;Background elements (building, bush, bench) are positioned at depth and do not interfere with foreground object segmentation;Large areas of open ground and sky provide visual breathing space;Each major element occupies its own region without interleaving or dense packing",IS3/co5/IS_III_C05_D04.jpg
medium,"Two clearly distinguishable people seated on rocks;Multiple large, irregularly shaped rocks forming a seating/landscaping arrangement (≈7–10 visually distinct rock masses);A prominent metallic flower-like sculpture overhead (1 distinct object);A building facade with multiple windows and horizontal panels (treated as 1 structural unit with sub-elements not counted separately per definition);A small flowerbed with mixed blooms (counted as 1 visual element due to low resolution and integration into ground plane);A tree/bush on the right side (1 element);No other clearly separable objects in foreground/midground; background elements are fused or indistinct",medium,"Rocks are closely packed and partially overlapping in depth, creating spatial density in the lower half;The two people sit on adjacent rocks with minimal separation, and their limbs intersect the rock boundaries visually;The overhead sculpture introduces a complex layered structure above the subjects, adding vertical layering without occluding them entirely;Despite density in the rock zone, there is sufficient negative space around the upper body of each person and between the main groups (people, rocks, building, tree), preventing high clutter;No severe occlusion or interleaving of major objects; elements remain perceptually separable at a glance",IS3/co5/IS_III_C05_D06.jpg
medium,"Two clearly distinguishable people seated on rocks;Multiple large, individually separable boulders (approximately 8–12 visible);A building facade with distinct window units (at least 6 visible panes/frames);A prominent metallic sculptural canopy overhead (one complex but unified object);A small flowerbed with grouped blooms (treated as one visual element due to tight grouping and low resolution);A tree/bush on the right with dense foliage (one perceptual unit despite internal leaf detail);A bench and hose in background (two additional elements)",medium,"The boulders are arranged densely in the foreground, with partial occlusion between adjacent rocks, reducing clear separation;The two people sit among the rocks, creating interleaving of human forms and stone masses, increasing spatial competition;The overhead sculpture partially overlaps the building and sky, introducing layering without strong depth cues;However, there are still noticeable gaps of pavement and sky between major elements; no severe overlap or fusion of objects;No high-density texture or fine-grained interleaving (e.g., tangled wires, dense foliage intermixing with objects) that would indicate high clutter",IS3/co5/IS_III_C05_D07.jpg
medium,"Two clearly distinguishable people seated on rocks;A large metallic spherical sculpture above them;Multiple large boulders forming a seating/landscape feature (≈8–12 distinct rock masses);A building facade with multiple windows and structural elements;A flowering planter with several discrete flower clusters;A small tree with dense foliage on the right;A few scattered ground-level objects (e.g., hose, bench edge)",medium,"The boulders are closely packed but remain visually separable; no strong occlusion among them;People sit atop rocks without heavy overlap with background elements;The sculpture is prominent but does not heavily intersect or obscure other major objects;The building, rocks, and tree occupy distinct spatial zones with visible gaps (e.g., pavement between rocks, sky above);No dense interweaving of elements; however, the combination of rocks, people, sculpture, and foliage creates moderate visual competition for attention",IS3/co5/IS_III_C05_D08.jpg
medium,"Two clearly distinguishable people in the foreground;A row of ~8–10 large boulders forming a linear arrangement;A building with multiple windows and structural elements (e.g., eaves, support columns);A metallic canopy structure above (composed of several overlapping petal-like panels);A flowerbed with grouped blooms (treated as one visual unit due to tight grouping);A distant person walking in the background;A tree with dense foliage on the right side (treated as one cohesive object despite internal detail)",medium,"The boulders are closely spaced but not overlapping; they form a clear linear sequence with visible gaps between them;The two people sit on separate boulders with clear separation from each other and surrounding objects;The building facade is visually segmented by window frames and horizontal beams, reducing perceptual merging;The canopy structure overlaps partially with the building and sky, introducing mild occlusion but still discernible as a distinct element;No severe overlap or interleaving of major objects; most elements maintain spatial boundaries;The scene contains multiple focal regions (people, boulders, canopy, tree), but they are spatially distributed rather than densely packed",IS3/co5/IS_III_C05_D09.jpg
medium,"Two clearly distinguishable people seated on rocks;Multiple large, individually separable boulders (≈8–10 visible);A prominent metallic flower-like sculpture overhead;A building facade with several window units (≥5 distinct window panes/sections);A flowerbed with clustered blooms (treated as one visual group, not individual flowers);A small tree/bush on the right with discernible branches and leaves (one cohesive element)",medium,"The boulders are densely arranged in the foreground, with minimal negative space between them, creating spatial crowding;The two people sit on overlapping rock surfaces, partially occluding the rocks beneath them;The sculpture hangs low over the scene, visually intersecting the upper portion of the frame and competing with the building and sky;The building’s horizontal bands and windows create parallel linear elements that interleave with the verticality of the tree and sculpture, producing moderate visual competition;Despite density, most objects remain perceptually separable (e.g., people vs. rocks vs. sculpture), so clutter does not reach high level",IS3/co5/IS_III_C05_D10.jpg
medium,"Two clearly distinguishable people in the foreground;Multiple large rocks arranged as seating (≈8–12 visually separable rock units);A prominent metallic flower-like sculpture overhead;A building facade with several window units and structural elements;A small group of people visible in the background near a doorway;Flowerbeds with clustered blooms (treated as one or two grouped visual elements, not individual flowers);A tree/bush with red berries on the right side",medium,"The foreground rocks are densely packed but remain individually separable; no strong occlusion among them;The two people sit on distinct rocks with clear separation between them and surrounding elements;The overhead sculpture overlaps parts of the building and sky but does not heavily occlude foreground subjects;Background elements (building, distant people, foliage) are spatially separated from the foreground by depth and open ground, reducing interleaving;No dense overlapping of mid- and foreground objects; however, the combination of rocks, people, sculpture, and building creates moderate spatial density in the central visual field",IS3/co5/IS_III_C05_D11.jpg
medium,"Multiple distinct trees (approximately 8–12 clearly separable tree canopies);Two main building structures with distinguishable architectural forms (angular green-roofed building and rectangular brick building);A tall white spiral tower visible in the background;Several lampposts, a few people, bicycles, and small ground fixtures (e.g., trash bins, poles) scattered across the scene;A continuous grassy foreground and a paved path — these are large homogeneous regions, not counted as separate objects",low,"Large open grassy area in the foreground provides substantial negative space;Trees are spaced apart with clear gaps between canopies, minimizing occlusion;Buildings are separated by trees and open lawn; no overlapping of major structural elements;No dense groupings or interleaving of objects — each major element occupies its own spatial zone;The spiral tower stands isolated against the sky, not competing visually with nearby structures",IS3/co6/IS_III_C06_D01.jpg
medium,"Two clearly distinguishable people seated on rocks;Multiple large, irregularly shaped rocks forming a seating arrangement (≈6–8 prominent rock masses);A building facade with several window units (≈5–6 visible window panes/frames);A metallic canopy structure above with multiple petal-like elements (visually grouped but composed of ≈10–12 distinct lobes);A flowerbed with clustered blooms (treated as one visual unit due to tight grouping and low separability);One small tree/bush with foliage and berries on the right",medium,"Rocks are closely packed and partially interlocked, reducing empty space between them;The two people sit on overlapping rock forms, creating mild occlusion between figures and substrate;The canopy structure overlaps parts of the building and sky, introducing layered depth without severe occlusion;No strong visual crowding in foreground or background; elements remain largely separable at a glance;Flowerbed and bush are localized and do not interfere with main subjects",IS3/co5/IS_III_C05_D13.jpg
medium,"Two clearly distinguishable people seated on rocks;Multiple large, irregularly shaped rocks forming a seating/landscaping feature (≈8–12 visually distinct rock masses);A prominent metallic flower-like sculpture overhead (1 complex but unified object);A building facade with several window units (≈5–6 discernible window sections);A small flowerbed with grouped blooms (treated as 1 visual element due to tight grouping and low resolution of individual flowers);A bush with red berries on the right (1 element);A sign reading 'käpyovi' (1 small textual object)",medium,"Rocks are densely arranged but mostly non-overlapping; gaps between them allow separation;The two people sit on separate rocks, with clear space between them and surrounding elements;The overhead sculpture partially overlaps the building roofline and casts shadows, creating mild occlusion;The flowerbed and bush introduce localized density on left and right edges, but do not interleave with central figures;No strong visual competition for attention: primary focal region (people + rocks) is relatively unobstructed, though the sculpture adds a secondary competing element",IS3/co5/IS_III_C05_D12.jpg
medium,"Multiple distinct trees (≈10–15 clearly separable trunks/crowns);One large building complex with several visible sections (angled roof, flat wings, chimney);A paved path cutting across the lawn;A lamppost near center;Small groups of birds on the grass (visually distinguishable as discrete clusters);A few distant people and bicycles near the building entrance",low,"Large open grassy area dominates foreground and midground, providing ample negative space;Trees are spaced apart with clear gaps between crowns; no significant occlusion;Building is a single cohesive structure with clean edges and minimal visual fragmentation;Path runs linearly without intersecting dense object clusters;No overlapping or interleaved elements; all major objects are spatially isolated and easily segmented",IS3/co6/IS_III_C06_D02.jpg
medium,"Multiple distinct trees (≈10–15 clearly separable tree canopies and trunks);A large multi-winged building complex with several visible sections (at least 3 major architectural blocks);A paved path cutting across the lawn;Several lampposts (≥3 visible);A group of people and bicycles near the building entrance;A flock of birds scattered on the grass (≈20–30 individuals, visually distinguishable as separate small shapes);A tall white chimney-like structure in the background",low,"Large open grassy area dominates the foreground and midground, providing ample negative space;Objects are spatially well-separated: trees stand apart, building is distant and unobscured, path runs cleanly through open lawn;No significant occlusion or overlap between major elements; each object maintains clear boundaries against the sky or grass;Visual grouping is straightforward (e.g., trees form loose clusters but remain individually discernible; building forms a single coherent mass)",IS3/co6/IS_III_C06_D03.jpg
medium,"Multiple distinct trees (≈8–12 clearly separable tree canopies);At least three major building structures with differentiated roofs and facades;A tall white chimney-like structure standing separately;Several lampposts and small objects (e.g., benches, people, birds) visible near the buildings;A paved path cutting across the lawn",low,"Large expanses of open grass dominate the foreground and midground, providing ample negative space;Trees are spaced apart with clear gaps between canopies; no significant occlusion among them;Buildings are separated by distance and greenery, not tightly packed or overlapping;No dense groupings or interleaving of elements—each object stands out individually;The scene can be parsed at a glance into discrete regions: lawn, path, trees, buildings, sky",IS3/co6/IS_III_C06_D05.jpg
medium,"Multiple distinct trees (≈10–15 clearly separable trunks/crowns);A large red-brick building complex with visible windows, roof sections, and a white tower (treated as one major object but with multiple discernible parts);A flock of birds on the lawn (≈20–30 individual birds, each visually distinguishable as separate small dark shapes);A paved path crossing the lawn;Several lampposts and a goalpost-like structure on the left;Foreground grass with minor patches and sparse flowers (not counted as objects)",low,"Large open grassy area dominates the foreground and midground, providing ample negative space;Trees are spaced apart with clear separation between crowns and trunks;Birds are scattered across the lawn without dense grouping or overlap;Building is positioned in the background with unobstructed visibility; no occlusion by foreground elements except minimal tree screening;No overlapping or interleaved objects; spatial layout allows easy perceptual segmentation",IS3/co6/IS_III_C06_D04.jpg
medium,Multiple distinct trees (≈10–15 clearly separable tree canopies);Two main building structures with visible facades and roof forms;A tall slender white tower in the background;A paved path cutting across the lawn;A group of birds (≈20–30 individuals) scattered on the grass;Several lampposts and small vertical poles visible,low,"Large open grassy foreground with ample negative space;Objects are spatially separated: trees form discrete clusters, buildings are behind a clear lawn buffer;No occlusion between major elements — buildings remain fully visible behind trees, not interleaved;Birds are dispersed rather than densely packed; their positions do not create visual interference;Path runs linearly without intersecting or fragmenting other elements",IS3/co6/IS_III_C06_D06.jpg
medium,"Multiple distinct trees (≈10–15 clearly separable trunks/crowns);A group of birds on the lawn (≈15–20 individual birds, visually distinguishable as separate entities);Several architectural structures (at least 3 major building masses with different rooflines and facades);A few lampposts and a visible manhole cover in the foreground;One tall white chimney-like structure in the background",low,"Large open grassy area dominates the foreground and midground, providing ample negative space;Trees are spaced apart with clear gaps between crowns; no significant occlusion among them;Birds are loosely grouped but individually resolvable without overlap;Buildings are separated by trees and open lawn, not tightly packed or interwoven;No overlapping layers that obscure object boundaries; all major elements have clear silhouettes against sky or grass",IS3/co6/IS_III_C06_D08.jpg
medium,"Multiple distinct trees (≈10–15 clearly separable trunks/crowns);A large building complex composed of several connected but visually distinct sections (e.g., red angular wing, main brick block, tower-like structure);A flock of birds on the lawn (≈20–30 individual birds, each visually separable as discrete dark shapes);Several lampposts and a white pole visible along the path;Grass field and path are continuous surfaces, not counted as objects",low,Large open grassy foreground with ample negative space separating objects;Trees are spaced apart with clear gaps between crowns; no significant occlusion among them;Building is a single coherent mass with clean edges against sky and trees; no overlapping foreground elements obscuring it;Birds are grouped but remain individually discernible and lie on an unobstructed plane;No dense interweaving of elements; spatial layout allows easy perceptual segregation of major components,IS3/co6/IS_III_C06_D07.jpg
medium,"Multiple distinct trees (≈10–15 clearly separable tree canopies and trunks);A large grassy field with scattered birds (≈20–30 small but visually distinguishable bird shapes);A paved path crossing the foreground;At least three major architectural structures (left angular building, central multi-story brick building, right brick block);Several lampposts and a tall white tower visible in the background;Doors, windows, and rooflines on buildings form additional discernible parts",low,"Large open grass area dominates the foreground and midground, providing ample negative space;Trees are spaced apart with clear gaps between them; no significant occlusion or overlapping canopies;Buildings are separated by green space and trees, not tightly packed;Birds are dispersed across the lawn without dense clustering;Path runs linearly with minimal intersecting elements;No visual crowding: objects remain perceptually separable at a glance",IS3/co6/IS_III_C06_D09.jpg
medium,"Multiple distinct trees (approximately 10–15 major trunks/canopies visible);Two primary buildings with clearly separable architectural forms;A tall white chimney/spire as a separate vertical element;A paved path crossing the foreground;A flock of birds on the grass (treated as one grouped visual unit, not individual objects);Several lampposts and small ground-level fixtures (e.g., benches, bins) — ~5–7 additional distinguishable items",low,"Large expanses of unoccupied grass and sky provide ample negative space;Buildings are spatially separated by trees and open lawn, with no occlusion between major structures;Trees are individually discernible with clear gaps between canopies;Foreground path is unobstructed and linear, aiding visual segmentation;No overlapping or interleaved elements; all major objects have clear boundaries and separation",IS3/co6/IS_III_C06_D10.jpg
medium,"Multiple distinct trees (≈8–12 clearly separable tree canopies);One large building complex composed of several connected blocks (treated as one major object, but with visible subparts like windows, roof sections, and a chimney);A paved pathway crossing the lawn;A group of birds on the grass (≈20–30 individuals, visually distinguishable as separate small objects);Several lampposts (≈4–5 visible);A few scattered bicycles near the building entrance",low,"Large open grassy area dominates the foreground and midground, providing ample negative space;Trees are spaced apart with clear separation between canopies; no significant occlusion among them;The building is a single coherent mass with regular window patterns and minimal visual fragmentation;Birds form a loose cluster but remain individually discernible and do not overlap densely;No overlapping or interleaving of major elements; spatial layout is sparse and orderly",IS3/co6/IS_III_C06_D11.jpg
low,"A single person is visible as the primary figure.;Two clear drinking glasses on the table (one held, one resting).;One wristwatch on the left wrist.;The table surface and dark background are uniform and lack distinct object parts; they do not count as separate objects under the definition.;No other visually distinguishable objects or parts are present.",low,"All objects are spatially well-separated: the person occupies the central upper region, the two glasses are placed apart on the table, and the watch is localized on the wrist.;No occlusion or overlap between objects; each object is fully visible and perceptually isolatable.;Large areas of empty (dark) background provide ample negative space, reducing spatial density.;Only one dominant focal point (the person’s face), with secondary elements clearly subordinate and non-competing.",IS4/co1/IS_IV_C01_D01.jpg
low,"The image contains a single person, two transparent glasses (one held, one on table), and a watch on the left wrist — totaling four clearly distinguishable visual objects.;The dark table surface and black background are uniform and lack texture or distinct parts; they do not contribute additional objects.;No other discrete elements (e.g., utensils, labels, reflections acting as separate entities) are visually separable.",low,"All objects are spatially well-separated: the person occupies the central upper region, the two glasses are placed apart on the table, and the watch is localized on the wrist without occlusion.;There is ample negative (dark) space around each object, enabling immediate perceptual segregation.;No overlapping, interleaving, or dense packing of elements; the composition allows effortless grouping of each item.",IS4/co1/IS_IV_C01_D02.jpg
low,"One person (head, torso, arms visible as a single coherent figure);One dark table surface;Two transparent glasses (visually distinct due to position and content);One wristwatch on left arm;One black background (uniform, no discernible texture or objects)",low,"All objects are spatially separated with clear negative space between them;No occlusion: the person’s arms, glasses, and watch do not overlap significantly;Glasses sit on table without touching each other or the person’s body;Background is uniform black, providing high separation from foreground elements;Only three foreground object groups (person, left glass, right glass + watch) — easily parsed at a glance",IS4/co1/IS_IV_C01_D03.jpg
medium,"Multiple distinct trees (≈10–15 clearly separable trunks/crowns);Two main building structures with differentiated rooflines and facades;A tall white chimney-like structure in the background;A paved path crossing the lawn;A small flock of birds on the grass (≈10–20 individuals, visually separable as discrete shapes);Several lampposts and minor fixtures near the building entrance;No dense texture or fine-grained object proliferation; objects remain individually resolvable",low,"Large open grassy foreground with minimal objects and ample negative space;Trees are spaced apart with clear gaps between crowns and trunks;Buildings are separated by greenery and not overlapping in view;No occlusion between major elements: buildings, trees, path, and birds are all fully visible and spatially isolated;Visual grouping is straightforward (e.g., lawn, treeline, building cluster), with no competing focal points forcing simultaneous attention",IS3/co6/IS_III_C06_D12.jpg
medium,"Multiple distinct trees (deciduous and coniferous) scattered across the scene, roughly 10–15 clearly separable tree masses;Two main building structures with distinguishable architectural elements (e.g., roof, walls, windows, chimney);A group of birds on the lawn (~10–20 visible as separate small shapes);A few pedestrians (3–4 individuals) visible on paths;Several lampposts and small ground fixtures (e.g., trash bins, poles) — ~5–7 items;Paths and grassy areas are continuous surfaces, not counted as discrete objects",low,"Large open grassy foreground with minimal objects, providing ample negative space;Trees are well-spaced with clear gaps between them; no occlusion or overlapping silhouettes;Buildings are separated by trees and open lawn, not visually fused or interleaved;Birds and people are sparse and localized, not densely packed;No visual crowding: elements are easily segmented and grouped at a glance",IS3/co6/IS_III_C06_D13.jpg
low,"A single person is visible as the main figure.;Two transparent glasses on the table (one held, one resting).;One wristwatch on the left wrist.;The table surface and dark background are not counted as distinct objects (background is uniform and non-textured; table is a single continuous surface).;No other visually separable items are present.",low,"All objects are spatially well-separated: the person occupies the central-midground, the two glasses are placed apart on the table, and the watch is localized on the wrist.;No occlusion or overlap between objects: hands rest on the table without covering glasses; glasses do not touch each other.;Large areas of empty (dark) background provide visual breathing room.;At a glance, the scene can be parsed into three clear visual entities: person, left glass, right glass + watch — with no competing focal points.",IS4/co1/IS_IV_C01_D04.jpg
low,"A single person is visible as the central figure.;Two distinct glasses on the table (one on left, one held in right hand).;One wristwatch on the left wrist.;The table surface and background are uniformly dark with no discernible objects or textures.;Total visually distinguishable objects: person, two glasses, one watch — four clear entities.",low,"All objects are spatially well-separated: person centered, glasses placed apart (left and right), watch on wrist without overlap.;No occlusion between objects; each object has clear boundaries against the black background.;Large areas of empty (black) space surround all elements, reducing spatial density.;Only one dominant focal region (the person’s face/hands), with no competing visual elements pulling attention simultaneously.",IS4/co1/IS_IV_C01_D06.jpg
low,"One person (visually distinguishable as a single figure);One table surface (continuous, unbroken plane);Two glasses (clearly separate, identical in shape but distinct positions);One wristwatch (on left wrist, visually distinct from arm and shirt);Background is a uniform dark fabric with no discernible texture or objects",low,"All objects are spatially well-separated: person centered, glasses placed on either side of arms, watch localized on wrist;No occlusion or overlap between objects; each object has clear boundaries against the dark background;Large areas of empty (dark) space surround the subject and objects, reducing spatial density;Only three foreground items (two glasses, one watch) plus the person—minimal competing focal points",IS4/co1/IS_IV_C01_D05.jpg
low,"A single person is visible as the central figure.;Two distinct glasses on the table (one on left, one on right).;One wristwatch on the left wrist.;The table surface is a single continuous plane with no other distinguishable objects.;No other visually separable elements are present; background is uniformly black and contributes no objects.",low,"All objects (person, two glasses, watch) are spatially separated with clear gaps between them.;No occlusion or overlap among objects: the glasses sit on the table without touching the person’s arms or each other.;The dark background provides high negative space, enhancing separation of foreground elements.;Only three foreground object groups (person, left glass, right glass+watch) — easily perceptually grouped and isolated at a glance.",IS4/co1/IS_IV_C01_D08.jpg
low,"One person (head, torso, arms visible as a single coherent figure);One table surface (dark, continuous plane);Two identical glasses of water (visually distinct, separate objects);One wristwatch on left arm (distinct small object);No other visually separable elements; background is uniformly black with no texture or detail",low,"All objects are spatially well-separated: person centered, two glasses placed symmetrically on either side, watch localized on wrist;No occlusion or overlap between objects; each object occupies its own region with clear negative space around it;The black background provides high separation, reducing visual interference;Only three foreground objects (person, two glasses, watch counted as part of person’s arm) are present and easily isolatable at a glance",IS4/co1/IS_IV_C01_D07.jpg
low,"A single person is visible as the main subject.;Two distinct glasses on the table (one held, one resting).;One wristwatch on the left wrist.;The table surface and dark background are uniform and lack distinguishable objects or parts.;No other visually separable elements (e.g., utensils, decorations, patterns) are present.",low,"All objects are spatially well-separated: the person occupies the central region, the two glasses are placed apart on the table, and the watch is localized on the wrist.;No occlusion or overlap between objects; each object has clear boundaries and surrounding negative space.;The dark background provides high contrast and minimal interference, aiding perceptual separation.;Only three foreground objects (person, two glasses, watch — but watch is attached to person, so effectively 2–3 discrete visual entities), with ample empty space around them.",IS4/co1/IS_IV_C01_D09.jpg
low,"A single person (head, torso, arms) is the primary visual entity.;Two clear glasses on the table: one with dark liquid, one with light liquid and a floating object (likely a candle).;One wristwatch on the left arm.;A table surface and a uniform black background—neither contributes distinguishable objects (background is homogeneous; table is a single continuous surface without segmentation).;Total visually separable objects: person, two glasses, watch — ≈4–5 distinct entities.",low,"All objects are spatially well-separated: person centered, glasses placed symmetrically on either side, watch localized on left wrist.;No occlusion or overlap between objects; each object occupies its own region with ample negative space around it.;The black background provides high contrast and isolation, making each element easy to perceptually group and segment.;Only one dominant focal point (the person’s face), with secondary elements clearly subordinate and non-competing.",IS4/co1/IS_IV_C01_D10.jpg
low,"A single person is visible as the primary figure.;Two clear glasses on the table (one held, one resting).;One wristwatch on the left arm.;A dark table surface and a uniform black background—no discernible objects or textures in the background.;Total visually distinguishable objects: person, two glasses, one watch → 4–5 discrete entities.",low,"All objects are spatially well-separated: the person is centered, glasses are placed apart on the table, watch is localized on the wrist.;No occlusion or overlap between objects; each object has clear boundaries and negative space around it.;The black background provides high contrast and no competing visual elements.;At a glance, the scene can be parsed into distinct components without perceptual interference.",IS4/co1/IS_IV_C01_D11.jpg
low,"A single person is visible as one primary visual entity.;Two clear drinking glasses on the table are distinct objects.;One wristwatch on the left wrist is discernible.;The table surface and background are uniform and lack distinguishable parts or texture; they do not count as separate objects.;Total visually distinguishable objects: person, left glass, right glass, watch — 4 items, which is few.",low,"All objects are spatially well-separated: the person is centered, glasses are placed symmetrically to left and right, watch is localized on the wrist.;No occlusion or overlap between any objects; each object has clear boundaries and negative space around it.;The black background provides high contrast and ample empty space, reducing spatial density.;At a glance, the scene can be parsed into discrete elements without perceptual competition or grouping difficulty.",IS4/co1/IS_IV_C01_D13.jpg
high,"Multiple distinct objects visible: person, green sofa, two pillows (lime and blue), wine glass, wine bottle, newspaper, wooden bowl with fruit (apple, orange, grapes), bookshelf with ~15+ books, three candles (red, purple, blue), red bowl on saucer, glass dish with stones, framed artwork, potted plant, patterned curtain, and coffee table surface.;Each item is visually separable as a discrete entity; even small items like individual fruits and book spines contribute to high object count.",medium,"Objects are spatially organized into zones (bookshelf left, sofa right, coffee table front), reducing dense overlap.;Some occlusion occurs (e.g., legs over coffee table, hand holding glass partially obscuring torso), but most objects remain perceptually separable without strong visual interference.;No extreme crowding: there is visible negative space between major elements (e.g., wall area above bookshelf, space beside plant), and no overlapping layers that prevent segmentation at a glance.",IS4/co2/IS_IV_C02_D02.jpg
high,"Multiple books on the shelf (at least 10 distinct spines visible);Three candles and a bowl on the top shelf;A framed painting on the wall;A potted plant with distinct trunk and fronds;A sofa with at least three distinct pillows (green, blue, red);A person seated (counted as one visual entity);A wine glass held by the person;A wine bottle on the coffee table;A fruit bowl containing multiple fruits (apple, orange, grapes);A newspaper folded on the table;A blue placemat under the bottle and newspaper;A curtain with repeating leaf pattern (but pattern is background texture, not counted as separate objects; however, the curtain itself is one object)",medium,"Objects are distributed across distinct zones (shelf, table, sofa, background), reducing spatial overlap;The coffee table holds several items (bottle, bowl, newspaper, placemat) in close proximity, creating localized density;The bookshelf is densely packed but vertically organized, allowing separation of spines;No major occlusion between major objects (e.g., person not hidden, plant not overlapping sofa significantly);The curtain pattern is visually busy but treated as background texture per instructions; it does not contribute to clutter as it is not a discrete object;Pillows on sofa are adjacent but clearly separable; no interleaving",IS4/co2/IS_IV_C02_D01.jpg
medium,"A person seated on a sofa (1 distinct figure);Sofa with three visible pillows (3 distinct objects);Coffee table with wine bottle, fruit bowl, newspaper, and blue mat (4+ items);Bookshelf with multiple books (visually distinguishable spines, ~15–20 items);Three candles and an orange bowl on the shelf (3–4 items);Potted plant (1 object);Framed artwork on wall (1 object);Curtain with leaf pattern (treated as 1 background element, not counted as multiple due to continuous texture);Total visually separable objects: ~25–35 distinct entities",medium,"Objects are distributed across multiple planes (foreground table, midground shelf/person, background wall/curtain) with clear spatial separation between major groups;No significant occlusion between major objects (e.g., person does not obscure shelf; table items are arranged without overlap);However, the bookshelf contains densely packed books with many spines competing for attention, and the coffee table has several items in close proximity (bottle, bowl, paper), creating localized density;The pillow arrangement on the sofa is compact but not overlapping; the curtain pattern adds visual texture but is not treated as clutter since it’s a continuous background surface;Overall, the scene has moderate spatial density in specific zones (shelf, table) but sufficient negative space elsewhere to allow perceptual grouping",IS4/co2/IS_IV_C02_D05.jpg
medium,"A person seated on a sofa (1 distinct figure);Sofa with at least 4 distinct pillows (green, blue, red, and partially visible fourth);Coffee table with bottle, fruit bowl, newspaper, and placemat (4+ items);Bookshelf with ~12–15 visible books plus decorative items (bowl, 3 candles);Potted plant (1);Framed artwork (1);Curtain with leaf pattern (treated as background texture, not counted as objects);Total visually distinguishable discrete objects: ~25–30",medium,"Objects are distributed across multiple planes (foreground table, midground shelf, background curtain), reducing overlap;Some spatial crowding on the coffee table (bottle, bowl, newspaper, placemat in close proximity, slight occlusion of newspaper by bowl edge);Bookshelf is densely packed but books remain individually discernible with clear vertical/horizontal separation;Pillows on sofa are adjacent but not overlapping; person’s limbs partially occlude pillows and table edge, creating mild local occlusion;No severe interweaving or ambiguous boundaries; most objects retain perceptual separability at a glance",IS4/co2/IS_IV_C02_D06.jpg
medium,"A person (1), a green sofa with at least three distinct pillows (2–4), a wine glass (5), a wine bottle (6), a fruit bowl with multiple fruits (7–9, but grouped as one container + contents), a newspaper (10), a side table (11), a wooden shelf unit (12), books on shelf (multiple but visually merged into blocks—counted as ~2–3 object groups), candles (2–3 items), a potted plant (13), a framed picture (14), and a patterned curtain (15, treated as one background element due to uniform texture). Total distinguishable visual entities: ~14–18, which is moderate—not sparse, not densely packed.",medium,"Objects are distributed across foreground (table with bottle, bowl, paper), midground (person on sofa with glass, pillows), and background (shelf, plant, curtain). Some spatial overlap occurs: the person’s legs partially occlude the sofa and pillow edges; the fruit bowl overlaps with the newspaper edge; books on shelf are tightly aligned but still separable. No extreme crowding, but lack of large empty regions and several competing mid-level focal points (glass, bottle, face, plant) create moderate difficulty in rapid perceptual grouping.;The curtain has a busy leaf pattern, but per instructions, background texture is not counted as clutter unless it interferes with object separation; here it does not strongly obscure foreground objects, so contributes only mildly to clutter.",IS4/co2/IS_IV_C02_D04.jpg
medium,"A person seated on a sofa (1);Sofa with at least three distinct pillows (green, blue, red) (3+);Wine glass held in hand (1);Wine bottle on table (1);Wooden bowl containing fruit (apple, orange, grapes) — count as 1 container + 3 visible fruit items (4);Newspaper/magazine on table (1);Bookshelf with multiple books (≥8 distinguishable spines);Three candles and an orange bowl on shelf (4);Potted plant (1);Framed artwork on wall (1);Patterned curtain/wall covering (treated as background texture, not counted as object)",medium,"Objects are distributed across foreground (table), midground (sofa/person), and background (shelf/plant/wall), but spatial density is moderate: the coffee table holds several items (bottle, bowl, paper) in close proximity without severe overlap;The bookshelf is densely packed with books, creating local high-density region, yet books remain individually distinguishable by spine color/shape;The person’s posture and arm placement partially occlude the sofa and pillows, but no major interlocking or inseparable overlaps occur;No strong competing focal points—person is dominant, but surrounding objects do not create visual confusion or rapid attention shifts;Sufficient negative space exists between major object groups (e.g., gap between shelf and sofa, open wall area above)",IS4/co2/IS_IV_C02_D03.jpg
medium,"A person seated on a sofa (1 distinct figure);Sofa with at least three distinct pillows (green, blue, red) (3 objects);Wine glass held in hand (1 object);Bottle on coffee table (1 object);Fruit bowl containing multiple fruits (apple, orange, grapes — visually separable items, counted as ≥3 distinct elements);Newspaper on table (1 object);Wooden shelf with multiple books (≥6 distinguishable spines), plus two candles and a ceramic bowl (≥3 more items);Potted plant (1 object);Framed artwork on wall (1 object);Patterned curtain with leaf motif (treated as 1 background element, not counted as multiple objects due to continuous texture)",medium,"Objects are distributed across foreground (table), midground (sofa/person), and background (shelf, plant, curtain), reducing overlap;Some spatial density on the coffee table: bottle, fruit bowl, newspaper, and placemat occupy a compact area but remain visually separable;Shelf has tightly arranged books and decor, creating local density, yet spines and items retain clear boundaries;No severe occlusion: the person’s limbs, wine glass, and pillows are mostly distinct; the fruit bowl contents are layered but still individually discernible;Multiple focal regions (person, table, shelf) compete mildly for attention, but scene remains parseable without visual strain",IS4/co2/IS_IV_C02_D08.jpg
medium,"A person seated on a sofa (1 distinct figure);Sofa with at least three visible pillows (green, blue, red) (3+ objects);Wine glass held in hand (1);Bottle on coffee table (1);Fruit bowl containing orange, apple, grapes (multiple items but grouped as one container + ~3 distinguishable fruit types);Newspaper/magazine on table (1–2 layered sheets);Wooden shelf with multiple books (≥8 spines visible, countable as separate objects);Three candles and a bowl on shelf top (3+);Potted plant (1);Framed artwork on wall (1);Curtain with leaf pattern (treated as background texture, not counted as discrete objects per definition)",medium,"Objects are distributed across foreground (table), midground (sofa/person), and background (shelf, plant, curtain), with moderate spatial separation;Some overlap: person’s legs partially occlude sofa; fruit bowl overlaps bottle edge; newspaper lies under/next to bottle;Shelf contains densely arranged books with tightly packed spines, creating local high-density region;Pillows on sofa are adjacent but not heavily interwoven; still perceptually separable;No extreme occlusion or visual crowding across the entire scene—viewers can isolate major elements (e.g., person, bottle, shelf) without significant effort",IS4/co2/IS_IV_C02_D07.jpg
medium,"A person seated on a sofa (1 distinct figure);Sofa with at least three distinct pillows (green, blue, red) (3 objects);Coffee table with wine bottle, fruit bowl, newspaper, and placemat (4+ items);Bookshelf containing ~15–20 visible books plus decorative items (candles, bowl, plate) (≥15 objects);Potted plant (1 object);Framed artwork on wall (1 object);Patterned curtain in background (treated as one background element, not counted as multiple due to fused texture);Total visually distinguishable foreground/midground objects ≈ 25–30, which is moderate—not sparse, but not densely packed",medium,"Objects are distributed across multiple planes (foreground table, midground shelf/sofa, background wall/curtain), reducing overlap;Some occlusion: person’s legs partially obscure sofa; fruit bowl partially obscures books behind it; newspaper overlaps placemat;Spatial density is moderate: bookshelf is tightly packed horizontally, but vertical spacing exists; coffee table items are arranged with some separation;No severe visual crowding or indistinguishable merging of objects; most items remain perceptually separable at a glance;Competing focal points (person, wine glass, colorful book spines, fruit bowl), but none dominate to the point of overwhelming segmentation",IS4/co2/IS_IV_C02_D09.jpg
medium,"A person (1), a sofa with three distinct pillows (3), a wine glass (1), a bottle (1), a fruit bowl with at least three visible fruits (apple, orange, grapes) (≥3), a newspaper (1), a coffee table (1), a bookshelf with ~15–20 visible books/spines (counted as separate objects), three candles (3), an orange bowl on a saucer (2), a potted plant (1), and a framed artwork (1). Total distinguishable objects ≈ 30–40, which is moderate—not sparse, but not densely packed.",medium,"Objects are distributed across multiple planes: foreground (table with bottle, bowl, paper), midground (person on sofa, pillows), background (bookshelf, plant, curtain, artwork). Some spatial overlap occurs (e.g., legs crossed over each other, pillow partially behind person’s arm, books tightly aligned on shelf), but most objects retain clear boundaries and are not heavily interleaved. The scene has pockets of density (bookshelf, table surface) but also open areas (wall space, floor), preventing high clutter. No severe occlusion or visual competition that impedes immediate segmentation.",IS4/co2/IS_IV_C02_D10.jpg
medium,"A person seated on a sofa (1 distinct figure);Sofa with at least three visible pillows (green, blue, red) (3+ objects);Wine glass held in hand (1);Bottle of wine on table (1);Fruit bowl containing multiple fruits (apple, orange, grapes — perceptually grouped but visually distinguishable as separate items; count as ≥3);Newspaper on table (1);Wooden shelf with books (≥6 spines visible, treated as distinct objects due to clear separation and spine labels);Candles (2), ceramic bowl on saucer (1), plant (1), framed artwork (1), curtain pattern (treated as background texture, not counted as discrete objects);Total visually separable entities: ~15–20 distinct items",medium,"Objects are distributed across foreground (table), midground (sofa, person), and background (shelf, plant, curtain), with moderate spacing;Some spatial overlap: fruit bowl partially occludes newspaper edge; person’s legs cross and partially obscure sofa surface; pillows crowd the seating area;No extreme density or visual crowding—empty space exists between major object groups (e.g., gap between shelf and sofa, open wall area);Multiple focal regions (person, table setup, shelf) compete mildly for attention but remain perceptually separable without significant ambiguity",IS4/co2/IS_IV_C02_D12.jpg
medium,"A person (1), a green sofa with at least three distinct pillows (2–4), a wine glass (5), a wine bottle (6), a fruit bowl with multiple fruits (counted as one object due to containment and visual unity), a newspaper (7), a small wooden shelf with books (multiple spines visible but grouped as one shelf unit; however, individual book spines are visually distinguishable—approx. 8–10 separate book objects), two candles and a ceramic bowl on the shelf (11–13), a potted plant (14), a framed artwork (15), and a curtain with leaf pattern (treated as background texture, not counted as discrete objects). Total distinguishable objects ≈ 15–18, which is moderate—not sparse, but not densely packed.",medium,"Objects are distributed across foreground (table with bottle, bowl, paper), midground (shelf, plant), and background (sofa, person, curtain). The coffee table has several items in close proximity (bottle, bowl, paper) with partial overlap and minimal negative space, increasing local density. The bookshelf contains tightly arranged books with visible spines, creating visual competition. The person’s legs cross over the armrest, partially occluding the sofa and pillows. However, major regions remain separable: the person is clearly bounded, the plant stands alone, the shelf is structurally coherent, and the curtain forms a uniform backdrop without fine interleaving. No severe occlusion or chaotic interweaving occurs; grouping is still feasible at a glance.",IS4/co2/IS_IV_C02_D11.jpg
medium,"Three people are clearly distinguishable as separate visual entities.;A large spinning color wheel (blurred due to motion) is a single prominent object.;Two potted plants, one framed artwork, a bookshelf with multiple books (grouped but visually separable as vertical stacks), a red can on the floor, a snack bag held by one person, and a green sofa with visible legs and cushions — each counts as a distinct object or part.;Total identifiable objects: ~10–15 discrete visual elements (people, furniture, plants, art, container items, etc.), not sparse but not densely packed.",medium,"Objects are distributed across the scene with some spatial separation (e.g., person on floor vs. two on sofa), reducing extreme density.;However, the central area contains overlapping visual elements: the spinning wheel partially occludes the bookshelf; the person on the left sits near the wheel and can, creating local crowding.;The bookshelf holds many books tightly arranged, contributing to localized high density; the snack bag and hand partially overlap the person’s torso.;No severe occlusion across the whole image, but multiple mid-ground elements (plants, shelf, wheel) compete for attention and reduce ease of perceptual grouping at a glance.",IS4/co3/IS_IV_C03_D01.jpg
high,"Multiple books on two shelves (dozens of spines visible as distinct objects);Fruit bowl containing at least 5 distinct fruits (apple, orange, grapes, etc.);Wine bottle with striped label and cap;Wine glass held by person;Three candles (orange, purple, blue) on shelf;Ceramic bowl and saucer on shelf;Potted plant with trunk and leafy crown;Person (head, torso, arms, legs, shoes, watch);Sofa with at least 4 distinct pillows (green, blue, red, plus one partially visible);Newspaper/magazine on coffee table;Coffee table with placemat and edge details;Framed artwork on wall;Leaf-patterned curtain with many individual leaf shapes (treated as repeated but distinguishable pattern elements)",medium,"Objects are spatially grouped but not densely overlapping: bookshelf is orderly, fruit bowl is contained, sofa area has clear object boundaries;Some occlusion present (e.g., person’s legs partially cover sofa cushion; pillows overlap slightly), but most objects remain perceptually separable;Foreground coffee table has multiple items (bottle, bowl, paper) in close proximity, creating local density, yet they rest on a defined surface with spacing;Background elements (plant, curtain, frame) are separated by wall space and do not interleave with foreground objects;No severe visual competition: the person is the dominant focal point, and other groupings (bookshelf, table) form coherent sub-regions",IS4/co2/IS_IV_C02_D13.jpg
medium,"Three people are clearly distinguishable visual entities.;A large colorful wheel (one object, though segmented, perceived as a single unit).;Two potted plants (each visually distinct due to separation and form).;A framed picture on the wall.;A bookshelf with multiple books (treated as a group of moderately many small objects, but not individually resolved at glance — contributes to moderate count).;A green armchair with cushions (armchair + 2 visible cushions = ~3 elements).;A soda can on the floor.;A snack bag held by one person.;A small side table under the wheel.;Wall-mounted blue circular objects (2 visible, likely light switches or decor).;Curtain with leaf pattern (patterned background, not counted as discrete objects per definition).",medium,"Objects are distributed across the scene with some spatial separation (e.g., people spaced apart, wheel on table), reducing overlap.;However, the central area contains multiple competing focal points: the wheel, the gesturing hand, the seated people, and nearby plants — creating moderate visual competition.;The bookshelf and side table contain densely arranged items (books, cups), contributing to local density.;No severe occlusion between major objects; most remain perceptually separable, but the combination of mid-density arrangement and multiple salient mid-ground elements prevents low clutter.;The leaf-patterned curtain is high-frequency texture but is background and excluded from clutter assessment per definition (only discrete objects count).",IS4/co3/IS_IV_C03_D02.jpg
medium,"Three people are clearly distinguishable as separate visual entities.;A large spinning color wheel (one object, though visually complex in pattern).;Two potted plants (each a distinct object).;A framed artwork on the wall.;A bookshelf with multiple books (treated as one unitary shelf structure; individual books are not clearly separable as distinct objects due to resolution and depth).;A red soda can on the floor.;A bag of snacks held by one person.;A green armchair (one object), and a blue mat on the floor (one object).;Wallpaper with leaf pattern — but per definition, background texture is NOT counted as objects.",medium,"Objects are distributed across foreground, midground, and background without large empty zones, creating moderate spatial density.;The spinning color wheel occupies central visual space and overlaps slightly with the bookshelf and plant in depth, causing mild perceptual competition.;The person on the right holds a brightly colored snack bag that draws attention alongside the color wheel, creating two competing focal points.;No severe occlusion or interleaving, but the arrangement (floor-sitter, two seated people, central wheel, shelf behind) yields moderate difficulty in immediate grouping at a glance.;The plants, shelf, and wall art are arranged in a way that fills vertical space without clear separation boundaries, contributing to medium clutter.",IS4/co3/IS_IV_C03_D04.jpg
medium,"Three people are clearly distinguishable visual entities.;A large colorful wheel (spinning game) is a single prominent object with segmented parts, but counted as one object due to unified shape and function.;Two potted plants (one on shelf, one near sofa) are distinct objects.;A framed picture on the wall is one object.;A bookshelf with multiple books—though many books are visible, they form a cohesive unit; visually, ~6–8 discernible book spines or groups can be separated at a glance.;A red Coca-Cola can on the floor.;A bag of snacks held by one person.;A green armchair and a small side table (supporting the wheel).;Candles and small items on the shelf (~3–4 additional small objects).;Total visually separable entities: ~15–20 distinct objects/parts, which qualifies as medium (not few like <8, not many like >30).",medium,"Objects are distributed across the scene without severe overlap, but spatial density is moderate: the shelf contains tightly packed books and items, the wheel occupies central floor space near people, and the snack bag is held close to the body, partially overlapping the lap.;The background curtain has a dense leaf pattern, but per instructions, background texture is ignored for clutter assessment; only foreground/midground object arrangement matters.;No major occlusion between major objects (e.g., people don’t obscure the wheel; plants don’t block key items), but there are multiple competing focal points: the wheel, the snack bag, the people’s faces/hands, and the bookshelf—all drawing attention simultaneously.;The blue rug and wooden floor provide some negative space, reducing extreme crowding, yet the midground (shelf + wheel + seated people) feels moderately dense and requires slight effort to parse individual elements at a glance.",IS4/co3/IS_IV_C03_D03.jpg
medium,"Three people are clearly distinguishable visual entities.;A large colorful wheel with multiple labeled segments (≈16 distinct colored sectors) counts as one object but contributes multiple distinguishable parts; per definition, we count visually distinguishable *objects or parts* — the wheel’s segments are perceptually separable due to color and text contrast, so they add to quantity.;Two potted plants (one on shelf, one beside couch), a framed picture, a bookshelf with visible books (~8–10 spines), two candles, a soda can, a snack bag, a green armchair, and a blue rug — each is a separate visual entity.;Total distinguishable objects/parts: ~25–35 (e.g., 3 people + 16 wheel segments + 10+ background items), which falls in the coarse 'Medium' range (neither few like <10 nor many like >50).",medium,"Objects are distributed across the scene with some spatial separation: people occupy distinct zones (floor, chair), and background items are mostly on shelves or walls.;However, the central wheel is visually dense with many colored segments and text, creating a local high-density focal region that competes for attention.;The bookshelf contains tightly packed books with overlapping spines, and the snack bag rests on the lap while partially occluding the person’s torso — mild occlusion and interleaving occur.;No severe overlap across major objects (e.g., no person fully hidden), but the combination of a busy wheel, packed shelf, and multi-element foreground yields moderate difficulty in rapid perceptual grouping — not low clutter, but not overwhelming either.",IS4/co3/IS_IV_C03_D05.jpg
medium,"Three people are clearly distinguishable as separate visual entities.;A large spinning color wheel (one object, though visually complex due to motion blur).;Two potted plants on shelves and one on the floor (three distinct plant objects).;A framed picture on the wall.;A bookshelf with multiple books (treated as a group of visually distinguishable items—moderate count, not densely packed).;A can on the floor, a bag of snacks held by one person, and several small cylindrical objects (candles) on the shelf.;Furniture: two armchairs/sofas, a small table under the wheel, and a rug — each counts as a distinct object.",medium,"Objects are distributed across the scene with moderate spatial separation; no extreme density in any region.;The central color wheel is motion-blurred and overlaps partially with background elements (shelf, plants), creating local perceptual interference.;The person on the right holds a snack bag that partially occludes their torso and overlaps with the armchair edge, introducing mild occlusion.;The bookshelf contains vertically aligned books but with visible gaps; not tightly packed.;No severe overlapping of major objects (e.g., people are clearly separated from furniture), yet the combination of foreground (wheel, can), midground (people, chairs), and background (plants, shelf, curtain) creates multiple competing visual regions without strong grouping cues.",IS4/co3/IS_IV_C03_D07.jpg
medium,"Three people are clearly distinguishable as separate visual entities.;A large rainbow-colored spinning wheel (visually distinct due to motion blur and color bands).;Two potted plants (one on shelf, one near center), a framed picture, a bookshelf with visible books, several cylindrical objects (candles or containers) on the shelf, a red can on the floor, a snack bag held by one person, and a green armchair — each contributes a separable object.;Total visually distinguishable elements: ~12–15 discrete items (people, furniture, decor, consumables), not sparse but not densely packed.",medium,"Objects are distributed across foreground, midground, and background without heavy occlusion, but spatial density is moderate: the shelf holds multiple items close together, the spinning wheel partially overlaps the shelf, and the seated people occupy adjacent zones with limited negative space.;The motion-blurred wheel creates a competing focal point that interferes slightly with parsing surrounding elements (e.g., shelf items behind it).;No severe overlap or interleaving (e.g., no objects fully hidden behind others), but the arrangement lacks large empty regions, making rapid segmentation moderately effortful.",IS4/co3/IS_IV_C03_D06.jpg
medium,"Three people are clearly distinguishable as separate visual entities.;A large spinning color wheel (blurred due to motion) is a single prominent object.;Two potted plants (one left, one center-right) are visually distinct.;A framed picture on the wall is a single object.;A bookshelf with visible books and items (e.g., blue cylinder) contributes multiple small but distinguishable elements.;A snack bag held by one person is visible.;A can on the floor and a blue mat are additional distinct elements.;Two armchairs (occupied) are identifiable as separate furniture objects.",medium,"Objects are distributed across the scene without extreme crowding, but several elements occupy overlapping visual regions: e.g., the spinning wheel partially occludes the bookshelf; people’s limbs and chairs interleave in the mid-ground.;The background includes patterned wallpaper with leaf motifs, which adds visual texture but does not constitute discrete objects; however, it slightly increases perceptual load near the right-side subjects.;The motion-blurred wheel creates a strong competing focal point that interferes with clean separation of nearby elements (e.g., shelf items behind it).;No severe occlusion or dense packing, but spatial density in the central area (wheel, shelf, two seated people) makes rapid parsing moderately difficult.",IS4/co3/IS_IV_C03_D09.jpg
medium,"Three people are clearly distinguishable as separate visual entities.;A large colorful spinning disc (visible as a blurred circular pattern) is a distinct object.;Two potted plants (one near the framed picture, one beside the central person).;A framed picture on the wall.;A shelf with books and small items (visually grouped but multiple discernible parts).;A snack bag held by the rightmost person.;A soda can on the floor.;A green armchair and a red cushion (partially visible).;Wallpaper with leaf pattern — but per instructions, background texture is NOT counted as objects.",medium,"Objects are distributed across the scene without extreme density, but several elements occupy overlapping depth planes (e.g., spinning disc partially occludes shelf; people partially obscure furniture).;The spinning disc creates a strong competing focal point due to motion blur and high contrast, drawing attention away from other elements and increasing perceptual competition.;The left-side shelf contains multiple small items that are visually interleaved and hard to separate individually at a glance.;There is moderate spatial crowding in the central area: people, disc, plant, and shelf all occupy a shared mid-ground region with limited empty space between them.;No severe occlusion or complete merging of objects, so clutter does not reach 'High' level.",IS4/co3/IS_IV_C03_D08.jpg
medium,"Three people are clearly distinguishable visual entities.;A colorful spinning wheel (one object, but with many segmented parts—still counted as one cohesive object due to clear boundary and unified function).;Two potted plants (each a distinct visual entity with trunk, leaves, pot).;A framed picture on the wall (one object).;A small shelf with books and a bowl (multiple books visible but grouped; conservatively counted as ~3–4 distinguishable items: books as a cluster, bowl, shelf structure).;A snack bag held by one person (one object).;A soda can on the floor (one object).;A green armchair and a smaller chair/sofa segment (two furniture items).;A blue rug (one large surface, not subdivided into objects).;Wallpaper pattern is background texture, not counted per definition.;Total visually separable objects: ~10–12 distinct entities — more than few, fewer than many.",medium,"Objects are distributed across the scene with some spatial separation (e.g., people spaced apart, rug under central area), reducing extreme density.;However, the central area contains overlapping visual attention: the spinning wheel, the seated person on floor, the can, and the shelf behind it create a moderately dense region where boundaries between objects are close but not heavily occluded.;The snack bag and hands partially overlap the lap of the rightmost person, introducing mild occlusion.;No severe interweaving or indistinguishable merging of objects; most entities retain clear outlines and separation, but the arrangement lacks large empty zones, preventing low clutter.;Multiple focal points (wheel, faces, snack bag) compete for attention, contributing to medium-level perceptual load.",IS4/co3/IS_IV_C03_D10.jpg
medium,"Three people are clearly distinguishable as separate visual entities.;A large spinning color wheel (blurred due to motion) is a prominent central object.;Two potted plants (one near left wall, one near center), a framed picture, a bookshelf with visible books and items, a red cushion, a snack bag, a soda can, and a blue rug are all visually distinct objects or groups.;The curtain with leaf pattern contributes background texture but is not counted as discrete objects; only the major foreground/midground elements are considered.",medium,"Objects are distributed across the scene without severe overlap, but spatial density is moderate: the bookshelf, plants, color wheel, and furniture occupy much of the frame with limited empty space.;The spinning color wheel creates motion blur that partially overlaps with adjacent objects (e.g., bookshelf), reducing perceptual separability in that region.;Multiple focal points compete: the color wheel (dynamic), the people (social interaction), and the snack bag (bright yellow), making rapid grouping slightly effortful.;However, no heavy occlusion between major objects—people are seated apart, furniture is distinct, and background elements remain largely behind foreground subjects.",IS4/co3/IS_IV_C03_D11.jpg
medium,"Three people are clearly distinguishable as separate visual entities.;A large circular rainbow-colored object (likely a spinning disc or fan) is prominent in the midground.;A framed picture on the wall, two potted plants, a small bookshelf with visible books and colored cylinders, a can on the floor, and a snack bag held by one person are all discernible objects.;The green armchair and part of another chair are visible, adding to object count.;Total visually separable elements: ~10–15 distinct objects/parts (excluding background texture or noise).",medium,"Objects are distributed across foreground, midground, and background but not densely packed; some spatial separation exists.;The rainbow disc partially occludes the bookshelf behind it, creating mild overlap.;The person on the right holds a snack bag that overlaps with their torso and the armchair, introducing local occlusion.;The framed artwork, plants, and shelf occupy the same wall region, forming a moderately dense vertical grouping.;No extreme crowding or pervasive overlapping; most objects remain perceptually separable with moderate effort, but not trivially so.",IS4/co3/IS_IV_C03_D12.jpg
high,"Multiple distinct objects are clearly visible: a bouquet of red roses, a wine bottle, a beige teddy bear, a black teddy bear, a framed photograph, a white teacup with saucer, a ball of white yarn, an apple, an orange, pears, bananas, a newspaper, a color checker chart, a folded shirt with cufflinks and a rolled handkerchief on a wooden coaster, and decorative straw — totaling >15 visually separable entities.",high,"Objects are densely packed across the tabletop with minimal negative space; many items overlap or abut closely (e.g., fruit pile against teddy bear, newspaper under oranges, shirt partially covering coaster, yarn near cup), creating interleaved boundaries.;Multiple competing focal regions exist: left-side floral/fruit cluster, center teddy bear/cup/color chart, right-side photo/shirt/black bear — no single dominant spatial grouping, hindering rapid perceptual segmentation.;Occlusion is present: the newspaper is partially covered by fruit and straw; the shirt overlaps the coaster and handkerchief; the black bear is partially behind the photo frame.",IS4/co4/IS_IV_C04_D01.jpg
high,"Multiple distinct objects are clearly visible: a bouquet of red roses with green foliage, a wine bottle, a beige teddy bear with ribbon, a black plush bear, a framed photograph, a white shirt with cufflink and folded napkin on a wooden coaster, a teacup with saucer and spoon, a ball of white yarn, an apple, an orange, pears, bananas, a newspaper, a color checker chart, and straw bundle — totaling >15 distinguishable visual entities.",high,"Objects are densely packed across the tabletop with minimal negative space; many items overlap or abut closely (e.g., fruit pile partially obscures newspaper, teddy bear sits beside wine bottle and orange, yarn touches teacup, shirt overlaps coaster and napkin), creating visual competition for attention and difficulty in segmenting individual items at a glance.;The background includes a large printed landscape photo and a color chart placed directly behind foreground objects, contributing to layered depth and further reducing perceptual separation.",IS4/co4/IS_IV_C04_D02.jpg
high,"Multiple distinct objects are clearly visible: a vase with red roses and green foliage, a wine bottle, a beige teddy bear with bow, a black plush bear, a framed photograph, a color checker chart, a teacup with saucer, a folded white shirt, a wooden coaster with patterned napkin, two balls of yarn, an apple, an orange, a pear, bananas, tomatoes, straw bundle, and a newspaper — totaling >15 distinguishable items.;Each object maintains its own shape, boundary, and texture, allowing them to be perceived as separate visual entities despite proximity.",high,"Objects are densely packed across the tabletop with minimal negative space; many items physically touch or nearly overlap (e.g., fruit pile against bottle and bear, newspaper under orange and straw, teacup near yarn and shirt).;Multiple competing focal points exist simultaneously: the bright red roses, the colorful color chart, the smiling face in the photo, the white shirt collar, and the teddy bears all draw attention without clear visual hierarchy.;Perceptual grouping is difficult at a glance due to interleaving of shapes and textures (e.g., straw strands interwoven with fruit stems, yarn partially behind cup, newspaper partially covered by objects), increasing segmentation effort.",IS4/co4/IS_IV_C04_D04.jpg
high,"Multiple distinct objects are visible: a vase with roses, a wine bottle, a bouquet of fruit (oranges, pears, bananas, apples), a beige teddy bear, a black plush bear, a framed photograph, a teacup with saucer and spoon, a ball of yarn, a folded white shirt, a rolled napkin on a wooden coaster, a newspaper, a color checker chart, and background elements (tree photo backdrop).;Each object is visually separable and occupies its own region; even small items like the straw bundle and apple are individually discernible.;Total count exceeds 15 clearly distinguishable visual entities, qualifying as high quantity.",high,"Objects are densely packed across the tabletop with minimal negative space between them — e.g., fruit overlaps with bear and bottle, newspaper extends under multiple items, teacup sits near yarn and shirt.;Significant occlusion occurs: the newspaper is partially covered by fruit and bear; the black bear partially obscures the background tree image; the shirt overlaps the napkin/coaster assembly.;Multiple strong focal regions compete for attention: the red roses, the colorful color chart, the smiling face in the frame, the bright fruit, and the teacup all draw visual focus simultaneously without clear visual hierarchy or grouping boundaries.;No large unoccupied areas exist to aid perceptual segmentation; the entire foreground is filled with overlapping, interleaved objects.",IS4/co4/IS_IV_C04_D03.jpg
medium,"Three people are clearly distinguishable visual entities.;A large colorful wheel (spinning prize wheel) is a single prominent object with segmented parts, but counted as one object due to unified structure and clear boundary.;Two potted plants (one on shelf, one freestanding) are distinct objects.;A framed picture on the wall is one object.;A bookshelf with visible books and items—though multiple books, they form a cohesive unit; conservatively count as 1–2 additional objects due to limited separability at glance.;A bag of snacks held by one person is one object.;A soda can on the floor is one object.;A green armchair and a red chair (partially visible) are two furniture objects.;Candles and small decor on shelf add ~2 more minor distinguishable items.;Total visually separable objects ≈ 10–13 — not few, not many: Medium.",medium,"Objects are distributed across foreground, midground, and background without severe overlap, but spatial density is moderate: the wheel sits near the shelf, plants flank it, people occupy left/mid/right zones.;The wheel has many colored segments and numbers, creating internal visual busyness, yet its circular boundary remains intact and separable from surroundings.;No major occlusion between primary objects (people, furniture, wheel), but the shelf area contains multiple small items (books, candles, plant) in close proximity, increasing local density.;The patterned curtain adds background texture, but per instructions, background texture is *not* counted as clutter unless it interferes with object separation; here, it does not cause perceptual merging of foreground objects.;Multiple focal points exist (wheel, snack bag, people’s faces), but they are spatially separated enough to allow relatively easy parsing—hence not high clutter.",IS4/co3/IS_IV_C03_D13.jpg
high,"Multiple distinct objects are visible: a vase with roses, a wine bottle, a beige teddy bear, a black teddy bear, a framed photo, a teacup with saucer, a newspaper, a color checker chart, a ball of yarn, an apple, an orange, pears, bananas, tomatoes, straw bundle, folded shirt, cufflink on wooden base, and background landscape print — totaling >15 visually separable entities.",high,"Objects are densely packed across the table surface with minimal negative space; many items overlap or abut (e.g., fruit pile against bottle and bear, teacup near yarn and photo, newspaper partially under fruit), creating visual competition; multiple salient elements (roses, photo, color chart, bears) simultaneously draw attention, impeding rapid perceptual grouping.",IS4/co4/IS_IV_C04_D05.jpg
high,"Multiple distinct objects are clearly visible: vase with roses, wine bottle, beige teddy bear, black teddy bear, framed photo, teacup with saucer, yarn ball, folded shirt with cufflink, wooden coaster, newspaper, fruit cluster (oranges, pears, apple, banana), color checker chart, and background landscape print — totaling >15 visually separable entities.",high,"Objects are densely packed on the table surface with minimal negative space; many items overlap or abut closely (e.g., fruit pile against bear, newspaper under orange, shirt overlapping coaster, yarn near cup); multiple competing focal points (roses, photo, bears, color chart) draw attention simultaneously; perceptual grouping is difficult due to interleaving of shapes and textures without clear spatial segregation.",IS4/co4/IS_IV_C04_D07.jpg
high,"Multiple distinct objects are clearly visible: a vase with roses, a wine bottle, a beige teddy bear, a black teddy bear, a framed photograph, a teacup with saucer, a newspaper, a ball of yarn, an apple, an orange, two pears, bananas, a shirt collar with cufflink, a wooden coaster, a color checker chart, and straw bundle — totaling >15 visually separable entities.",high,"Objects are densely packed on the tabletop with minimal negative space; many items overlap or abut closely (e.g., fruit pile against bottle and bear, newspaper under orange and pear, teacup near yarn and bear), creating spatial interleaving.;Multiple competing focal regions: left-side floral/bottle/fruit cluster, center bear/teacup/newspaper, right-side black bear/photo/shirt — each drawing attention simultaneously, hindering rapid perceptual grouping.;Partial occlusions occur (e.g., newspaper partially covered by fruit and straw; shirt collar overlaps coaster; black bear partially behind photo frame), increasing difficulty in segmenting individual elements at a glance.",IS4/co4/IS_IV_C04_D06.jpg
high,"Multiple distinct objects are visible: a vase with roses, a wine bottle, a beige teddy bear, a black stuffed animal, a framed photograph, a color checker chart, a teacup with saucers, a ball of yarn, an apple, an orange, pears, bananas, a newspaper, a folded shirt, a patterned napkin on a wooden coaster, and straw-like material — totaling >15 clearly separable visual entities.",high,"Objects are densely packed across the tabletop with minimal negative space; many items overlap or abut closely (e.g., fruit pile partially obscures newspaper, teddy bear touches bottle and orange, teacup sits atop saucers which rest near yarn and shirt), creating visual interleaving; multiple high-contrast focal points (roses, color chart, photo, teddy bear) compete for attention simultaneously, hindering rapid perceptual grouping.",IS4/co4/IS_IV_C04_D08.jpg
high,"Multiple distinct objects are clearly visible: a vase with roses, a wine bottle, a teddy bear, a black plush animal, a framed photo, a teacup with saucers, a ball of yarn, an apple, an orange, pears, bananas, newspaper, folded shirt, rolled cloth on wooden base, color checker chart, and straw bundle — totaling >15 distinguishable visual entities.",high,"Objects are densely packed across the tabletop with minimal negative space; many items overlap or abut closely (e.g., fruit pile partially covers newspaper, teddy bear sits beside bottle and orange, teacup rests on stacked saucers near yarn and shirt), creating interleaved boundaries that hinder rapid perceptual segmentation.;Multiple competing focal regions exist: left-side floral/fruit group, center teacup/yarn/bear cluster, right-side photo/shirt/black plush group — each drawing attention simultaneously, increasing visual load.;Occlusion is present: newspaper is partially covered by fruit and straw; shirt collar overlaps rolled cloth; black plush partially hides background elements.",IS4/co4/IS_IV_C04_D09.jpg
high,"Multiple distinct objects are clearly visible: vase with roses, wine bottle, beige teddy bear, black plush bear, framed photograph, teacup with saucers, ball of yarn, folded white shirt, patterned handkerchief on wooden coaster, newspaper, orange, apple, pear, banana, strawberries, and a color checker chart — totaling >15 distinguishable items.",high,"Objects are densely packed across the tabletop with minimal negative space; many items overlap or abut closely (e.g., fruit pile against bottle and bear, teacup near yarn and shirt, newspaper partially under fruit and bear), creating spatial interleaving.;Multiple competing focal regions: left-side floral/fruit cluster, center bear/cup/yarn group, right-side photo/shirt/black bear—each drawing attention simultaneously, hindering rapid perceptual grouping.;Occlusion is present: the newspaper is partially covered by fruit and straw, the shirt overlaps the coaster and handkerchief, and the black bear is partially behind the photo frame.",IS4/co4/IS_IV_C04_D11.jpg
high,"Multiple distinct objects are clearly visible: a vase with red roses, a wine bottle, a beige teddy bear, a black plush animal, a framed photograph, a teacup with saucer, a ball of white yarn, an apple, an orange, pears, bananas, a newspaper, a color checker chart, a folded white shirt, a patterned napkin on a wooden holder, and decorative straw — totaling >15 visually separable entities.",high,"Objects are densely packed across the tabletop with minimal negative space; many items overlap or abut closely (e.g., fruit pile touches teddy bear and bottle, newspaper under fruit and cup, shirt overlaps napkin holder and black plush), creating interleaved boundaries that hinder rapid perceptual segregation.;Multiple competing focal regions exist: left-side floral/fruit cluster, center tea set/yarn, right-side photo/plush/shirt — each drawing attention simultaneously, increasing visual load.;Occlusion is present: the newspaper is partially covered by fruit and straw; the black plush partially obscures the background poster; the shirt collar overlays the napkin holder.",IS4/co4/IS_IV_C04_D10.jpg
high,"Multiple distinct objects are clearly visible: vase with roses, wine bottle, beige teddy bear, black plush animal, framed photograph, white teacup with saucer and spoon, ball of yarn, folded white shirt with cufflink and napkin ring, newspaper, fruit cluster (oranges, pears, banana, apple), color checker chart, and background printed backdrop — totaling >15 distinguishable visual entities.",high,"Objects are densely packed across the tabletop with minimal negative space; many items overlap or abut closely (e.g., fruit pile against wine bottle, teddy bear adjacent to orange and newspaper, teacup near yarn and shirt), creating interleaved boundaries.;Multiple competing focal regions: left-side floral/fruit grouping, center teddy/yarn/cup, right-side photo/shirt/black plush — each draws attention simultaneously, hindering rapid perceptual grouping.;Occlusion is present: parts of the newspaper are covered by straw and fruit; the black plush partially obscures the backdrop; the shirt overlaps the wooden napkin ring base.",IS4/co4/IS_IV_C04_D13.jpg
high,"Multiple distinct objects are visible: a vase with roses, a wine bottle, a beige teddy bear, a black stuffed animal, a framed photograph, a color checker chart, a teacup with saucer and spoon, a ball of white yarn, a folded white shirt with cufflinks, a wooden coaster with a patterned fabric roll, a newspaper, and a cluster of fruits (oranges, pears, apples, bananas) — totaling >15 visually separable entities.;Each fruit in the cluster is individually discernible as a separate object despite proximity; similarly, the newspaper contains multiple visual elements (text blocks, photo, headline) that contribute to object count under perceptual distinguishability.",high,"Objects are densely packed across the tabletop with minimal negative space; many items overlap or abut directly (e.g., fruits touch the teddy bear and wine bottle, the newspaper lies beneath oranges and straw, the teacup sits on saucers that partially cover the newspaper).;Spatial interleaving occurs: the color checker partially obscures the background print, the black stuffed animal overlaps the framed photo’s edge, and the yarn ball rests against the teacup and shirt collar.;Multiple strong focal regions compete for attention simultaneously: the red roses, the framed face, the colorful fruit cluster, and the color checker—making rapid perceptual grouping difficult without effort.",IS4/co4/IS_IV_C04_D12.jpg
medium,"Two seated individuals are clearly distinguishable as separate figures.;A large spherical metallic sculpture with segmented panels is a single but complex object (counted as one visual entity).;Multiple snow-covered rocks form a low wall; though numerous, they are grouped and partially merged by snow, yielding ~6–8 discernible rock masses.;A multi-windowed building facade with visible wooden beams and glass panes contributes several structural elements (e.g., window frames, eaves, doors), but many are aligned and repetitive, reducing distinctness.;A snow-laden bare tree on the right adds one more object; other background elements (e.g., distant walls, roofline) are continuous surfaces or textures, not discrete objects.",low,"Objects are well-separated spatially: the two people sit on distinct rocks with snow gaps between them; the sculpture stands on its own pole with clear surrounding space.;No significant occlusion: all major objects (people, sculpture, rocks, tree, building) are fully visible and not overlapping.;The snow-covered ground provides uniform negative space that isolates foreground elements.;The building facade, while detailed, presents a regular grid of windows and horizontal lines that support perceptual grouping rather than fragmentation.;There is a single dominant focal region (people + sculpture), with no competing high-contrast or densely packed regions pulling attention simultaneously.",IS4/co5/IS_IV_C05_D02.jpg
medium,"Two seated individuals are clearly distinguishable as separate visual entities.;A large spherical sculpture composed of many faceted panels is present — though structurally one object, its numerous distinct reflective facets create multiple visually separable surface elements.;A building with a continuous wooden facade and multiple window units (at least 6–8 visible panes), each reflecting trees and interior elements, contributes additional distinguishable parts.;Snow-covered rocks in the foreground form a row of ~7–9 individual stone masses, each partially exposed and separable.;A snow-laden shrub on the right adds a few more branch-level elements.;Overall, the scene contains roughly 15–25 visually distinct objects or sub-elements (people, rock segments, window units, sculpture facets, branches), placing it in the medium range—not sparse, but not densely packed with tiny items.",low,"The two people sit on clearly separated rock segments with snow gaps between them, minimizing overlap.;The sculpture stands on a single pole and is spatially isolated from other major elements; its facets are arranged radially but do not interleave with surrounding objects.;The building occupies the background with consistent horizontal lines and large unbroken surfaces (wood panels, glass), providing visual breathing space.;Foreground rocks are spaced regularly with snow filling the interstices, preventing visual crowding.;No significant occlusion occurs: each major element (people, sculpture, building, shrub) retains clear boundaries and is easily segmented perceptually.;There is ample negative (snow-filled) space between objects, supporting low spatial density and ease of grouping.",IS4/co5/IS_IV_C05_D01.jpg
medium,"Two clearly distinguishable people seated in the foreground;Multiple snow-covered stone blocks (approximately 6–8 visible as separate elements);One large metallic flower-like sculpture on a pole;A snow-laden small tree or shrub to the right;Building facade with multiple windows and structural elements (e.g., horizontal beams, vertical frames), contributing several distinct architectural parts;No dense texture or fine-grained objects; all elements are macro-scale and separable",medium,"The two people, stone blocks, and sculpture occupy overlapping depth planes, with partial occlusion (e.g., snow-covered stones partially hide lower legs);Snow accumulates irregularly on stones, creating ambiguous boundaries between snow mass and stone surfaces, slightly reducing perceptual separation;The building background contains repeating window units and horizontal bands, introducing moderate spatial density without severe overlap;No extreme crowding: there is still visible ground snow and sky space separating major elements; focal points (people, sculpture) remain identifiable;The scene does not exhibit high interleaving or visual competition—elements are mostly arranged in layers (foreground, midground, background)",IS4/co5/IS_IV_C05_D04.jpg
medium,"Two seated individuals are clearly distinguishable foreground objects.;A large metallic artichoke-like sculpture dominates the midground as a single complex but unified object.;Multiple snow-covered rocks form a semi-regular row; each rock is visually separable, yielding ~8–10 distinct rock elements.;The building facade includes several large windows, wooden panels, and structural elements—each window frame and panel edge contributes to distinguishable parts (~6–8 major architectural components).;A snow-laden shrub on the right and a distant person in the background add 2 more distinguishable elements.;Total visually separable entities: ~15–20 coarse-level objects/parts.",medium,"The snow-covered rocks are closely spaced and partially embedded in snow, reducing inter-object separation and creating visual merging at their bases.;The sculpture’s intricate petal-like structure introduces internal density, but its singular placement prevents overlap with other major objects.;Foreground figures sit *on* the rocks, causing partial occlusion (e.g., legs behind rock edges), increasing perceptual integration of figure-rock units.;Background architecture has repeating window patterns that create moderate spatial competition, but large glass panes and horizontal bands provide some grouping cues.;No severe overlap or chaotic interleaving; empty snow space between major elements (e.g., between rocks and building) prevents high clutter.;Overall, spatial density is moderate: enough separation to avoid confusion, but insufficient void space to qualify as low clutter.",IS4/co5/IS_IV_C05_D03.jpg
medium,"Two clearly distinguishable people seated on rocks;A large metallic spherical sculpture with segmented panels (counted as one object despite internal structure, per perceptual grouping);Multiple snow-covered rocks forming a low wall (visually separable as ~8–12 distinct rock forms);A building facade with multiple windows and wooden panels (treated as one background structure, but window panes and wood sections add moderate part-count);A snow-laden bush/branch on the right (one distinct vegetative element);Minor elements: door frame, interior lights visible through windows, bicycle silhouettes in background — adding to moderate total count",medium,"The snow-covered rocks are closely spaced and partially occlude each other, reducing visual separation;The sculpture’s reflective surface creates fragmented highlights that visually interleave with background elements (e.g., windows, sky reflections), increasing perceptual competition;People are seated among rocks, causing partial occlusion between figures and foreground elements;However, there is still clear spatial separation between major entities (people, sculpture, building, bush); no severe overlap or dense interleaving;Sufficient negative space exists in snow foreground and upper sky area to prevent high clutter",IS4/co5/IS_IV_C05_D05.jpg
medium,"Two clearly distinguishable people seated on stone blocks;A large metallic spherical sculpture with segmented petals (treated as one object despite internal structure, per perceptual grouping);Multiple snow-covered stone blocks forming a bench-like structure (counted as ~5–7 distinct but adjacent blocks);Building facade with multiple windows (each window pane is visually separable due to reflections and frames; ~6–8 panes visible);Snow-covered shrub/branch structure on right (one cohesive element);Background figures faintly visible behind stones (2–3 additional small human forms)",medium,"Stone blocks are closely spaced and partially embedded in snow, reducing visual separation between them;The sculpture’s base pole intersects the seated figures’ lower bodies, creating mild occlusion;Windows reflect trees and sky, adding competing texture but not new objects; however, reflections introduce visual interference without increasing object count;Foreground snow has footprints and irregular mounds that interleave with stone edges, slightly obscuring object boundaries;No severe overlap or dense interleaving; most major elements (people, sculpture, building) remain perceptually separable at a glance",IS4/co5/IS_IV_C05_D06.jpg
medium,"Two clearly distinguishable people seated on rocks;A large metallic spherical sculpture with segmented panels (counted as one object despite internal structure, as it forms a single cohesive visual entity);Multiple snow-covered rocks forming a low wall (approximately 8–12 individual rock masses visible);A building facade with multiple windows (at least 6 distinct window units), wooden beams, and roofline elements;A snow-laden shrub/bush to the right with branching structure;Ground snow cover (treated as background texture, not counted as objects)",medium,"The two people, rocks, sculpture, and building are spatially separated with clear foreground/midground/background layers, reducing overlap;However, the snow-covered rocks form a dense, irregular row that partially occludes their bases and merges visually with the snow, creating local density;The sculpture’s complex geometry introduces internal visual detail but does not significantly interfere with separation of major objects;No severe occlusion between primary objects (people, sculpture, building), but the rock row and snow create moderate spatial crowding in the lower half;Attention is drawn to multiple focal regions: the two people, the sculpture, and the building windows—creating mild competition without overwhelming perceptual grouping",IS4/co5/IS_IV_C05_D07.jpg
medium,"Two clearly distinguishable people seated on rocks;A large metallic spherical sculpture with segmented petals (counted as one object despite internal segmentation, as it forms a single cohesive visual entity);Multiple snow-covered rocks forming a low wall (approximately 8–12 individual rock masses visible);A building facade with multiple windows (window panes are reflections and part of a continuous structure; not counted as separate objects);One small snow-laden tree/branch to the right;Snow-covered ground and mounds—treated as background texture, not discrete objects",low,"The two people are spatially separated and sit on distinct rock segments with clear gaps between them;The sculpture stands on slender poles and is visually isolated from other elements by open snowy space;Rocks are arranged in a linear, spaced-out fashion with snow filling gaps, preventing occlusion;No overlapping or interleaving of major objects; each object has its own visual space;Few competing focal points: people and sculpture dominate but are well-separated horizontally",IS4/co5/IS_IV_C05_D08.jpg
medium,"Two clearly distinguishable people seated on rocks;A large metallic spherical sculpture with multiple petal-like facets (treated as one object despite internal structure, per perceptual grouping);A row of snow-covered rocks forming a low wall (5–7 distinct rock masses visible);A building facade with horizontal window bands and wooden cladding (treated as one structural object, though windows reflect trees);A snow-laden bush/tree on the right side (one object);No other clearly separable foreground or midground objects; background elements like reflected trees are not independent visual objects",low,"Objects are spatially well-separated: people centered, sculpture to their right, rocks forming a linear base, building behind, bush isolated on far right;Minimal occlusion: no major overlapping between primary objects; snow covers ground uniformly but does not obscure object boundaries;Clear visual grouping: people sit on rocks, sculpture stands on poles, building forms a continuous backdrop — each element occupies distinct spatial zones;Ample negative space in snow foreground and sky area reduces spatial density",IS4/co5/IS_IV_C05_D09.jpg
medium,"Two clearly distinguishable people seated on rocks;A large metallic spherical sculpture with segmented petals (counted as one object despite internal structure, as it forms a single cohesive visual entity);Multiple snow-covered boulders arranged in a row (approximately 6–8 visually separable rock units);A building facade with multiple windows and wooden panels (treated as one structural object, though composed of subparts; only distinct external components count as separate if perceptually segmented — here, windows are grouped by frame and reflectivity, not individually salient);A snow-laden bare tree on the right (one object);A stone wall behind the tree (one continuous mass, not fragmented into individual stones perceptually)",low,"Objects are well spaced: people sit on discrete rocks with snow gaps between them;The sculpture stands on a pole, isolated from surrounding elements;No occlusion between major objects — all key elements (people, rocks, sculpture, tree, building) are fully visible and separable;Large areas of uniform snow provide negative space that enhances separation;Spatial layout is linear and hierarchical: foreground rocks → midground people/sculpture → background building/tree, reducing competing focal points",IS4/co5/IS_IV_C05_D10.jpg
medium,"Two clearly distinguishable people seated in the foreground;A large metallic spherical sculpture (composed of many facets but perceived as one object);A row of snow-covered stone benches or boulders (approximately 6–8 distinct units);A building with a continuous facade and multiple windows (treated as one structural object, though windows are visible as repeated elements);A snow-laden shrub on the right side;Snow-covered ground and roof edges — these are surface textures, not discrete objects, and thus excluded per definition",low,"The two people are seated on separate, well-spaced stone units with clear gaps between them;The sculpture stands on a single pole, isolated from other elements and centered in the midground;The stone units form a linear arrangement with consistent spacing, allowing easy perceptual segmentation;No significant occlusion between major objects: people, sculpture, building, and shrub remain visually separable;Large areas of unoccupied snow provide negative space that reduces spatial density",IS4/co5/IS_IV_C05_D11.jpg
medium,Several distinct buildings (at least 3 major structures with different forms);Multiple bare deciduous trees (≈5–7 clearly separable trunks/crowns);One prominent evergreen tree on the right;A few visible lampposts and poles (≥2);A lone person walking in the snowfield;Snow-covered ground with visible footprints and minor texture variations,low,Large expanses of open snow in the foreground provide substantial negative space;Buildings are well-separated horizontally with clear gaps between them;Trees stand individually without significant occlusion or interweaving of branches;No overlapping objects dominate the visual field; elements are spatially isolated;The central angular building is visually distinct and not crowded by adjacent structures,IS4/co6/IS_IV_C06_D01.jpg
medium,"Two clearly distinguishable people seated on stone blocks;Multiple snow-covered stone blocks (approximately 6–8 visible as distinct units);One large metallic spherical sculpture with segmented facets;A building facade with multiple window panes (at least 6 distinct reflective panes visible);A snow-laden shrub/tree on the right;Pillars and structural elements of the building (e.g., vertical posts supporting the sculpture, roofline details)",medium,"The stone blocks are closely spaced and partially buried in snow, reducing visual separation between them;Snow covers and blends adjacent objects (e.g., stones and ground), creating ambiguous boundaries;The sculpture’s faceted surface creates many small high-contrast edges that compete for attention without clear grouping;Windows reflect trees and sky, adding internal detail that increases local density without adding new objects;No large empty regions; most of the frame contains either objects or textured snow, but objects remain largely non-overlapping and discernible at a glance",IS4/co5/IS_IV_C05_D13.jpg
medium,"Two seated individuals are clearly distinguishable foreground objects.;A large metallic art sculpture (petal-like structure) on a central pole is one prominent object.;Multiple snow-covered rocks form a row in the midground — approximately 8–10 distinct rock forms visible.;A multi-story building with multiple windows, wooden panels, and roof sections contributes several architectural elements.;A small snow-laden shrub/tree on the right side adds another object group.;Reflections in windows show at least one interior person and balloons — but these are not independent external objects; they are reflections and thus not counted as separate visual entities per definition.",low,"Foreground figures are spatially separated from each other and from surrounding elements by snow gaps.;Rocks are arranged in a linear, evenly spaced sequence with clear snow-filled intervals between them, allowing easy perceptual separation.;The sculpture stands isolated on its pole, with no overlapping or occlusion from adjacent objects.;The building occupies the background as a coherent mass, with window frames providing regular spacing that reduces visual interference.;No significant occlusion or interleaving occurs among major objects; each retains clear silhouette and boundary against snow or sky.;There is ample negative (snowy) space separating object groups, supporting low spatial density.",IS4/co5/IS_IV_C05_D12.jpg
medium,"Multiple distinct buildings with varied geometries (e.g., angular brick structure, curved glass roof, rectangular wings);Several bare deciduous trees and one prominent snow-dusted evergreen tree;A walking person in the foreground;Lampposts, railings, and small shrubs visible across the midground;Footprints and disturbed snow patches form discrete visual traces",low,"Large expanses of unoccupied snow provide ample negative space between objects;Buildings are spatially separated and not overlapping; their forms remain visually distinct;Trees stand individually with clear separation from structures and each other;No dense layering or occlusion—objects are easily segmented at a glance;The scene has a sparse layout: foreground snow, midground elements spaced apart, background buildings clearly bounded",IS4/co6/IS_IV_C06_D03.jpg
medium,"Multiple distinct buildings (at least 4 major architectural volumes visible);Several bare deciduous trees (≈6–8 clearly separable trunks/crowns);One large snow-laden conifer on the right;A few lampposts and small vertical elements (e.g., yellow sign, poles);Footprints in snow forming a linear trail (counted as one continuous element, not many discrete objects);No dense foliage or fine-textured foreground elements; background is mostly sky and open snow",low,"Large expanses of unoccupied snow in foreground and midground provide strong separation between objects;Buildings are spatially separated by open ground and trees, with clear visual gaps;Trees stand individually without overlapping crowns (most are leafless, enhancing separability);No occlusion between major elements: each building and tree is fully visible and distinguishable;The conifer on the right is isolated and does not interleave with other elements;The footpath is linear and does not intersect or fragment other objects",IS4/co6/IS_IV_C06_D02.jpg
medium,"Multiple distinct architectural structures (at least 3 major building masses with different geometries);Several bare deciduous trees (≈6–8 clearly separable trunks/canopies);One prominent coniferous tree on the right with dense snow-laden branches;A few lampposts and small shrubs visible in mid-ground;Footprints forming a trail in foreground snow (counted as one continuous linear element, not discrete objects)",low,"Large expanses of unobstructed snow in foreground and mid-ground provide ample negative space;Buildings are spatially separated with clear gaps between them;Trees are individually discernible with no significant occlusion or overlapping silhouettes;No dense layering or interleaving of elements; visual grouping is straightforward (e.g., buildings form a coherent background band, trees stand apart);The dominant diagonal roofline of the central building acts as a single strong focal structure rather than contributing to fragmentation",IS4/co6/IS_IV_C06_D05.jpg
medium,"Several distinct buildings (at least 4 major architectural volumes visible);Multiple bare deciduous trees (≈6–8 clearly separable trunks/crowns);One large snow-covered evergreen tree on the right;A few lampposts and small shrubs scattered across the foreground/midground;Footprints forming a single trail in the snow (treated as one continuous linear element, not many discrete objects)",low,"Large expanses of uniform snow in the foreground provide significant negative space;Buildings are spatially separated with clear gaps between them;Trees stand individually with no overlapping crowns or trunks;No occlusion between major elements; all objects are fully visible and easily segmented;The scene can be parsed at a glance into distinct, non-competing regions (sky, snow field, building cluster, tree cluster)",IS4/co6/IS_IV_C06_D06.jpg
medium,"Several distinct buildings (at least 4 major architectural structures visible);Multiple bare deciduous trees (≈6–8 clearly separable trunks/crowns);One large snow-covered conifer on the right;At least 5–6 human figures scattered across the snowfield;A few poles, steps, and small landscape elements (e.g., low walls, railings)",low,"Large expanses of uniform snow provide ample negative space between objects;Buildings are spatially separated with clear gaps; no occlusion among major structures;Trees stand individually with visible ground/snow between them;Human figures are sparse and well-separated, not overlapping or densely grouped;No visual interleaving or layering that impedes perceptual segregation",IS4/co6/IS_IV_C06_D09.jpg
medium,"Several distinct buildings (at least 3–4 major structures with different forms);Multiple bare deciduous trees (≈6–8 clearly separable trunks/crowns);One large snow-laden conifer on the right;Three visible human figures in the snowfield;A few lampposts and small vertical elements (e.g., poles, railings);Snow-covered ground with footprints forming linear traces (treated as sparse, non-dense texture, not discrete objects)",low,Large expanses of unoccupied snow provide ample negative space between objects;Buildings are well-separated horizontally; no occlusion between major structures;Trees stand individually with clear gaps between them;Human figures are isolated and distant from each other and from architecture;No overlapping or interleaving of object boundaries; all elements have clean silhouettes against sky or snow,IS4/co6/IS_IV_C06_D07.jpg
medium,"Multiple distinct buildings (at least 4 major architectural volumes visible);Several bare deciduous trees (≈8–10 clearly separable trunks/crowns);One prominent snow-covered conifer on the right;A few scattered human figures (2–3 visible);Lampposts and fence elements (≈3–4 vertical structures);Footprints forming a trail in foreground snow (treated as one continuous linear feature, not discrete objects)",low,Large expanses of uniform snow in foreground and midground provide ample negative space;Buildings are well-separated horizontally with clear gaps between them;Trees are spaced apart with no significant occlusion or overlapping silhouettes;No dense layering or interleaving of objects; depth is easily parsed due to spatial separation;The conifer on the right stands isolated with no adjacent competing elements,IS4/co6/IS_IV_C06_D08.jpg
medium,Multiple distinct buildings with varied rooflines and facades (at least 4–5 major structures);Several bare deciduous trees (≈6–8 visible trunks/canopies);One prominent snow-laden evergreen tree on the right;A few lampposts and small shrubs scattered across the open snowfield;Footprints and disturbed snow patches in foreground add minor discrete elements,low,"Large expanses of unoccupied snow in foreground and midground provide ample negative space;Buildings are spatially separated with clear gaps between them;Trees stand individually without significant occlusion or interweaving of branches;No overlapping objects dominate the visual field; each element is easily isolatable;Horizon line cleanly separates sky from ground, aiding perceptual segmentation",IS4/co6/IS_IV_C06_D10.jpg
medium,"Several distinct buildings (at least 3–4 major structures with different forms);Multiple bare deciduous trees (≈6–8 clearly separable trunks/crowns);One prominent snow-covered evergreen tree on the right;A few small human figures (≈4–5 visible as dark silhouettes);A lamppost and low fence elements in mid-ground;Snow-covered ground with footprints forming a trail (but footprints are texture, not separate objects)",low,"Large expanses of open snow-covered ground provide ample negative space;Buildings are well-separated horizontally with clear gaps between them;Trees are spaced apart with no significant occlusion or overlapping crowns;No dense layering or interleaving of objects; foreground, midground, and background are visually distinct;The single evergreen on the right stands isolated without visual competition from adjacent elements",IS4/co6/IS_IV_C06_D11.jpg
medium,"A single prominent building complex with distinct geometric sections (triangular orange facade, curved glass roof, rectangular brick wings);Several bare deciduous trees (≈5–7 clearly separable trunks/crowns);One snow-laden coniferous tree on the right edge;One person walking in the snowfield;A basketball hoop/post near center;A fence line running horizontally behind the snowfield;Multiple small architectural elements (windows, roof edges) but treated as parts of larger structures, not independent objects",low,"Large expanses of unbroken snow in the foreground provide significant negative space;Objects are well-separated: the person is isolated, the hoop stands alone, trees are spaced apart;The building complex, though multi-part, forms a coherent visual unit without internal occlusion or overlapping elements that impair segmentation;No dense groupings or interleaved objects; spatial density is low across the scene",IS4/co6/IS_IV_C06_D04.jpg
medium,"Several distinct buildings (at least 4 major architectural volumes visible);Multiple bare deciduous trees (≈6–8 clearly separable trunks/branch clusters);One prominent snow-covered evergreen tree on the right;A few lampposts and small vertical poles scattered in the foreground/midground;Snow-covered ground with visible footprints and minor texture variations, but these are not counted as discrete objects",low,"Large expanses of open snow-covered ground provide significant negative space between objects;Buildings are spatially separated with clear gaps; no occlusion between major structures;Trees stand individually with unobstructed silhouettes against sky or background;No overlapping or interleaved elements—each object is visually isolated and easily segmented;Footprints form a single linear trail, not contributing to visual competition",IS4/co6/IS_IV_C06_D12.jpg
low,"A single person is the dominant visual element;One glass held in hand;One folded newspaper on the table;One wristwatch on the left arm;The t-shirt graphic (Mario) is a single integrated pattern, not multiple distinct objects;No other discernible objects; background is uniformly black and lacks texture or elements",low,"All objects are spatially separated with clear gaps: person centered, glass to left, newspaper to right, watch on arm;No occlusion or overlapping between major elements;Black background provides high negative space, enhancing separation;Only one primary focal region (the person’s face and upper torso), with secondary items clearly subordinate and non-competing;Perceptual grouping is immediate and unambiguous",IS5/co1/IS_V_C01_D01.jpg
low,"A single person (head and torso visible);One glass of water held in left hand;One folded newspaper on the table;One wristwatch on right wrist;One t-shirt with a printed graphic (treated as part of the person, not a separate object);The table surface (as a single background plane, not counted as an object)",low,"All objects are spatially separated: person centered, glass to left, newspaper to right, watch on wrist — no overlap or occlusion;Large areas of black background provide ample negative space;No interleaving or dense packing of elements; each object occupies its own distinct region;Perceptual grouping is immediate: three primary foreground items (person, glass, paper) with clear boundaries",IS5/co1/IS_V_C01_D02.jpg
medium,"Multiple distinct buildings (at least 4 major architectural volumes visible);Several bare deciduous trees (≈6–8 clearly separable trunks/crowns);One large snow-covered evergreen tree on the right;A few lampposts and small vertical fixtures (≈3–4);Visible footprints forming a trail in foreground snow;Snow-covered ground as a continuous surface, not counted as discrete objects",low,"Large expanses of unoccupied snow in foreground and midground provide ample negative space;Buildings are spatially separated with clear gaps between them;Trees are individually discernible with no significant occlusion among them;No overlapping or interleaved elements; visual groupings are stable and easily segmented;The dominant diagonal roofline and red facade form a single strong focal structure, not competing fragments",IS4/co6/IS_IV_C06_D13.jpg
low,"A person (one main figure);One glass of water;One folded newspaper;One wristwatch;One t-shirt (treated as a single visual object despite graphic);Black background (uniform, not counted as an object)",low,"All objects are spatially separated with clear negative space between them;No occlusion or overlap among the main elements (person, glass, newspaper, watch);The table surface provides a clean horizontal plane; objects rest distinctly upon it;The black background isolates foreground elements, reducing visual competition",IS5/co1/IS_V_C01_D03.jpg
low,"Only a few visually distinguishable elements are present: a person (upper torso and head), a light-colored T-shirt with a faint graphic, a wristwatch on one arm, and possibly a surface or object in front (e.g., keyboard or table edge).;Most of the image is black background with no discernible objects; noise or grain does not count as objects per definition.",low,"The visible elements are spatially separated: the person occupies the central region, the watch is localized on the wrist, and the foreground object (if any) lies below—no overlap or interleaving is evident.;There is ample dark space surrounding each element, enabling clear perceptual separation despite low visibility.",IS5/co1/IS_V_C01_D05.jpg
low,"A person (one main figure);A glass with liquid (one distinct object);A folded newspaper (one cohesive object, despite internal print elements);A wristwatch (one small but distinguishable object);The table surface (treated as background support, not a separate object per definition);No other clearly separable visual entities; background is uniformly dark and non-textured",low,"All objects are spatially well-separated: person centered, glass to left, newspaper to right, watch on wrist;No occlusion or overlap between major objects;Large areas of empty black background provide strong separation;Only one dominant focal region (the person’s face and upper torso), with secondary items placed peripherally without visual competition",IS5/co1/IS_V_C01_D04.jpg
low,"A person (one main figure);A glass of water (one distinct object);A wristwatch (one clearly separable object on the arm);A folded newspaper (one cohesive object, despite internal print elements being visually indistinct due to low resolution and lighting);No other clearly distinguishable objects; background is uniformly black with no texture or features",low,"All objects are spatially well-separated: person centered, glass to left, watch on right forearm, newspaper to lower right;No occlusion or overlap between primary objects;Large areas of empty black background provide strong separation;Each object occupies its own region without competing for visual attention simultaneously",IS5/co1/IS_V_C01_D06.jpg
low,A single person (head and torso visible);One glass of water held in left hand;One wristwatch on right wrist;One folded newspaper on table;One dark table surface;Uniform black background with no discernible objects,low,"All objects are spatially separated: person centered, glass to left, watch on arm, newspaper to right;No occlusion or overlap between major elements;Large areas of empty black background provide visual separation;Each object occupies a distinct region with clear boundaries and minimal edge competition",IS5/co1/IS_V_C01_D07.jpg
low,"Only a few visually distinguishable elements are present: a person (head, torso, arms), a watch on the left wrist, a glass-like object held in the right hand, and a faint rectangular shape (possibly a book or menu) on the table.;The background is uniformly dark with no discernible objects or textures; thus, no additional objects contribute to quantity.",low,"The few visible elements are spatially separated: the person occupies the central region, the watch is localized on the wrist, the glass is held distinctly in one hand, and the rectangular object lies flat below the arms.;There is no overlap or occlusion among the visible elements; each can be perceptually isolated without ambiguity.;Large areas of empty (dark) space surround the elements, reducing spatial density and facilitating easy grouping.",IS5/co1/IS_V_C01_D08.jpg
low,"Only one primary visual entity is discernible: a human figure centered in the frame.;A faint circular shape (likely a watch face) is barely visible on the left wrist, and a vague dark shape near the chest may be a graphic on clothing — but these are not clearly separable objects due to extreme low light and noise.;No other distinct objects or parts can be reliably perceived; background is uniformly black with no distinguishable elements.",low,"The single figure occupies central space with large surrounding black voids — high spatial separation from any potential secondary elements.;No overlapping or interleaved structures are visually resolvable; even the ambiguous wrist and chest regions do not appear to occlude or merge with the main figure in a way that impedes segregation.;At a glance, the scene presents a single focal entity without competing visual groupings or dense spatial packing.",IS5/co1/IS_V_C01_D10.jpg
low,"A single person is visible as the primary subject.;One glass held in the left hand.;One folded newspaper on the table to the right.;One wristwatch on the right wrist.;The t-shirt graphic (Mario) is a single integrated visual element, not separable into distinct objects perceptually due to its unified design and low resolution.;No other discrete objects are discernible against the black background.",low,"All objects are spatially well-separated: the person occupies the center, the glass is to the lower-left, the newspaper to the lower-right, and the watch is localized on the wrist.;No occlusion or overlap between objects; each object has clear negative space around it.;The black background provides high isolation, reducing visual competition.;Only one dominant focal region (the person’s face and upper torso), with subsidiary elements clearly subordinate and non-competing.",IS5/co1/IS_V_C01_D11.jpg
low,"A person (one main figure);A glass of water (one distinct object);A wristwatch (one clearly separable item on the arm);A folded newspaper (one cohesive object, despite internal print elements being visually integrated and not individually distinguishable as separate objects);The table surface (a single continuous plane, not counted as multiple objects);The dark background (uniform, no discernible objects)",low,"All objects are spatially well-separated: the person occupies the upper central area, the glass is to the left, the watch is localized on the wrist, and the newspaper lies flat in front without overlapping other items;No occlusion or interleaving between objects — each object has clear boundaries and surrounding negative space;The black background provides high contrast and isolates foreground elements, reducing perceptual competition;At a glance, the scene can be parsed into four distinct visual entities with minimal effort",IS5/co1/IS_V_C01_D09.jpg
low,"Only a few visually distinguishable objects are present: a person (one main figure), a t-shirt with a faint graphic, a wristwatch on one arm, a glass held in one hand, and a flat surface (e.g., table or papers) in front — all barely discernible due to extreme low illumination.;Most of the image is black void; no additional objects or parts can be reliably perceived as separate visual entities.",low,"The few visible elements are spatially separated: the person occupies the central region, the glass is to the lower-left, the watch is on the left forearm, and the table/papers lie below — with large dark areas separating them.;No occlusion or overlapping between visible elements is evident; each object occupies its own distinct region without interleaving or dense packing.;Despite poor visibility, the layout allows for easy perceptual segregation at a glance due to ample negative space.",IS5/co1/IS_V_C01_D12.jpg
medium,"A person seated on a sofa (1 distinct figure);Sofa with at least 4 distinct pillows (green, red, blue, and partially visible fourth);Small black coffee table with wine bottle, bowl of fruit, magazine, and placemat (4+ items);Wooden bookshelf holding multiple books (visually grouped as ~15–20 distinguishable spines), plus decorative items: orange bowl, two candles, glass dish (≥5 items);Potted plant (1);Framed artwork on wall (1);Curtain with repeating leaf/cherry pattern (treated as 1 background element, not counted as multiple objects per definition);Floor rug (1);Wine glass held by person (1)",medium,"Objects are spatially distributed but not sparse: bookshelf is densely packed with books and decor, creating local density;Coffee table holds multiple items in close proximity (bottle, bowl, magazine) with partial overlap/shadowing, slightly reducing separability;Pillows on sofa are adjacent and overlapping, requiring effort to delineate boundaries;No severe occlusion or visual merging across major scene regions; person, sofa, table, shelf remain perceptually separable as distinct zones;Background curtain pattern is high-frequency but treated as a single surface; does not increase object-level clutter per definition",IS5/co2/IS_V_C02_D01.jpg
high,"Multiple books on two shelves (dozens of spines visible as distinct objects);Fruit bowl containing grapes, bananas, and possibly other fruit (3+ distinguishable items);Wine bottle, wine glass, newspaper, placemat, and coffee table (5+ distinct foreground objects);Three colorful pillows on the sofa (3 distinct objects);Potted plant with multiple fronds and trunk (visually segmented into several parts);Three candles and an orange bowl on the shelf (3+ objects);Framed artwork with large leaf pattern (multiple leaf shapes perceived as separate elements);Patterned curtain with repeated leaf and berry motifs (many repeating but visually separable units);Person with clothing layers (shirt, cardigan, jeans, shoes — each contributes to object count)",medium,"Objects are arranged in defined zones (shelf, coffee table, sofa, curtain), reducing overlap;No significant occlusion between major objects; most retain clear boundaries;The bookshelf is densely packed but books remain individually discernible due to alignment and spacing;The coffee table holds several items, yet they are spaced with visible separation (bottle, bowl, paper, placemat);Pillows on the sofa are adjacent but not overlapping; their colors aid segregation;The curtain pattern is repetitive but not visually entangled—leaf/berry units are regularly spaced and separable;A few competing focal points exist (person, fruit bowl, artwork), but none dominate to the point of visual confusion",IS5/co2/IS_V_C02_D02.jpg
high,"Multiple books on two shelves (dozens of spines visible as distinct objects);Fruit bowl containing at least three types of fruit (grapes, bananas, oranges) — each cluster or individual piece contributes to distinguishable elements;Wine bottle, wine glass, magazine, placemat, and coffee table as separate foreground objects;Three decorative pillows on the sofa (green, red, blue), each visually distinct;Potted plant with multiple leaves and trunk segments;Candles, bowl, and dish on shelf top;Framed artwork with large leaf motif (multiple leaf shapes discernible);Patterned curtain with repeated leaf-and-fruit motifs — each leaf/fruit unit is a distinguishable visual element due to clear outlines and contrast",medium,"Objects are arranged in discrete zones (shelf, table, sofa, background), reducing overlap;Foreground table has 4–5 items (bottle, glass, magazine, bowl, placemat) placed with visible separation; no occlusion among them;Books on shelves are aligned vertically but densely packed; some spines partially obscured, indicating moderate spatial density;Curtain pattern is repetitive but high-contrast and regular, allowing easy segmentation of motif units — not visually overwhelming;Person occupies central-right area but does not heavily occlude surrounding objects; limbs and furniture remain separable;No strong visual competition for focal point: person, table, and plant each form coherent regions without interleaving",IS5/co2/IS_V_C02_D03.jpg
medium,"A person seated on a sofa;Sofa with three distinct pillows (green, red, blue);Small coffee table with wine bottle, magazine, and blue mat;Bookshelf with two visible shelves containing multiple books (approx. 15–20 distinguishable spines);Decorative items on shelf: bowl of fruit, orange cup, two candles, small dish with objects;Potted plant behind the person;Framed artwork on wall;Patterned curtain with repeated leaf/fruit motifs (treated as one background element, not counted as multiple objects per definition);Blue rug under table",medium,"Objects are distributed across multiple zones (left bookshelf, center table, right sofa), but spatial density is moderate: the bookshelf is packed, the table holds several items in close proximity, and the sofa has overlapping pillows and the person partially occluding the backrest;The fruit bowl, wine bottle, and magazine on the table occupy a small surface area with minimal empty space between them;The bookshelf shows high local density (books tightly arranged, some slightly overlapping spines), contributing to regional clutter;No severe occlusion across major scene regions; the person, sofa, and shelf remain perceptually separable at a glance, so clutter does not reach 'High'",IS5/co2/IS_V_C02_D04.jpg
medium,"A person seated on a sofa (1 distinct figure);Sofa with two visible cushions (2 objects);Coffee table with bottle, newspaper, and blue mat (3+ items);Bookshelf with multiple books (≥10 distinguishable spines, grouped as one shelf unit but many individual books);Bowl of fruit with bananas and grapes (1 container + ≥2 fruit types, visually separable);Two candles and a bowl on shelf top (3 items);Potted plant (1 object);Framed artwork (1 object);Curtain with pattern (treated as 1 background element, not counted as multiple due to being a continuous surface);Total visually separable entities: ~15–20 distinct items across foreground/midground",medium,"Objects are distributed across multiple planes (foreground table, midground shelf/plant, background curtain), reducing overlap;Some occlusion: person partially obscures sofa back; books partially hide each other; fruit in bowl overlaps slightly;Coffee table holds several items in close proximity (bottle, paper, mat), creating local density;Bookshelf contains tightly packed books, but their alignment allows perceptual grouping into rows;No severe interleaving or visual entanglement; most objects retain clear boundaries and separation;Multiple focal regions (person, table, shelf) compete mildly for attention but remain distinguishable",IS5/co2/IS_V_C02_D05.jpg
medium,"A person seated on a sofa (1);Sofa with three distinct pillows (3);Coffee table with wine bottle, newspaper, and blue placemat (3+);Bookshelf with multiple books (≥10 distinguishable spines, grouped but visually separable);Fruit bowl containing grapes, bananas, and other fruits (≥3 items visible as separate clusters);Two candles and an orange bowl on shelf top (3);Potted plant (1);Framed artwork (1);Curtain with repeating leaf/cherry pattern (pattern not counted as objects; only the curtain as one background element);Floor rug (1)",medium,"Objects are distributed across foreground (coffee table), midground (sofa, person), and background (shelf, plant, curtain) with moderate spacing;Some spatial overlap: person’s legs partially under coffee table; fruit bowl sits atop shelf edge near books; newspaper partially covers placemat;No severe occlusion, but multiple competing visual elements in left half (shelf + fruit + bottle + newspaper) create local density;Pillows on sofa are adjacent and distinct but tightly packed, increasing local clutter;Overall scene allows perceptual grouping (e.g., shelf contents, sofa area), but requires slight effort to disentangle overlapping regions",IS5/co2/IS_V_C02_D07.jpg
medium,"A person seated on a sofa (1 distinct figure);Sofa with at least 4 distinct pillows (green, red, blue, and another blue);Small coffee table with wine bottle, newspaper, and blue placemat (3+ items);Bookshelf with multiple books (visually distinguishable spines: ~15–20 items);Fruit bowl containing grapes, bananas, and other fruits (3+ identifiable groupings);Two candles, an orange bowl, and a dish on the shelf top (3 items);Potted plant (1);Framed artwork (1);Curtain with repeating leaf/cherry pattern (treated as 1 background element, not counted as multiple objects per definition);Floor rug (1)",medium,"Objects are spatially distributed but with moderate density: bookshelf is tightly packed with books, coffee table holds several items in close proximity;Some occlusion occurs: the person’s legs partially obscure the coffee table and rug; fruit bowl overlaps with placemat and bottle base;Multiple mid-ground elements compete for attention: bookshelf, coffee table, sofa/pillows, and plant are all visually prominent within similar depth planes;However, there are clear separations: large empty wall space above shelf, open floor area near left, and distinct object groupings (e.g., shelf vs. sofa) allow perceptual grouping without severe interference",IS5/co2/IS_V_C02_D06.jpg
medium,"A person seated on a sofa (1 distinct figure);Sofa with at least 4 distinct pillows (green, red, blue, and another blue);Small black coffee table with wine bottle, newspaper, and placemat (3+ items);Wooden bookshelf with multiple books (visually distinguishable spines: ~15–20 items);Fruit bowl containing grapes, bananas, and other fruit (3+ types, grouped but visually separable);Two candles, a red bowl on saucer, and a decorative dish on shelf (3+ items);Potted plant (1);Framed artwork on wall (1);Curtain with repeating leaf/cherry pattern (pattern is background texture, not counted as discrete objects);Floor rug (1);Wine glass held by person (1)",medium,"Objects are distributed across distinct zones (shelf, table, sofa, wall), reducing overlap;Some spatial density on the bookshelf (books tightly packed, spines partially occluded);Coffee table has multiple items placed closely together (bottle, paper, placemat) with minimal spacing;Pillows on sofa are adjacent and slightly overlapping, but still perceptually separable;No severe occlusion of major objects; the person, sofa, table, and shelf remain clearly delineated;The plant and framed art occupy open wall space, providing visual breathing room",IS5/co2/IS_V_C02_D08.jpg
medium,"A person seated on a sofa (1);Sofa with three distinct pillows (3);Coffee table with wine bottle, fruit bowl, newspaper, and placemat (4+ items);Bookshelf holding ~15–20 visible books plus decorative items (bowl, candles, pot) (≈20+);Potted plant (1);Framed artwork on wall (1);Curtain with repeating pattern (treated as one background element, not multiple objects);Floor rug and wooden floor (background surfaces, not counted as objects)",medium,"The bookshelf is densely packed with books and small items, creating local spatial density and partial occlusion among spines and objects.;The coffee table holds multiple items in close proximity (bottle, bowl, paper), with some overlap in visual space and competing foreground attention.;The sofa area has three pillows of different colors placed closely together, but they remain clearly separable and non-overlapping.;No major occlusion between large scene elements (person, sofa, shelf, plant); overall layout allows grouping into distinct zones (left shelf, center table, right sofa), preventing high clutter.;The curtain pattern is visually busy but treated as a single background surface; per definition, background texture is not counted as clutter-inducing objects.",IS5/co2/IS_V_C02_D09.jpg
medium,"A person seated on a sofa (1);Sofa with three distinct pillows (3);Small black coffee table (1);Bottle of wine, bowl of fruit, magazine, and placemat on the table (4);Wooden bookshelf with multiple books (visually grouped as ~10–15 distinguishable spines/books);Three decorative cylinders and a red bowl on the shelf (3);Potted plant (1);Framed artwork on wall (1);Curtain with repeating leaf/cherry pattern (treated as 1 background element, not counted as multiple objects per definition);Floor rug (1)",medium,"Objects are distributed across foreground (table), midground (sofa, person), and background (shelf, plant, curtain), with moderate spatial separation;The coffee table holds multiple items (bottle, bowl, magazine, placemat) in close proximity, creating local density;Bookshelf contains many books tightly packed, but their vertical alignment allows perceptual grouping; not heavily overlapping;No severe occlusion: person is clearly separable from sofa and pillows; table items are mostly visible without mutual blocking;Pillows on sofa are adjacent but distinct; no interweaving or visual merging;Overall scene has some competing focal regions (person, table, shelf), but each remains discernible at a glance",IS5/co2/IS_V_C02_D10.jpg
medium,"A person seated on a sofa (1 distinct figure);Sofa with three visible pillows (3 distinct objects);Small coffee table with wine bottle, newspaper, and fruit bowl (at least 4 items: bottle, paper, bowl, fruit cluster);Bookshelf with multiple books (visually distinguishable spines: ~20+ items, but grouped in rows; coarse count yields moderate quantity);Potted plant (1 object);Framed artwork on wall (1 object);Three decorative items on shelf (bowl, two candles);Curtain with pattern (treated as background texture, not counted as discrete objects per definition);Total visually separable entities: ~15–25 distinct items, falling in medium range",medium,"Objects are distributed across multiple zones (shelf, table, sofa, wall), avoiding extreme density in any single region;Some spatial overlap/occlusion: person partially obscures sofa and pillows; fruit bowl sits atop table with other items; books tightly packed on shelf;The bookshelf contains many vertically aligned books—high linear density—but they remain individually discernible due to spine contrast;No severe visual crowding or fusion of object boundaries; most items retain clear separation at glance;Competing focal points exist (person, wine glass, framed art, plant), but none dominate to the point of overwhelming perceptual grouping",IS5/co2/IS_V_C02_D11.jpg
medium,"A person seated on a sofa (1);Sofa with three distinct pillows (3);Coffee table with wine bottle, newspaper, and placemat (3+ items);Bookshelf with multiple books (visually distinguishable rows: ~15–20 individual spines visible);Fruit bowl with grapes, bananas, etc. (1 container + ~3–4 fruit types);Two candles, one orange bowl, one glass dish on shelf top (4);Potted plant (1);Framed artwork (1);Curtain with repeating pattern (treated as 1 background element, not counted as multiple objects per definition);Floor rug (1)",medium,"Bookshelf is densely packed with books, causing visual crowding in that region;Coffee table holds multiple items in close proximity (bottle, paper, placemat), but they remain separable;Pillows on sofa are adjacent but not overlapping; spatial separation is clear;No major occlusion between primary objects (person, sofa, shelf, table, plant);Background curtain has high-pattern density, but per definitions, background texture is not counted as clutter unless it interferes with object segmentation — here, foreground objects remain perceptually distinct;Overall scene allows relatively easy grouping of object clusters (e.g., shelf group, table group, sofa group)",IS5/co2/IS_V_C02_D12.jpg
medium,"Three people are clearly distinguishable visual entities.;Multiple distinct objects: two potted plants, a framed picture, a bookshelf with books and containers, a small side table with plant and placemat, a colorful wheel on a stand, a fruit bowl, a soda can, a bag of chips, two armchairs, a rug, and curtains with leaf pattern (treated as one background element).;Total visually separable items number ~15–20 discrete entities; not sparse, but not densely packed either.",medium,"Objects are distributed across the scene with moderate spacing—e.g., people occupy distinct zones (floor vs. chairs), and furniture is arranged with visible floor gaps.;Some spatial overlap/occlusion: the wheel partially obscures the bookshelf; the fruit bowl sits near the can on the rug; the chip bag rests on one person’s lap, partially overlapping their clothing.;The colorful wheel and patterned curtain create competing focal points, slightly increasing perceptual load, but no dense stacking or severe interweaving of objects.;No large regions of empty space, yet no extreme crowding—spatial density is moderate.",IS5/co3/IS_V_C03_D02.jpg
medium,"Three people are clearly distinguishable visual entities.;Multiple distinct objects: large colorful wheel, fruit bowl, soda can, snack bag, two potted plants on side table, one tall plant near sofa, framed artwork, bookshelf with visible books (≥5 spines), three candles, orange bowl, glass dish with stones, two small tables, green sofa, blue rug, patterned curtain.;Total visually separable objects exceed ~15 but do not reach high-density levels typical of crowded scenes (e.g., market stalls or cluttered desks).",medium,"Objects are distributed across the scene with moderate spacing; no severe occlusion, but several elements occupy foreground/midground in close proximity (e.g., wheel, fruit bowl, can on rug; people seated near each other and near furniture).;The colorful wheel and snack bag create competing focal points, slightly increasing perceptual load.;Background elements (curtain, plant, shelf) are relatively separated, but the central floor area has multiple items within a confined zone (rug + wheel + bowl + can), yielding moderate spatial density without overwhelming overlap.",IS5/co3/IS_V_C03_D03.jpg
medium,"Three people are clearly distinguishable visual entities.;A large multi-colored wheel (spinning game) is a single prominent object with segmented parts, but counted as one object due to unified structure.;A bowl of fruit and vegetables (multiple items, but grouped into one perceptual unit on the floor).;A can of soda, a bag of chips, and a small table with plants (2 potted plants), books, cups, and a decorative bowl — each contributes distinct visual elements.;Furniture: two armchairs, a low shelf unit, a side table, and a rug — all separable objects.;Wall decor: framed picture and patterned curtain (curtain pattern is background texture, not counted as discrete objects; frame is one object).;Total visually separable entities: ~15–20 distinct objects/parts (e.g., 3 people + 2 chairs + shelf + side table + rug + wheel + bowl + can + chip bag + 2 plants + frame + books/cups as grouped sets). This is more than few, less than many — hence Medium.",medium,"Objects are distributed across the scene with moderate spacing: people occupy distinct zones (floor vs. chairs), and furniture is arranged with visible gaps.;Some spatial overlap occurs: the wheel partially occludes the shelf behind it; the bowl sits near the can and rug edge; the chip bag rests on the lap of one person, blending slightly with clothing.;The colorful wheel and patterned curtain create competing focal points, but the layout remains readable at a glance — no dense packing or severe occlusion.;No large regions of tightly packed, interleaved objects; however, the central floor area (wheel, bowl, can, rug) has higher local density, elevating clutter above Low.",IS5/co3/IS_V_C03_D01.jpg
medium,"Three people are clearly distinguishable visual entities.;A colorful spinning wheel (one object, but with many segmented regions—still counted as one cohesive object).;A bowl of fruit/snacks, a soda can, and a snack bag on the floor (3 distinct objects).;Two potted plants on a side table (2 objects).;A bookshelf with visible books, vases, and containers (~5–7 discernible items on shelf).;Framed artwork on wall (1 object).;Two armchairs (2 objects), plus a small side table (1), and a rug (1).;Total visually separable objects: ~15–20, which qualifies as moderate (not sparse, not densely packed).",medium,"Objects are distributed across floor, furniture, and wall, with some spatial grouping (e.g., items on shelf, items on floor near wheel).;The spinning wheel and bowl/soda/snack bag occupy the same floor area, creating a localized dense cluster that slightly overlaps in visual attention.;No severe occlusion between major objects; people, furniture, and decor remain largely separable.;However, the combination of floor items, shelf contents, and background curtain pattern creates multiple competing mid-level focal regions, increasing perceptual load relative to a sparsely arranged scene.;The curtain pattern adds visual texture but is treated as background—not counted in quantity—yet contributes mildly to clutter due to its high-frequency motif near occupied space.",IS5/co3/IS_V_C03_D04.jpg
medium,"Three people are clearly distinguishable as separate visual entities.;At least five distinct objects: two potted plants on a side table, a bookshelf with visible items (books, cups, ashtray), a large colorful wheel-like object on the floor, a fruit bowl, and a can on the rug.;Additional elements include framed artwork, curtains with patterned motifs, and a small stool—each contributing to a moderate count of separable visual parts.",medium,"Objects are distributed across the scene without extreme density, but several elements occupy overlapping visual space (e.g., the wheel partially obscures the fruit bowl and person on floor; the snack bag held by one person overlaps with their lap and arm).;The background contains layered elements: curtain pattern, framed art, and plant foliage that interleave visually, reducing separation clarity.;No large empty regions; floor space is occupied by rug, people, wheel, bowl, and can, creating moderate spatial competition for attention, though no severe occlusion or fusion of objects.",IS5/co3/IS_V_C03_D05.jpg
medium,"Three people are clearly distinguishable as separate visual entities.;Multiple furniture items: two armchairs, a low table, a bookshelf, and a small side table.;Several decorative/functional objects: potted plants (at least 3), framed artwork, candles, books on shelf, a spinning wheel, a bowl of fruit/snacks, a can, and a snack bag.;The curtain pattern contains repeating motifs but is treated as background texture, not counted as discrete objects per definition.",medium,"Objects are distributed across the scene with moderate spatial density: the central area contains the spinning wheel, bowl, and can on the rug, while furniture and decor occupy perimeter zones.;Some occlusion occurs: the person on the floor partially obscures the rug edge; the spinning wheel overlaps with the bookshelf in depth; the snack bag is held in front of the seated person’s torso.;No extreme crowding or overlapping of most major objects; sufficient negative space exists between main elements (e.g., between chairs, between table and bookshelf).;Multiple mid-sized focal elements (wheel, bowl, people) compete for attention but remain perceptually separable without excessive effort.",IS5/co3/IS_V_C03_D08.jpg
medium,"Three people are clearly distinguishable as separate visual entities.;A colorful wheel (spinning prize wheel) is a single prominent object with segmented parts, but counted as one object.;A bowl of snacks, a soda can, and a bag of chips are three additional distinct objects on the floor.;Furniture includes two armchairs, a small side table, and a low bookshelf — four distinct furniture items.;Potted plants: at least three visible (left side table, behind bookshelf, near curtain).;Wall decor: one framed picture, plus curtain pattern (but pattern is background texture, not counted as discrete objects).;Bookshelf holds multiple books, but they form a cohesive block; only the shelf unit counts as one object unless individual books are clearly separable — here, they appear as a mass, so not counted individually.;Total visually distinguishable discrete objects ≈ 12–15, which is moderate.",medium,"Objects are distributed across the scene without extreme crowding, but several elements occupy the central floor area (wheel, bowl, can), creating a focal zone with overlapping visual attention.;The wheel partially occludes the bookshelf and sits near the kneeling person, causing mild spatial interleaving.;The two seated individuals and the kneeling person frame the central objects, resulting in multiple competing attentional regions (people, wheel, snack bowl).;No severe occlusion or dense packing, but insufficient empty space between key foreground/midground objects to allow effortless separation at a glance.;Background elements (plants, curtain, picture) are spaced apart and do not contribute heavily to clutter, keeping it from being high.",IS5/co3/IS_V_C03_D06.jpg
medium,"Three people are clearly distinguishable visual entities.;A large colorful wheel (single object but with many labeled segments, still one perceptual unit).;A bowl of fruit (perceived as one grouped object despite multiple fruits inside).;A can of Coca-Cola on the floor.;Two potted plants on a side table.;A bookshelf with visible books and decorative items (e.g., orange cup, purple candles — at least 4 distinct surface items).;A framed picture on the wall.;A green armchair and a sofa (two furniture units).;A blue rug covering part of the floor.;A snack bag held by one person.;Curtain with leaf pattern (treated as one background element due to uniform texture/pattern).;Total visually separable objects ≈12–15, which is more than few but not dense enough for 'High'.",medium,"Objects are distributed across the scene with some spatial separation: people occupy distinct zones (floor vs. chairs), rug defines a central activity area.;However, the central area contains multiple overlapping focal elements: the wheel, fruit bowl, can, and person kneeling—creating local density.;The bookshelf has tightly packed books and small items, contributing to localized clutter.;No severe occlusion between major objects (e.g., people not blocking key items), but the central floor arrangement lacks clear empty space, making rapid parsing slightly effortful.;The curtain pattern adds background texture but does not significantly interfere with foreground object separation; thus, it does not push clutter to High.",IS5/co3/IS_V_C03_D07.jpg
medium,"Three people are clearly distinguishable visual entities.;Multiple distinct objects: large colorful wheel, fruit bowl, soda can, snack bag, two potted plants on left table, one tall plant near sofa, framed artwork, bookshelf with books and decorative items (bowl of stones, orange cup, two candles), two side tables, green sofa with two occupants, blue rug, wooden floor panels.;Total visually separable objects exceed ~15 but do not reach high-density levels like a market stall or cluttered desk; many elements are grouped (e.g., books as a stack, fruits in bowl) reducing perceived discrete count.",medium,"Objects are distributed across the scene with moderate spatial density: the central area contains wheel, fruit bowl, can, and rug edges, creating a focal cluster.;Some occlusion occurs: the wheel partially obscures the lower shelf, the fruit bowl sits in front of the wheel’s base, and the seated individuals partially obscure the sofa and rug edges.;Multiple competing visual anchors: the bright wheel, the snack bag, the framed art, and the patterned curtain all draw attention, making rapid perceptual grouping slightly effortful.;However, there is still sufficient negative space (e.g., floor area, wall sections) and clear separation between major object groups (left plant table, center activity zone, right sofa), preventing high clutter.",IS5/co3/IS_V_C03_D09.jpg
medium,"Three people are clearly distinguishable as separate visual entities.;A colorful wheel (spinning prize wheel) is a prominent central object.;A small wooden shelf with several items: red cup, two cylindrical containers, bowl, and books (visually grouped but discernible as multiple parts).;At least three potted plants (left side, behind shelf, near curtain).;A framed picture on the wall.;A snack bag held by one person, a bowl of snacks on floor, and a small can/bottle on floor.;Curtain with floral pattern (pattern elements not counted as separate objects per definition—only distinct entities; the curtain is one surface/object).;Furniture: two chairs/sofas, a side table, rug, and floor—these count as major structural elements.",high,"Objects are densely packed in the central and left regions: shelf, wheel, plants, and floor items occupy overlapping visual space.;The colorful wheel dominates the midground and partially occludes the person kneeling, creating visual competition.;Multiple foreground/midground elements (snack bowl, can, wheel, person’s limbs) interleave on the dark rug with little negative space.;The background contains layered elements: curtain pattern, plant, shelf, and picture—all competing for attention without clear separation.;Low lighting reduces edge contrast, making object boundaries harder to resolve perceptually, increasing effective clutter despite moderate absolute quantity.",IS5/co3/IS_V_C03_D10.jpg
low,"Two clearly distinguishable human figures dominate the foreground.;A building facade with a few window units and vertical pipes is visible in the background — these form a small number of distinct structural elements (e.g., 2–3 windows, 2–3 pipe segments).;Snow mounds appear as large, continuous surfaces rather than discrete objects; they lack internal segmentation or boundaries that would create additional visual entities.;No other clearly separable items (e.g., tools, signs, furniture) are present in the scene.",low,"The two figures are well-separated horizontally and stand against a relatively unbroken snow foreground and building background.;No occlusion occurs between the figures or between figures and background elements — all major objects are fully visible and spatially isolated.;Large areas of empty snow provide negative space, reducing spatial density.;The vertical pipes and windows are aligned and spaced apart, not interleaved or overlapping with foreground subjects.",IS5/co5/IS_V_C05_D01.jpg
medium,"Three people are clearly distinguishable as separate visual entities.;Multiple furniture items: two armchairs, a low table, a bookshelf, and a small side table.;Several decorative/functional objects: potted plants (at least 3), framed artwork, candles, books on shelf, bowl of snacks, can, snack bag, colorful spinning wheel, and curtain pattern elements.;The curtain has a repeating leaf/cherry pattern, but per definition, background texture or pattern is not counted as separate objects—only discrete foreground/midground items count; thus the pattern contributes minimally to object quantity.",medium,"Objects are distributed across the scene with moderate spatial density: people occupy central seating area, while furniture and decor fill surrounding zones without severe overlap.;Some occlusion occurs: the spinning wheel partially obscures the bookshelf and person on floor; the snack bowl and can sit near the center, competing for attention with the wheel and people.;No large empty regions, but sufficient separation exists between major elements (e.g., people not overlapping, furniture spaced apart), preventing high clutter.;The curtain pattern adds visual busyness but does not increase *object* clutter since it’s background texture—clutter judgment focuses on foreground/midground object arrangement, which remains moderately organized.",IS5/co3/IS_V_C03_D12.jpg
medium,"Two clearly distinguishable human figures in the foreground;A building facade with multiple windows (at least 4 distinct window units visible);A metallic multi-pole structure (heater or lamp) with radial canopy above the figures;A large snowbank forming a continuous ground plane, but treated as one dominant background element rather than many objects;Minor details: scarf pattern, gloves, coat pockets, beanie logos — but these are subparts of larger objects and not counted separately per perceptual object definition",low,"The two figures are well-separated spatially and stand apart from each other and from the building;Large areas of unoccupied snow provide visual breathing room between elements;No occlusion between major objects: figures fully visible, building behind them clearly delineated, heater structure positioned above without overlapping figures significantly;Spatial layout is vertically stratified: snow (bottom), figures (mid), building + heater (top), reducing lateral competition for attention;No dense interleaving or overlapping of object boundaries; each major element occupies its own region",IS5/co5/IS_V_C05_D02.jpg
medium,"Two clearly distinguishable people in the foreground;One large sculptural object (metal artichoke-like form) with snow on top;A building facade with multiple window panes (but windows are grouped as part of a single architectural structure, not individually counted as separate objects);Several distinct snow mounds forming a continuous but segmented pile;A visible sign reading 'käpyovi' and doorways — these are small but separable elements",low,"The two people stand apart with clear spacing between them and surrounding snow;The sculpture is centrally positioned and visually isolated against the building and sky;Snow piles form a single contiguous mass with smooth transitions, not fragmented or interwoven with other objects;Building windows reflect trees but do not create overlapping visual layers that interfere with foreground separation;No occlusion between major foreground elements; all key objects are fully visible and spatially separated",IS5/co5/IS_V_C05_D03.jpg
low,"Two clearly distinguishable human figures dominate the foreground.;A snow-covered ground plane is present but treated as a single continuous surface, not multiple objects.;Background elements (building facade, vertical pole) are few and largely indistinct or fused into large dark masses; no fine-grained object segmentation is perceptible.",low,"The two figures are spatially separated with clear gaps between them and from background elements.;No occlusion or overlapping between the main figures; each figure forms a distinct visual unit.;Large areas of unoccupied snow provide visual breathing space, reducing spatial density.;Background elements are sparse and do not compete for attention or interfere with figure segregation.",IS5/co5/IS_V_C05_D04.jpg
medium,"Three people are clearly distinguishable visual entities.;At least two potted plants on the left side (one tall, one small).;A framed picture on the wall.;A wooden shelf with multiple items: books, two candles, a bowl, a red cup, and other small objects (≥5 distinct items).;A large colorful wheel (spinning wheel) on a stand — one distinct object.;A bowl of snacks on the floor with visible contents (fruit, chips, etc.), treated as one object with internal parts but perceptually unified.;A soda can on the floor.;Two armchairs (one occupied by two people, but visually two separate chairs).;A small side table with a blue mat and two pots.;Curtain with repeating leaf/cherry pattern — pattern is background texture, not counted as discrete objects per definition.;Total visually separable entities ≈12–16, which qualifies as medium (not few like <5, not many like >20).",medium,"Objects are distributed across the scene without extreme crowding, but several regions show moderate density: the shelf holds many small items in close proximity, making them hard to separate at a glance.;The floor area contains the wheel, snack bowl, can, and kneeling person—these overlap spatially in the central foreground, creating competing focal points.;The two seated people share one chair, causing partial occlusion and interleaving of limbs and clothing, increasing perceptual difficulty.;However, there are clear gaps (e.g., empty floor space, wall areas), and major objects (people, wheel, chairs) remain largely separable; no severe overlap or visual entanglement dominates the entire image.;Thus, clutter is not low (due to dense shelf and central grouping) nor high (no pervasive occlusion or chaotic packing).",IS5/co3/IS_V_C03_D11.jpg
medium,"Two clearly distinguishable people in the foreground;A building facade with multiple window units (at least 6 distinct window frames visible);A large geometric canopy structure above the entrance (one complex but unified element);Pillars supporting the canopy (2–3 vertical elements);Snow mounds forming a continuous ground plane (treated as one background surface, not multiple objects);No small scattered items or dense object arrays in the scene",low,"The two people are spatially separated and fully visible with clear boundaries against snow and building;Building elements (windows, panels, pillars) are arranged in regular, aligned patterns with visible gaps between them;The canopy is a single dominant form above, not overlapping or interleaved with other objects;Large areas of unoccupied snow provide visual separation between foreground and background elements;No occlusion among major objects; all key elements can be parsed independently at a glance",IS5/co5/IS_V_C05_D06.jpg
medium,"Two clearly distinguishable people in foreground;One large metallic sculptural object (artichoke-like) above them;Multiple window panes and frames on the building facade (visually separable due to framing and reflections);Several distinct architectural elements: vertical support poles, horizontal wood beams, shutters, door frame;A snowbank with visible undulations and a depression, but treated as one continuous surface rather than discrete objects",low,"People stand apart with clear separation from each other and from background;Sculpture is centered and elevated, not overlapping with people or building elements;Building facade elements are arranged in regular grid-like pattern with strong linear boundaries (window frames), aiding perceptual segregation;Large areas of unoccupied snow in foreground provide visual breathing space;No occlusion between major objects; all key elements remain fully visible and spatially isolated",IS5/co5/IS_V_C05_D07.jpg
medium,"Two clearly distinguishable human figures in the foreground;A large geometric canopy structure above them (visually unified but composed of multiple panels);A building facade with multiple window units and structural elements (e.g., vertical columns, horizontal beams);Snow mounds in the foreground forming distinct volumetric shapes;Shadows cast on snow that form additional visual regions, though not independent objects",medium,"The two figures stand close together and partially occlude the lower part of the building facade;The canopy structure overlaps with the upper portion of the building and casts complex shadows onto the snow and figures;The snow surface is uneven with multiple ridges and depressions, creating competing textural regions near the figures’ feet;Vertical columns and window frames create repetitive linear elements that intersect with figure silhouettes, increasing spatial density in the central region;Despite moderate object count, the arrangement results in some visual interleaving (e.g., figure heads vs. canopy supports), making immediate separation slightly effortful",IS5/co5/IS_V_C05_D05.jpg
low,"Two clearly distinguishable human figures dominate the foreground.;A building facade with a few discernible structural elements (e.g., windows, pipes, horizontal panels) is visible in the background.;A snowbank forms a single large mass in the lower half; no fine-grained objects or textures are resolved as separate entities.;No small scattered items, foliage, signage, or other discrete objects are visually separable.",low,"The two figures are spatially separated and not overlapping; each occupies a distinct vertical zone with clear boundaries.;The snowbank forms a smooth, undifferentiated foreground plane with minimal internal structure.;Background architectural elements are sparse and aligned horizontally/vertically without interleaving or occlusion.;Large areas of negative space (e.g., between figures, above snow) aid perceptual separation; no competing focal points draw simultaneous attention.",IS5/co5/IS_V_C05_D08.jpg
low,"Two clearly distinguishable human figures dominate the foreground.;A small, partially buried object (possibly a container or box) is visible between them on the snow.;Background elements include vertical poles and dark architectural surfaces, but these form large, undifferentiated masses rather than discrete objects.;The snow surface is continuous and lacks distinct textured objects; it functions as a uniform ground plane.",low,"The two figures are well separated spatially with clear gaps around them.;No occlusion or overlapping between the main figures or between figures and background elements.;The snow provides ample negative space, reducing spatial density.;The vertical poles are sparse and aligned, not interleaved or competing for attention.;At a glance, the scene organizes into three simple regions: left figure, right figure, and background—no visual crowding.",IS5/co5/IS_V_C05_D10.jpg
medium,Two clearly distinguishable human figures in the foreground;A building facade with multiple windows (at least 5 distinct window units visible);A geometric canopy structure above (one complex but unified object);A vertical support pole (one object);Snow mounds forming 2–3 large contiguous masses (treated as few large visual elements due to continuity and lack of internal segmentation);No small scattered objects or fine-textured elements counted as separate objects,low,"The two people are well-separated from each other and from background elements;Background building elements (windows, frames) are arranged in a regular grid-like pattern with clear spacing;The canopy and pole occupy distinct spatial zones without overlapping the figures;Large snow masses form unbroken, homogeneous regions with minimal internal detail that would cause segmentation difficulty;No occlusion between major objects; all primary elements are fully visible and perceptually isolatable",IS5/co5/IS_V_C05_D11.jpg
medium,"Two clearly distinguishable human figures in the foreground;A large architectural structure with multiple window panes and wooden frames in the background;A prominent metallic support column and a geometric canopy overhead;A snow-covered ground with visible undulations and shadows, but snow is treated as background texture, not discrete objects;No other clearly separable objects (e.g., no distinct trees, signs, or vehicles) are visually resolved as independent entities",low,"The two people are well-separated spatially and stand against a relatively unobstructed background;The building behind them has clear structural lines and large transparent windows, allowing visual separation of elements;The central column and canopy are isolated and do not overlap significantly with the figures or each other;There is ample negative space (snow and sky reflections) between major elements, aiding perceptual segregation;No occlusion or interleaving of objects; all major entities are fully visible and easily grouped",IS5/co5/IS_V_C05_D12.jpg
medium,"Two clearly distinguishable people in the foreground;A large sculptural canopy structure above them (one integrated object);Multiple window units on the building facade (at least 5 distinct window frames visible);Wooden siding panels forming vertical and horizontal structural elements (moderate number of repeating but separable segments);Snow pile in foreground (one continuous mass, not counted as multiple objects);Doorway and overhang on right side (additional distinct architectural elements)",low,"People are spatially separated from background architecture with clear negative space around them;Architectural elements (windows, siding, door) are arranged in regular, aligned patterns with visible gaps;No occlusion between major objects: the canopy, people, and building are visually distinct layers;Snow mass forms a simple foreground plane without internal fragmentation or competing detail;The scene allows immediate parsing into 3–4 major visual groups (people, canopy, building, snow) without perceptual strain",IS5/co5/IS_V_C05_D09.jpg
medium,"Multiple distinct buildings (at least 3 major structures with different rooflines and facades);Several bare deciduous trees (≈6–10 visible trunks/branch clusters);One large snow-covered evergreen tree on the right;A tall white smokestack emitting plume;Snow piles, footprints, and small lampposts (≈3–4 visible);A few distant human figures (2–3)",low,Large expanses of unoccupied snow in foreground and midground provide ample negative space;Buildings are spatially separated with clear gaps between them;Trees are sparsely distributed and not overlapping with buildings or each other;No significant occlusion: all major objects are fully visible and individually resolvable;Smoke plume is isolated against sky and does not intersect other elements,IS5/co6/IS_V_C06_D02.jpg
medium,"Multiple distinct buildings (at least 3 major structures with different shapes and rooflines);Several bare deciduous trees (≈6–8 clearly separable trunks/branches);One large snow-covered coniferous tree on the right;Visible smoke plume from chimney;Piles of snow, footprints, and small poles/light posts scattered across foreground;Roof features (e.g., skylights, vents) adding minor distinguishable parts",low,Large expanses of open snow in foreground and midground provide ample negative space;Buildings are well-separated spatially with clear gaps between them;Trees do not overlap significantly with buildings or each other; most are isolated silhouettes;No occlusion between major objects—each object is fully or largely visible;Smoke plume rises cleanly into sky without intersecting other elements densely,IS5/co6/IS_V_C06_D01.jpg
medium,"Multiple distinct buildings (at least 3 major structures with different shapes and rooflines);Several bare deciduous trees (≈6–8 clearly separable trunks/branches);One large snow-covered coniferous tree on the right;Snow piles, footprints, and small mounds in foreground (visually distinct as separate forms);Streetlights and a smokestack visible as discrete vertical elements;No dense foliage or fine-textured surfaces that would inflate object count",low,"Large expanses of unobstructed snow in foreground and midground provide ample negative space;Buildings are well-separated horizontally with clear gaps between them;Trees are spaced apart; no overlapping silhouettes or occlusion among major elements;Vertical elements (smokestack, lampposts) stand isolated against sky or snow;No visual interleaving—each object maintains its own spatial envelope without crowding",IS5/co6/IS_V_C06_D03.jpg
medium,"Several distinct buildings (at least 3 major structures: angular red building, long rectangular brick building, and adjacent wing);Multiple trees (bare deciduous trees in midground, snow-laden conifers on right, scattered small shrubs);A tall smokestack emitting plume;Snow piles and footprints in foreground forming discrete mounds and tracks;Few visible poles/lights and at least one distant human figure",low,Large expanses of open snow-covered ground provide significant negative space;Buildings are spatially separated with clear gaps between them;Trees are sparsely distributed and not overlapping; conifers on right form a single cohesive group but remain visually distinct from other elements;No occlusion between major objects—each structure and tree is fully or largely visible;Smoke plume rises into unobstructed sky and does not intersect or merge with other objects,IS5/co6/IS_V_C06_D04.jpg
medium,"Multiple distinct buildings (at least three major structures: angular red-brick building, long low-rise brick building, and a chimney stack);Several bare deciduous trees and one coniferous tree with snow cover;Piles of snow forming discrete mounds in the foreground and midground;Streetlights and signage posts visible as separate vertical elements;Smoke plume from chimney adds one additional distinct visual element",low,"Large expanses of open snow-covered ground provide significant negative space between objects;Buildings are spatially separated with clear gaps; no occlusion between major structures;Trees are sparsely distributed and not overlapping with buildings or each other;Foreground snow piles are isolated and well-separated, allowing easy perceptual grouping;No dense layering or interleaving of elements; scene can be parsed at a glance into discrete components",IS5/co6/IS_V_C06_D05.jpg
medium,"Multiple distinct buildings (at least 3 major structures with different forms: angular red-brick building, rectangular multi-story brick complex, and a distant chimney);Several bare deciduous trees (≈6–8 clearly separable trunks/branch clusters);One prominent snow-laden coniferous tree on the right;Visible snow piles, footprints, and cleared paths in foreground (treated as discrete spatial elements due to shape contrast);A few small figures (people) and lampposts scattered across midground",low,Large expanses of unoccupied snow in foreground and between objects provide ample negative space;Buildings are well-separated horizontally with clear visual gaps;Trees are spaced apart; no significant occlusion or overlapping silhouettes;No dense interweaving of branches or structural elements; each object maintains its own bounding region;Chimney plume is isolated against sky and does not intersect other objects,IS5/co6/IS_V_C06_D06.jpg
medium,Several distinct buildings (at least 3 major structures with different shapes and rooflines);Multiple bare deciduous trees (≈6–8 clearly separable trunks/branches);One prominent snow-covered coniferous tree on the right;A tall smokestack emitting plume;Scattered snow piles and footprints in foreground;A few lampposts or poles visible near buildings,low,Large expanses of unoccupied snow in foreground and midground provide ample negative space;Buildings are spatially separated with clear gaps between them;Trees are sparsely distributed and do not overlap significantly with buildings or each other;No occlusion between major objects; all key elements are fully visible and easily segmented;The smoke plume is isolated against sky and does not intersect other objects,IS5/co6/IS_V_C06_D08.jpg
medium,"Multiple distinct buildings (at least 3 major structures with different shapes and rooflines);Several bare deciduous trees (≈6–8 clearly separable trunks/crowns);One large snow-laden coniferous tree on the right;Piles of snow in foreground (≥5 discernible mounds/ridges);A smokestack emitting plume, plus streetlights and small human figure visible;No dense foliage or fine-textured background; objects remain individually resolvable",low,"Large expanses of unoccupied snow in foreground and midground provide ample negative space;Buildings are spatially separated with clear gaps between them;Trees stand individually without significant occlusion or overlapping crowns;No overlapping or interleaving of major elements; each object has distinct silhouette against sky or snow;Visual grouping is straightforward: foreground snow, midground trees/buildings, background sky/smokestack",IS5/co6/IS_V_C06_D07.jpg
medium,Multiple distinct buildings (at least 3 major structures with different shapes and rooflines);Several bare deciduous trees (≈6–8 clearly separable trunks/branches);One large snow-covered coniferous tree on the right;Piles of snow forming discrete mounds in foreground and midground;A few small human figures visible at distance;Streetlights and a smokestack as additional discrete elements,low,"Large expanses of open snow-covered ground provide significant negative space;Buildings are spatially separated with clear gaps between them;Trees are sparsely distributed and do not overlap significantly;No occlusion or interleaving of major objects; each object stands out against the background;Visual elements are well-isolated, allowing easy perceptual segmentation",IS5/co6/IS_V_C06_D09.jpg
medium,"Several distinct buildings (at least 3 major structures with different shapes: angular glass/brick building, long brick block, and smaller annexes);Multiple bare deciduous trees (≈5–8 visible trunks/branch clusters);One prominent snow-covered coniferous tree on the right;A tall white chimney emitting smoke;Several lampposts or poles scattered across the snowfield;Piles of shoveled snow and footprints in foreground;No dense foliage or small repeated objects; elements are sparse but non-trivial in count",low,"Large expanses of open snow in foreground and midground create significant negative space;Buildings are well-separated horizontally with clear visual gaps between them;Trees are individually discernible with no overlapping silhouettes or occlusion;Chimney stands isolated against sky with no nearby competing vertical elements;Footprints and snow piles are linear and sparse, not interwoven or dense;No visual crowding: each object occupies its own spatial region without interleaving",IS5/co6/IS_V_C06_D10.jpg
medium,"Several distinct buildings (at least 3 major structures with different rooflines and facades);Multiple bare deciduous trees (≈6–8 clearly separable trunks/branch clusters);One prominent snow-covered coniferous tree on the right;A tall smokestack emitting plume;Visible snow mounds, footprints, and lamp posts (≈4–5 small discrete elements);No dense foliage or fine-textured background elements—objects remain individually resolvable",low,Large expanses of unoccupied snow in foreground and midground provide ample negative space;Buildings are spatially separated with clear gaps between them;Trees are sparsely distributed and do not overlap significantly;No occlusion among major objects; each structure and tree is fully visible and easily segmented;The smoke plume is isolated against the sky and does not intersect other elements,IS5/co6/IS_V_C06_D11.jpg
medium,Several distinct buildings (at least 3 major structures with different shapes and rooflines);Multiple bare deciduous trees (≈6–8 visible trunks/branch clusters);One prominent snow-covered conifer on the right;Piles of snow (≥5 clearly separated mounds or drifts);A few small human figures (2–3 visible as dark silhouettes);Streetlights and poles (≥4 visible vertical elements);A smoke plume and a chimney stack as separate visual entities,low,Large expanses of unoccupied snow in the foreground and midground provide ample negative space;Buildings are well-separated horizontally with clear gaps between them;Trees are sparsely distributed and do not overlap significantly with buildings or each other;No occlusion between major objects: all key elements remain visually isolated and easily segmentable;The snow-covered ground acts as a uniform backdrop that enhances separation of objects,IS5/co6/IS_V_C06_D12.jpg
medium,"Visible distinct objects include: person, office chair, desk surface, keyboard, mouse, monitor, speaker, bowl of fruit (with multiple fruits but grouped as one object), diplomas/documents in holder, plant in pot, desk lamp, color chart on scanner, sticky notes (two stacks), highlighters (two), scanner device, and file folders — approximately 15–20 distinguishable visual entities.",medium,"Objects are arranged across the desk with moderate spatial density; some items partially occlude others (e.g., plant partially covers monitor edge, documents behind bowl), and the foreground scanner with color chart draws strong attention while other elements compete (lamp glow, fruit bowl, person’s face). However, there are still clear separations and empty desk areas preventing high overlap or visual fusion.;No extreme crowding or interleaving; most objects retain perceptual boundaries, but the combination of foreground scanner, midground desk items, and background window/monitor creates multiple competing focal regions.",IS5/co8/IS_V_C08_D01.jpg
medium,"Visible distinct objects include: person, chair (partially), desk surface, keyboard, mouse, monitor, plant in pot, desk lamp, color chart on scanner, two sticky note pads, two highlighters, fruit bowl with bananas and oranges, diploma frame, file organizer with multiple folders, speaker, cables, and window frame elements — totaling ~15–20 distinguishable visual entities.",medium,"Objects are distributed across the desk with moderate spatial density; some overlap occurs (e.g., files partially obscuring diploma, cables near speaker), and the right side has competing focal points (lamp, plant, scanner with color chart). However, most items remain visually separable without severe occlusion or interleaving; there is still discernible negative space between major groups (e.g., left vs. right desk zones).",IS5/co8/IS_V_C08_D06.jpg
medium,"Visible distinct objects include: person, office chair, desk surface, computer monitor, keyboard, mouse, mousepad, color chart on scanner, scanner device, two highlighters, two sticky note pads, pen, bowl of fruit (bananas and oranges counted as grouped but visually separable elements), file organizers with documents, diploma frame, potted plant, desk lamp, two small speakers, and cables — totaling ~15–20 distinguishable visual entities.",medium,"Objects are arranged across the desk with moderate spatial density: the right side has overlapping layers (plant pot partially obscuring speaker and scanner; lamp base near scanner edge; cables visible under monitor); the left side is relatively open but the central area (keyboard, mouse, color chart) creates a dense focal zone; multiple competing visual anchors (bright lamp, colorful chart, green plant, fruit bowl) draw attention simultaneously, making rapid perceptual grouping slightly effortful.;No severe occlusion or extreme crowding, but lack of large empty regions and interleaving of vertical/horizontal elements (e.g., plant leaves crossing monitor edge, files behind monitor) increases perceptual load compared to a sparse layout.",IS5/co8/IS_V_C08_D03.jpg
medium,"A person seated at a desk;A keyboard;A monitor (partially visible);A bowl of fruit (containing multiple fruits, but perceived as one object group);A potted plant with multiple leaves but forming a coherent visual unit;A color calibration chart on a device in foreground;Two stacks of sticky notes;Two highlighters;A desk lamp;A file organizer with multiple documents;A small speaker or peripheral device;A mouse and mousepad",high,"Multiple objects densely packed on the desk surface with minimal empty space between them;Overlapping elements: the plant partially obscures the monitor and lamp; the color chart device overlaps with other desk items;Competing focal points: the bright lamp glare, the colorful calibration chart, the person’s face, and the plant all draw attention simultaneously;Visual interleaving: cables, papers, and small objects are interwoven near the center-right of the desk, making separation difficult at a glance",IS5/co8/IS_V_C08_D05.jpg
medium,"A person (1);Office chair (1);Desk surface (1);Computer monitor (1);Keyboard (1);Mouse and mousepad (2);Color checker chart on a device (1 distinct object);Bowl of fruit (1 composite, but visually distinguishable as a group with internal parts: bananas, oranges — counted as one object for coarse estimation per perceptual grouping);Stack of papers/folders (1 grouped unit);Small speaker (1);Potted plant (1);Desk lamp (1);Sticky notes and highlighters (3–4 small items, perceptually separable but clustered);Framed document on windowsill (1)",medium,"Objects are distributed across the desk with moderate spatial density: keyboard, mouse, color chart, sticky notes, and plant all occupy the foreground without large empty gaps;Some occlusion occurs: the person’s arm partially overlaps the desk edge and sticky notes; the plant partially obscures the monitor base and speaker;Multiple competing focal points: the person’s face, the colorful color chart, the bright lamp bulb, and the plant all draw attention simultaneously;However, most objects remain individually discernible without severe interleaving or fragmentation; there is still sufficient separation to parse elements at a glance",IS5/co8/IS_V_C08_D04.jpg
medium,"A person seated at a desk (1 distinct figure);Computer monitor, keyboard, mouse (3 distinct devices);Color calibration target on scanner (1 prominent object with grid pattern, but counted as one functional unit);Bowl of fruit (bananas and oranges — visually grouped as one container-object unit);Potted plant with multiple leaves but unified stem/base (1 object);Stack of folders/files in holder (visually separable as ~4–5 individual items);Diploma in frame (1 object);Two sticky note pads and two highlighters (4 small distinct items);Desk lamp with visible bulb and stand (1 object);Speakers (2 units, left and right);Cables and power strip (partially visible, but form a low-contrast tangled group — counted as 1 ambiguous element due to low distinguishability)",medium,"Objects are distributed across the desk surface with limited empty space, especially in the foreground (scanner, notes, highlighters, fruit bowl, keyboard all occupy central area);Some occlusion: plant partially obscures monitor and speaker; cables run under and between devices;Multiple mid-sized objects compete for attention (plant, scanner, fruit bowl, monitor), creating several local focal points without strong visual hierarchy;However, no extreme overlap or dense packing — objects remain largely individually discernible, and background window provides visual breathing space",IS5/co8/IS_V_C08_D02.jpg
high,"Multiple distinct objects visible: person, office chair, desk surface, keyboard, mouse, monitor, speakers (2), fruit bowl with bananas and oranges (multiple items), stacked binders/files (≥5), framed diploma, color calibration chart, scanner/flatbed device, two stacks of sticky notes, three highlighters/pen, potted plant with multiple leaves/stems, desk lamp, and cables.;The scene contains >15 clearly distinguishable visual entities, including both large and small items.",medium,"Objects are arranged on a relatively confined desk area but mostly non-overlapping; spatial separation is maintained between major items (e.g., keyboard, monitor, plant, scanner).;Some local density exists: binders/files clustered near window, fruit bowl adjacent to diplomas, and stationery grouped near foreground—yet no severe occlusion or interleaving.;No strong competing focal points dominate simultaneously; the person’s face, monitor, and color chart draw attention but are spatially separated enough to allow perceptual grouping without excessive effort.",IS5/co8/IS_V_C08_D07.jpg
medium,"A person seated at a desk (1 distinct figure);A computer monitor (1);A keyboard (1);A bowl of fruit (appears as one cohesive object, though containing multiple fruits);A color calibration chart on a device (1 prominent foreground object);A potted plant (1);A desk lamp (1);Stack of papers/books behind monitor (1 grouped unit);Two sticky note pads and two highlighters on desk (4 small but distinguishable items);Window frame and outdoor scene (treated as background; not counted as discrete objects per definition)",medium,"Objects are distributed across the desk with moderate spatial density: the color chart, lamp, plant, keyboard, and stationery occupy overlapping visual zones in the foreground;The plant partially occludes the monitor and lamp base, creating interleaving of elements;Multiple foreground items (chart, lamp, plant, sticky notes) compete for attention near the right side of the frame;However, there are still visible gaps (e.g., empty desk surface near left hand, space between monitor and window), preventing high-density crowding;No severe overlap of major objects (e.g., person is clearly separated from desk items), so clutter does not reach high level",IS5/co8/IS_V_C08_D08.jpg
medium,"Visible distinct objects include: person, office chair, desk surface, computer monitor, keyboard, mouse, mousepad, color chart on scanner, scanner device, two sticky note pads, three highlighters/pens, fruit bowl with bananas and oranges, potted plant, desk lamp, document organizer with multiple files, diploma frame, speaker, and cables — totaling ~15–20 distinguishable visual entities.",medium,"Objects are arranged across the desk with moderate spatial density; some items (e.g., highlighters, sticky notes, fruit bowl) cluster near the foreground, while others (monitor, plant, lamp) occupy distinct zones. There is minimal occlusion, but the foreground scanner with color chart, pens, and notes creates a localized dense region that competes for attention. The scene is not sparse, yet most objects remain individually separable without severe overlap or visual entanglement.",IS5/co8/IS_V_C08_D09.jpg
low,"Only one clearly discernible figure (a person) is visible in the image.;A small, dimly lit object (possibly a can) is held in the hands, constituting a second distinguishable element.;The background is nearly uniform black with no resolvable objects or parts; faint indistinct shapes on the right do not meet the threshold for visually distinguishable objects.",low,"The visible elements (person and held object) are spatially separated from each other and from the background.;There is ample dark space surrounding the figure, reducing spatial density.;No occlusion or overlapping between the few identifiable elements; the scene allows easy perceptual separation at a glance.",IS6/co1/IS_VI_C01_D01.jpg
medium,"A person (1);Office chair (1);Desk surface (1);Computer monitor (1);Keyboard (1);Graphics tablet with color chart (1);Bowl of fruit (counted as 1 composite object, though contains multiple fruits);Stack of papers/folders (1 group);Two highlighters and two sticky note pads (4 small distinct items);Potted plant (1);Desk lamp (1);Speakers (2, visible on desk);Diploma frame (1);Window frame and sill (1–2 background elements)",medium,"Objects are distributed across the desk with moderate spatial density: keyboard, tablet, plant, lamp, and fruit bowl occupy overlapping visual zones near the center-right;Some occlusion: the plant partially obscures the monitor base and speaker; the tablet overlaps the edge of the desk lamp’s base;Multiple competing focal points: the person’s face, the colorful graphics tablet screen, the bright lamp bulb, and the fruit bowl all draw attention simultaneously;However, there is still visible desk surface between objects, and no severe overlap or entanglement—elements remain largely separable at a glance",IS5/co8/IS_V_C08_D10.jpg
low,"Only one clearly discernible visual entity is present: a human figure (torso and head region) wearing a shirt, with faint hints of hands and a small reflective object (possibly a can or bottle) held in front.;The background is nearly uniform black with no distinguishable objects or parts; noise/grain does not count as objects per definition.",low,"The single figure occupies a central region with ample surrounding dark space, resulting in minimal spatial density.;No overlapping or interleaved elements are perceptually separable; the figure and the small object it holds are visually distinct and not occluded by other entities.;There is only one dominant focal region, with no competing visual elements to cause perceptual interference.",IS6/co1/IS_VI_C01_D03.jpg
medium,"Man seated in chair (1 distinct figure);Computer monitor (1);Keyboard (1);Mouse on pad (1);Graphic tablet with color chart (1);Bowl of fruit (1 composite object, but contains multiple fruits—still counted as one visually cohesive unit);Stack of folders/books (multiple items but grouped; perceptually 2–3 distinct vertical units);Diploma in frame (1);Potted plant (1);Desk lamp (1);Sticky notes and highlighters (2–3 small items, visually separable);Speakers (2, left and right of monitor);Cables and small accessories near monitor (a few low-contrast items)",medium,"Objects are densely arranged on the desk surface with minimal empty space between them (e.g., keyboard adjacent to tablet, plant next to monitor, fruit bowl near folders);Partial occlusion: plant partially obscures monitor edge; cables interweave near base of monitor and speakers;Multiple competing visual anchors: man’s face, bright lamp, colorful tablet chart, and green plant all draw attention simultaneously;No large unoccupied regions; even background shelf holds items (diploma, folders), contributing to spatial density",IS5/co8/IS_V_C08_D11.jpg
medium,"A person (1);Desk surface with multiple distinct items: color chart on scanner (1), sticky note pads (2), highlighters/pens (2–3), keyboard (1), bowl of fruit (1), monitor (1), speaker (1), plant in pot (1), lamp (1), file stack (1), diploma frame (1), window frame (1);Total visually distinguishable objects ≈ 12–15, not sparse but not densely packed",medium,"Objects are distributed across the desk with some grouping (e.g., stationery cluster near foreground, tech gear near center), but no large empty zones;Moderate spatial density: the foreground has scanner + color chart + sticky notes + pens tightly arranged; midground has keyboard, bowl, files overlapping slightly in depth;No severe occlusion, but some visual interleaving: plant partially obscures monitor edge, lamp arm crosses near plant, cables visible under desk area;Multiple attentional anchors (bright lamp, colorful chart, person’s face) compete mildly, but scene remains parseable at a glance without confusion",IS5/co8/IS_V_C08_D12.jpg
medium,"A person (head, torso, arms visible as one entity);A red soda can held in hand;A folded newspaper on the table;A green coaster to the left of the can;A potted plant with distinct trunk and fronds to the left;A hanging garment (red coat) with a patterned scarf or shawl behind the person;A dark background with minimal texture (not counted as objects)",medium,"Objects are arranged on a tabletop and in the background with moderate spatial density: the can, newspaper, and coaster occupy adjacent areas without overlap but with little empty space between them;The hanging garments behind the person partially occlude each other and create layered visual elements in the upper-right region;The plant on the left and the garments on the right frame the central figure, creating three competing lateral regions of interest, though the central figure remains dominant;No severe overlap or interleaving; most objects remain perceptually separable at a glance, but not sparsely spaced",IS6/co1/IS_VI_C01_D02.jpg
medium,"A person (one main figure);A can held in hand (one distinct object);A folded newspaper on the table (one recognizable object, though multi-layered);A coaster to the left (one small object);A potted plant in the background (one discernible object);Clothing/hanging garments on the right (one or two visually grouped items, but partially merged due to low light and occlusion)",medium,"The person occupies central space with arms extended over the table, overlapping the can and newspaper;The newspaper and can are placed close together on the table, creating a dense foreground cluster;Background elements (plant and hanging garments) are partially obscured by darkness and spatially adjacent to the subject, reducing separation;No large empty regions; most of the visible frame contains at least one object or silhouette, though objects remain largely non-overlapping in outline",IS6/co1/IS_VI_C01_D05.jpg
medium,"A person (head, torso, arms) is the central figure;A red Coca-Cola can held in hand;A folded newspaper on the table with visible text and images;A green Carlsberg coaster to the left;A potted plant with long leaves on the left background;Clothing items (red jacket, patterned scarf, dark garment) hanging on the right;A wooden table surface",medium,"Objects are distributed across foreground (can, newspaper, coaster), midground (person), and background (plant, hanging clothes);The hanging clothes on the right partially overlap and interleave visually (scarf over jacket), creating local density;The newspaper has multiple small visual elements (text blocks, photos) that compete for attention within its area;However, major objects remain largely separated by dark background voids; no severe occlusion of the person or main foreground items;The plant and hanging garments occupy distinct regions without merging into the central subject",IS6/co1/IS_VI_C01_D04.jpg
medium,A person (one main figure);A Coca-Cola can (held in hand);A folded newspaper on the table;A green Carlsberg coaster on the left;A potted plant with visible trunk and fronds in the background left;A hanging garment (red coat with patterned scarf) on the right;A dark wooden table surface;A chair back partially visible behind the person,medium,"Objects are spatially grouped in foreground (person, can, newspaper, coaster) but not overlapping; they occupy distinct regions of the table surface;Background elements (plant, hanging clothes) are separated by dark space, reducing occlusion;However, the foreground contains 4 distinct items within a compact area (~half the image width), creating moderate spatial density;No strong visual overlap between objects, but the combination of foreground items and two background elements creates multiple attentional anchors without clear visual hierarchy",IS6/co1/IS_VI_C01_D08.jpg
medium,"A person (1);A red Coca-Cola can (1);A folded newspaper (1);A green coaster with text (1);A potted plant with visible trunk and leaves (1 distinct object, though leafy, perceived as a single entity);Clothing items hanging in background: at least two garments (e.g., red garment with patterned scarf, dark green garment) — counted as 2 distinct hanging objects;Chair back partially visible behind the person (1)",medium,"Objects are arranged on a tabletop with limited negative space: can, newspaper, and coaster occupy adjacent areas, creating local density;Background contains overlapping hanging garments (red fabric and patterned scarf interwoven), introducing spatial interleaving;The plant is positioned to the left but does not strongly overlap with foreground objects; however, its foliage partially blends into the dark background, slightly reducing separability;No severe occlusion of foreground objects (person, can, newspaper remain clearly delineated), but the combination of foreground items and busy background elements creates moderate perceptual competition",IS6/co1/IS_VI_C01_D06.jpg
medium,"A person (one main figure);A potted plant with visible trunk and leaves (one object, though leafy, perceived as a single unit);A red Coca-Cola can (one distinct object);A folded newspaper on the table (one object, though multi-part, visually unified);A green Carlsberg coaster (one small object);Clothing items hanging in background: at least three discernible garments (e.g., red shirt, patterned scarf, green jacket) — each separable by color/texture/shape;The table surface (as a supporting plane, not counted as an object per definition; only discrete entities count)",low,"Objects are spatially well-separated: person centered, can and newspaper on table in front, plant to left, garments to right — clear gaps between them;No occlusion or overlapping between major objects; all are fully visible and individually isolatable;Background is uniformly dark, providing high contrast and visual separation for foreground elements;Only one dominant focal region (the person), with other objects arranged peripherally without competing for attention",IS6/co1/IS_VI_C01_D07.jpg
medium,"A person (head, torso, arms) is the central figure;A red Coca-Cola can held in hand;A folded newspaper on the table with visible text and images;A green coaster to the left of the can;A potted plant with long leaves and visible trunk to the left;Clothing items hanging in the background: a red jacket, a dark garment, and a patterned scarf;The table surface itself as a distinct planar element",medium,"Objects are arranged across foreground (person, can, newspaper, coaster), midground (plant), and background (hanging clothes), creating layered depth;The hanging clothes partially overlap and interleave visually (e.g., scarf draped over jacket), reducing separability;The newspaper has dense text and multiple small images, contributing local visual density;However, there is sufficient negative space around the person and on the table; no severe occlusion of major objects;The plant and hanging clothes are spatially separated from the central figure, preventing extreme crowding",IS6/co1/IS_VI_C01_D09.jpg
medium,"A person (1);A red soda can (1);A folded newspaper (1);A green coaster (1);A potted plant with visible trunk and leaves (1 distinct object, though leaves are numerous, they form a cohesive visual unit);Clothing items hanging in background: at least two garments (e.g., red garment with patterned scarf/trim, dark green garment) — count as 2 distinct hanging objects;Table surface (1);Chair back partially visible behind the person (1)",medium,"Objects are arranged on a relatively small tabletop area: can, newspaper, and coaster occupy adjacent space with minimal separation;Background contains overlapping hanging garments with dense patterned details that visually interleave (e.g., colorful crocheted trim over red fabric), creating local spatial density;The plant on the left partially overlaps the dark background but remains separable; no strong occlusion of foreground objects by background elements;No severe overlap among primary foreground objects (person, can, newspaper, coaster), but their proximity and the busy background patterns create moderate difficulty in rapid perceptual segmentation",IS6/co1/IS_VI_C01_D11.jpg
medium,"A person (head, torso, arms) is the central figure.;A red Coca-Cola can held in hand.;A folded newspaper on the table with visible text and images.;A green Carlsberg coaster to the left.;A potted plant with visible trunk and fronds in the background left.;Clothing items (jacket, scarf) hanging on the right side, partially visible.;The table surface itself is a distinct planar element.",medium,"Objects are arranged on a dark table with limited negative space: can, newspaper, and coaster occupy adjacent regions.;The newspaper and can are in close proximity and partially overlap in depth (can resting on newspaper edge).;Background elements (plant and hanging clothes) are dim but visually present and compete for attention with foreground objects due to contrast against black background.;No strong occlusion between major objects, but spatial density in the foreground creates moderate difficulty in rapid perceptual segmentation.;The person’s arms frame the foreground objects, creating a bounded but moderately packed visual zone.",IS6/co1/IS_VI_C01_D10.jpg
low,"The image is entirely black with no visually distinguishable objects, parts, or elements present.",low,"With zero objects, there is no spatial density, overlap, occlusion, or competing focal points; perceptual separation is trivially achieved.",IS6/co1/IS_VI_C01_D14.jpg
medium,"A person (1);A red soda can (2);A folded newspaper (3);A green coaster (4);A potted plant with visible trunk and leaves (5);A wooden panel or wall section behind the plant (6);Hanging garments: a red jacket, a dark coat, and a colorful crocheted scarf (counted as 3 distinct items due to clear visual separation) (7–9);Glasses on the person’s face (10)",medium,"The person occupies central foreground, with objects (can, newspaper, coaster) arranged on the table in front—these are spatially close but not overlapping.;The hanging garments in the background are vertically stacked and partially occlude each other, creating mild spatial interleaving.;The plant on the left and the garments on the right frame the subject, producing two competing peripheral regions, but there is still discernible negative space around the central figure.;No severe overlap of foreground objects; all major items remain perceptually separable at a glance, though density increases toward edges.",IS6/co1/IS_VI_C01_D12.jpg
medium,"A person (one main figure);A red Coca-Cola can held in hand;A folded newspaper on the table;A green Carlsberg coaster on the left;A potted plant with visible trunk and fronds on the left;Clothing items hanging in the background (at least two distinct garments: a red item and a dark patterned scarf or shawl, plus a green jacket);The table surface (as a distinct planar element)",medium,"Objects are distributed across foreground and background but not densely packed;The hanging garments in the background partially overlap and interleave (e.g., scarf over red garment), creating local spatial density;The newspaper and can are adjacent on the table but remain visually separable without occlusion;The plant is distinct and unoccluded, but its fronds extend into the midground, slightly competing with the person’s left shoulder region for visual space;No severe occlusion of the central figure, yet multiple elements occupy the same depth layers (e.g., table items and background clothes both at mid-to-back depth), producing moderate perceptual competition",IS6/co1/IS_VI_C01_D13.jpg
medium,"A person (1), a sofa with at least 4 distinct pillows (green, red, blue, and another partially visible), a wine glass (1), a wine bottle (1), a fruit bowl with multiple fruits (apple, orange, banana, grapes — countable as 4+ distinct items), a newspaper (1), a small coffee table (1), a wooden shelf unit (1), books on shelf (≥6 distinguishable spines), 3 cylindrical objects (candles/cups) on shelf, a potted plant (1), a framed artwork (1), and a patterned curtain (1 large visual element). Total visually separable entities ≈20–25, which is moderate—not sparse, but not densely packed.",medium,"Objects are distributed across multiple planes (foreground table, midground sofa/shelf, background wall/plant/curtain), reducing severe overlap. However, the coffee table has overlapping items (bottle, newspaper, placemat), the shelf holds tightly arranged books and containers, and the sofa has multiple pillows in close proximity—some partially occluding each other. The fruit bowl contains interleaved fruits, and the curtain pattern adds visual texture that competes with foreground elements. No extreme crowding, but spatial density in localized zones (table, shelf, sofa) makes rapid perceptual grouping slightly effortful.",IS6/co2/IS_VI_C02_D01.jpg
medium,"A person (1), a green armchair (1), three distinct pillows (red, green, blue) (3), a wine glass (1), a wine bottle (1), a fruit bowl with multiple fruits (counted as 1 composite object), a stack of books on a shelf (~6–8 visible spines), two candles and a bowl on a shelf (3), a potted plant (1), a framed artwork (1), a newspaper (1), and a small side table (1). Total visually distinguishable objects ≈ 20–25, which is moderate—not sparse, but not densely packed.",medium,"Objects are distributed across multiple planes: foreground (table with bottle, newspaper), midground (person, chair, pillows), background (shelf, plant, curtain). Some occlusion occurs: the person partially obscures the chair back; pillows overlap each other; books are tightly arranged on the shelf. However, there are clear visual gaps (e.g., wall space, floor area), and most objects retain distinct boundaries without heavy interleaving. No extreme spatial crowding, but not highly sparse either—moderate density with some competing focal regions (e.g., colorful pillows vs. fruit bowl vs. patterned curtain).",IS6/co2/IS_VI_C02_D02.jpg
medium,"A person (1), a green armchair with three distinct pillows (3), a wine glass (1), a bottle of wine (1), a fruit bowl with multiple fruits (visually grouped as one object but contains ≥5 distinguishable items: apple, orange, banana, grapes, possibly others), a newspaper (1), a small wooden shelf with books (≥6 visible spines), two candles (2), an orange bowl on a saucer (2), a potted plant (1), a framed picture (1), and a patterned curtain (treated as background texture, not counted as discrete objects). Total visually separable entities ≈15–20, which is moderate—not sparse, but not densely packed.",medium,"Objects are distributed across foreground (coffee table with bottle, newspaper, fruit bowl), midground (person on sofa with pillows, wine glass), and background (shelf, plant, curtain). Some spatial overlap occurs: the person partially occludes the sofa back and pillows; the fruit bowl sits atop the coffee table alongside other items, creating local density. The shelf has tightly arranged books and objects, increasing local clutter. However, there are clear visual gaps (e.g., wall space, empty floor area), and most objects remain perceptually separable without severe interleaving or ambiguous boundaries. No extreme crowding or visual competition dominates the entire scene.",IS6/co2/IS_VI_C02_D04.jpg
medium,"A person (1), a sofa with three distinct pillows (3), a wine glass (1), a bottle (1), a fruit bowl with multiple fruits (≥5 distinguishable items: apple, orange, banana, grapes, leafy garnish), a newspaper (1), a small wooden shelf with books (≥6 visible spines), two candles (2), a ceramic bowl on a saucer (2), a potted plant (1), a framed picture (1), and a curtain with repeating leaf pattern (treated as background texture, not counted as discrete objects). Total visually separable foreground/midground objects ≈18–22, which is moderate—not sparse, but not densely packed.",medium,"Objects are distributed across multiple planes (foreground table, midground shelf/sofa, background wall/plant), reducing overlap. However, the coffee table holds several items in close proximity (bottle, newspaper, fruit bowl), and the shelf is tightly filled with books and decor, creating localized spatial density. The sofa area has overlapping pillows and the person’s arm partially occludes the torso, introducing mild perceptual competition. No severe occlusion or chaotic interleaving, but not fully separated either—hence medium clutter.",IS6/co2/IS_VI_C02_D06.jpg
medium,"A person (1), a green armchair with multiple pillows (4 distinct pillows: green, red, blue, and another red), a wine glass (1), a bottle (1), a fruit bowl with visible fruits (apple, orange, banana, grapes — at least 4 distinguishable items), a newspaper (1), a potted plant (1), a bookshelf with ~10 visible books/spines, three candles (2 blue, 1 purple), a ceramic bowl on a saucer (1), a framed artwork (1), and a patterned curtain (treated as 1 background element due to uniform pattern). Total visually distinguishable objects ≈ 25–30, which is moderate—not sparse, but not densely packed.",medium,"Objects are distributed across distinct zones (left shelf, center table, right sofa, background), reducing overlap. However, the coffee table holds several items (bottle, bowl, newspaper) in close proximity with partial occlusion (e.g., newspaper under bowl edge). The bookshelf has tightly arranged books with minimal spacing; the sofa has overlapping pillows. The plant partially overlaps the wall and curtain, and the curtain’s leaf pattern adds visual texture that competes with foreground elements. While no severe occlusion dominates, spatial density in localized areas (table, shelf, sofa) makes instantaneous separation of all elements moderately difficult.",IS6/co2/IS_VI_C02_D03.jpg
medium,"A person seated on a sofa (1 distinct figure);Sofa with three distinct pillows (green, red, blue) (3 objects);Wine glass held in hand (1 object);Bottle of wine on coffee table (1 object);Newspaper on coffee table (1 object);Wooden bowl with multiple fruits (apples, orange, grapes, banana) — treated as one container plus ~4 distinguishable fruit clusters (5 objects);Bookshelf with ~8–10 visible books and two candles + bowl on top (≈12 objects);Potted plant (1 object);Framed artwork on wall (1 object);Leafy curtain pattern (not counted as discrete objects per definition; background texture only)",medium,"Objects are distributed across foreground (table), midground (sofa, person), and background (shelf, plant, curtain), with moderate spatial separation;Some occlusion: person’s legs partially overlap table edge; bowl overlaps newspaper marginally; books tightly packed on shelf;No severe overlapping or interleaving, but multiple competing visual elements in the left half (shelf, bottle, bowl, newspaper) create localized density;Pillows on sofa are adjacent but clearly separable; no fusion or merging of boundaries;Overall, the scene allows for relatively easy perceptual grouping at a glance, but not sparse enough to be low clutter",IS6/co2/IS_VI_C02_D07.jpg
medium,"A person seated on a sofa (1 distinct figure);Sofa with at least three visible cushions (green, red, blue) (3 objects);Wine glass held in hand (1);Bottle of wine on coffee table (1);Newspaper stack on table (1 grouped item, but multiple sheets visible as layered elements);Fruit bowl containing apple, orange, banana, and grapes (4+ items, visually separable);Potted plant (1);Bookshelf with ~10–12 visible books/spines (counted as distinct vertical elements);Three candles and one bowl on shelf top (4);Framed artwork on wall (1);Patterned curtain with repeated leaf/fruit motifs (treated as background texture, not counted as discrete objects per definition);Total visually distinguishable foreground/midground objects ≈ 15–20, falling in medium range",medium,"Objects are distributed across multiple planes (foreground table, midground sofa/shelf, background wall/plant), reducing overlap;Some spatial density on the coffee table (bottle, newspaper, fruit bowl occupy limited surface area, partially overlapping edges);Bookshelf is moderately packed but spines remain individually discernible; no severe occlusion;Person’s posture and held wine glass create a focal point, but surrounding elements (cushions, plant, shelf) do not strongly compete or interleave;No heavy occlusion between major objects; most retain clear boundaries despite moderate density",IS6/co2/IS_VI_C02_D05.jpg
medium,"A person seated on a sofa (1);Sofa with at least three distinct pillows (green, red, blue) (3+);Wine glass held in hand (1);Bottle of wine on table (1);Newspaper on table (1);Wooden bowl with fruit (apple, orange, banana, grapes) — counted as one container + multiple distinguishable fruit items (~5 visible fruits);Bookshelf with ~10–12 visible books and binders (counted as separate objects due to spines and colors);Three candles on shelf (3);Ceramic bowl on saucer (2);Potted plant (1);Framed artwork on wall (1);Patterned curtain with leaf/fruit motifs (treated as background texture, not counted as discrete objects per definition);Table surface with blue mat (1 surface, not counted as object)",medium,"Objects are distributed across multiple planes (foreground table, midground shelf & person, background wall/curtain), reducing overlap;No strong occlusion between major objects: the person is clearly separated from shelf items; table items are arranged but not overlapping significantly;The bookshelf has densely packed books, creating local spatial density, but their vertical alignment allows perceptual separation;The fruit bowl contains multiple items in close proximity, causing mild local clutter, yet individual fruits remain distinguishable;Pillows on sofa are adjacent but not interwoven; edges are clear;No competing focal points dominate simultaneously—the person is primary, but other elements do not strongly pull attention away due to spacing",IS6/co2/IS_VI_C02_D08.jpg
medium,"A person (1), a green sofa with multiple cushions (at least 3 distinct pillows: green, red, blue), a wine glass (1), a bottle of wine (1), a fruit bowl with several visible fruits (apple, orange, banana, grapes — ~4–5 distinguishable items), a newspaper (1), a small wooden shelf holding books (~6–8 spines visible), three candles and an orange bowl on the shelf (4 items), a potted plant (1), a framed picture (1), and a patterned curtain (treated as one background element due to uniform motif). Total visually separable objects ≈ 20–25, which is moderate—not sparse, but not densely packed.",medium,"Objects are distributed across distinct zones (sofa area, coffee table, shelf, background), reducing overlap. However, the coffee table contains overlapping items: newspaper partially under fruit bowl, bottle adjacent to both; the shelf has tightly arranged books and candles with minimal spacing; the sofa has three pillows placed closely together, partially occluding each other. The curtain pattern adds visual texture but does not cause object-level occlusion. There is no severe crowding, but spatial density in localized regions (table, shelf) makes immediate perceptual separation slightly effortful—hence medium clutter.",IS6/co2/IS_VI_C02_D10.jpg
medium,"A person (1);Green sofa with multiple cushions (at least 4 distinct pillows: green, red, blue, and one partially visible);Wine glass (1);Bottle of wine (1);Fruit bowl containing multiple fruits (apple, orange, banana, grapes — visually distinguishable as separate items, ~5+);Newspaper on table (1);Wooden shelf with books (multiple spines visible, ~8–10 distinguishable book objects);Candles (2 distinct colored cylinders);Ceramic bowl on saucer (1);Potted plant (1);Framed artwork (1);Patterned curtain (1 large element, but leaf/cherry motifs are not counted as separate objects per definition—only the curtain as a single background element);Coffee table (1)",medium,"Objects are distributed across multiple planes (foreground table, midground sofa/shelf, background wall/plant), reducing extreme density;Some spatial overlap/occlusion: fruit bowl partially obscures books; person’s arm overlaps cushion; wine glass held near torso creates local crowding;The coffee table holds several items (bottle, newspaper, fruit bowl) in close proximity, creating a moderately dense foreground cluster;However, there are clear visual gaps: white wall space, open areas on sofa, unoccupied shelf sections — preventing high clutter;No severe interleaving or ambiguous boundaries between most objects; most remain perceptually separable at a glance",IS6/co2/IS_VI_C02_D11.jpg
medium,"A person seated on a sofa (1 distinct figure);Sofa with at least three distinct pillows (green, red, blue) (3 objects);Wine glass held in hand (1 object);Bottle of wine on coffee table (1 object);Newspaper on coffee table (1 object);Wooden fruit bowl containing multiple fruits (apple, orange, banana, grapes) — counted as 1 container + ~4 distinguishable fruit clusters (5 objects);Bookshelf with multiple books (visually grouped into ~6–8 distinguishable vertical blocks/sections, not individual books);Two candles and an orange bowl on shelf (3 objects);Potted plant (1 object);Framed artwork on wall (1 object);Patterned curtain with leaf/cherry motif (treated as background texture, not counted as discrete objects per definition)",medium,"Objects are distributed across foreground (coffee table), midground (sofa, person, plant), and background (shelf, curtain), with moderate spatial separation;Some occlusion: person’s arm partially overlaps torso; fruit bowl partially obscures books behind it; pillows overlap each other slightly;No extreme density: visible negative space exists between major elements (e.g., between shelf and plant, around sofa);Multiple focal regions (person, fruit bowl, shelf items, curtain pattern) compete mildly for attention but remain perceptually separable without significant effort",IS6/co2/IS_VI_C02_D09.jpg
medium,"A person (1), a green sofa with at least three distinct pillows (2–4), a wine glass (5), a wine bottle (6), a fruit bowl with multiple fruits (counted as one object due to containment and visual unity), a newspaper (7), a small wooden shelf with books (multiple spines visible but grouped as one shelf unit; however, the books are visually distinguishable as separate vertical elements—approx. 8–10 book objects), two candles and a bowl on the shelf (11–13), a potted plant (14), a framed artwork (15), and a curtain with a repeating leaf pattern (treated as background texture, not counted as discrete objects). Total distinguishable foreground/midground objects ≈ 14–16 — moderate number.",medium,"Objects are distributed across multiple planes: foreground coffee table (bottle, newspaper), midground shelf (books, fruit bowl, candles), sofa area (person, pillows, wine glass), and background (plant, curtain, artwork). Some spatial overlap occurs: the person partially occludes the sofa and pillows; the fruit bowl sits in front of books; the wine bottle is near the newspaper on the same surface. However, there are clear gaps (e.g., wall space, floor area), and most objects retain perceptual separation without heavy interleaving. No dense packing or severe occlusion prevents immediate segmentation of major elements.",IS6/co2/IS_VI_C02_D12.jpg
medium,"A person (1), a sofa with at least three distinct pillows (2–4), a wine glass (5), a bottle (6), a fruit bowl with multiple fruits (counted as one object due to containment and visual grouping), a newspaper (7), a small wooden shelf with books (multiple books but visually grouped as a shelf unit; still contributes several distinguishable spines/objects—approx. 8–10), two candles (9–10), a potted plant (11), a framed picture (12), and a patterned curtain (treated as background texture, not counted as discrete objects). Total visually distinguishable entities: ~12–15 separate items.",medium,"Objects are distributed across foreground (coffee table with bottle, fruit bowl, newspaper), midground (person on sofa with pillows, wine glass), and background (shelf, plant, curtain). Some spatial overlap occurs: the person partially occludes the sofa and pillows; the fruit bowl sits atop the coffee table alongside the bottle and newspaper, creating local density. However, there are clear separations: the shelf is distinct from the plant, the curtain is behind the person, and the coffee table area, while dense, has enough spacing to distinguish individual items without severe interleaving. No extreme crowding or visual merging of unrelated objects.",IS6/co2/IS_VI_C02_D14.jpg
medium,"Three people are clearly distinguishable as separate visual entities.;Multiple distinct objects: a sofa with plaid blanket, a snack bag on floor, two floor pillows (green and red), an electric drum pad setup, a guitar, a framed picture on wall, two potted plants, a floor lamp, and a TV/monitor unit.;Approximately 10–15 visually separable items in total, not sparse but not densely packed either.",high,"Objects are spatially dense in the central and lower half: people, instruments, pillows, blanket, and snack bag occupy overlapping visual space with minimal empty gaps.;Significant occlusion: the person on left partially obscures the middle person; drum pads overlap legs and floor space; blanket drapes over sofa edge and touches floor objects.;Multiple competing focal regions: left-side group (people + drum kit), center-right (guitarist), right-side (plant + TV + lamp), making rapid perceptual grouping difficult.;Floor area is filled with objects (pillows, bag, feet, instrument stands) with little negative space, increasing visual crowding.",IS6/co3/IS_VI_C03_D01.jpg
medium,"A person seated on a sofa (1);Sofa with at least three distinct pillows (green, red, blue) (3+);Wine glass held in hand (1);Bottle of wine on coffee table (1);Fruit bowl containing multiple fruits (apple, orange, banana, grapes) — counted as one container but multiple distinguishable fruit items (~5 distinct fruit shapes);Newspaper stack on table (1–2 items);Potted plant behind sofa (1);Bookshelf with visible books (≥6 spines), bowls, and candles (≥3 items on shelf top);Framed artwork on wall (1);Patterned curtain with repeated leaf motifs — but pattern is background texture, not discrete objects; only the curtain as a whole counts as 1 object",medium,"Objects are distributed across foreground (table), midground (sofa/person), and background (shelf, plant, curtain), reducing extreme density;Some spatial overlap: fruit bowl partially obscures books; person’s arm overlaps pillow; wine glass overlaps torso region;Multiple competing visual elements in foreground: bottle, newspaper, fruit bowl, and table edge all occupy similar depth plane and draw attention;Pillows are tightly arranged on sofa with minimal separation, increasing local density;However, clear empty space exists between major regions (e.g., wall area above shelf, space beside person), preventing high clutter",IS6/co2/IS_VI_C02_D13.jpg
high,"Three people visible as distinct figures;Multiple furniture items: sofa, floor cushions (at least 3), TV stand;Several plants: large potted plant behind sofa, tall plant near TV, leafy curtain pattern (treated as background texture, not counted), but at least 2 distinct potted plants;Electronic devices: drum kit stand with pads, guitar, microphone, TV/monitor;Miscellaneous objects: snack bag, juice carton, plaid blanket, framed picture, lamp, glasses on two people, hair tie, sandals, socks, pillows (green and red), patterned floor cushion under guitarist;Total visually separable entities exceed 15 distinct items",medium,"Objects are distributed across floor and furniture but not densely packed; significant floor space remains visible (blue rug);Some occlusion: person partially behind drum kit, blanket draped over sofa edge, guitar overlapping lap, but most objects remain perceptually separable;No strong visual overlap between major elements; e.g., plants, people, and furniture occupy distinct spatial zones;Multiple focal points (people playing instruments, TV, plants) compete mildly, but scene can be parsed in ~1–2 s without confusion;Spatial density is moderate—higher than sparse living room, lower than crowded market or cluttered desk",IS6/co3/IS_VI_C03_D02.jpg
medium,"Three people are visually distinguishable (two on left, one on right);At least four distinct plants (large leafy plant left, smaller potted plant right, two others partially visible);Framed artwork on wall;Lamp fixture on right wall;Guitar and drumstick/mallet held by individuals;Plaid blanket draped over furniture;Pillows on floor (at least two visible);TV or monitor screen on right side;Microphone stand or music stand in center",high,"Multiple objects occupy overlapping visual space due to low lighting and silhouette blending (e.g., people and plants merge into dark masses);Foreground elements (blanket, pillows, instruments) densely packed near lower half with little negative space;Central area contains interleaved objects: microphone stand, guitar, arms, and legs—hard to disentangle visually;Right side shows lamp, plant, screen, and person’s legs in close proximity without clear separation boundaries;Left side has layered silhouettes of two people, blanket, and large plant with minimal contrast to separate them",IS6/co3/IS_VI_C03_D03.jpg
medium,"Three people are clearly distinguishable as separate visual entities.;Multiple distinct objects: drumsticks, electronic drum pad, guitar, two floor pillows, a bag of snacks, a potted plant near TV, another large potted plant behind the couch, framed artwork on wall, wall-mounted lamp, TV set, plaid blanket, and couch armrest — totaling ~12–15 visually separable items.",medium,"Objects are distributed across floor, furniture, and wall without large empty zones; e.g., floor has pillows, snacks, drink can, and instruments in close proximity.;Some occlusion occurs: the woman partially overlaps the man on the couch; the drum stand partially obscures legs and floor space; plants partially frame or obscure edges of scene.;Multiple mid-ground elements (instruments, people, plants) compete for attention, but no extreme overlap or dense packing—spatial separation is still perceptible at a glance.",IS6/co3/IS_VI_C03_D05.jpg
high,"Three people visible as distinct figures;Multiple furniture items: sofa, floor cushions (at least 3), TV stand;Several plants: large leafy plant behind sofa, potted plant on right, indoor tree near TV;Electronic gaming peripherals: drum kit with stand, guitar controller, microphone;Miscellaneous objects: snack bag, juice carton, lamp, framed artwork, plaid blanket, patterned pillow, glasses on two people;Background elements: curtain with large leaf pattern (treated as one textured backdrop, not counted as multiple objects), wall-mounted picture frame",medium,"Objects are distributed across the scene with some spatial separation: people occupy left/middle/right zones, TV and plant on far right, sofa on left;Some occlusion occurs (e.g., person partially behind drum kit, guitar strap crossing torso), but most major objects remain visually separable;Floor has open space between cushions and people; no dense overlapping of unrelated items in a single region;No extreme crowding in any subregion—elements are arranged in a lived-in but not visually overwhelming manner;Multiple focal points (people, instruments, TV) compete moderately for attention, but scene remains parseable at a glance",IS6/co3/IS_VI_C03_D04.jpg
high,"Three people are clearly distinguishable as separate visual entities;Multiple distinct objects: drum kit (stand, pads, sticks), toy guitar, two floor pillows, a red plaid blanket, a snack bag, a juice box, two potted plants (one large leafy plant behind people, one slender plant right), a framed picture on wall, a floor lamp, a TV/monitor unit, and a patterned curtain with repeating leaf motifs (treated as one textured background element, not multiple objects);At least 12+ visually separable foreground/midground objects beyond the people",high,"Objects are densely packed in the central floor area: drum kit, pillows, snack bag, juice box, and guitar occupy overlapping visual space;Partial occlusion: the woman is partially hidden behind the drum kit and man on left; the drum kit obscures lower body parts of both seated people;Foreground elements (pillows, snack bag) lie directly in front of seated individuals, creating layered depth with little empty space;Multiple competing focal regions: left-side group (people + drums), right-side (guitar player + plant + TV), and center-floor items (pillows, juice box) all draw attention simultaneously;The leaf-patterned curtain creates high-density texture adjacent to the left group, increasing perceptual load near that cluster",IS6/co3/IS_VI_C03_D06.jpg
medium,"Three people are clearly distinguishable visual entities.;Multiple distinct objects: sofa, plaid blanket, snack bag, two floor pillows (yellow and red), drum kit stand with pads, guitar, TV, TV stand, potted plant (foreground), second potted plant (background), framed artwork, floor lamp, beverage carton, and patterned curtain wall — totaling ~14–16 separable items.;No excessive small or indistinct elements; all major items are individually resolvable without fine-grained segmentation.",medium,"Objects are distributed across the scene but not densely packed; there is visible floor space between major items (e.g., pillows spaced apart, person on floor not fully surrounded).;Some spatial overlap occurs: the drum kit partially occludes the woman’s legs and the sofa edge; the foreground plant partially obscures the TV base; the blanket drapes over the sofa arm, creating layered edges.;Multiple competing focal regions: left (sofa + drumming), center (guitarist), right (TV + plant), reducing immediate perceptual grouping but not causing severe visual interference.;No extreme crowding or dense interleaving—objects retain individual boundaries, though arrangement is informal and somewhat busy.",IS6/co3/IS_VI_C03_D08.jpg
high,"Three people visible as distinct figures;Multiple furniture items: sofa, floor cushions (at least 2), TV stand;Several plants: large leafy plant behind sofa, potted bamboo-like plant near TV, indoor tree behind woman;Electronic devices: drum kit (cymbals, pads, stand), guitar controller, TV screen, floor lamp;Miscellaneous objects: plaid blanket, snack bag, juice carton, framed artwork, pillow with pattern, glasses on two people;Wallpaper pattern with repeating leaf motifs (treated as background texture, not counted), but foreground contains many discrete items",high,"Objects are densely packed in the floor area: drum kit, guitar player, cushions, snack bag, juice carton all occupy a small central zone;Occlusion occurs: drum kit partially blocks view of woman’s legs; blanket drapes over sofa edge and overlaps floor space; plant leaves interleave with furniture and people;Multiple competing focal regions: left side (sofa + people + drum kit), center (guitar player + floor items), right side (TV + lamp + tall plant);Limited negative space on floor and mid-ground; visual elements fill most of the frame without clear separation boundaries;Foreground objects (pillows, snack bag, juice carton) sit directly on rug with little spacing, increasing perceptual crowding",IS6/co3/IS_VI_C03_D07.jpg
medium,"Three people are clearly distinguishable visual entities.;Multiple distinct objects: drum kit (stand, pads, sticks), guitar, two pillows (green, red), plaid blanket, snack bag, juice box, two potted plants, floor lamp, framed artwork, TV/monitor, couch, and curtain pattern elements.;The curtain has a repeating leaf pattern, but as a background texture it is not counted as separate objects; only the large-scale pattern units that form perceptually distinct shapes (e.g., individual monstera leaves) contribute modestly to object count — still, total distinguishable entities remain in the moderate range (~12–18).",medium,"Objects are distributed across floor, furniture, and walls with some spatial separation, but several items occupy the same visual plane (e.g., drum kit partially occludes the woman, guitar overlaps lap and legs, pillows and snack bag crowd the floor near feet).;The foreground contains overlapping elements: drum stand legs intersect with legs of people and floor pillows; the juice box sits near the guitar and red pillow, creating local density.;No severe occlusion or extreme crowding, but the central area (floor + lower body zone) shows moderate spatial competition among objects, making rapid segmentation slightly effortful.;Background elements (lamp, plant, artwork, curtain) are relatively well-separated, reducing overall clutter, but the mid-ground/floor region increases density.",IS6/co3/IS_VI_C03_D09.jpg
medium,"Three people are clearly distinguishable visual entities.;Multiple distinct objects: drum kit (with cymbal, pads, stand), guitar, two cushions (green and red), plaid blanket, snack bag, juice carton, potted plant (right), large leafy plant (center), framed artwork, floor lamp, TV/monitor, curtain with leaf pattern (treated as one background element, not counted as multiple objects), and sofa (one entity).;Total visually separable objects ≈ 12–15, which is more than 'few' but not densely packed; falls in coarse 'medium' range.",medium,"Objects are distributed across the scene without severe overlap, but spatial density is moderate: drum kit occupies central foreground, people are seated closely, cushions and snack bag lie on floor near legs, plant partially obscures TV edge.;Some occlusion occurs: person on left partially blocks drum pad; guitar strap crosses torso; blanket drapes over sofa arm and overlaps floor space.;No extreme crowding or visual chaos, but multiple mid-ground elements (plants, drum kit, people) compete for attention, reducing immediate perceptual grouping ease — consistent with medium clutter.",IS6/co3/IS_VI_C03_D10.jpg
medium,"Three people are clearly distinguishable visual entities.;Multiple distinct objects: electronic drum kit (stand, pads, sticks), toy guitar, two cushions (green and red), snack bag, juice carton, potted plant on right, large leafy plant behind sofa, framed artwork, floor lamp, TV/monitor, plaid blanket, sofa, and curtain with leaf pattern (treated as one background texture, not multiple objects).;Total visually separable items number approximately 12–15, which is more than 'few' but not densely packed like a market stall or cluttered desk—hence medium.",medium,"Objects are distributed across the floor, sofa, and wall without large empty zones, creating moderate spatial density.;Some overlap/interleaving: drumsticks cross over drum pads; person on left partially occludes person in middle; blanket drapes over sofa edge and touches floor; cushions and snack bag sit close together on floor.;No severe occlusion or fusion of objects, and most items remain perceptually separable at a glance, but the arrangement lacks wide separation—e.g., floor area contains guitar, cushions, juice box, and drum stand within a small region.;Multiple focal regions (drum set, guitar player, snack bag, artwork) compete mildly for attention, but not overwhelmingly.",IS6/co3/IS_VI_C03_D11.jpg
medium,"Three people are clearly distinguishable as separate visual entities;Multiple distinct objects: drum kit (stand, pads, cymbal), electric guitar, TV set, floor lamp, two potted plants, red and green floor pillows, plaid blanket, snack bag, juice carton, framed artwork, curtain with leaf pattern;Background elements like wall and rug are not counted as objects; only discrete foreground/midground items are considered",medium,"Objects are distributed across the scene but not densely packed; some spatial gaps exist (e.g., open floor area between people and TV);Moderate occlusion: person on couch partially overlaps drum kit; guitar strap crosses torso; blanket drapes over couch arm and partially covers legs;Competing focal points: drum kit, guitar player, TV screen, and potted plant on right all draw attention simultaneously;No extreme overlap or visual entanglement, but enough proximity and layering to impede immediate perceptual grouping (e.g., drumsticks near pads, snacks near couch leg)",IS6/co3/IS_VI_C03_D12.jpg
high,"Three people visible as distinct figures;At least 5 distinct furniture/objects: sofa, electronic drum kit, guitar, TV set, floor lamp;Multiple decorative/plant elements: large leafy curtain pattern (treated as repeated but distinguishable motifs), potted plant left, potted plant right, framed artwork on wall;Several small items on floor: two cushions (green and red), snack bag, juice box, patterned pillow under person on floor;Additional visible parts: microphone, drumsticks, strap, blanket on sofa, sandals, glasses on two people",medium,"Objects are distributed across the scene with some spatial separation (e.g., people spaced apart, plants at edges);Some occlusion occurs: drum kit partially blocks view of person behind it; blanket drapes over sofa edge and overlaps floor;Floor area contains multiple discrete items (cushions, snack, juice box) in close proximity but not heavily overlapping;Wall space is relatively sparse (one artwork, one lamp), reducing visual competition there;No dense interweaving of objects; most items retain clear silhouettes and separability at a glance",IS6/co3/IS_VI_C03_D13.jpg
medium,Multiple distinct buildings (at least three major structures with different rooflines and facades);Several large trees scattered across the scene (≈8–12 visually separable tree crowns);A few lampposts and small vertical markers visible on the lawn;A distant white spiral tower and a dome structure in the background;A few small human figures and benches near the buildings,low,"Large open grassy foreground with minimal objects, providing substantial negative space;Buildings are well-separated by trees and lawn; no overlapping or occlusion between major structures;Trees are spaced apart, allowing clear visual separation of their crowns and trunks;No dense grouping of elements; spatial layout is sparse and uninterleaved;Visual attention can easily isolate individual objects without competition",IS6/co6/IS_VI_C06_D03.jpg
medium,Several distinct buildings (at least three major structures with different rooflines and facades);Multiple individual trees (approximately 10–15 clearly separable tree canopies);A few small human figures visible in the mid-ground;Poles/lamps and pathways as discrete linear elements;The sky contains a modest number of scattered clouds (4–6 visually distinct cloud masses),low,"Large open grassy foreground with minimal objects, providing ample negative space;Buildings are well-separated by trees and open lawn, not overlapping or densely packed;Trees form discrete clusters rather than an interwoven canopy; individual trunks and crowns remain distinguishable;No significant occlusion between major elements—buildings, trees, and people are spatially isolated;Visual attention can be directed sequentially to each object without competition",IS6/co6/IS_VI_C06_D01.jpg
medium,"Multiple distinct trees (deciduous and coniferous) visible across the midground;Several building structures with clearly separable forms (red brick blocks, angular roofed section, tall white tower);A few lampposts and path markers distributed sparsely across the lawn;A small number of people and bicycles near the building entrance;The sky contains a few scattered clouds, but these are sparse and not numerous",low,"Large open grassy foreground with minimal objects and ample negative space;Trees are spaced apart with clear gaps between them, no overlapping foliage dominance;Buildings are separated by greenery and distance; their forms do not interleave or occlude each other significantly;Paths are simple, linear, and unobstructed, aiding visual segmentation;No dense groupings or overlapping elements that impede rapid perceptual grouping",IS6/co6/IS_VI_C06_D02.jpg
medium,"Three people are visually distinguishable as separate figures.;At least two potted plants (one large behind sofa, one smaller on right).;A framed picture on the wall.;A sofa with a plaid blanket draped over it (counted as one object due to cohesive appearance).;A music stand or small table between people.;Two floor pillows (light and red).;A guitar held by one person.;A drumstick-like object in hand of left person.;Wallpaper pattern with large leaf motifs — but per instructions, background texture is NOT counted as objects; only the large leaf shapes that form distinct silhouettes may contribute slightly, though they are largely fused into background.",high,"People and objects occupy most of the frame with minimal empty space.;The left person partially occludes the person behind them; overlap reduces separability.;The music stand, guitar, drumstick, and pillows are densely arranged in the central floor area, creating interleaved visual elements.;Plants on both sides flank the scene and visually intrude into the main activity zone.;Multiple competing focal regions: left group (drummer), right person (guitarist), wall art, and right-side plant—all draw attention simultaneously without clear spatial partitioning.;Low lighting exacerbates perceptual fusion, making boundaries between adjacent objects harder to resolve (e.g., blanket edges vs. sofa, legs vs. floor).",IS6/co3/IS_VI_C03_D14.jpg
medium,"Multiple distinct buildings (at least 3 major structures with different rooflines and facades);Several large trees scattered across the scene (≈8–12 visually separable tree canopies);A few lampposts and small vertical poles visible along paths;A distant white spiral tower and a dome-like structure adding discrete elements;A few indistinct human figures near the building entrance;Paths and grassy areas are continuous surfaces, not counted as separate objects",low,"Large open grassy foreground with minimal objects, providing ample negative space;Buildings are well-separated by trees and open lawn; no occlusion between major structures;Trees are spaced apart with clear gaps between canopies, allowing easy segmentation;Vertical elements (lampposts, tower) are sparse and do not overlap or crowd visual field;No dense groupings or overlapping layers that impede perceptual separation",IS6/co6/IS_VI_C06_D04.jpg
medium,Multiple distinct trees (≈8–12 clearly separable tree canopies);At least three major building structures with differentiated roofs and facades;A tall white spiral tower as a separate vertical element;Several lampposts and poles scattered across the lawn (≥5 visible);A paved pathway cutting across the foreground;A few small figures/people near the building entrance (visually distinguishable as discrete elements),low,"Large open grassy areas provide ample negative space between objects;Trees are spaced apart with clear gaps; no significant occlusion among them;Buildings are separated by trees and lawn, not overlapping or tightly packed;The spiral tower stands isolated against the sky with no adjacent competing elements;Pathway runs linearly without intersecting dense object clusters;No visual crowding: each object can be individually attended to without interference",IS6/co6/IS_VI_C06_D05.jpg
medium,"Multiple distinct trees (deciduous and coniferous) visible across the scene, roughly 8–12 major tree forms;At least three separate building structures with distinguishable roofs, walls, and windows;A paved path running horizontally across the midground;Several lampposts and small ground fixtures (e.g., trash bins, signs) scattered sparsely;A few small human figures near the buildings",low,"Large expanses of open grass in foreground and midground provide ample negative space;Trees are spaced apart with clear visual separation; no significant occlusion between them;Buildings are separated by green space and trees, not tightly packed or overlapping;The path is unobstructed and linear, aiding perceptual grouping;No dense layering or interleaving of elements; scene can be parsed easily at a glance",IS6/co6/IS_VI_C06_D07.jpg
medium,"Multiple distinct trees (approximately 10–15 visually separable tree crowns or trunks);At least three major building structures with distinguishable forms (angled red-brick building, multi-story brick building, and a separate low brick wall/annex);A tall white spiral tower visible behind buildings;Several lampposts and small ground objects (e.g., a bird, distant people, trash bin);A continuous paved path cutting across the lawn",low,"Large open grassy area dominates the foreground and midground, providing ample negative space;Objects are spatially well-separated: trees are spaced apart, buildings are distinct with clear gaps between them;No significant occlusion or overlapping of major elements; buildings are mostly fully visible behind trees without heavy interweaving;The path runs linearly and does not intersect densely with other elements;Visual grouping is straightforward: sky, trees, buildings, lawn form clear layers with minimal interference",IS6/co6/IS_VI_C06_D08.jpg
medium,"Multiple distinct trees (≈10–15 visually separable trunks/crowns);At least three major building structures with different rooflines and facades;A paved pathway crossing the foreground;Several lampposts and small vertical elements (e.g., white spiral tower, signposts);A few scattered people visible in the midground",low,"Large expanses of unobstructed grass and sky provide ample negative space;Objects are well-separated spatially: trees are spaced apart, buildings are distinct with clear gaps between them;No significant occlusion or overlapping of major elements; each object maintains visual integrity;The white spiral tower and red-brick buildings form clear focal points without competing density",IS6/co6/IS_VI_C06_D10.jpg
medium,"Multiple distinct trees (≈10–15 clearly separable trunks/crowns);At least three major building structures with different rooflines and facades;A paved pathway crossing the lawn;Several lampposts (≈4–6 visible);A few scattered people and small objects (e.g., benches, bins) in the mid-ground;One prominent white spiral tower and one green-roofed angular structure adding distinct visual elements",low,"Large expanses of open grass provide significant negative space between objects;Trees are spaced apart with clear gaps; no overlapping crowns dominate the view;Buildings are separated by trees and lawn, not tightly packed or interwoven;Pathway runs linearly without intersecting dense object clusters;No occlusion between major elements—each building, tree, and structure remains visually isolated and easily segmentable",IS6/co6/IS_VI_C06_D06.jpg
medium,"Multiple distinct trees (approximately 10–15 visually separable tree crowns or trunks);At least three major building structures with different rooflines and facades;Several lampposts (5–7 visible, evenly spaced along paths);Two clear pathways cutting across the lawn;A tall white spiral tower and a dome visible on one building;Scattered small objects near building entrance (e.g., bicycles, people) — perceptually distinct but small in number",low,"Large open grassy foreground with minimal elements, providing ample negative space;Trees are well-separated with clear gaps between crowns; no significant occlusion among them;Buildings are spatially distinct and not overlapping; each has clear boundaries against sky and vegetation;Paths are simple linear features that do not intersect densely or create visual entanglement;No dense groupings or overlapping layers that hinder rapid perceptual segmentation",IS6/co6/IS_VI_C06_D09.jpg
medium,"Multiple distinct trees (approximately 10–15 visually separable tree crowns);Several building structures with clearly demarcated forms (at least 3 major building masses);A tall white spiral chimney as a separate vertical element;A few lampposts and small ground-level objects (e.g., benches, people in the distance);A paved path cutting across the grassy foreground",low,"Large open grassy areas provide ample negative space between objects;Trees are spaced apart with clear gaps; no significant occlusion among them;Buildings are separated by vegetation and distance, not overlapping in the visual field;The sky is mostly unobstructed and contributes to spatial separation;No dense groupings or interleaved elements that impede perceptual segmentation",IS6/co6/IS_VI_C06_D12.jpg
medium,Multiple distinct trees (≈10–15 visually separable trunks/crowns);At least three major building structures with different roof shapes and facades;A tall white twisted spire visible behind buildings;Several lampposts and small vertical markers along the path;A few distant human figures and benches near the building entrance;One prominent paved path cutting across the lawn,low,"Large open grassy foreground with minimal elements, providing ample negative space;Trees are spaced apart with clear gaps between crowns; no significant occlusion among them;Buildings are separated by trees and distance, not overlapping in the visual field;The path runs linearly without intersecting or fragmenting other elements;No dense groupings or overlapping objects that impede perceptual segregation",IS6/co6/IS_VI_C06_D11.jpg
medium,Multiple distinct trees (approximately 8–12 clearly separable tree canopies);At least three major building structures with differentiated shapes and rooflines;Several lampposts (4–5 visible along the path);A few scattered people and bicycles near the buildings;One prominent white spiral tower and one dome-shaped roof feature,low,"Large open grassy foreground with minimal objects, providing ample negative space;Trees are spaced apart with clear separation between canopies and trunks;Buildings are positioned with visible gaps between them and behind tree lines, not overlapping significantly;No dense occlusion or interleaving of elements; objects remain perceptually separable at a glance;Path runs linearly through the scene without intersecting or crowding other elements",IS6/co6/IS_VI_C06_D14.jpg
medium,"Several distinct trees (approximately 8–12 clearly separable tree canopies);Multiple building structures (at least 3 major architectural blocks with different rooflines and facades);A few visible people (4–5 individuals scattered across the lawn);A paved pathway, lampposts (at least 3), and a tall white spiral structure in the background;The scene contains a moderate number of discrete visual entities without overwhelming density",low,Large expanses of open grass provide significant negative space between objects;Trees are well-separated and not overlapping; their canopies do not interleave densely;Buildings are positioned with clear gaps and are not occluded by foreground elements;No significant occlusion or visual overlap among major objects;The layout allows easy perceptual segregation of elements at a glance,IS6/co6/IS_VI_C06_D13.jpg
medium,"Two clearly distinguishable foreground figures (a woman and a man);Multiple background elements: at least three distinct building sections (brick, dark panel, red facade), several tree clusters, a visible car, and a railing;No fine-grained texture or micro-objects counted; only macroscopic separable entities",low,"Foreground figures are spatially separated and fully visible with no occlusion between them;Background elements are arranged in distinct depth layers (foreground, midground, background) with clear separation;Ample negative space around each major object (e.g., sky above, open ground below, gaps between buildings and trees);No overlapping objects or interleaved structures that impede perceptual grouping",IS6/co7/IS_VI_C07_D03.jpg
medium,"Two prominent foreground figures (a woman and a man) are clearly distinguishable.;Background contains several distinct elements: a red brick structure, green trees, distant buildings, a parked silver car, and a railing — each separable as individual visual entities.;No fine-grained texture or dense micro-objects; overall count of discrete visual objects is moderate, not sparse (e.g., <5) nor dense (e.g., >15).",low,"Foreground figures are well-separated from each other and from the background with clear spatial gaps.;Background elements are arranged in layered depth planes (railing → car → brick wall → trees → buildings), minimizing overlap and occlusion.;No overlapping objects in the foreground; arms crossed but not obscuring body parts in a way that hinders separation.;Sufficient empty space (sky, open ground areas) reduces spatial density and supports easy perceptual grouping.",IS6/co7/IS_VI_C07_D01.jpg
medium,"Two prominent foreground figures (man and woman) are clearly distinguishable.;Background contains multiple distinct architectural elements: red brick building, black panel, distant green-domed building, and several tree clusters.;At least two parked cars visible in lower-left background.;Railings and vertical posts appear as separate structural elements.;Total number of visually separable objects is more than a few but not dense—roughly 8–12 discernible entities.",low,"Foreground figures are well-separated from each other and from background elements.;Significant empty space (sky, pavement, foliage gaps) separates major objects.;No occlusion between the two main subjects or between subjects and background structures.;Objects are spatially distributed with clear visual boundaries; no overlapping or interleaving.;Perceptual grouping is straightforward: two people in front, buildings/trees behind, cars below—no competing focal points.",IS6/co7/IS_VI_C07_D02.jpg
medium,"Two clearly distinguishable foreground subjects (a woman and a man);Multiple background elements: at least three distinct building sections (brick structures, black panel, distant green-roofed building);Several tree clusters (left, center, right) forming separate visual groups;A railing in the mid-ground, a parked car, and ground-level vegetation visible;Total visually separable entities ≈ 8–12, not few but not densely packed",low,Foreground subjects are spatially separated from background with clear depth layers;No occlusion between main objects; arms crossed but no overlap with other scene elements;Background elements are well-spaced: buildings and trees have visible gaps and sky between them;Horizontal layering (foreground people → railing → road → buildings → trees → sky) supports easy perceptual grouping;Minimal overlapping or interleaving of object boundaries; each element retains distinct silhouette,IS6/co7/IS_VI_C07_D04.jpg
medium,"Two clearly distinguishable foreground subjects (a woman and a man);Multiple background elements: brick building with windows, black panel, trees, distant domed building, parked car, railing, and small shrubs;Each of these forms a separate visual entity; total count is more than 'few' but not densely packed enough for 'many'",low,"Foreground subjects are spatially separated and fully visible with no occlusion between them;Background elements are arranged in distinct depth layers (railing → building → trees → distant architecture), allowing easy perceptual separation;Large areas of open sky and ground provide negative space, reducing spatial density;No overlapping objects or interleaved patterns that impede grouping",IS6/co7/IS_VI_C07_D06.jpg
medium,"Two prominent foreground figures (a woman and a man) are clearly distinguishable.;Background contains multiple distinct architectural elements: at least two building facades, a dark rectangular panel, and a distant domed structure.;Several discrete trees and shrubs are visible across the mid- and background, each forming separable visual units.;A few small ground-level objects (e.g., poles, vehicle roof edge) add to the count, but no dense object arrays or fine-grained textures dominate.",low,"Foreground figures are spatially separated from background elements with clear depth layers and ample negative space between them.;No occlusion or overlap among major objects: buildings, trees, and people occupy distinct spatial zones.;Objects are arranged with sufficient spacing; e.g., trees are not tightly packed, and building edges are cleanly delineated.;The scene can be parsed at a glance into a few coherent regions (foreground subjects, midground structures, background foliage/sky) without visual competition or crowding.",IS6/co7/IS_VI_C07_D05.jpg
medium,"Two prominent foreground figures (a woman and a man) are clearly distinguishable.;Background contains multiple distinct architectural elements: at least two brick buildings, a dark flat-roofed structure, and a distant green-domed building.;Several trees are visible as separate visual entities across the midground and background.;At least two parked cars and a streetlight are identifiable in the lower portion.;The railing in front of the subjects adds one more structural element.",low,"Foreground figures are spatially separated from background elements with clear depth layers.;No occlusion between the two main subjects; they stand side-by-side without overlap.;Background objects (buildings, trees, cars) are spaced apart with visible sky and ground gaps between them.;Horizontal layering (foreground railing → subjects → midground trees/buildings → distant dome/sky) supports easy perceptual grouping.;No dense interleaving or visual crowding; empty space (sky, road, foliage gaps) aids separation of objects.",IS6/co7/IS_VI_C07_D07.jpg
medium,"Two prominent foreground figures (man and woman);Multiple background buildings (at least 3 distinct structures);Several trees and shrubs (5–10 discernible clusters);At least 4 visible parked cars in lower portion;Railings, streetlights, and flagpoles adding to object count",medium,"Foreground figures are clearly separated and unoccluded, reducing clutter there;Midground contains overlapping elements: brick walls, dark panels, greenery intermingling;Background shows partial occlusion of buildings by trees and other foliage;No dense packing or severe overlap, but spatial density increases toward the horizon with mixed vertical elements (trees, poles, roofs);Visual grouping is possible but requires moderate effort due to interleaved natural and built elements",IS6/co7/IS_VI_C07_D09.jpg
medium,"Two prominent foreground figures (a woman and a man) are clearly distinguishable.;Background contains multiple distinct architectural elements: at least two brick buildings, a dark rectangular panel, and a distant domed structure.;Several trees are visible as separate visual entities (e.g., tall conifer, leafy deciduous clusters).;A few vehicles (dark car, white car fragment) and small poles/flags appear in the mid-ground.;Total visually separable objects exceed 'few' but do not reach dense scene levels (e.g., no crowds, dense foliage overlap, or packed urban elements).",low,"Foreground figures are well-separated from each other and from background elements by clear spatial gaps.;No occlusion between the two main subjects; their arms are crossed but not overlapping with other objects.;Background elements are arranged with visible separation: buildings have open sky between them, trees are spaced, and ground areas show empty pavement/vegetation patches.;No dense interleaving of objects; visual grouping is straightforward (e.g., people vs. buildings vs. trees).;Sufficient negative space exists around major elements, enabling easy perceptual segregation.",IS6/co7/IS_VI_C07_D08.jpg
medium,"Two prominent foreground figures (a woman and a man) are clearly distinguishable.;Background contains multiple distinct architectural elements: at least two brick buildings, a dark flat-roofed structure, a domed building in the distance, and several trees.;Visible vehicles (a black car, part of a white car), railings, streetlights, and flagpoles add to the count of separable visual entities.;No fine-grained texture or micro-objects are counted; only macro-level distinguishable items are considered.",low,"Foreground figures are well-separated from each other and from the background by clear spatial gaps and depth.;Background elements are arranged with visible separation: buildings are distinct, trees are spaced, and sky provides ample negative space.;No significant occlusion between major objects; each object maintains its own visual boundary.;The scene allows for easy perceptual grouping: foreground vs. midground vs. background layers are cleanly delineated.",IS6/co7/IS_VI_C07_D10.jpg
medium,"Two prominent foreground figures (a woman and a man) are clearly distinguishable.;Background contains multiple distinct architectural elements: at least two brick buildings, a dark rectangular structure, and a domed building in the distance.;Several trees are visible as separate visual entities (e.g., coniferous and deciduous clusters), and there are smaller elements like railings, streetlights, and partial vehicles.;Total visually separable objects exceed 'few' but do not reach dense scene levels (e.g., no crowded market or forest canopy filling frame).",low,"Foreground figures are well-separated from each other and from background elements by clear spatial gaps.;Background objects are arranged with visible empty space between them (e.g., sky between trees and buildings, road separating structures).;No significant occlusion or overlapping of major objects; each object maintains its own silhouette and boundary.;The scene permits easy perceptual grouping: foreground pair, midground buildings, distant trees and dome—no competing focal points that interfere with separation.",IS6/co7/IS_VI_C07_D11.jpg
medium,"Two prominent foreground figures (a woman and a man) are clearly distinguishable.;Background contains multiple distinct elements: red brick buildings (at least two major structures), trees (several clusters of foliage), a black rectangular panel or screen, distant domed building, railing, parked cars (at least two visible), and road surface.;No fine-grained texture or micro-objects are counted; only macroscopic, separable visual entities are considered.",low,"Foreground figures are spatially separated from background with clear depth layers and minimal occlusion.;Background elements are arranged with visible gaps (sky, open ground, road) separating buildings, trees, and vehicles.;No overlapping or interleaving of major objects; each object maintains its own visual space.;The scene can be parsed at a glance into distinct regions: foreground (people), midground (railing, cars), background (buildings, trees, sky).",IS6/co7/IS_VI_C07_D12.jpg
medium,"Two prominent foreground figures (a woman and a man) are clearly distinguishable.;Background contains multiple distinct architectural elements: at least two brick buildings, a black rectangular structure, and a distant domed building.;Several discrete tree clusters (e.g., conifers, broadleaf groups) are visible behind the buildings.;A parked car, a railing, small shrubs, and a streetlamp are also individually discernible.;Total visually separable objects exceed 'few' but do not reach 'many' (e.g., no dense foliage or crowded scene elements).",low,"Foreground figures are well-separated from background with clear spatial gaps.;No occlusion between the two main subjects; both are fully visible and unobstructed.;Background elements are arranged in layered depth planes (foreground railing → people → midground buildings → distant trees/sky), reducing visual interference.;Large areas of open sky and ground provide negative space, aiding perceptual separation.;No overlapping or interleaved objects that impede grouping; each object maintains distinct boundaries.",IS6/co7/IS_VI_C07_D13.jpg
medium,"Two prominent foreground figures (a woman and a man) are clearly distinguishable.;Background contains multiple distinct architectural elements: at least two building facades, rooflines, and a dark rectangular panel.;Several discrete trees and shrubs are visible across the midground and background, each forming separate visual entities.;A few vehicles (at least two cars) are partially visible in the lower-left and lower-right corners.;No fine-grained texture or micro-objects dominate; total count of discernible objects is moderate—not sparse, but not densely packed.",low,"Foreground figures are spatially separated from background elements by clear depth and empty space (sky and open ground).;Objects do not overlap significantly: the two people stand side-by-side without occlusion; background buildings and trees are mostly non-interleaved.;Large areas of unoccupied space exist—especially the sky above and the paved ground below—which aid perceptual separation.;No dense intermixing of object boundaries; edges of buildings, trees, and people remain visually distinct and separable at a glance.",IS6/co7/IS_VI_C07_D14.jpg
medium,"A person (1), an open book (1), a mug (1), a keyboard (1), a monitor (1), a plant (1), a color calibration chart/device (1), two stacks of sticky notes (1), three writing instruments (pens/markers) (1), file organizers with visible documents (1–2 distinct units), and a chair back (1). Total visually distinguishable objects ≈ 10–12, which is more than 'few' but not dense or numerous enough for 'High'.",medium,"Objects are arranged on a desk surface with some spatial proximity: the book, mug, pens, sticky notes, and color chart occupy a shared foreground area without strong separation; the file organizers and monitor partially occlude background elements; the plant overlaps the right-side monitor edge. However, no severe overlap or visual entanglement—most items remain individually discernible at a glance, and there are still visible gaps (e.g., desk surface between items). This indicates moderate spatial density and mild competition for attention, but not high clutter.",IS6/co8/IS_VI_C08_D01.jpg
medium,"A person (1), an open book (1), a computer monitor (1), a keyboard (1), a mouse (1), a mug (1), a color calibration target/scanner (1), a potted plant (1), several pens and markers (3–4 distinct items), sticky notes (2 stacks), file holders with documents (2–3 visible containers), speakers (2), and a window frame with outdoor foliage (treated as background, not counted). Total visually distinguishable foreground/midground objects ≈ 12–15.",medium,"Objects are arranged on a desk surface with moderate spatial density: the book, mug, pens, sticky notes, and scanner occupy overlapping visual regions in the foreground; the monitor, keyboard, and file holders form a layered midground with partial occlusion (e.g., files behind monitor base); the plant partially overlaps the right edge of the monitor and scanner. However, most objects retain clear boundaries and are not heavily interwoven—there is still discernible negative space between major items, and no severe occlusion prevents separation of individual elements at a glance.",IS6/co8/IS_VI_C08_D02.jpg
medium,"A person (1), an open book (1), a mug (1), three pens/markers (3), sticky notes (2 stacks, count as 1–2), a keyboard (1), a monitor (1), a color calibration target (1), a potted plant (1), file organizers with papers (1–2 distinct containers), and a chair back (1). Total visually distinguishable objects ≈ 12–15.;Background elements (window, distant trees) are not counted as separate objects per definition—they constitute background texture or scene context, not discrete visual entities.",medium,"Objects on the desk are spatially dense: the book, mug, pens, sticky notes, and color target occupy a relatively small area with minimal empty space between them.;The plant partially overlaps the monitor edge and extends into the right visual field, creating mild occlusion and competing focal points.;File organizers and papers behind the keyboard create layered depth but remain perceptually separable; no severe overlap or fusion of object boundaries.;The person’s torso and arms do not significantly occlude desk items, and major objects retain clear silhouettes—so clutter is not high, but not low due to desk crowding.",IS6/co8/IS_VI_C08_D03.jpg
medium,"A person (1), an open book (1), a mug (1), three writing instruments (pen, marker, pencil) (3), two stacks of sticky notes (2), a keyboard (1), a monitor (1), a scanner with color chart (1), a potted plant (1), file organizers with visible documents (≥2 distinct containers + multiple document edges), and a chair back (1). Total visually distinguishable objects ≈12–15, not few, but not densely packed or highly fragmented.",medium,"Objects are arranged on a desk surface with moderate spatial density: the book, mug, pens, sticky notes, and scanner occupy the foreground in close proximity without severe overlap, but their arrangement creates several competing local focal points. The background includes a monitor, file organizers, and plant leaves partially overlapping the monitor edge, introducing mild occlusion. Empty space is limited in the central desk area, yet most items remain individually discernible at a glance—no extreme crowding or visual fusion.",IS6/co8/IS_VI_C08_D05.jpg
medium,"Visible distinct objects include: the person, office chair, desk surface, open book, mug, three pens/markers, stack of sticky notes, color calibration chart (with grid of patches but treated as one functional object), computer monitor, keyboard, two speakers, document organizer with files, potted plant, window frame, and background foliage outside — totaling ~15–20 distinguishable visual entities.;The color chart contains many small colored squares, but per definition, it is a single functional object; only discrete, perceptually separable entities count, not sub-elements within an object.",medium,"Objects are arranged on a desk with moderate spatial density: the book, mug, pens, sticky notes, and color chart occupy the foreground without large gaps, creating local crowding.;Some occlusion occurs: the book partially covers the desk surface, the mug sits near the keyboard, and the plant overlaps the right edge of the monitor in depth, making separation slightly effortful.;However, there are clear separations between major object groups (e.g., person vs. desk items, monitor vs. plant), and no severe overlapping or interleaving that prevents immediate segmentation—thus not high clutter.",IS6/co8/IS_VI_C08_D04.jpg
medium,"Visible distinct objects include: the person, office chair, desk surface, open book, mug, three writing instruments (pen, marker, highlighter), stack of sticky notes, keyboard, mouse, monitor, two speakers, document trays with files, scanner with color chart, potted plant, window frame, and background foliage outside — totaling ~15–20 distinguishable visual entities.",medium,"Objects are arranged on a single desk surface with moderate spatial density; some items (e.g., pens, sticky notes, mug) are grouped closely but not overlapping; the scanner’s color chart and plant partially occlude edges of the desk area; the background foliage is visually distinct from foreground due to depth, reducing interference; no severe overlap or interleaving, but multiple small items compete for attention in the right-mid desk region.",IS6/co8/IS_VI_C08_D07.jpg
medium,"A person (1), an open book (1), a mug (1), three pens/markers (3), sticky notes (2 stacks, count as 2), a keyboard (1), a monitor (1), a scanner with color chart (1), a potted plant (1), file organizers with visible documents (at least 2 distinct holders + multiple papers, counted as ~2–3 visual units), speakers (2), and chair back (1). Total visually distinguishable objects ≈ 15–18, which is more than few but not dense or overwhelming.",medium,"Objects are arranged on a desk surface with moderate spatial density: the book, mug, pens, sticky notes, and scanner occupy the foreground with minimal empty space between them. Some items partially overlap in depth (e.g., pens near sticky notes, book edge near mug), and the background includes stacked files and dual monitors creating competing mid-ground elements. However, no severe occlusion occurs; most objects remain individually discernible without significant visual interference. The scene is not sparse (so not low clutter) nor densely packed with interleaved elements (so not high clutter).",IS6/co8/IS_VI_C08_D06.jpg
medium,"Visible distinct objects include: the person, office chair, desk surface, open book, mug, three pens/markers, stack of sticky notes, keyboard, monitor, two speakers, document trays with files, framed certificate, potted plant, color calibration target (on scanner), scanner device, and window frame with outdoor foliage — totaling ~15–20 distinguishable visual entities.",medium,"Objects are distributed across the desk with moderate spatial density; some items (e.g., pens, sticky notes, mug) cluster near the book, creating localized density. The right side has overlapping elements: plant partially obscures monitor and scanner, and the color chart on the scanner overlaps its casing. However, large areas of desk surface and window background provide separation, preventing high occlusion or visual crowding overall.",IS6/co8/IS_VI_C08_D08.jpg
medium,"A person (1), an open book (1), a keyboard (1), a monitor (1), a mug (1), a plant (1), a color calibration target (1), several pens/markers (3–4 distinct items), sticky notes (2 stacks), file organizers with papers (2–3 visible units), and a window frame with outdoor foliage (treated as background, not counted). Total distinguishable foreground/midground objects: ~12–15 separate visual entities.",medium,"Objects are distributed across the desk surface with moderate spatial density; some items (e.g., pens, sticky notes, mug) cluster near the center-right, creating localized density. The open book partially overlaps the desk surface but does not occlude other major objects. The plant on the right and monitor on the left create asymmetrical grouping, but most objects remain visually separable without strong overlap. No severe occlusion or interleaving, yet the arrangement lacks large empty zones, resulting in moderate perceptual competition for attention.",IS6/co8/IS_VI_C08_D09.jpg
medium,"A person (1), an open book (1), a computer monitor (1), a keyboard (1), a mug (1), a plant (1), a color calibration target/printer device (1), two stacks of sticky notes (1), three writing instruments (pens/markers) (1), file organizers with documents (1–2 distinct containers), and a desk lamp arm (1). Total visually distinguishable objects: ~10–12 discrete entities.",medium,"Objects are distributed across the desk surface with moderate spatial density; some items (e.g., pens, sticky notes, mug, book) occupy overlapping visual regions in the foreground, creating local crowding. The plant partially overlaps the monitor edge and right-side devices, introducing mild occlusion. However, most objects remain individually discernible without severe interpenetration or fusion, and there are visible gaps (e.g., desk surface, window area) that aid separation.",IS6/co8/IS_VI_C08_D11.jpg
medium,"Visible distinct objects include: person, chair (partially), desk surface, open book, mug, keyboard, monitor, two speakers, plant in pot, color calibration target, stack of sticky notes, three writing instruments (pen, marker, highlighter), file organizers with documents, and window frame elements — totaling ~12–15 clearly separable visual entities.",medium,"Objects are arranged on a relatively confined desk area with moderate spatial density; some items partially overlap (e.g., book over desk surface, pens near sticky notes, plant partially obscuring monitor edge), but no severe occlusion. Empty space exists between major items (e.g., left side of desk, space around monitor), allowing perceptual separation without excessive effort. Multiple focal regions (person, book, color target, plant) compete mildly but remain distinguishable at a glance.",IS6/co8/IS_VI_C08_D13.jpg
medium,"Visible distinct objects include: the person, office chair, open book, mug, three pens/highlighters, stack of sticky notes, keyboard, monitor, speaker, document trays with files, plant in pot, color calibration target, and window frame with outdoor foliage — totaling ~12–15 distinguishable visual entities.;Background foliage is a continuous texture, not counted as separate objects per definition.",medium,"Objects are arranged on a desk surface with moderate spatial density: the book, mug, pens, sticky notes, and color target occupy a shared foreground area with minimal empty space between them.;Some occlusion occurs: the book partially covers the desk surface; the plant partially overlaps the monitor edge; document trays sit behind the keyboard but remain visually separable.;No severe interleaving or fusion of object boundaries; most items retain clear outlines and can be individually segmented at a glance, preventing high clutter.",IS6/co8/IS_VI_C08_D12.jpg
medium,"A person (1), an open book (1), a keyboard (1), a monitor (1), a mug (1), three pens/markers (3), sticky notes (2 stacks), a color calibration target/scanner (1), a potted plant (1), file organizers with papers (≥2 distinct containers + visible paper edges), and a window frame with outdoor foliage (treated as background texture, not counted as discrete objects). Total distinguishable foreground/midground objects ≈12–15.",medium,"Objects are distributed across the desk surface with some spatial proximity (e.g., pens, sticky notes, mug, book, scanner all within central workspace), but no strong occlusion or overlapping; the plant partially overlaps the monitor edge, and papers in organizers are interleaved, creating mild visual competition. Empty desk space is present, preventing high density, yet multiple items occupy the same visual plane without clear separation zones, yielding moderate difficulty in rapid perceptual grouping.",IS6/co8/IS_VI_C08_D14.jpg
medium,"A person (1), an open book (1), a mug (1), three pens/markers (3), sticky notes (2 stacks, count as 1–2 objects), a keyboard (1), a monitor (1), two speakers (2), a scanner with color chart (1), a potted plant (1), file organizers with documents (2–3 visible containers + visible document edges), and a window view with trees (background texture, not counted as objects). Total visually distinguishable foreground/midground objects ≈ 12–15, which is moderate—not sparse, but not densely packed.",medium,"Objects are arranged on a desk surface with some spatial proximity: the book, mug, pens, and sticky notes occupy a shared central area; the scanner overlaps slightly with the right edge of the desk space; the plant partially occludes the monitor and speaker; file organizers and books crowd the back left. However, most items remain visually separable without severe overlap—e.g., no major occlusion of the person or primary objects, and clear gaps exist between major groupings (e.g., left vs. right desk zones). The scene has multiple focal regions (person, book, scanner, plant), creating mild competition for attention, but not extreme visual interference.",IS6/co8/IS_VI_C08_D10.jpg
